,Unnamed: 0,VIX
3276,2003-01-02,28.62
3277,2003-01-03,25.39
3278,2003-01-06,24.68
3279,2003-01-07,24.91
3280,2003-01-08,25.13
3281,2003-01-09,25.53
3282,2003-01-10,24.25
3283,2003-01-13,24.32
3284,2003-01-14,24.9
3285,2003-01-15,24.57
3286,2003-01-16,25.51
3287,2003-01-17,25.01
3288,2003-01-21,25.7
3289,2003-01-22,27.59
3290,2003-01-23,29.01
3291,2003-01-24,27.53
3292,2003-01-27,31.51
3293,2003-01-28,34.69
3294,2003-01-29,31.93
3295,2003-01-30,31.26
3296,2003-01-31,31.32
3297,2003-02-03,31.17
3298,2003-02-04,31.02
3299,2003-02-05,32.76
3300,2003-02-06,33.04
3301,2003-02-07,33.35
3302,2003-02-10,34.01
3303,2003-02-11,33.99
3304,2003-02-12,33.68
3305,2003-02-13,34.33
3306,2003-02-14,33.7
3307,2003-02-18,32.62
3308,2003-02-19,31.11
3309,2003-02-20,31.31
3310,2003-02-21,31.16
3311,2003-02-24,30.25
3312,2003-02-25,31.98
3313,2003-02-26,31.74
3314,2003-02-27,31.94
3315,2003-02-28,30.53
3316,2003-03-03,29.63
3317,2003-03-04,30.43
3318,2003-03-05,31.83
3319,2003-03-06,30.38
3320,2003-03-07,31.37
3321,2003-03-10,31.08
3322,2003-03-11,33.31
3323,2003-03-12,33.61
3324,2003-03-13,33.51
3325,2003-03-14,31.76
3326,2003-03-17,30.98
3327,2003-03-18,31.75
3328,2003-03-19,30.43
3329,2003-03-20,31.54
3330,2003-03-21,30.44
3331,2003-03-24,28.67
3332,2003-03-25,30.39
3333,2003-03-26,28.75
3334,2003-03-27,28.23
3335,2003-03-28,27.96
3336,2003-03-31,27.75
3337,2003-04-01,29.15
3338,2003-04-02,28.36
3339,2003-04-03,28.02
3340,2003-04-04,28.21
3341,2003-04-07,29.13
3342,2003-04-08,28.45
3343,2003-04-09,27.13
3344,2003-04-10,27.11
3345,2003-04-11,25.6
3346,2003-04-14,24.44
3347,2003-04-15,23.41
3348,2003-04-16,22.56
3349,2003-04-17,22.52
3350,2003-04-21,21.5
3351,2003-04-22,21.95
3352,2003-04-23,20.7
3353,2003-04-24,20.8
3354,2003-04-25,20.33
3355,2003-04-28,20.8
3356,2003-04-29,20.84
3357,2003-04-30,20.76
3358,2003-05-01,21.21
3359,2003-05-02,21.59
3360,2003-05-05,20.63
3361,2003-05-06,21.13
3362,2003-05-07,20.8
3363,2003-05-08,21.0
3364,2003-05-09,21.24
3365,2003-05-12,19.69
3366,2003-05-13,19.52
3367,2003-05-14,19.91
3368,2003-05-15,20.0
3369,2003-05-16,19.24
3370,2003-05-19,18.4
3371,2003-05-20,20.51
3372,2003-05-21,21.29
3373,2003-05-22,21.21
3374,2003-05-23,19.78
3375,2003-05-27,19.17
3376,2003-05-28,19.99
3377,2003-05-29,20.03
3378,2003-05-30,20.43
3379,2003-06-02,19.47
3380,2003-06-03,20.85
3381,2003-06-04,20.84
3382,2003-06-05,20.62
3383,2003-06-06,20.83
3384,2003-06-09,21.25
3385,2003-06-10,22.15
3386,2003-06-11,20.64
3387,2003-06-12,20.21
3388,2003-06-13,20.41
3389,2003-06-16,20.66
3390,2003-06-17,20.22
3391,2003-06-18,20.01
3392,2003-06-19,19.76
3393,2003-06-20,19.8
3394,2003-06-23,19.14
3395,2003-06-24,20.58
3396,2003-06-25,20.75
3397,2003-06-26,20.81
3398,2003-06-27,19.4
3399,2003-06-30,19.16
3400,2003-07-01,19.52
3401,2003-07-02,19.46
3402,2003-07-03,19.03
3403,2003-07-07,19.39
3404,2003-07-08,20.06
3405,2003-07-09,19.48
3406,2003-07-10,18.93
3407,2003-07-11,19.19
3408,2003-07-14,18.47
3409,2003-07-15,19.59
3410,2003-07-16,19.55
3411,2003-07-17,19.76
3412,2003-07-18,20.22
3413,2003-07-21,19.11
3414,2003-07-22,19.78
3415,2003-07-23,19.17
3416,2003-07-24,18.64
3417,2003-07-25,18.6
3418,2003-07-28,17.75
3419,2003-07-29,18.36
3420,2003-07-30,18.67
3421,2003-07-31,18.85
3422,2003-08-01,19.49
3423,2003-08-04,20.75
3424,2003-08-05,21.27
3425,2003-08-06,22.68
3426,2003-08-07,21.5
3427,2003-08-08,20.26
3428,2003-08-11,19.59
3429,2003-08-12,19.75
3430,2003-08-13,17.94
3431,2003-08-14,18.77
3432,2003-08-15,18.47
3433,2003-08-18,18.27
3434,2003-08-19,18.18
3435,2003-08-20,17.86
3436,2003-08-21,17.82
3437,2003-08-22,17.84
3438,2003-08-25,18.55
3439,2003-08-26,19.53
3440,2003-08-27,19.49
3441,2003-08-28,19.13
3442,2003-08-29,18.48
3443,2003-09-02,18.63
3444,2003-09-03,19.02
3445,2003-09-04,19.44
3446,2003-09-05,18.71
3447,2003-09-08,18.17
3448,2003-09-09,18.26
3449,2003-09-10,18.85
3450,2003-09-11,20.01
3451,2003-09-12,19.25
3452,2003-09-15,18.68
3453,2003-09-16,19.28
3454,2003-09-17,18.03
3455,2003-09-18,18.15
3456,2003-09-19,17.57
3457,2003-09-22,17.54
3458,2003-09-23,19.65
3459,2003-09-24,19.47
3460,2003-09-25,21.22
3461,2003-09-26,22.26
3462,2003-09-29,22.23
3463,2003-09-30,21.67
3464,2003-10-01,22.72
3465,2003-10-02,21.07
3466,2003-10-03,20.8
3467,2003-10-06,19.5
3468,2003-10-07,19.51
3469,2003-10-08,19.41
3470,2003-10-09,19.18
3471,2003-10-10,18.82
3472,2003-10-13,18.45
3473,2003-10-14,17.55
3474,2003-10-15,17.37
3475,2003-10-16,17.69
3476,2003-10-17,17.19
3477,2003-10-20,17.62
3478,2003-10-21,17.04
3479,2003-10-22,16.55
3480,2003-10-23,17.67
3481,2003-10-24,17.68
3482,2003-10-27,17.71
3483,2003-10-28,18.05
3484,2003-10-29,16.82
3485,2003-10-30,16.43
3486,2003-10-31,16.33
3487,2003-11-03,16.1
3488,2003-11-04,16.55
3489,2003-11-05,16.55
3490,2003-11-06,16.86
3491,2003-11-07,16.74
3492,2003-11-10,16.93
3493,2003-11-11,17.62
3494,2003-11-12,17.54
3495,2003-11-13,16.75
3496,2003-11-14,16.47
3497,2003-11-17,16.94
3498,2003-11-18,18.6
3499,2003-11-19,19.11
3500,2003-11-20,18.8
3501,2003-11-21,19.48
3502,2003-11-24,18.98
3503,2003-11-25,17.44
3504,2003-11-26,16.71
3505,2003-11-28,16.23
3506,2003-12-01,16.32
3507,2003-12-02,16.77
3508,2003-12-03,16.27
3509,2003-12-04,16.63
3510,2003-12-05,16.3
3511,2003-12-08,17.09
3512,2003-12-09,16.54
3513,2003-12-10,17.63
3514,2003-12-11,17.87
3515,2003-12-12,16.73
3516,2003-12-15,16.41
3517,2003-12-16,17.23
3518,2003-12-17,15.93
3519,2003-12-18,15.58
3520,2003-12-19,16.16
3521,2003-12-22,16.42
3522,2003-12-23,16.94
3523,2003-12-24,16.49
3524,2003-12-26,16.66
3525,2003-12-29,17.45
3526,2003-12-30,17.09
3527,2003-12-31,17.68
3528,2004-01-02,18.31
3529,2004-01-05,18.22
3530,2004-01-06,17.49
3531,2004-01-07,16.73
3532,2004-01-08,15.5
3533,2004-01-09,15.61
3534,2004-01-12,16.75
3535,2004-01-13,16.82
3536,2004-01-14,18.04
3537,2004-01-15,16.75
3538,2004-01-16,15.56
3539,2004-01-20,15.0
3540,2004-01-21,15.21
3541,2004-01-22,14.34
3542,2004-01-23,14.71
3543,2004-01-26,14.84
3544,2004-01-27,14.55
3545,2004-01-28,15.35
3546,2004-01-29,16.78
3547,2004-01-30,17.14
3548,2004-02-02,16.63
3549,2004-02-03,17.11
3550,2004-02-04,17.34
3551,2004-02-05,17.87
3552,2004-02-06,17.71
3553,2004-02-09,16.0
3554,2004-02-10,16.39
3555,2004-02-11,15.94
3556,2004-02-12,15.39
3557,2004-02-13,15.31
3558,2004-02-17,15.58
3559,2004-02-18,15.4
3560,2004-02-19,15.59
3561,2004-02-20,15.8
3562,2004-02-23,16.04
3563,2004-02-24,16.29
3564,2004-02-25,15.9
3565,2004-02-26,14.93
3566,2004-02-27,14.83
3567,2004-03-01,14.55
3568,2004-03-02,14.44
3569,2004-03-03,14.86
3570,2004-03-04,14.55
3571,2004-03-05,14.4
3572,2004-03-08,14.48
3573,2004-03-09,15.79
3574,2004-03-10,16.6
3575,2004-03-11,18.67
3576,2004-03-12,20.67
3577,2004-03-15,18.3
3578,2004-03-16,21.13
3579,2004-03-17,20.34
3580,2004-03-18,18.11
3581,2004-03-19,18.53
3582,2004-03-22,19.15
3583,2004-03-23,21.58
3584,2004-03-24,20.67
3585,2004-03-25,19.81
3586,2004-03-26,17.88
3587,2004-03-29,17.33
3588,2004-03-30,16.5
3589,2004-03-31,16.28
3590,2004-04-01,16.74
3591,2004-04-02,16.65
3592,2004-04-05,15.64
3593,2004-04-06,14.97
3594,2004-04-07,15.32
3595,2004-04-08,15.76
3596,2004-04-12,16.26
3597,2004-04-13,15.28
3598,2004-04-14,17.26
3599,2004-04-15,15.62
3600,2004-04-16,15.74
3601,2004-04-19,14.94
3602,2004-04-20,15.42
3603,2004-04-21,16.67
3604,2004-04-22,15.6
3605,2004-04-23,14.61
3606,2004-04-26,14.01
3607,2004-04-27,14.77
3608,2004-04-28,15.07
3609,2004-04-29,16.29
3610,2004-04-30,16.6
3611,2004-05-03,17.19
3612,2004-05-04,16.62
3613,2004-05-05,16.55
3614,2004-05-06,15.77
3615,2004-05-07,17.05
3616,2004-05-10,18.13
3617,2004-05-11,19.77
3618,2004-05-12,18.57
3619,2004-05-13,18.14
3620,2004-05-14,18.86
3621,2004-05-17,18.47
3622,2004-05-18,19.96
3623,2004-05-19,19.33
3624,2004-05-20,18.93
3625,2004-05-21,18.67
3626,2004-05-24,18.49
3627,2004-05-25,18.08
3628,2004-05-26,15.96
3629,2004-05-27,15.97
3630,2004-05-28,15.28
3631,2004-06-01,15.5
3632,2004-06-02,16.3
3633,2004-06-03,16.08
3634,2004-06-04,17.03
3635,2004-06-07,16.78
3636,2004-06-08,15.39
3637,2004-06-09,15.01
3638,2004-06-10,15.39
3639,2004-06-14,15.04
3640,2004-06-15,16.07
3641,2004-06-16,15.05
3642,2004-06-17,14.79
3643,2004-06-18,15.15
3644,2004-06-21,14.99
3645,2004-06-22,15.26
3646,2004-06-23,14.31
3647,2004-06-24,13.98
3648,2004-06-25,14.81
3649,2004-06-28,15.19
3650,2004-06-29,16.07
3651,2004-06-30,15.47
3652,2004-07-01,14.34
3653,2004-07-02,15.2
3654,2004-07-06,15.08
3655,2004-07-07,16.25
3656,2004-07-08,15.81
3657,2004-07-09,16.2
3658,2004-07-12,15.78
3659,2004-07-13,14.96
3660,2004-07-14,14.46
3661,2004-07-15,13.76
3662,2004-07-16,14.71
3663,2004-07-19,14.34
3664,2004-07-20,15.17
3665,2004-07-21,14.17
3666,2004-07-22,16.41
3667,2004-07-23,15.75
3668,2004-07-26,16.5
3669,2004-07-27,17.3
3670,2004-07-28,16.55
3671,2004-07-29,16.15
3672,2004-07-30,15.68
3673,2004-08-02,15.32
3674,2004-08-03,15.37
3675,2004-08-04,16.03
3676,2004-08-05,16.21
3677,2004-08-06,18.32
3678,2004-08-09,19.34
3679,2004-08-10,18.89
3680,2004-08-11,17.47
3681,2004-08-12,18.04
3682,2004-08-13,19.08
3683,2004-08-16,17.98
3684,2004-08-17,17.57
3685,2004-08-18,17.02
3686,2004-08-19,16.23
3687,2004-08-20,16.96
3688,2004-08-23,16.0
3689,2004-08-24,15.88
3690,2004-08-25,15.33
3691,2004-08-26,14.98
3692,2004-08-27,14.91
3693,2004-08-30,14.71
3694,2004-08-31,15.44
3695,2004-09-01,15.29
3696,2004-09-02,14.91
3697,2004-09-03,14.28
3698,2004-09-07,13.91
3699,2004-09-08,14.07
3700,2004-09-09,14.06
3701,2004-09-10,14.01
3702,2004-09-13,13.76
3703,2004-09-14,13.17
3704,2004-09-15,13.56
3705,2004-09-16,14.64
3706,2004-09-17,14.39
3707,2004-09-20,14.03
3708,2004-09-21,14.43
3709,2004-09-22,13.66
3710,2004-09-23,14.74
3711,2004-09-24,14.8
3712,2004-09-27,14.28
3713,2004-09-28,14.62
3714,2004-09-29,13.83
3715,2004-09-30,13.21
3716,2004-10-01,13.34
3717,2004-10-04,12.75
3718,2004-10-05,13.41
3719,2004-10-06,13.95
3720,2004-10-07,13.28
3721,2004-10-08,14.5
3722,2004-10-11,15.05
3723,2004-10-12,14.71
3724,2004-10-13,15.05
3725,2004-10-14,15.42
3726,2004-10-15,16.43
3727,2004-10-18,15.04
3728,2004-10-19,14.71
3729,2004-10-20,15.13
3730,2004-10-21,14.85
3731,2004-10-22,14.54
3732,2004-10-25,15.28
3733,2004-10-26,16.58
3734,2004-10-27,16.39
3735,2004-10-28,15.72
3736,2004-10-29,15.39
3737,2004-11-01,16.27
3738,2004-11-02,16.27
3739,2004-11-03,16.18
3740,2004-11-04,14.04
3741,2004-11-05,13.97
3742,2004-11-08,13.84
3743,2004-11-09,13.8
3744,2004-11-10,13.61
3745,2004-11-11,13.08
3746,2004-11-12,13.04
3747,2004-11-15,13.33
3748,2004-11-16,13.38
3749,2004-11-17,13.21
3750,2004-11-18,13.21
3751,2004-11-19,12.98
3752,2004-11-22,13.5
3753,2004-11-23,12.97
3754,2004-11-24,12.67
3755,2004-11-26,12.72
3756,2004-11-29,12.78
3757,2004-11-30,13.3
3758,2004-12-01,13.24
3759,2004-12-02,12.97
3760,2004-12-03,12.98
3761,2004-12-06,12.96
3762,2004-12-07,13.19
3763,2004-12-08,13.67
3764,2004-12-09,13.19
3765,2004-12-10,12.88
3766,2004-12-13,12.76
3767,2004-12-14,12.54
3768,2004-12-15,12.73
3769,2004-12-16,12.35
3770,2004-12-17,12.27
3771,2004-12-20,11.95
3772,2004-12-21,11.83
3773,2004-12-22,11.55
3774,2004-12-23,11.45
3775,2004-12-27,11.23
3776,2004-12-28,12.14
3777,2004-12-29,12.0
3778,2004-12-30,11.62
3779,2004-12-31,12.56
3780,2005-01-03,13.29
3781,2005-01-04,14.08
3782,2005-01-05,13.98
3783,2005-01-06,14.09
3784,2005-01-07,13.58
3785,2005-01-10,13.49
3786,2005-01-11,13.23
3787,2005-01-12,13.19
3788,2005-01-13,12.56
3789,2005-01-14,12.84
3790,2005-01-18,12.43
3791,2005-01-19,12.47
3792,2005-01-20,13.18
3793,2005-01-21,13.83
3794,2005-01-24,14.36
3795,2005-01-25,14.65
3796,2005-01-26,14.06
3797,2005-01-27,13.44
3798,2005-01-28,13.24
3799,2005-01-31,13.24
3800,2005-02-01,12.82
3801,2005-02-02,12.03
3802,2005-02-03,11.66
3803,2005-02-04,11.79
3804,2005-02-07,11.21
3805,2005-02-08,11.73
3806,2005-02-09,11.6
3807,2005-02-10,12.0
3808,2005-02-11,11.51
3809,2005-02-14,11.43
3810,2005-02-15,11.52
3811,2005-02-16,11.27
3812,2005-02-17,11.1
3813,2005-02-18,11.77
3814,2005-02-22,11.18
3815,2005-02-23,13.14
3816,2005-02-24,12.39
3817,2005-02-25,11.57
3818,2005-02-28,11.49
3819,2005-03-01,12.08
3820,2005-03-02,12.04
3821,2005-03-03,12.5
3822,2005-03-04,12.93
3823,2005-03-07,11.94
3824,2005-03-08,12.26
3825,2005-03-09,12.4
3826,2005-03-10,12.7
3827,2005-03-11,12.49
3828,2005-03-14,12.8
3829,2005-03-15,12.39
3830,2005-03-16,13.15
3831,2005-03-17,13.49
3832,2005-03-18,13.29
3833,2005-03-21,13.14
3834,2005-03-22,13.61
3835,2005-03-23,14.27
3836,2005-03-24,14.06
3837,2005-03-28,13.42
3838,2005-03-29,13.75
3839,2005-03-30,14.49
3840,2005-03-31,13.64
3841,2005-04-01,14.02
3842,2005-04-04,14.09
3843,2005-04-05,14.11
3844,2005-04-06,13.68
3845,2005-04-07,13.15
3846,2005-04-08,12.33
3847,2005-04-11,12.62
3848,2005-04-12,11.98
3849,2005-04-13,11.3
3850,2005-04-14,13.31
3851,2005-04-15,14.53
3852,2005-04-18,17.74
3853,2005-04-19,16.56
3854,2005-04-20,14.96
3855,2005-04-21,16.92
3856,2005-04-22,14.41
3857,2005-04-25,15.38
3858,2005-04-26,14.62
3859,2005-04-27,14.91
3860,2005-04-28,14.87
3861,2005-04-29,16.86
3862,2005-05-02,15.31
3863,2005-05-03,15.12
3864,2005-05-04,14.53
3865,2005-05-05,13.85
3866,2005-05-06,13.98
3867,2005-05-09,14.05
3868,2005-05-10,13.75
3869,2005-05-11,14.91
3870,2005-05-12,14.45
3871,2005-05-13,16.12
3872,2005-05-16,16.32
3873,2005-05-17,15.68
3874,2005-05-18,14.57
3875,2005-05-19,13.63
3876,2005-05-20,13.32
3877,2005-05-23,13.14
3878,2005-05-24,12.95
3879,2005-05-25,12.69
3880,2005-05-26,12.58
3881,2005-05-27,12.24
3882,2005-05-31,12.15
3883,2005-06-01,13.29
3884,2005-06-02,12.36
3885,2005-06-03,11.84
3886,2005-06-06,12.15
3887,2005-06-07,12.28
3888,2005-06-08,12.39
3889,2005-06-09,12.7
3890,2005-06-10,12.08
3891,2005-06-13,11.96
3892,2005-06-14,11.65
3893,2005-06-15,11.79
3894,2005-06-16,11.46
3895,2005-06-17,11.15
3896,2005-06-20,11.48
3897,2005-06-21,11.47
3898,2005-06-22,11.08
3899,2005-06-23,11.05
3900,2005-06-24,12.13
3901,2005-06-27,12.18
3902,2005-06-28,12.52
3903,2005-06-29,11.58
3904,2005-06-30,11.77
3905,2005-07-01,12.04
3906,2005-07-05,11.4
3907,2005-07-06,11.68
3908,2005-07-07,12.27
3909,2005-07-08,12.49
3910,2005-07-11,11.45
3911,2005-07-12,11.28
3912,2005-07-13,10.95
3913,2005-07-14,10.84
3914,2005-07-15,10.81
3915,2005-07-18,10.33
3916,2005-07-19,10.77
3917,2005-07-20,10.45
3918,2005-07-21,10.23
3919,2005-07-22,10.97
3920,2005-07-25,10.52
3921,2005-07-26,11.1
3922,2005-07-27,10.99
3923,2005-07-28,10.36
3924,2005-07-29,10.52
3925,2005-08-01,11.57
3926,2005-08-02,12.08
3927,2005-08-03,11.75
3928,2005-08-04,11.83
3929,2005-08-05,12.52
3930,2005-08-08,12.48
3931,2005-08-09,13.21
3932,2005-08-10,12.4
3933,2005-08-11,12.38
3934,2005-08-12,12.42
3935,2005-08-15,12.74
3936,2005-08-16,12.26
3937,2005-08-17,13.52
3938,2005-08-18,13.3
3939,2005-08-19,13.42
3940,2005-08-22,13.42
3941,2005-08-23,13.42
3942,2005-08-24,13.34
3943,2005-08-25,14.17
3944,2005-08-26,13.73
3945,2005-08-29,13.72
3946,2005-08-30,13.52
3947,2005-08-31,13.65
3948,2005-09-01,12.6
3949,2005-09-02,13.15
3950,2005-09-06,13.57
3951,2005-09-07,12.93
3952,2005-09-08,12.52
3953,2005-09-09,12.93
3954,2005-09-12,11.98
3955,2005-09-13,11.65
3956,2005-09-14,12.39
3957,2005-09-15,12.91
3958,2005-09-16,12.49
3959,2005-09-19,11.22
3960,2005-09-20,12.14
3961,2005-09-21,12.64
3962,2005-09-22,13.79
3963,2005-09-23,13.33
3964,2005-09-26,12.96
3965,2005-09-27,13.04
3966,2005-09-28,12.76
3967,2005-09-29,12.63
3968,2005-09-30,12.24
3969,2005-10-03,11.92
3970,2005-10-04,12.46
3971,2005-10-05,13.2
3972,2005-10-06,14.55
3973,2005-10-07,14.96
3974,2005-10-10,14.59
3975,2005-10-11,15.55
3976,2005-10-12,15.63
3977,2005-10-13,16.22
3978,2005-10-14,16.47
3979,2005-10-17,14.87
3980,2005-10-18,14.67
3981,2005-10-19,15.33
3982,2005-10-20,13.5
3983,2005-10-21,16.11
3984,2005-10-24,16.13
3985,2005-10-25,14.74
3986,2005-10-26,14.53
3987,2005-10-27,14.59
3988,2005-10-28,16.02
3989,2005-10-31,14.25
3990,2005-11-01,15.32
3991,2005-11-02,14.85
3992,2005-11-03,13.48
3993,2005-11-04,13.0
3994,2005-11-07,13.17
3995,2005-11-08,13.1
3996,2005-11-09,13.08
3997,2005-11-10,12.8
3998,2005-11-11,11.9
3999,2005-11-14,11.63
4000,2005-11-15,12.18
4001,2005-11-16,12.23
4002,2005-11-17,12.26
4003,2005-11-18,11.25
4004,2005-11-21,11.12
4005,2005-11-22,10.82
4006,2005-11-23,10.6
4007,2005-11-25,10.96
4008,2005-11-28,10.88
4009,2005-11-29,11.84
4010,2005-11-30,11.89
4011,2005-12-01,12.06
4012,2005-12-02,11.24
4013,2005-12-05,11.01
4014,2005-12-06,11.6
4015,2005-12-07,11.52
4016,2005-12-08,12.18
4017,2005-12-09,12.21
4018,2005-12-12,11.69
4019,2005-12-13,11.47
4020,2005-12-14,11.11
4021,2005-12-15,10.48
4022,2005-12-16,10.73
4023,2005-12-19,10.68
4024,2005-12-20,11.38
4025,2005-12-21,11.19
4026,2005-12-22,10.81
4027,2005-12-23,10.29
4028,2005-12-27,10.27
4029,2005-12-28,11.57
4030,2005-12-29,11.35
4031,2005-12-30,11.61
4032,2006-01-03,12.07
4033,2006-01-04,11.14
4034,2006-01-05,11.37
4035,2006-01-06,11.31
4036,2006-01-09,11.0
4037,2006-01-10,11.13
4038,2006-01-11,10.86
4039,2006-01-12,10.94
4040,2006-01-13,11.2
4041,2006-01-17,11.23
4042,2006-01-18,11.91
4043,2006-01-19,12.25
4044,2006-01-20,11.98
4045,2006-01-23,14.56
4046,2006-01-24,13.93
4047,2006-01-25,13.31
4048,2006-01-26,12.87
4049,2006-01-27,12.42
4050,2006-01-30,11.97
4051,2006-01-31,12.39
4052,2006-02-01,12.95
4053,2006-02-02,12.36
4054,2006-02-03,13.23
4055,2006-02-06,12.96
4056,2006-02-07,13.04
4057,2006-02-08,13.59
4058,2006-02-09,12.83
4059,2006-02-10,13.12
4060,2006-02-13,12.87
4061,2006-02-14,13.35
4062,2006-02-15,12.25
4063,2006-02-16,12.31
4064,2006-02-17,11.48
4065,2006-02-21,12.01
4066,2006-02-22,12.41
4067,2006-02-23,11.88
4068,2006-02-24,11.87
4069,2006-02-27,11.46
4070,2006-02-28,11.59
4071,2006-03-01,12.34
4072,2006-03-02,11.54
4073,2006-03-03,11.72
4074,2006-03-06,11.96
4075,2006-03-07,12.74
4076,2006-03-08,12.66
4077,2006-03-09,12.32
4078,2006-03-10,12.68
4079,2006-03-13,11.85
4080,2006-03-14,11.37
4081,2006-03-15,10.74
4082,2006-03-16,11.35
4083,2006-03-17,11.98
4084,2006-03-20,12.12
4085,2006-03-21,11.79
4086,2006-03-22,11.62
4087,2006-03-23,11.21
4088,2006-03-24,11.17
4089,2006-03-27,11.19
4090,2006-03-28,11.46
4091,2006-03-29,11.58
4092,2006-03-30,10.95
4093,2006-03-31,11.57
4094,2006-04-03,11.39
4095,2006-04-04,11.57
4096,2006-04-05,11.14
4097,2006-04-06,11.13
4098,2006-04-07,11.45
4099,2006-04-10,12.26
4100,2006-04-11,12.19
4101,2006-04-12,13.0
4102,2006-04-13,12.76
4103,2006-04-17,12.38
4104,2006-04-18,12.58
4105,2006-04-19,11.4
4106,2006-04-20,11.32
4107,2006-04-21,11.64
4108,2006-04-24,11.59
4109,2006-04-25,11.75
4110,2006-04-26,11.75
4111,2006-04-27,11.76
4112,2006-04-28,11.84
4113,2006-05-01,11.59
4114,2006-05-02,12.54
4115,2006-05-03,11.99
4116,2006-05-04,11.99
4117,2006-05-05,11.86
4118,2006-05-08,11.62
4119,2006-05-09,12.0
4120,2006-05-10,11.99
4121,2006-05-11,11.78
4122,2006-05-12,12.49
4123,2006-05-15,14.19
4124,2006-05-16,13.57
4125,2006-05-17,13.35
4126,2006-05-18,16.26
4127,2006-05-19,16.99
4128,2006-05-22,17.18
4129,2006-05-23,17.72
4130,2006-05-24,18.26
4131,2006-05-25,17.36
4132,2006-05-26,15.5
4133,2006-05-30,14.26
4134,2006-05-31,18.66
4135,2006-06-01,16.44
4136,2006-06-02,14.52
4137,2006-06-05,14.32
4138,2006-06-06,16.65
4139,2006-06-07,17.34
4140,2006-06-08,17.8
4141,2006-06-09,18.35
4142,2006-06-12,18.12
4143,2006-06-13,20.96
4144,2006-06-14,23.81
4145,2006-06-15,21.46
4146,2006-06-16,15.9
4147,2006-06-19,17.25
4148,2006-06-20,17.83
4149,2006-06-21,16.69
4150,2006-06-22,15.52
4151,2006-06-23,15.88
4152,2006-06-26,15.89
4153,2006-06-27,15.62
4154,2006-06-28,16.4
4155,2006-06-29,15.79
4156,2006-06-30,13.03
4157,2006-07-03,13.08
4158,2006-07-05,13.05
4159,2006-07-06,14.15
4160,2006-07-07,13.65
4161,2006-07-10,13.97
4162,2006-07-11,14.02
4163,2006-07-12,13.14
4164,2006-07-13,14.49
4165,2006-07-14,17.79
4166,2006-07-17,18.05
4167,2006-07-18,18.64
4168,2006-07-19,17.74
4169,2006-07-20,15.55
4170,2006-07-21,16.21
4171,2006-07-24,17.4
4172,2006-07-25,14.98
4173,2006-07-26,14.85
4174,2006-07-27,14.62
4175,2006-07-28,14.94
4176,2006-07-31,14.33
4177,2006-08-01,14.95
4178,2006-08-02,15.05
4179,2006-08-03,14.34
4180,2006-08-04,14.46
4181,2006-08-07,14.34
4182,2006-08-08,15.23
4183,2006-08-09,15.23
4184,2006-08-10,15.2
4185,2006-08-11,14.46
4186,2006-08-14,14.3
4187,2006-08-15,14.26
4188,2006-08-16,13.42
4189,2006-08-17,12.41
4190,2006-08-18,12.24
4191,2006-08-21,11.64
4192,2006-08-22,12.22
4193,2006-08-23,12.19
4194,2006-08-24,12.4
4195,2006-08-25,12.4
4196,2006-08-28,12.31
4197,2006-08-29,12.18
4198,2006-08-30,12.28
4199,2006-08-31,12.22
4200,2006-09-01,12.31
4201,2006-09-05,11.96
4202,2006-09-06,12.63
4203,2006-09-07,13.74
4204,2006-09-08,13.88
4205,2006-09-11,13.16
4206,2006-09-12,12.99
4207,2006-09-13,11.92
4208,2006-09-14,11.18
4209,2006-09-15,11.55
4210,2006-09-18,11.76
4211,2006-09-19,11.78
4212,2006-09-20,11.98
4213,2006-09-21,11.39
4214,2006-09-22,12.25
4215,2006-09-25,12.59
4216,2006-09-26,12.12
4217,2006-09-27,11.53
4218,2006-09-28,11.58
4219,2006-09-29,11.72
4220,2006-10-02,11.98
4221,2006-10-03,12.57
4222,2006-10-04,12.24
4223,2006-10-05,11.86
4224,2006-10-06,11.98
4225,2006-10-09,11.56
4226,2006-10-10,11.68
4227,2006-10-11,11.52
4228,2006-10-12,11.62
4229,2006-10-13,11.09
4230,2006-10-16,10.75
4231,2006-10-17,11.09
4232,2006-10-18,11.73
4233,2006-10-19,11.34
4234,2006-10-20,10.9
4235,2006-10-23,10.63
4236,2006-10-24,11.08
4237,2006-10-25,10.78
4238,2006-10-26,10.66
4239,2006-10-27,10.56
4240,2006-10-30,10.8
4241,2006-10-31,11.2
4242,2006-11-01,11.1
4243,2006-11-02,11.51
4244,2006-11-03,11.42
4245,2006-11-06,11.16
4246,2006-11-07,11.16
4247,2006-11-08,11.09
4248,2006-11-09,10.75
4249,2006-11-10,11.01
4250,2006-11-13,10.79
4251,2006-11-14,10.86
4252,2006-11-15,10.5
4253,2006-11-16,10.31
4254,2006-11-17,10.16
4255,2006-11-20,10.05
4256,2006-11-21,9.97
4257,2006-11-22,9.9
4258,2006-11-24,10.14
4259,2006-11-27,10.73
4260,2006-11-28,12.3
4261,2006-11-29,11.62
4262,2006-11-30,10.83
4263,2006-12-01,10.91
4264,2006-12-04,11.66
4265,2006-12-05,11.23
4266,2006-12-06,11.27
4267,2006-12-07,11.33
4268,2006-12-08,12.67
4269,2006-12-11,12.07
4270,2006-12-12,10.71
4271,2006-12-13,10.65
4272,2006-12-14,10.18
4273,2006-12-15,9.97
4274,2006-12-18,10.05
4275,2006-12-19,10.6
4276,2006-12-20,10.3
4277,2006-12-21,10.26
4278,2006-12-22,10.53
4279,2006-12-26,11.36
4280,2006-12-27,11.26
4281,2006-12-28,10.64
4282,2006-12-29,10.99
4283,2007-01-03,11.56
4284,2007-01-04,12.04
4285,2007-01-05,11.51
4286,2007-01-08,12.14
4287,2007-01-09,12.0
4288,2007-01-10,11.91
4289,2007-01-11,11.47
4290,2007-01-12,10.87
4291,2007-01-16,10.15
4292,2007-01-17,10.74
4293,2007-01-18,10.59
4294,2007-01-19,10.85
4295,2007-01-22,10.4
4296,2007-01-23,10.77
4297,2007-01-24,10.34
4298,2007-01-25,9.89
4299,2007-01-26,11.22
4300,2007-01-29,11.13
4301,2007-01-30,11.45
4302,2007-01-31,10.96
4303,2007-02-01,10.42
4304,2007-02-02,10.31
4305,2007-02-05,10.08
4306,2007-02-06,10.55
4307,2007-02-07,10.65
4308,2007-02-08,10.32
4309,2007-02-09,10.44
4310,2007-02-12,11.1
4311,2007-02-13,11.61
4312,2007-02-14,10.34
4313,2007-02-15,10.23
4314,2007-02-16,10.22
4315,2007-02-20,10.02
4316,2007-02-21,10.24
4317,2007-02-22,10.2
4318,2007-02-23,10.18
4319,2007-02-26,10.58
4320,2007-02-27,11.15
4321,2007-02-28,18.31
4322,2007-03-01,15.42
4323,2007-03-02,15.82
4324,2007-03-05,18.61
4325,2007-03-06,19.63
4326,2007-03-07,15.96
4327,2007-03-08,15.24
4328,2007-03-09,14.29
4329,2007-03-12,14.09
4330,2007-03-13,13.99
4331,2007-03-14,18.13
4332,2007-03-15,17.27
4333,2007-03-16,16.43
4334,2007-03-19,16.79
4335,2007-03-20,14.59
4336,2007-03-21,13.27
4337,2007-03-22,12.19
4338,2007-03-23,12.93
4339,2007-03-26,12.95
4340,2007-03-27,13.16
4341,2007-03-28,13.48
4342,2007-03-29,14.98
4343,2007-03-30,15.14
4344,2007-04-02,14.64
4345,2007-04-03,14.53
4346,2007-04-04,13.46
4347,2007-04-05,13.24
4348,2007-04-09,13.23
4349,2007-04-10,13.14
4350,2007-04-11,12.68
4351,2007-04-12,13.49
4352,2007-04-13,12.71
4353,2007-04-16,12.2
4354,2007-04-17,11.98
4355,2007-04-18,12.14
4356,2007-04-19,12.42
4357,2007-04-20,12.54
4358,2007-04-23,12.07
4359,2007-04-24,13.04
4360,2007-04-25,13.12
4361,2007-04-26,13.21
4362,2007-04-27,12.79
4363,2007-04-30,12.45
4364,2007-05-01,14.22
4365,2007-05-02,13.51
4366,2007-05-03,13.08
4367,2007-05-04,13.09
4368,2007-05-07,12.91
4369,2007-05-08,13.15
4370,2007-05-09,13.21
4371,2007-05-10,12.88
4372,2007-05-11,13.6
4373,2007-05-14,12.95
4374,2007-05-15,13.96
4375,2007-05-16,14.01
4376,2007-05-17,13.5
4377,2007-05-18,13.51
4378,2007-05-21,12.76
4379,2007-05-22,13.3
4380,2007-05-23,13.06
4381,2007-05-24,13.24
4382,2007-05-25,14.08
4383,2007-05-29,13.34
4384,2007-05-30,13.53
4385,2007-05-31,12.83
4386,2007-06-01,13.05
4387,2007-06-04,12.78
4388,2007-06-05,13.29
4389,2007-06-06,13.63
4390,2007-06-07,14.87
4391,2007-06-08,17.06
4392,2007-06-11,14.84
4393,2007-06-12,14.71
4394,2007-06-13,16.67
4395,2007-06-14,14.73
4396,2007-06-15,13.64
4397,2007-06-18,13.94
4398,2007-06-19,13.42
4399,2007-06-20,12.85
4400,2007-06-21,14.67
4401,2007-06-22,14.21
4402,2007-06-25,15.75
4403,2007-06-26,16.65
4404,2007-06-27,18.89
4405,2007-06-28,15.53
4406,2007-06-29,15.54
4407,2007-07-02,16.23
4408,2007-07-03,15.4
4409,2007-07-05,14.92
4410,2007-07-06,15.48
4411,2007-07-09,14.72
4412,2007-07-10,15.16
4413,2007-07-11,17.57
4414,2007-07-12,16.64
4415,2007-07-13,15.54
4416,2007-07-16,15.15
4417,2007-07-17,15.59
4418,2007-07-18,15.63
4419,2007-07-19,16.0
4420,2007-07-20,15.23
4421,2007-07-23,16.95
4422,2007-07-24,16.81
4423,2007-07-25,18.55
4424,2007-07-26,18.1
4425,2007-07-27,20.74
4426,2007-07-30,24.17
4427,2007-07-31,20.87
4428,2007-08-01,23.52
4429,2007-08-02,23.67
4430,2007-08-03,21.22
4431,2007-08-06,25.16
4432,2007-08-07,22.94
4433,2007-08-08,21.56
4434,2007-08-09,21.45
4435,2007-08-10,26.48
4436,2007-08-13,28.3
4437,2007-08-14,26.57
4438,2007-08-15,27.68
4439,2007-08-16,30.67
4440,2007-08-17,30.83
4441,2007-08-20,29.99
4442,2007-08-21,26.33
4443,2007-08-22,25.25
4444,2007-08-23,22.89
4445,2007-08-24,22.62
4446,2007-08-27,20.72
4447,2007-08-28,22.72
4448,2007-08-29,26.3
4449,2007-08-30,23.81
4450,2007-08-31,25.06
4451,2007-09-04,23.38
4452,2007-09-05,22.78
4453,2007-09-06,24.58
4454,2007-09-07,23.99
4455,2007-09-10,26.23
4456,2007-09-11,27.38
4457,2007-09-12,25.27
4458,2007-09-13,24.96
4459,2007-09-14,24.76
4460,2007-09-17,24.92
4461,2007-09-18,26.48
4462,2007-09-19,20.35
4463,2007-09-20,20.03
4464,2007-09-21,20.45
4465,2007-09-24,19.0
4466,2007-09-25,19.37
4467,2007-09-26,18.6
4468,2007-09-27,17.63
4469,2007-09-28,17.0
4470,2007-10-01,18.0
4471,2007-10-02,17.84
4472,2007-10-03,18.49
4473,2007-10-04,18.8
4474,2007-10-05,18.44
4475,2007-10-08,16.91
4476,2007-10-09,17.46
4477,2007-10-10,16.12
4478,2007-10-11,16.67
4479,2007-10-12,18.88
4480,2007-10-15,17.73
4481,2007-10-16,19.25
4482,2007-10-17,20.02
4483,2007-10-18,18.54
4484,2007-10-19,18.5
4485,2007-10-22,22.96
4486,2007-10-23,21.64
4487,2007-10-24,20.41
4488,2007-10-25,20.8
4489,2007-10-26,21.17
4490,2007-10-29,19.56
4491,2007-10-30,19.87
4492,2007-10-31,21.07
4493,2007-11-01,18.53
4494,2007-11-02,23.21
4495,2007-11-05,23.01
4496,2007-11-06,24.31
4497,2007-11-07,21.39
4498,2007-11-08,26.49
4499,2007-11-09,26.16
4500,2007-11-12,28.5
4501,2007-11-13,31.09
4502,2007-11-14,24.1
4503,2007-11-15,25.94
4504,2007-11-16,28.06
4505,2007-11-19,25.49
4506,2007-11-20,26.01
4507,2007-11-21,24.88
4508,2007-11-23,26.84
4509,2007-11-26,25.61
4510,2007-11-27,28.91
4511,2007-11-28,26.28
4512,2007-11-29,24.11
4513,2007-11-30,23.97
4514,2007-12-03,22.87
4515,2007-12-04,23.61
4516,2007-12-05,23.79
4517,2007-12-06,22.53
4518,2007-12-07,20.96
4519,2007-12-10,20.85
4520,2007-12-11,20.74
4521,2007-12-12,23.59
4522,2007-12-13,22.47
4523,2007-12-14,22.56
4524,2007-12-17,23.27
4525,2007-12-18,24.52
4526,2007-12-19,22.64
4527,2007-12-20,21.68
4528,2007-12-21,20.58
4529,2007-12-24,18.47
4530,2007-12-26,18.6
4531,2007-12-27,18.66
4532,2007-12-28,20.26
4533,2007-12-31,20.74
4534,2008-01-02,22.5
4535,2008-01-03,23.17
4536,2008-01-04,22.49
4537,2008-01-07,23.94
4538,2008-01-08,23.79
4539,2008-01-09,25.43
4540,2008-01-10,24.12
4541,2008-01-11,23.45
4542,2008-01-14,23.68
4543,2008-01-15,22.9
4544,2008-01-16,23.34
4545,2008-01-17,24.38
4546,2008-01-18,28.46
4547,2008-01-22,27.18
4548,2008-01-23,31.01
4549,2008-01-24,29.02
4550,2008-01-25,27.78
4551,2008-01-28,29.08
4552,2008-01-29,27.78
4553,2008-01-30,27.32
4554,2008-01-31,27.62
4555,2008-02-01,26.2
4556,2008-02-04,24.02
4557,2008-02-05,25.99
4558,2008-02-06,28.24
4559,2008-02-07,28.97
4560,2008-02-08,27.66
4561,2008-02-11,28.01
4562,2008-02-12,27.6
4563,2008-02-13,26.33
4564,2008-02-14,24.88
4565,2008-02-15,25.54
4566,2008-02-19,25.02
4567,2008-02-20,25.59
4568,2008-02-21,24.4
4569,2008-02-22,25.12
4570,2008-02-25,24.06
4571,2008-02-26,23.03
4572,2008-02-27,21.9
4573,2008-02-28,22.69
4574,2008-02-29,23.53
4575,2008-03-03,26.54
4576,2008-03-04,26.28
4577,2008-03-05,25.52
4578,2008-03-06,24.6
4579,2008-03-07,27.55
4580,2008-03-10,27.49
4581,2008-03-11,29.38
4582,2008-03-12,26.36
4583,2008-03-13,27.22
4584,2008-03-14,27.29
4585,2008-03-17,31.16
4586,2008-03-18,32.24
4587,2008-03-19,25.79
4588,2008-03-20,29.84
4589,2008-03-24,26.62
4590,2008-03-25,25.73
4591,2008-03-26,25.72
4592,2008-03-27,26.08
4593,2008-03-28,25.88
4594,2008-03-31,25.71
4595,2008-04-01,25.61
4596,2008-04-02,22.68
4597,2008-04-03,23.43
4598,2008-04-04,23.21
4599,2008-04-07,22.45
4600,2008-04-08,22.42
4601,2008-04-09,22.36
4602,2008-04-10,22.81
4603,2008-04-11,21.98
4604,2008-04-14,23.46
4605,2008-04-15,23.82
4606,2008-04-16,22.78
4607,2008-04-17,20.53
4608,2008-04-18,20.37
4609,2008-04-21,20.13
4610,2008-04-22,20.5
4611,2008-04-23,20.87
4612,2008-04-24,20.26
4613,2008-04-25,20.06
4614,2008-04-28,19.59
4615,2008-04-29,19.64
4616,2008-04-30,20.24
4617,2008-05-01,20.79
4618,2008-05-02,18.88
4619,2008-05-05,18.18
4620,2008-05-06,18.9
4621,2008-05-07,18.21
4622,2008-05-08,19.73
4623,2008-05-09,19.4
4624,2008-05-12,19.41
4625,2008-05-13,17.79
4626,2008-05-14,17.98
4627,2008-05-15,17.66
4628,2008-05-16,16.3
4629,2008-05-19,16.47
4630,2008-05-20,17.01
4631,2008-05-21,17.58
4632,2008-05-22,18.59
4633,2008-05-23,18.05
4634,2008-05-27,19.55
4635,2008-05-28,19.64
4636,2008-05-29,19.07
4637,2008-05-30,18.14
4638,2008-06-02,17.83
4639,2008-06-03,19.83
4640,2008-06-04,20.24
4641,2008-06-05,20.8
4642,2008-06-06,18.63
4643,2008-06-09,23.56
4644,2008-06-10,23.12
4645,2008-06-11,23.18
4646,2008-06-12,24.12
4647,2008-06-13,23.33
4648,2008-06-16,21.22
4649,2008-06-17,20.95
4650,2008-06-18,21.13
4651,2008-06-19,22.24
4652,2008-06-20,21.58
4653,2008-06-23,22.87
4654,2008-06-24,22.64
4655,2008-06-25,22.42
4656,2008-06-26,21.14
4657,2008-06-27,23.93
4658,2008-06-30,23.44
4659,2008-07-01,23.95
4660,2008-07-02,23.65
4661,2008-07-03,25.92
4662,2008-07-07,24.78
4663,2008-07-08,25.78
4664,2008-07-09,23.15
4665,2008-07-10,25.23
4666,2008-07-11,25.59
4667,2008-07-14,27.49
4668,2008-07-15,28.48
4669,2008-07-16,28.54
4670,2008-07-17,25.1
4671,2008-07-18,25.01
4672,2008-07-21,24.05
4673,2008-07-22,23.05
4674,2008-07-23,21.18
4675,2008-07-24,21.31
4676,2008-07-25,23.44
4677,2008-07-28,22.91
4678,2008-07-29,24.23
4679,2008-07-30,22.03
4680,2008-07-31,21.21
4681,2008-08-01,22.94
4682,2008-08-04,22.57
4683,2008-08-05,23.49
4684,2008-08-06,21.14
4685,2008-08-07,20.23
4686,2008-08-08,21.15
4687,2008-08-11,20.66
4688,2008-08-12,20.12
4689,2008-08-13,21.17
4690,2008-08-14,21.55
4691,2008-08-15,20.34
4692,2008-08-18,19.58
4693,2008-08-19,20.98
4694,2008-08-20,21.28
4695,2008-08-21,20.42
4696,2008-08-22,19.82
4697,2008-08-25,18.81
4698,2008-08-26,20.97
4699,2008-08-27,20.49
4700,2008-08-28,19.76
4701,2008-08-29,19.43
4702,2008-09-02,20.65
4703,2008-09-03,21.99
4704,2008-09-04,21.43
4705,2008-09-05,24.03
4706,2008-09-08,23.06
4707,2008-09-09,22.64
4708,2008-09-10,25.47
4709,2008-09-11,24.52
4710,2008-09-12,24.39
4711,2008-09-15,25.66
4712,2008-09-16,31.7
4713,2008-09-17,30.3
4714,2008-09-18,36.22
4715,2008-09-19,33.1
4716,2008-09-22,32.07
4717,2008-09-23,33.85
4718,2008-09-24,35.72
4719,2008-09-25,35.19
4720,2008-09-26,32.82
4721,2008-09-29,34.74
4722,2008-09-30,46.72
4723,2008-10-01,39.39
4724,2008-10-02,39.81
4725,2008-10-03,45.26
4726,2008-10-06,45.14
4727,2008-10-07,52.05
4728,2008-10-08,53.68
4729,2008-10-09,57.53
4730,2008-10-10,63.92
4731,2008-10-13,69.95
4732,2008-10-14,54.99
4733,2008-10-15,55.13
4734,2008-10-16,69.25
4735,2008-10-17,67.61
4736,2008-10-20,70.33
4737,2008-10-21,52.97
4738,2008-10-22,53.11
4739,2008-10-23,69.65
4740,2008-10-24,67.8
4741,2008-10-27,79.13
4742,2008-10-28,80.06
4743,2008-10-29,66.96
4744,2008-10-30,69.96
4745,2008-10-31,62.9
4746,2008-11-03,59.89
4747,2008-11-04,53.68
4748,2008-11-05,47.73
4749,2008-11-06,54.56
4750,2008-11-07,63.68
4751,2008-11-10,56.1
4752,2008-11-11,59.98
4753,2008-11-12,61.44
4754,2008-11-13,66.46
4755,2008-11-14,59.83
4756,2008-11-17,66.31
4757,2008-11-18,69.15
4758,2008-11-19,67.64
4759,2008-11-20,74.26
4760,2008-11-21,80.86
4761,2008-11-24,72.67
4762,2008-11-25,64.7
4763,2008-11-26,60.9
4764,2008-11-28,54.92
4765,2008-12-01,55.28
4766,2008-12-02,68.51
4767,2008-12-03,62.98
4768,2008-12-04,60.72
4769,2008-12-05,63.64
4770,2008-12-08,59.93
4771,2008-12-09,58.49
4772,2008-12-10,58.91
4773,2008-12-11,55.73
4774,2008-12-12,55.78
4775,2008-12-15,54.28
4776,2008-12-16,56.76
4777,2008-12-17,52.37
4778,2008-12-18,49.84
4779,2008-12-19,47.34
4780,2008-12-22,44.93
4781,2008-12-23,44.56
4782,2008-12-24,45.02
4783,2008-12-26,44.21
4784,2008-12-29,43.38
4785,2008-12-30,43.9
4786,2008-12-31,41.63
4787,2009-01-02,40.0
4788,2009-01-05,39.19
4789,2009-01-06,39.08
4790,2009-01-07,38.56
4791,2009-01-08,43.39
4792,2009-01-09,42.56
4793,2009-01-12,42.82
4794,2009-01-13,45.84
4795,2009-01-14,43.27
4796,2009-01-15,49.14
4797,2009-01-16,51.0
4798,2009-01-20,46.11
4799,2009-01-21,56.65
4800,2009-01-22,46.42
4801,2009-01-23,47.29
4802,2009-01-26,47.27
4803,2009-01-27,45.69
4804,2009-01-28,42.25
4805,2009-01-29,39.66
4806,2009-01-30,42.63
4807,2009-02-02,44.84
4808,2009-02-03,45.52
4809,2009-02-04,43.06
4810,2009-02-05,43.85
4811,2009-02-06,43.73
4812,2009-02-09,43.37
4813,2009-02-10,43.64
4814,2009-02-11,46.67
4815,2009-02-12,44.53
4816,2009-02-13,41.25
4817,2009-02-17,42.93
4818,2009-02-18,48.66
4819,2009-02-19,48.46
4820,2009-02-20,47.08
4821,2009-02-23,49.3
4822,2009-02-24,52.62
4823,2009-02-25,45.49
4824,2009-02-26,44.67
4825,2009-02-27,44.66
4826,2009-03-02,46.35
4827,2009-03-03,52.65
4828,2009-03-04,50.93
4829,2009-03-05,47.56
4830,2009-03-06,50.17
4831,2009-03-09,49.33
4832,2009-03-10,49.68
4833,2009-03-11,44.37
4834,2009-03-12,43.61
4835,2009-03-13,41.18
4836,2009-03-16,42.36
4837,2009-03-17,43.74
4838,2009-03-18,40.8
4839,2009-03-19,40.06
4840,2009-03-20,43.68
4841,2009-03-23,45.89
4842,2009-03-24,43.23
4843,2009-03-25,42.93
4844,2009-03-26,42.25
4845,2009-03-27,40.36
4846,2009-03-30,41.04
4847,2009-03-31,45.54
4848,2009-04-01,44.14
4849,2009-04-02,42.28
4850,2009-04-03,42.04
4851,2009-04-06,39.7
4852,2009-04-07,40.93
4853,2009-04-08,40.39
4854,2009-04-09,38.85
4855,2009-04-13,36.53
4856,2009-04-14,37.81
4857,2009-04-15,37.67
4858,2009-04-16,36.17
4859,2009-04-17,35.79
4860,2009-04-20,33.94
4861,2009-04-21,39.18
4862,2009-04-22,37.14
4863,2009-04-23,38.1
4864,2009-04-24,37.15
4865,2009-04-27,36.82
4866,2009-04-28,38.32
4867,2009-04-29,37.95
4868,2009-04-30,36.08
4869,2009-05-01,36.5
4870,2009-05-04,35.3
4871,2009-05-05,34.53
4872,2009-05-06,33.36
4873,2009-05-07,32.45
4874,2009-05-08,33.44
4875,2009-05-11,32.05
4876,2009-05-12,32.87
4877,2009-05-13,31.8
4878,2009-05-14,33.65
4879,2009-05-15,31.37
4880,2009-05-18,33.12
4881,2009-05-19,30.24
4882,2009-05-20,28.8
4883,2009-05-21,29.03
4884,2009-05-22,31.35
4885,2009-05-26,32.63
4886,2009-05-27,30.62
4887,2009-05-28,32.36
4888,2009-05-29,31.67
4889,2009-06-01,28.92
4890,2009-06-02,30.04
4891,2009-06-03,29.63
4892,2009-06-04,31.02
4893,2009-06-05,30.18
4894,2009-06-08,29.62
4895,2009-06-09,29.77
4896,2009-06-10,28.27
4897,2009-06-11,28.46
4898,2009-06-12,28.11
4899,2009-06-15,28.15
4900,2009-06-16,30.81
4901,2009-06-17,32.68
4902,2009-06-18,31.54
4903,2009-06-19,30.03
4904,2009-06-22,27.99
4905,2009-06-23,31.17
4906,2009-06-24,30.58
4907,2009-06-25,29.05
4908,2009-06-26,26.36
4909,2009-06-29,25.93
4910,2009-06-30,25.35
4911,2009-07-01,26.35
4912,2009-07-02,26.22
4913,2009-07-06,27.95
4914,2009-07-07,29.0
4915,2009-07-08,30.85
4916,2009-07-09,31.3
4917,2009-07-10,29.78
4918,2009-07-13,29.02
4919,2009-07-14,26.31
4920,2009-07-15,25.02
4921,2009-07-16,25.89
4922,2009-07-17,25.42
4923,2009-07-20,24.34
4924,2009-07-21,24.4
4925,2009-07-22,23.87
4926,2009-07-23,23.47
4927,2009-07-24,23.43
4928,2009-07-27,23.09
4929,2009-07-28,24.28
4930,2009-07-29,25.01
4931,2009-07-30,25.61
4932,2009-07-31,25.4
4933,2009-08-03,25.92
4934,2009-08-04,25.56
4935,2009-08-05,24.89
4936,2009-08-06,24.9
4937,2009-08-07,25.67
4938,2009-08-10,24.76
4939,2009-08-11,24.99
4940,2009-08-12,25.99
4941,2009-08-13,25.45
4942,2009-08-14,24.71
4943,2009-08-17,24.27
4944,2009-08-18,27.89
4945,2009-08-19,26.18
4946,2009-08-20,26.26
4947,2009-08-21,25.09
4948,2009-08-24,25.01
4949,2009-08-25,25.14
4950,2009-08-26,24.92
4951,2009-08-27,24.95
4952,2009-08-28,24.68
4953,2009-08-31,24.76
4954,2009-09-01,26.01
4955,2009-09-02,29.15
4956,2009-09-03,28.9
4957,2009-09-04,27.1
4958,2009-09-08,25.26
4959,2009-09-09,25.62
4960,2009-09-10,24.32
4961,2009-09-11,23.55
4962,2009-09-14,24.15
4963,2009-09-15,23.86
4964,2009-09-16,23.42
4965,2009-09-17,23.69
4966,2009-09-18,23.65
4967,2009-09-21,23.92
4968,2009-09-22,24.06
4969,2009-09-23,23.08
4970,2009-09-24,23.49
4971,2009-09-25,24.95
4972,2009-09-28,25.61
4973,2009-09-29,24.88
4974,2009-09-30,25.19
4975,2009-10-01,25.61
4976,2009-10-02,28.27
4977,2009-10-05,28.68
4978,2009-10-06,26.84
4979,2009-10-07,25.7
4980,2009-10-08,24.68
4981,2009-10-09,24.18
4982,2009-10-12,23.12
4983,2009-10-13,23.01
4984,2009-10-14,22.99
4985,2009-10-15,22.86
4986,2009-10-16,21.72
4987,2009-10-19,21.43
4988,2009-10-20,21.49
4989,2009-10-21,20.9
4990,2009-10-22,22.22
4991,2009-10-23,20.69
4992,2009-10-26,22.27
4993,2009-10-27,24.31
4994,2009-10-28,24.83
4995,2009-10-29,27.91
4996,2009-10-30,24.76
4997,2009-11-02,30.69
4998,2009-11-03,29.78
4999,2009-11-04,28.81
5000,2009-11-05,27.72
5001,2009-11-06,25.43
5002,2009-11-09,24.19
5003,2009-11-10,23.15
5004,2009-11-11,22.84
5005,2009-11-12,23.04
5006,2009-11-13,24.24
5007,2009-11-16,23.36
5008,2009-11-17,22.89
5009,2009-11-18,22.41
5010,2009-11-19,21.63
5011,2009-11-20,22.63
5012,2009-11-23,22.19
5013,2009-11-24,21.16
5014,2009-11-25,20.47
5015,2009-11-27,20.48
5016,2009-11-30,24.74
5017,2009-12-01,24.51
5018,2009-12-02,21.92
5019,2009-12-03,21.12
5020,2009-12-04,22.46
5021,2009-12-07,21.25
5022,2009-12-08,22.1
5023,2009-12-09,23.69
5024,2009-12-10,22.66
5025,2009-12-11,22.32
5026,2009-12-14,21.59
5027,2009-12-15,21.15
5028,2009-12-16,21.49
5029,2009-12-17,20.54
5030,2009-12-18,22.51
5031,2009-12-21,21.68
5032,2009-12-22,20.49
5033,2009-12-23,19.54
5034,2009-12-24,19.71
5035,2009-12-28,19.47
5036,2009-12-29,19.93
5037,2009-12-30,20.01
5038,2009-12-31,19.96
5039,2010-01-04,21.68
5040,2010-01-05,20.04
5041,2010-01-06,19.35
5042,2010-01-07,19.16
5043,2010-01-08,19.06
5044,2010-01-11,18.13
5045,2010-01-12,17.55
5046,2010-01-13,18.25
5047,2010-01-14,17.85
5048,2010-01-15,17.63
5049,2010-01-19,17.91
5050,2010-01-20,17.58
5051,2010-01-21,18.68
5052,2010-01-22,22.27
5053,2010-01-25,27.31
5054,2010-01-26,25.41
5055,2010-01-27,24.55
5056,2010-01-28,23.14
5057,2010-01-29,23.73
5058,2010-02-01,24.62
5059,2010-02-02,22.59
5060,2010-02-03,21.48
5061,2010-02-04,21.6
5062,2010-02-05,26.08
5063,2010-02-08,26.11
5064,2010-02-09,26.51
5065,2010-02-10,26.0
5066,2010-02-11,25.4
5067,2010-02-12,23.96
5068,2010-02-16,22.73
5069,2010-02-17,22.25
5070,2010-02-18,21.72
5071,2010-02-19,20.63
5072,2010-02-22,20.02
5073,2010-02-23,19.94
5074,2010-02-24,21.37
5075,2010-02-25,20.27
5076,2010-02-26,20.1
5077,2010-03-01,19.5
5078,2010-03-02,19.26
5079,2010-03-03,19.06
5080,2010-03-04,18.83
5081,2010-03-05,18.72
5082,2010-03-08,17.42
5083,2010-03-09,17.79
5084,2010-03-10,17.92
5085,2010-03-11,18.57
5086,2010-03-12,18.06
5087,2010-03-15,17.58
5088,2010-03-16,18.0
5089,2010-03-17,17.69
5090,2010-03-18,16.91
5091,2010-03-19,16.62
5092,2010-03-22,16.97
5093,2010-03-23,16.87
5094,2010-03-24,16.35
5095,2010-03-25,17.55
5096,2010-03-26,18.4
5097,2010-03-29,17.77
5098,2010-03-30,17.59
5099,2010-03-31,17.13
5100,2010-04-01,17.59
5101,2010-04-05,17.47
5102,2010-04-06,17.02
5103,2010-04-07,16.23
5104,2010-04-08,16.62
5105,2010-04-09,16.48
5106,2010-04-12,16.14
5107,2010-04-13,15.58
5108,2010-04-14,16.2
5109,2010-04-15,15.59
5110,2010-04-16,15.89
5111,2010-04-19,18.36
5112,2010-04-20,17.34
5113,2010-04-21,15.73
5114,2010-04-22,16.32
5115,2010-04-23,16.47
5116,2010-04-26,16.62
5117,2010-04-27,17.47
5118,2010-04-28,22.81
5119,2010-04-29,21.08
5120,2010-04-30,18.44
5121,2010-05-03,22.05
5122,2010-05-04,20.19
5123,2010-05-05,23.84
5124,2010-05-06,24.91
5125,2010-05-07,32.8
5126,2010-05-10,40.95
5127,2010-05-11,28.84
5128,2010-05-12,28.32
5129,2010-05-13,25.52
5130,2010-05-14,26.68
5131,2010-05-17,31.24
5132,2010-05-18,30.84
5133,2010-05-19,33.55
5134,2010-05-20,35.32
5135,2010-05-21,45.79
5136,2010-05-24,40.1
5137,2010-05-25,38.32
5138,2010-05-26,34.61
5139,2010-05-27,35.02
5140,2010-05-28,29.68
5141,2010-06-01,32.07
5142,2010-06-02,35.54
5143,2010-06-03,30.17
5144,2010-06-04,29.46
5145,2010-06-07,35.48
5146,2010-06-08,36.57
5147,2010-06-09,33.7
5148,2010-06-10,33.73
5149,2010-06-11,30.57
5150,2010-06-14,28.79
5151,2010-06-15,28.58
5152,2010-06-16,25.87
5153,2010-06-17,25.92
5154,2010-06-18,25.05
5155,2010-06-21,23.95
5156,2010-06-22,24.88
5157,2010-06-23,27.05
5158,2010-06-24,26.91
5159,2010-06-25,29.74
5160,2010-06-28,28.53
5161,2010-06-29,29.0
5162,2010-06-30,34.13
5163,2010-07-01,34.54
5164,2010-07-02,32.86
5165,2010-07-06,30.12
5166,2010-07-07,29.65
5167,2010-07-08,26.84
5168,2010-07-09,25.71
5169,2010-07-12,24.98
5170,2010-07-13,24.43
5171,2010-07-14,24.56
5172,2010-07-15,24.89
5173,2010-07-16,25.14
5174,2010-07-19,26.25
5175,2010-07-20,25.97
5176,2010-07-21,23.93
5177,2010-07-22,25.64
5178,2010-07-23,24.63
5179,2010-07-26,23.47
5180,2010-07-27,22.73
5181,2010-07-28,23.19
5182,2010-07-29,24.25
5183,2010-07-30,24.13
5184,2010-08-02,23.5
5185,2010-08-03,22.01
5186,2010-08-04,22.63
5187,2010-08-05,22.21
5188,2010-08-06,22.1
5189,2010-08-09,21.74
5190,2010-08-10,22.14
5191,2010-08-11,22.37
5192,2010-08-12,25.39
5193,2010-08-13,25.73
5194,2010-08-16,26.24
5195,2010-08-17,26.1
5196,2010-08-18,24.33
5197,2010-08-19,24.59
5198,2010-08-20,26.44
5199,2010-08-23,25.49
5200,2010-08-24,25.66
5201,2010-08-25,27.46
5202,2010-08-26,26.7
5203,2010-08-27,27.37
5204,2010-08-30,24.45
5205,2010-08-31,27.21
5206,2010-09-01,26.05
5207,2010-09-02,23.89
5208,2010-09-03,23.19
5209,2010-09-07,21.31
5210,2010-09-08,23.8
5211,2010-09-09,23.25
5212,2010-09-10,22.81
5213,2010-09-13,21.99
5214,2010-09-14,21.21
5215,2010-09-15,21.56
5216,2010-09-16,22.1
5217,2010-09-17,21.72
5218,2010-09-20,22.01
5219,2010-09-21,21.5
5220,2010-09-22,22.35
5221,2010-09-23,22.51
5222,2010-09-24,23.87
5223,2010-09-27,21.71
5224,2010-09-28,22.54
5225,2010-09-29,22.6
5226,2010-09-30,23.25
5227,2010-10-01,23.7
5228,2010-10-04,22.5
5229,2010-10-05,23.53
5230,2010-10-06,21.76
5231,2010-10-07,21.49
5232,2010-10-08,21.56
5233,2010-10-11,20.71
5234,2010-10-12,18.96
5235,2010-10-13,18.93
5236,2010-10-14,19.07
5237,2010-10-15,19.88
5238,2010-10-18,19.03
5239,2010-10-19,19.09
5240,2010-10-20,20.63
5241,2010-10-21,19.79
5242,2010-10-22,19.27
5243,2010-10-25,18.78
5244,2010-10-26,19.85
5245,2010-10-27,20.22
5246,2010-10-28,20.71
5247,2010-10-29,20.88
5248,2010-11-01,21.2
5249,2010-11-02,21.83
5250,2010-11-03,21.57
5251,2010-11-04,19.56
5252,2010-11-05,18.52
5253,2010-11-08,18.26
5254,2010-11-09,18.29
5255,2010-11-10,19.08
5256,2010-11-11,18.47
5257,2010-11-12,18.64
5258,2010-11-15,20.61
5259,2010-11-16,20.2
5260,2010-11-17,22.58
5261,2010-11-18,21.76
5262,2010-11-19,18.75
5263,2010-11-22,18.04
5264,2010-11-23,18.37
5265,2010-11-24,20.63
5266,2010-11-26,19.56
5267,2010-11-29,22.22
5268,2010-11-30,21.53
5269,2010-12-01,23.54
5270,2010-12-02,21.36
5271,2010-12-03,19.39
5272,2010-12-06,18.01
5273,2010-12-07,18.02
5274,2010-12-08,17.99
5275,2010-12-09,17.74
5276,2010-12-10,17.25
5277,2010-12-13,17.61
5278,2010-12-14,17.55
5279,2010-12-15,17.61
5280,2010-12-16,17.94
5281,2010-12-17,17.39
5282,2010-12-20,16.11
5283,2010-12-21,16.41
5284,2010-12-22,16.49
5285,2010-12-23,15.45
5286,2010-12-27,16.47
5287,2010-12-28,17.67
5288,2010-12-29,17.52
5289,2010-12-30,17.28
5290,2010-12-31,17.52
5291,2011-01-03,17.75
5292,2011-01-04,17.61
5293,2011-01-05,17.38
5294,2011-01-06,17.02
5295,2011-01-07,17.4
5296,2011-01-10,17.14
5297,2011-01-11,17.54
5298,2011-01-12,16.89
5299,2011-01-13,16.24
5300,2011-01-14,16.39
5301,2011-01-18,15.46
5302,2011-01-19,15.87
5303,2011-01-20,17.31
5304,2011-01-21,17.99
5305,2011-01-24,18.47
5306,2011-01-25,17.65
5307,2011-01-26,17.59
5308,2011-01-27,16.64
5309,2011-01-28,16.15
5310,2011-01-31,20.04
5311,2011-02-01,19.53
5312,2011-02-02,17.63
5313,2011-02-03,17.3
5314,2011-02-04,16.69
5315,2011-02-07,15.93
5316,2011-02-08,16.28
5317,2011-02-09,15.81
5318,2011-02-10,15.87
5319,2011-02-11,16.09
5320,2011-02-14,15.69
5321,2011-02-15,15.95
5322,2011-02-16,16.37
5323,2011-02-17,16.72
5324,2011-02-18,16.59
5325,2011-02-22,16.43
5326,2011-02-23,20.8
5327,2011-02-24,22.13
5328,2011-02-25,21.32
5329,2011-02-28,19.22
5330,2011-03-01,18.35
5331,2011-03-02,21.01
5332,2011-03-03,20.7
5333,2011-03-04,18.6
5334,2011-03-07,19.06
5335,2011-03-08,20.66
5336,2011-03-09,19.82
5337,2011-03-10,20.22
5338,2011-03-11,21.88
5339,2011-03-14,20.08
5340,2011-03-15,21.13
5341,2011-03-16,24.32
5342,2011-03-17,29.4
5343,2011-03-18,26.37
5344,2011-03-21,24.44
5345,2011-03-22,20.61
5346,2011-03-23,20.21
5347,2011-03-24,19.17
5348,2011-03-25,18.0
5349,2011-03-28,17.91
5350,2011-03-29,19.44
5351,2011-03-30,18.16
5352,2011-03-31,17.71
5353,2011-04-01,17.74
5354,2011-04-04,17.4
5355,2011-04-05,17.5
5356,2011-04-06,17.25
5357,2011-04-07,16.9
5358,2011-04-08,17.11
5359,2011-04-11,17.87
5360,2011-04-12,16.59
5361,2011-04-13,17.09
5362,2011-04-14,16.92
5363,2011-04-15,16.27
5364,2011-04-18,15.32
5365,2011-04-19,16.96
5366,2011-04-20,15.83
5367,2011-04-21,15.07
5368,2011-04-25,14.69
5369,2011-04-26,15.77
5370,2011-04-27,15.62
5371,2011-04-28,15.35
5372,2011-04-29,14.62
5373,2011-05-02,14.75
5374,2011-05-03,15.99
5375,2011-05-04,16.7
5376,2011-05-05,17.08
5377,2011-05-06,18.2
5378,2011-05-09,18.4
5379,2011-05-10,17.16
5380,2011-05-11,15.91
5381,2011-05-12,16.95
5382,2011-05-13,16.03
5383,2011-05-16,17.07
5384,2011-05-17,18.24
5385,2011-05-18,17.55
5386,2011-05-19,16.23
5387,2011-05-20,15.52
5388,2011-05-23,17.43
5389,2011-05-24,18.27
5390,2011-05-25,17.82
5391,2011-05-26,17.07
5392,2011-05-27,16.09
5393,2011-05-31,15.98
5394,2011-06-01,15.45
5395,2011-06-02,18.3
5396,2011-06-03,18.09
5397,2011-06-06,17.95
5398,2011-06-07,18.49
5399,2011-06-08,18.07
5400,2011-06-09,18.79
5401,2011-06-10,17.77
5402,2011-06-13,18.86
5403,2011-06-14,19.61
5404,2011-06-15,18.26
5405,2011-06-16,21.32
5406,2011-06-17,22.73
5407,2011-06-20,21.85
5408,2011-06-21,19.99
5409,2011-06-22,18.86
5410,2011-06-23,18.52
5411,2011-06-24,19.29
5412,2011-06-27,21.1
5413,2011-06-28,20.56
5414,2011-06-29,19.17
5415,2011-06-30,17.27
5416,2011-07-01,16.52
5417,2011-07-05,15.87
5418,2011-07-06,16.06
5419,2011-07-07,16.34
5420,2011-07-08,15.95
5421,2011-07-11,15.95
5422,2011-07-12,18.39
5423,2011-07-13,19.87
5424,2011-07-14,19.91
5425,2011-07-15,20.8
5426,2011-07-18,19.53
5427,2011-07-19,20.95
5428,2011-07-20,19.21
5429,2011-07-21,19.09
5430,2011-07-22,17.56
5431,2011-07-25,17.52
5432,2011-07-26,19.35
5433,2011-07-27,20.23
5434,2011-07-28,22.98
5435,2011-07-29,23.74
5436,2011-08-01,25.25
5437,2011-08-02,23.66
5438,2011-08-03,24.79
5439,2011-08-04,23.38
5440,2011-08-05,31.66
5441,2011-08-08,32.0
5442,2011-08-09,48.0
5443,2011-08-10,35.06
5444,2011-08-11,42.99
5445,2011-08-12,39.0
5446,2011-08-15,36.36
5447,2011-08-16,31.87
5448,2011-08-17,32.85
5449,2011-08-18,31.58
5450,2011-08-19,42.67
5451,2011-08-22,43.05
5452,2011-08-23,42.44
5453,2011-08-24,36.27
5454,2011-08-25,35.9
5455,2011-08-26,39.76
5456,2011-08-29,35.59
5457,2011-08-30,32.28
5458,2011-08-31,32.89
5459,2011-09-01,31.62
5460,2011-09-02,31.82
5461,2011-09-06,33.92
5462,2011-09-07,37.0
5463,2011-09-08,33.38
5464,2011-09-09,34.32
5465,2011-09-12,38.52
5466,2011-09-13,38.59
5467,2011-09-14,36.91
5468,2011-09-15,34.6
5469,2011-09-16,31.97
5470,2011-09-19,30.98
5471,2011-09-20,32.73
5472,2011-09-21,32.86
5473,2011-09-22,37.32
5474,2011-09-23,41.35
5475,2011-09-26,41.25
5476,2011-09-27,39.02
5477,2011-09-28,37.71
5478,2011-09-29,41.08
5479,2011-09-30,38.84
5480,2011-10-03,42.96
5481,2011-10-04,45.45
5482,2011-10-05,40.82
5483,2011-10-06,37.81
5484,2011-10-07,36.27
5485,2011-10-10,36.2
5486,2011-10-11,33.02
5487,2011-10-12,32.86
5488,2011-10-13,31.26
5489,2011-10-14,30.7
5490,2011-10-17,28.24
5491,2011-10-18,33.39
5492,2011-10-19,31.56
5493,2011-10-20,34.44
5494,2011-10-21,34.78
5495,2011-10-24,31.32
5496,2011-10-25,29.26
5497,2011-10-26,32.22
5498,2011-10-27,29.86
5499,2011-10-28,25.46
5500,2011-10-31,24.53
5501,2011-11-01,29.96
5502,2011-11-02,34.77
5503,2011-11-03,32.74
5504,2011-11-04,30.5
5505,2011-11-07,30.16
5506,2011-11-08,29.85
5507,2011-11-09,27.48
5508,2011-11-10,36.16
5509,2011-11-11,32.81
5510,2011-11-14,30.04
5511,2011-11-15,31.13
5512,2011-11-16,31.22
5513,2011-11-17,33.51
5514,2011-11-18,34.51
5515,2011-11-21,32.0
5516,2011-11-22,32.91
5517,2011-11-23,31.97
5518,2011-11-25,33.98
5519,2011-11-28,34.47
5520,2011-11-29,32.13
5521,2011-11-30,30.64
5522,2011-12-01,27.8
5523,2011-12-02,27.41
5524,2011-12-05,27.52
5525,2011-12-06,27.84
5526,2011-12-07,28.13
5527,2011-12-08,28.67
5528,2011-12-09,30.59
5529,2011-12-12,26.38
5530,2011-12-13,25.67
5531,2011-12-14,25.41
5532,2011-12-15,26.04
5533,2011-12-16,25.11
5534,2011-12-19,24.29
5535,2011-12-20,24.92
5536,2011-12-21,23.22
5537,2011-12-22,21.43
5538,2011-12-23,21.16
5539,2011-12-27,20.73
5540,2011-12-28,21.91
5541,2011-12-29,23.52
5542,2011-12-30,22.65
5543,2012-01-03,23.4
5544,2012-01-04,22.97
5545,2012-01-05,22.22
5546,2012-01-06,21.48
5547,2012-01-09,20.63
5548,2012-01-10,21.07
5549,2012-01-11,20.69
5550,2012-01-12,21.05
5551,2012-01-13,20.47
5552,2012-01-17,20.91
5553,2012-01-18,22.2
5554,2012-01-19,20.89
5555,2012-01-20,19.87
5556,2012-01-23,18.28
5557,2012-01-24,18.67
5558,2012-01-25,18.91
5559,2012-01-26,18.31
5560,2012-01-27,18.57
5561,2012-01-30,18.53
5562,2012-01-31,19.4
5563,2012-02-01,19.44
5564,2012-02-02,18.55
5565,2012-02-03,17.98
5566,2012-02-06,17.1
5567,2012-02-07,17.76
5568,2012-02-08,17.65
5569,2012-02-09,18.16
5570,2012-02-10,18.63
5571,2012-02-13,20.79
5572,2012-02-14,19.04
5573,2012-02-15,19.54
5574,2012-02-16,21.14
5575,2012-02-17,19.22
5576,2012-02-21,17.78
5577,2012-02-22,18.19
5578,2012-02-23,18.19
5579,2012-02-24,16.8
5580,2012-02-27,17.31
5581,2012-02-28,18.19
5582,2012-02-29,17.96
5583,2012-03-01,18.43
5584,2012-03-02,17.26
5585,2012-03-05,17.29
5586,2012-03-06,18.05
5587,2012-03-07,20.87
5588,2012-03-08,19.07
5589,2012-03-09,17.95
5590,2012-03-12,17.11
5591,2012-03-13,15.64
5592,2012-03-14,14.8
5593,2012-03-15,15.31
5594,2012-03-16,15.42
5595,2012-03-19,14.47
5596,2012-03-20,15.04
5597,2012-03-21,15.58
5598,2012-03-22,15.13
5599,2012-03-23,15.57
5600,2012-03-26,14.82
5601,2012-03-27,14.26
5602,2012-03-28,15.59
5603,2012-03-29,15.47
5604,2012-03-30,15.48
5605,2012-04-02,15.5
5606,2012-04-03,15.64
5607,2012-04-04,15.66
5608,2012-04-05,16.44
5609,2012-04-09,16.7
5610,2012-04-10,18.81
5611,2012-04-11,20.39
5612,2012-04-12,20.02
5613,2012-04-13,17.2
5614,2012-04-16,19.55
5615,2012-04-17,19.55
5616,2012-04-18,18.46
5617,2012-04-19,18.64
5618,2012-04-20,18.36
5619,2012-04-23,17.44
5620,2012-04-24,18.97
5621,2012-04-25,18.1
5622,2012-04-26,16.82
5623,2012-04-27,16.24
5624,2012-04-30,16.32
5625,2012-05-01,17.15
5626,2012-05-02,16.6
5627,2012-05-03,16.88
5628,2012-05-04,17.56
5629,2012-05-07,19.16
5630,2012-05-08,18.94
5631,2012-05-09,19.05
5632,2012-05-10,20.08
5633,2012-05-11,18.83
5634,2012-05-14,19.89
5635,2012-05-15,21.87
5636,2012-05-16,21.97
5637,2012-05-17,22.27
5638,2012-05-18,24.49
5639,2012-05-21,25.1
5640,2012-05-22,22.01
5641,2012-05-23,22.48
5642,2012-05-24,22.33
5643,2012-05-25,21.54
5644,2012-05-29,21.76
5645,2012-05-30,21.03
5646,2012-05-31,24.14
5647,2012-06-01,24.06
5648,2012-06-04,26.66
5649,2012-06-05,26.12
5650,2012-06-06,24.68
5651,2012-06-07,22.16
5652,2012-06-08,21.72
5653,2012-06-11,21.23
5654,2012-06-12,23.56
5655,2012-06-13,22.09
5656,2012-06-14,24.27
5657,2012-06-15,21.68
5658,2012-06-18,21.11
5659,2012-06-19,18.32
5660,2012-06-20,18.38
5661,2012-06-21,17.24
5662,2012-06-22,20.08
5663,2012-06-25,18.11
5664,2012-06-26,20.38
5665,2012-06-27,19.72
5666,2012-06-28,19.45
5667,2012-06-29,19.71
5668,2012-07-02,17.08
5669,2012-07-03,16.8
5670,2012-07-05,16.66
5671,2012-07-06,17.5
5672,2012-07-09,17.1
5673,2012-07-10,17.98
5674,2012-07-11,18.72
5675,2012-07-12,17.95
5676,2012-07-13,18.33
5677,2012-07-16,16.74
5678,2012-07-17,17.11
5679,2012-07-18,16.48
5680,2012-07-19,16.16
5681,2012-07-20,15.45
5682,2012-07-23,16.27
5683,2012-07-24,18.62
5684,2012-07-25,20.47
5685,2012-07-26,19.34
5686,2012-07-27,17.53
5687,2012-07-30,16.7
5688,2012-07-31,18.03
5689,2012-08-01,18.93
5690,2012-08-02,18.96
5691,2012-08-03,17.57
5692,2012-08-06,15.64
5693,2012-08-07,15.95
5694,2012-08-08,15.99
5695,2012-08-09,15.32
5696,2012-08-10,15.28
5697,2012-08-13,14.74
5698,2012-08-14,13.7
5699,2012-08-15,14.85
5700,2012-08-16,14.63
5701,2012-08-17,14.29
5702,2012-08-20,13.45
5703,2012-08-21,14.02
5704,2012-08-22,15.02
5705,2012-08-23,15.11
5706,2012-08-24,15.96
5707,2012-08-27,15.18
5708,2012-08-28,16.35
5709,2012-08-29,16.49
5710,2012-08-30,17.06
5711,2012-08-31,17.83
5712,2012-09-04,17.47
5713,2012-09-05,17.98
5714,2012-09-06,17.74
5715,2012-09-07,15.6
5716,2012-09-10,14.38
5717,2012-09-11,16.28
5718,2012-09-12,16.41
5719,2012-09-13,15.8
5720,2012-09-14,14.05
5721,2012-09-17,14.51
5722,2012-09-18,14.59
5723,2012-09-19,14.18
5724,2012-09-20,13.88
5725,2012-09-21,14.07
5726,2012-09-24,13.98
5727,2012-09-25,14.15
5728,2012-09-26,15.43
5729,2012-09-27,16.81
5730,2012-09-28,14.84
5731,2012-10-01,15.73
5732,2012-10-02,16.32
5733,2012-10-03,15.71
5734,2012-10-04,15.43
5735,2012-10-05,14.55
5736,2012-10-08,14.33
5737,2012-10-09,15.11
5738,2012-10-10,16.37
5739,2012-10-11,16.29
5740,2012-10-12,15.59
5741,2012-10-15,16.14
5742,2012-10-16,15.27
5743,2012-10-17,15.22
5744,2012-10-18,15.07
5745,2012-10-19,15.03
5746,2012-10-22,17.06
5747,2012-10-23,16.62
5748,2012-10-24,18.83
5749,2012-10-25,18.33
5750,2012-10-26,18.12
5751,2012-10-31,17.81
5752,2012-11-01,18.6
5753,2012-11-02,16.69
5754,2012-11-05,17.59
5755,2012-11-06,18.42
5756,2012-11-07,17.58
5757,2012-11-08,19.08
5758,2012-11-09,18.49
5759,2012-11-12,18.61
5760,2012-11-13,16.68
5761,2012-11-14,16.65
5762,2012-11-15,17.92
5763,2012-11-16,17.99
5764,2012-11-19,16.41
5765,2012-11-20,15.24
5766,2012-11-21,15.08
5767,2012-11-23,15.31
5768,2012-11-26,15.14
5769,2012-11-27,15.5
5770,2012-11-28,15.92
5771,2012-11-29,15.51
5772,2012-11-30,15.06
5773,2012-12-03,15.87
5774,2012-12-04,16.64
5775,2012-12-05,17.12
5776,2012-12-06,16.46
5777,2012-12-07,16.58
5778,2012-12-10,15.9
5779,2012-12-11,16.05
5780,2012-12-12,15.57
5781,2012-12-13,15.95
5782,2012-12-14,16.56
5783,2012-12-17,17.0
5784,2012-12-18,16.34
5785,2012-12-19,15.57
5786,2012-12-20,17.36
5787,2012-12-21,17.67
5788,2012-12-24,17.84
5789,2012-12-26,18.59
5790,2012-12-27,19.48
5791,2012-12-28,19.47
5792,2012-12-31,22.72
5793,2013-01-02,18.02
5794,2013-01-03,14.68
5795,2013-01-04,14.56
5796,2013-01-07,13.83
5797,2013-01-08,13.79
5798,2013-01-09,13.62
5799,2013-01-10,13.81
5800,2013-01-11,13.49
5801,2013-01-14,13.36
5802,2013-01-15,13.52
5803,2013-01-16,13.55
5804,2013-01-17,13.42
5805,2013-01-18,13.57
5806,2013-01-22,12.46
5807,2013-01-23,12.43
5808,2013-01-24,12.46
5809,2013-01-25,12.69
5810,2013-01-28,12.89
5811,2013-01-29,13.57
5812,2013-01-30,13.31
5813,2013-01-31,14.32
5814,2013-02-01,14.28
5815,2013-02-04,12.9
5816,2013-02-05,14.67
5817,2013-02-06,13.72
5818,2013-02-07,13.41
5819,2013-02-08,13.5
5820,2013-02-11,13.02
5821,2013-02-12,12.94
5822,2013-02-13,12.64
5823,2013-02-14,12.98
5824,2013-02-15,12.66
5825,2013-02-19,12.46
5826,2013-02-20,12.31
5827,2013-02-21,14.68
5828,2013-02-22,15.22
5829,2013-02-25,14.17
5830,2013-02-26,18.99
5831,2013-02-27,16.87
5832,2013-02-28,14.73
5833,2013-03-01,15.51
5834,2013-03-04,15.36
5835,2013-03-05,14.01
5836,2013-03-06,13.48
5837,2013-03-07,13.53
5838,2013-03-08,13.06
5839,2013-03-11,12.59
5840,2013-03-12,11.56
5841,2013-03-13,12.27
5842,2013-03-14,11.83
5843,2013-03-15,11.3
5844,2013-03-18,11.3
5845,2013-03-19,13.36
5846,2013-03-20,14.39
5847,2013-03-21,12.67
5848,2013-03-22,13.99
5849,2013-03-25,13.57
5850,2013-03-26,13.74
5851,2013-03-27,12.77
5852,2013-03-28,13.15
5853,2013-04-01,12.7
5854,2013-04-02,13.58
5855,2013-04-03,12.78
5856,2013-04-04,14.21
5857,2013-04-05,13.89
5858,2013-04-08,13.92
5859,2013-04-09,13.19
5860,2013-04-10,12.84
5861,2013-04-11,12.36
5862,2013-04-12,12.24
5863,2013-04-15,12.06
5864,2013-04-16,17.27
5865,2013-04-17,13.96
5866,2013-04-18,16.51
5867,2013-04-19,17.56
5868,2013-04-22,14.97
5869,2013-04-23,14.39
5870,2013-04-24,13.48
5871,2013-04-25,13.61
5872,2013-04-26,13.62
5873,2013-04-29,13.61
5874,2013-04-30,13.71
5875,2013-05-01,13.52
5876,2013-05-02,14.49
5877,2013-05-03,13.59
5878,2013-05-06,12.85
5879,2013-05-07,12.66
5880,2013-05-08,12.83
5881,2013-05-09,12.66
5882,2013-05-10,13.13
5883,2013-05-13,12.59
5884,2013-05-14,12.55
5885,2013-05-15,12.77
5886,2013-05-16,12.81
5887,2013-05-17,13.07
5888,2013-05-20,12.45
5889,2013-05-21,13.02
5890,2013-05-22,13.37
5891,2013-05-23,13.82
5892,2013-05-24,14.07
5893,2013-05-28,13.99
5894,2013-05-29,14.48
5895,2013-05-30,14.83
5896,2013-05-31,14.53
5897,2013-06-03,16.3
5898,2013-06-04,16.28
5899,2013-06-05,16.27
5900,2013-06-06,17.5
5901,2013-06-07,16.63
5902,2013-06-10,15.14
5903,2013-06-11,15.44
5904,2013-06-12,17.07
5905,2013-06-13,18.59
5906,2013-06-14,16.41
5907,2013-06-17,17.15
5908,2013-06-18,16.8
5909,2013-06-19,16.61
5910,2013-06-20,16.64
5911,2013-06-21,20.49
5912,2013-06-24,18.9
5913,2013-06-25,20.11
5914,2013-06-26,18.47
5915,2013-06-27,17.21
5916,2013-06-28,16.86
5917,2013-07-01,16.86
5918,2013-07-02,16.37
5919,2013-07-03,16.44
5920,2013-07-05,16.2
5921,2013-07-08,14.89
5922,2013-07-09,14.78
5923,2013-07-10,14.35
5924,2013-07-11,14.21
5925,2013-07-12,14.01
5926,2013-07-15,13.84
5927,2013-07-16,13.79
5928,2013-07-17,14.42
5929,2013-07-18,13.78
5930,2013-07-19,13.77
5931,2013-07-22,12.54
5932,2013-07-23,12.29
5933,2013-07-24,12.66
5934,2013-07-25,13.18
5935,2013-07-26,12.97
5936,2013-07-29,12.72
5937,2013-07-30,13.39
5938,2013-07-31,13.39
5939,2013-08-01,13.45
5940,2013-08-02,12.94
5941,2013-08-05,11.98
5942,2013-08-06,11.84
5943,2013-08-07,12.72
5944,2013-08-08,12.98
5945,2013-08-09,12.73
5946,2013-08-12,13.41
5947,2013-08-13,12.81
5948,2013-08-14,12.31
5949,2013-08-15,13.04
5950,2013-08-16,14.73
5951,2013-08-19,14.37
5952,2013-08-20,15.1
5953,2013-08-21,14.91
5954,2013-08-22,15.94
5955,2013-08-23,14.76
5956,2013-08-26,13.98
5957,2013-08-27,14.99
5958,2013-08-28,16.77
5959,2013-08-29,16.49
5960,2013-08-30,16.81
5961,2013-09-03,17.01
5962,2013-09-04,16.61
5963,2013-09-05,15.88
5964,2013-09-06,15.77
5965,2013-09-09,15.85
5966,2013-09-10,15.63
5967,2013-09-11,14.53
5968,2013-09-12,13.82
5969,2013-09-13,14.29
5970,2013-09-16,14.16
5971,2013-09-17,14.38
5972,2013-09-18,14.53
5973,2013-09-19,13.59
5974,2013-09-20,13.16
5975,2013-09-23,13.12
5976,2013-09-24,14.31
5977,2013-09-25,14.08
5978,2013-09-26,14.01
5979,2013-09-27,14.06
5980,2013-09-30,15.46
5981,2013-10-01,16.6
5982,2013-10-02,15.54
5983,2013-10-03,16.6
5984,2013-10-04,17.67
5985,2013-10-07,16.74
5986,2013-10-08,19.41
5987,2013-10-09,20.34
5988,2013-10-10,19.6
5989,2013-10-11,16.48
5990,2013-10-14,15.72
5991,2013-10-15,16.07
5992,2013-10-16,18.66
5993,2013-10-17,14.71
5994,2013-10-18,13.48
5995,2013-10-21,13.04
5996,2013-10-22,13.16
5997,2013-10-23,13.33
5998,2013-10-24,13.42
5999,2013-10-25,13.2
6000,2013-10-28,13.09
6001,2013-10-29,13.31
6002,2013-10-30,13.41
6003,2013-10-31,13.65
6004,2013-11-01,13.75
6005,2013-11-04,13.28
6006,2013-11-05,12.93
6007,2013-11-06,13.27
6008,2013-11-07,12.67
6009,2013-11-08,13.91
6010,2013-11-11,12.9
6011,2013-11-12,12.53
6012,2013-11-13,12.82
6013,2013-11-14,12.52
6014,2013-11-15,12.37
6015,2013-11-18,12.19
6016,2013-11-19,13.1
6017,2013-11-20,13.39
6018,2013-11-21,13.4
6019,2013-11-22,12.66
6020,2013-11-25,12.26
6021,2013-11-26,12.79
6022,2013-11-27,12.81
6023,2013-11-29,12.98
6024,2013-12-02,13.7
6025,2013-12-03,14.23
6026,2013-12-04,14.55
6027,2013-12-05,14.7
6028,2013-12-06,15.08
6029,2013-12-09,13.79
6030,2013-12-10,13.49
6031,2013-12-11,13.91
6032,2013-12-12,15.42
6033,2013-12-13,15.54
6034,2013-12-16,15.76
6035,2013-12-17,16.03
6036,2013-12-18,16.21
6037,2013-12-19,13.8
6038,2013-12-20,14.15
6039,2013-12-23,13.79
6040,2013-12-24,13.04
6041,2013-12-26,12.48
6042,2013-12-27,12.33
6043,2013-12-30,12.46
6044,2013-12-31,13.56
6045,2014-01-02,13.72
6046,2014-01-03,14.23
6047,2014-01-06,13.76
6048,2014-01-07,13.55
6049,2014-01-08,12.92
6050,2014-01-09,12.87
6051,2014-01-10,12.89
6052,2014-01-13,12.14
6053,2014-01-14,13.28
6054,2014-01-15,12.28
6055,2014-01-16,12.28
6056,2014-01-17,12.53
6057,2014-01-21,12.44
6058,2014-01-22,12.87
6059,2014-01-23,12.84
6060,2014-01-24,13.77
6061,2014-01-27,18.14
6062,2014-01-28,17.42
6063,2014-01-29,15.8
6064,2014-01-30,17.35
6065,2014-01-31,17.29
6066,2014-02-03,18.41
6067,2014-02-04,21.44
6068,2014-02-05,19.11
6069,2014-02-06,19.95
6070,2014-02-07,17.23
6071,2014-02-10,15.29
6072,2014-02-11,15.26
6073,2014-02-12,14.51
6074,2014-02-13,14.3
6075,2014-02-14,14.14
6076,2014-02-18,13.57
6077,2014-02-19,13.87
6078,2014-02-20,15.5
6079,2014-02-21,14.79
6080,2014-02-24,14.68
6081,2014-02-25,14.23
6082,2014-02-26,13.67
6083,2014-02-27,14.35
6084,2014-02-28,14.04
6085,2014-03-03,14.0
6086,2014-03-04,16.0
6087,2014-03-05,14.1
6088,2014-03-06,13.89
6089,2014-03-07,14.21
6090,2014-03-10,14.11
6091,2014-03-11,14.2
6092,2014-03-12,14.8
6093,2014-03-13,14.47
6094,2014-03-14,16.22
6095,2014-03-17,17.82
6096,2014-03-18,15.64
6097,2014-03-19,14.52
6098,2014-03-20,15.12
6099,2014-03-21,14.52
6100,2014-03-24,15.0
6101,2014-03-25,15.09
6102,2014-03-26,14.02
6103,2014-03-27,14.93
6104,2014-03-28,14.62
6105,2014-03-31,14.41
6106,2014-04-01,13.88
6107,2014-04-02,13.1
6108,2014-04-03,13.09
6109,2014-04-04,13.37
6110,2014-04-07,13.96
6111,2014-04-08,15.57
6112,2014-04-09,14.89
6113,2014-04-10,13.82
6114,2014-04-11,15.89
6115,2014-04-14,17.03
6116,2014-04-15,16.11
6117,2014-04-16,15.61
6118,2014-04-17,14.18
6119,2014-04-21,13.36
6120,2014-04-22,13.25
6121,2014-04-23,13.19
6122,2014-04-24,13.27
6123,2014-04-25,13.32
6124,2014-04-28,14.06
6125,2014-04-29,13.97
6126,2014-04-30,13.71
6127,2014-05-01,13.41
6128,2014-05-02,13.25
6129,2014-05-05,12.91
6130,2014-05-06,13.29
6131,2014-05-07,13.8
6132,2014-05-08,13.4
6133,2014-05-09,13.43
6134,2014-05-12,12.92
6135,2014-05-13,12.23
6136,2014-05-14,12.13
6137,2014-05-15,12.17
6138,2014-05-16,13.17
6139,2014-05-19,12.44
6140,2014-05-20,12.42
6141,2014-05-21,12.96
6142,2014-05-22,11.91
6143,2014-05-23,12.03
6144,2014-05-27,11.36
6145,2014-05-28,11.51
6146,2014-05-29,11.68
6147,2014-05-30,11.57
6148,2014-06-02,11.4
6149,2014-06-03,11.58
6150,2014-06-04,11.87
6151,2014-06-05,12.08
6152,2014-06-06,11.68
6153,2014-06-09,10.73
6154,2014-06-10,11.15
6155,2014-06-11,10.99
6156,2014-06-12,11.6
6157,2014-06-13,12.56
6158,2014-06-16,12.18
6159,2014-06-17,12.65
6160,2014-06-18,12.06
6161,2014-06-19,10.61
6162,2014-06-20,10.62
6163,2014-06-23,10.85
6164,2014-06-24,10.98
6165,2014-06-25,12.13
6166,2014-06-26,11.59
6167,2014-06-27,11.63
6168,2014-06-30,11.26
6169,2014-07-01,11.57
6170,2014-07-02,11.15
6171,2014-07-03,10.82
6172,2014-07-07,10.32
6173,2014-07-08,11.33
6174,2014-07-09,11.98
6175,2014-07-10,11.65
6176,2014-07-11,12.59
6177,2014-07-14,12.08
6178,2014-07-15,11.82
6179,2014-07-16,11.96
6180,2014-07-17,11.0
6181,2014-07-18,14.54
6182,2014-07-21,12.06
6183,2014-07-22,12.81
6184,2014-07-23,12.24
6185,2014-07-24,11.52
6186,2014-07-25,11.84
6187,2014-07-28,12.69
6188,2014-07-29,12.56
6189,2014-07-30,13.28
6190,2014-07-31,13.33
6191,2014-08-01,16.95
6192,2014-08-04,17.03
6193,2014-08-05,15.12
6194,2014-08-06,16.87
6195,2014-08-07,16.37
6196,2014-08-08,16.66
6197,2014-08-11,15.77
6198,2014-08-12,14.23
6199,2014-08-13,14.13
6200,2014-08-14,12.9
6201,2014-08-15,12.42
6202,2014-08-18,13.15
6203,2014-08-19,12.32
6204,2014-08-20,12.21
6205,2014-08-21,11.78
6206,2014-08-22,11.76
6207,2014-08-25,11.47
6208,2014-08-26,11.7
6209,2014-08-27,11.63
6210,2014-08-28,11.78
6211,2014-08-29,12.05
6212,2014-09-02,11.98
6213,2014-09-03,12.25
6214,2014-09-04,12.36
6215,2014-09-05,12.64
6216,2014-09-08,12.09
6217,2014-09-09,12.66
6218,2014-09-10,13.5
6219,2014-09-11,12.88
6220,2014-09-12,12.8
6221,2014-09-15,13.31
6222,2014-09-16,14.12
6223,2014-09-17,12.73
6224,2014-09-18,12.65
6225,2014-09-19,12.03
6226,2014-09-22,12.11
6227,2014-09-23,13.69
6228,2014-09-24,14.93
6229,2014-09-25,13.27
6230,2014-09-26,15.64
6231,2014-09-29,14.85
6232,2014-09-30,15.98
6233,2014-10-01,16.31
6234,2014-10-02,16.71
6235,2014-10-03,16.16
6236,2014-10-06,14.55
6237,2014-10-07,15.46
6238,2014-10-08,17.2
6239,2014-10-09,15.11
6240,2014-10-10,18.76
6241,2014-10-13,21.24
6242,2014-10-14,24.64
6243,2014-10-15,22.79
6244,2014-10-16,26.25
6245,2014-10-17,25.2
6246,2014-10-20,21.99
6247,2014-10-21,18.57
6248,2014-10-22,16.08
6249,2014-10-23,17.87
6250,2014-10-24,16.53
6251,2014-10-27,16.11
6252,2014-10-28,16.04
6253,2014-10-29,14.39
6254,2014-10-30,15.15
6255,2014-10-31,14.52
6256,2014-11-03,14.03
6257,2014-11-04,14.73
6258,2014-11-05,14.89
6259,2014-11-06,14.17
6260,2014-11-07,13.67
6261,2014-11-10,13.12
6262,2014-11-11,12.67
6263,2014-11-12,12.92
6264,2014-11-13,13.02
6265,2014-11-14,13.79
6266,2014-11-17,13.31
6267,2014-11-18,13.99
6268,2014-11-19,13.86
6269,2014-11-20,13.96
6270,2014-11-21,13.58
6271,2014-11-24,12.9
6272,2014-11-25,12.62
6273,2014-11-26,12.25
6274,2014-11-28,12.07
6275,2014-12-01,13.33
6276,2014-12-02,14.29
6277,2014-12-03,12.85
6278,2014-12-04,12.47
6279,2014-12-05,12.38
6280,2014-12-08,11.82
6281,2014-12-09,14.21
6282,2014-12-10,14.89
6283,2014-12-11,18.53
6284,2014-12-12,20.08
6285,2014-12-15,21.08
6286,2014-12-16,20.42
6287,2014-12-17,23.57
6288,2014-12-18,19.44
6289,2014-12-19,16.81
6290,2014-12-22,16.49
6291,2014-12-23,15.25
6292,2014-12-24,14.8
6293,2014-12-26,14.37
6294,2014-12-29,14.5
6295,2014-12-30,15.06
6296,2014-12-31,15.92
6297,2015-01-02,19.2
6298,2015-01-05,17.79
6299,2015-01-06,19.92
6300,2015-01-07,21.12
6301,2015-01-08,19.31
6302,2015-01-09,17.01
6303,2015-01-12,17.55
6304,2015-01-13,19.6
6305,2015-01-14,20.56
6306,2015-01-15,21.48
6307,2015-01-16,22.39
6308,2015-01-20,20.95
6309,2015-01-21,19.89
6310,2015-01-22,18.85
6311,2015-01-23,16.4
6312,2015-01-26,16.66
6313,2015-01-27,15.52
6314,2015-01-28,17.22
6315,2015-01-29,20.44
6316,2015-01-30,18.76
6317,2015-02-02,20.97
6318,2015-02-03,19.43
6319,2015-02-04,17.33
6320,2015-02-05,18.33
6321,2015-02-06,16.85
6322,2015-02-09,17.29
6323,2015-02-10,18.55
6324,2015-02-11,17.23
6325,2015-02-12,16.96
6326,2015-02-13,15.34
6327,2015-02-17,14.69
6328,2015-02-18,15.8
6329,2015-02-19,15.45
6330,2015-02-20,15.29
6331,2015-02-23,14.3
6332,2015-02-24,14.56
6333,2015-02-25,13.69
6334,2015-02-26,13.84
6335,2015-02-27,13.91
6336,2015-03-02,13.34
6337,2015-03-03,13.04
6338,2015-03-04,13.86
6339,2015-03-05,14.23
6340,2015-03-06,14.04
6341,2015-03-09,15.2
6342,2015-03-10,15.06
6343,2015-03-11,16.69
6344,2015-03-12,16.87
6345,2015-03-13,15.42
6346,2015-03-16,16.0
6347,2015-03-17,15.61
6348,2015-03-18,15.66
6349,2015-03-19,13.97
6350,2015-03-20,14.07
6351,2015-03-23,13.02
6352,2015-03-24,13.41
6353,2015-03-25,13.62
6354,2015-03-26,15.44
6355,2015-03-27,15.8
6356,2015-03-30,15.07
6357,2015-03-31,14.51
6358,2015-04-01,15.29
6359,2015-04-02,15.11
6360,2015-04-06,14.67
6361,2015-04-07,14.74
6362,2015-04-08,14.78
6363,2015-04-09,13.98
6364,2015-04-10,13.09
6365,2015-04-13,12.58
6366,2015-04-14,13.94
6367,2015-04-15,13.67
6368,2015-04-16,12.84
6369,2015-04-17,12.6
6370,2015-04-20,13.89
6371,2015-04-21,13.3
6372,2015-04-22,13.25
6373,2015-04-23,12.71
6374,2015-04-24,12.48
6375,2015-04-27,12.29
6376,2015-04-28,13.12
6377,2015-04-29,12.41
6378,2015-04-30,13.39
6379,2015-05-01,14.55
6380,2015-05-04,12.7
6381,2015-05-05,12.85
6382,2015-05-06,14.31
6383,2015-05-07,15.15
6384,2015-05-08,15.13
6385,2015-05-11,12.86
6386,2015-05-12,13.85
6387,2015-05-13,13.86
6388,2015-05-14,13.76
6389,2015-05-15,12.74
6390,2015-05-18,12.38
6391,2015-05-19,12.73
6392,2015-05-20,12.85
6393,2015-05-21,12.88
6394,2015-05-22,12.11
6395,2015-05-26,12.13
6396,2015-05-27,14.06
6397,2015-05-28,13.27
6398,2015-05-29,13.31
6399,2015-06-01,13.84
6400,2015-06-02,13.97
6401,2015-06-03,14.24
6402,2015-06-04,13.66
6403,2015-06-05,14.71
6404,2015-06-08,14.21
6405,2015-06-09,15.29
6406,2015-06-10,14.47
6407,2015-06-11,13.22
6408,2015-06-12,12.85
6409,2015-06-15,13.78
6410,2015-06-16,15.39
6411,2015-06-17,14.81
6412,2015-06-18,14.5
6413,2015-06-19,13.19
6414,2015-06-22,13.96
6415,2015-06-23,12.74
6416,2015-06-24,12.11
6417,2015-06-25,13.26
6418,2015-06-26,14.01
6419,2015-06-29,14.02
6420,2015-06-30,18.85
6421,2015-07-01,18.23
6422,2015-07-02,16.09
6423,2015-07-06,16.79
6424,2015-07-07,17.01
6425,2015-07-08,16.09
6426,2015-07-09,19.66
6427,2015-07-10,19.97
6428,2015-07-13,16.83
6429,2015-07-14,13.9
6430,2015-07-15,13.37
6431,2015-07-16,13.23
6432,2015-07-17,12.11
6433,2015-07-20,11.95
6434,2015-07-21,12.25
6435,2015-07-22,12.22
6436,2015-07-23,12.12
6437,2015-07-24,12.64
6438,2015-07-27,13.74
6439,2015-07-28,15.6
6440,2015-07-29,13.44
6441,2015-07-30,12.5
6442,2015-07-31,12.13
6443,2015-08-03,12.12
6444,2015-08-04,12.56
6445,2015-08-05,13.0
6446,2015-08-06,12.51
6447,2015-08-07,13.77
6448,2015-08-10,13.39
6449,2015-08-11,12.23
6450,2015-08-12,13.71
6451,2015-08-13,13.61
6452,2015-08-14,13.49
6453,2015-08-17,12.83
6454,2015-08-18,13.02
6455,2015-08-19,13.79
6456,2015-08-20,15.25
6457,2015-08-21,19.14
6458,2015-08-24,28.03
6459,2015-08-25,40.74
6460,2015-08-26,36.02
6461,2015-08-27,30.32
6462,2015-08-28,26.1
6463,2015-08-31,26.05
6464,2015-09-01,28.43
6465,2015-09-02,31.4
6466,2015-09-03,26.09
6467,2015-09-04,25.61
6468,2015-09-08,27.8
6469,2015-09-09,24.9
6470,2015-09-10,26.23
6471,2015-09-11,24.37
6472,2015-09-14,23.2
6473,2015-09-15,24.25
6474,2015-09-16,22.54
6475,2015-09-17,21.35
6476,2015-09-18,21.14
6477,2015-09-21,22.28
6478,2015-09-22,20.14
6479,2015-09-23,22.44
6480,2015-09-24,22.13
6481,2015-09-25,23.47
6482,2015-09-28,23.62
6483,2015-09-29,27.63
6484,2015-09-30,26.83
6485,2015-10-01,24.5
6486,2015-10-02,22.55
6487,2015-10-05,20.94
6488,2015-10-06,19.54
6489,2015-10-07,19.4
6490,2015-10-08,18.4
6491,2015-10-09,17.42
6492,2015-10-12,17.08
6493,2015-10-13,16.17
6494,2015-10-14,17.67
6495,2015-10-15,18.03
6496,2015-10-16,16.05
6497,2015-10-19,15.05
6498,2015-10-20,14.98
6499,2015-10-21,15.75
6500,2015-10-22,16.7
6501,2015-10-23,14.45
6502,2015-10-26,14.46
6503,2015-10-27,15.29
6504,2015-10-28,15.43
6505,2015-10-29,14.33
6506,2015-10-30,14.61
6507,2015-11-02,15.07
6508,2015-11-03,14.15
6509,2015-11-04,14.54
6510,2015-11-05,15.51
6511,2015-11-06,15.05
6512,2015-11-09,14.33
6513,2015-11-10,16.52
6514,2015-11-11,15.29
6515,2015-11-12,16.06
6516,2015-11-13,18.37
6517,2015-11-16,20.08
6518,2015-11-17,18.16
6519,2015-11-18,18.84
6520,2015-11-19,16.85
6521,2015-11-20,16.99
6522,2015-11-23,15.47
6523,2015-11-24,15.62
6524,2015-11-25,15.93
6525,2015-11-27,15.19
6526,2015-11-30,15.12
6527,2015-12-01,16.13
6528,2015-12-02,14.67
6529,2015-12-03,15.91
6530,2015-12-04,18.11
6531,2015-12-07,14.81
6532,2015-12-08,15.84
6533,2015-12-09,17.6
6534,2015-12-10,19.61
6535,2015-12-11,19.34
6536,2015-12-14,24.39
6537,2015-12-15,22.73
6538,2015-12-16,20.95
6539,2015-12-17,17.86
6540,2015-12-18,18.94
6541,2015-12-21,20.7
6542,2015-12-22,18.7
6543,2015-12-23,16.6
6544,2015-12-24,15.57
6545,2015-12-28,15.74
6546,2015-12-29,16.91
6547,2015-12-30,16.08
6548,2015-12-31,17.29
6549,2016-01-04,18.21
6550,2016-01-05,20.7
6551,2016-01-06,19.34
6552,2016-01-07,20.59
6553,2016-01-08,24.99
6554,2016-01-11,27.01
6555,2016-01-12,24.3
6556,2016-01-13,22.47
6557,2016-01-14,25.22
6558,2016-01-15,23.95
6559,2016-01-19,27.02
6560,2016-01-20,26.05
6561,2016-01-21,27.59
6562,2016-01-22,26.69
6563,2016-01-25,22.34
6564,2016-01-26,24.15
6565,2016-01-27,22.5
6566,2016-01-28,23.11
6567,2016-01-29,22.42
6568,2016-02-01,20.2
6569,2016-02-02,19.98
6570,2016-02-03,21.98
6571,2016-02-04,21.65
6572,2016-02-05,21.84
6573,2016-02-08,23.38
6574,2016-02-09,26.0
6575,2016-02-10,26.54
6576,2016-02-11,26.29
6577,2016-02-12,28.14
6578,2016-02-16,25.4
6579,2016-02-17,24.11
6580,2016-02-18,22.31
6581,2016-02-19,21.64
6582,2016-02-22,20.53
6583,2016-02-23,19.38
6584,2016-02-24,20.98
6585,2016-02-25,20.72
6586,2016-02-26,19.11
6587,2016-02-29,19.81
6588,2016-03-01,20.55
6589,2016-03-02,17.7
6590,2016-03-03,17.09
6591,2016-03-04,16.7
6592,2016-03-07,16.86
6593,2016-03-08,17.35
6594,2016-03-09,18.67
6595,2016-03-10,18.34
6596,2016-03-11,18.05
6597,2016-03-14,16.5
6598,2016-03-15,16.92
6599,2016-03-16,16.84
6600,2016-03-17,14.99
6601,2016-03-18,14.44
6602,2016-03-21,14.02
6603,2016-03-22,13.79
6604,2016-03-23,14.17
6605,2016-03-24,14.94
6606,2016-03-28,14.74
6607,2016-03-29,15.24
6608,2016-03-30,13.82
6609,2016-03-31,13.56
6610,2016-04-01,13.95
6611,2016-04-04,13.1
6612,2016-04-05,14.12
6613,2016-04-06,15.42
6614,2016-04-07,14.09
6615,2016-04-08,16.16
6616,2016-04-11,15.36
6617,2016-04-12,16.26
6618,2016-04-13,14.85
6619,2016-04-14,13.84
6620,2016-04-15,13.72
6621,2016-04-18,13.62
6622,2016-04-19,13.35
6623,2016-04-20,13.24
6624,2016-04-21,13.28
6625,2016-04-22,13.95
6626,2016-04-25,13.22
6627,2016-04-26,14.08
6628,2016-04-27,13.96
6629,2016-04-28,13.77
6630,2016-04-29,15.22
6631,2016-05-02,15.7
6632,2016-05-03,14.68
6633,2016-05-04,15.6
6634,2016-05-05,16.05
6635,2016-05-06,15.91
6636,2016-05-09,14.72
6637,2016-05-10,14.57
6638,2016-05-11,13.63
6639,2016-05-12,14.69
6640,2016-05-13,14.41
6641,2016-05-16,15.04
6642,2016-05-17,14.68
6643,2016-05-18,15.57
6644,2016-05-19,15.95
6645,2016-05-20,16.33
6646,2016-05-23,15.2
6647,2016-05-24,15.82
6648,2016-05-25,14.42
6649,2016-05-26,13.9
6650,2016-05-27,13.43
6651,2016-05-31,13.12
6652,2016-06-01,14.19
6653,2016-06-02,14.2
6654,2016-06-03,13.63
6655,2016-06-06,13.47
6656,2016-06-07,13.65
6657,2016-06-08,14.05
6658,2016-06-09,14.08
6659,2016-06-10,14.64
6660,2016-06-13,17.03
6661,2016-06-14,20.97
6662,2016-06-15,20.5
6663,2016-06-16,20.14
6664,2016-06-17,19.37
6665,2016-06-20,19.41
6666,2016-06-21,18.37
6667,2016-06-22,18.48
6668,2016-06-23,21.17
6669,2016-06-24,17.25
6670,2016-06-27,25.76
6671,2016-06-28,23.85
6672,2016-06-29,18.75
6673,2016-06-30,16.64
6674,2016-07-01,15.63
6675,2016-07-05,14.77
6676,2016-07-06,15.58
6677,2016-07-07,14.96
6678,2016-07-08,14.76
6679,2016-07-11,13.2
6680,2016-07-12,13.54
6681,2016-07-13,13.55
6682,2016-07-14,13.04
6683,2016-07-15,12.82
6684,2016-07-18,12.67
6685,2016-07-19,12.44
6686,2016-07-20,11.97
6687,2016-07-21,11.77
6688,2016-07-22,12.74
6689,2016-07-25,12.02
6690,2016-07-26,12.87
6691,2016-07-27,13.05
6692,2016-07-28,12.83
6693,2016-07-29,12.72
6694,2016-08-01,11.87
6695,2016-08-02,12.44
6696,2016-08-03,13.37
6697,2016-08-04,12.86
6698,2016-08-05,12.42
6699,2016-08-08,11.39
6700,2016-08-09,11.5
6701,2016-08-10,11.66
6702,2016-08-11,12.05
6703,2016-08-12,11.68
6704,2016-08-15,11.55
6705,2016-08-16,11.81
6706,2016-08-17,12.64
6707,2016-08-18,12.19
6708,2016-08-19,11.43
6709,2016-08-22,11.34
6710,2016-08-23,12.27
6711,2016-08-24,12.38
6712,2016-08-25,13.45
6713,2016-08-26,13.63
6714,2016-08-29,13.65
6715,2016-08-30,12.94
6716,2016-08-31,13.12
6717,2016-09-01,13.42
6718,2016-09-02,13.48
6719,2016-09-06,11.98
6720,2016-09-07,12.02
6721,2016-09-08,11.94
6722,2016-09-09,12.51
6723,2016-09-12,17.5
6724,2016-09-13,15.16
6725,2016-09-14,17.85
6726,2016-09-15,18.14
6727,2016-09-16,16.3
6728,2016-09-19,15.37
6729,2016-09-20,15.53
6730,2016-09-21,15.92
6731,2016-09-22,13.3
6732,2016-09-23,12.02
6733,2016-09-26,12.29
6734,2016-09-27,14.5
6735,2016-09-28,13.1
6736,2016-09-29,12.39
6737,2016-09-30,14.02
6738,2016-10-03,13.29
6739,2016-10-04,13.57
6740,2016-10-05,13.63
6741,2016-10-06,12.99
6742,2016-10-07,12.84
6743,2016-10-10,13.48
6744,2016-10-11,13.38
6745,2016-10-12,15.36
6746,2016-10-13,15.91
6747,2016-10-14,16.69
6748,2016-10-17,16.12
6749,2016-10-18,16.21
6750,2016-10-19,15.28
6751,2016-10-20,14.41
6752,2016-10-21,13.75
6753,2016-10-24,13.34
6754,2016-10-25,13.02
6755,2016-10-26,13.46
6756,2016-10-27,14.24
6757,2016-10-28,15.36
6758,2016-10-31,16.19
6759,2016-11-01,17.06
6760,2016-11-02,18.56
6761,2016-11-03,19.32
6762,2016-11-04,22.08
6763,2016-11-07,22.51
6764,2016-11-08,18.71
6765,2016-11-09,18.74
6766,2016-11-10,14.38
6767,2016-11-11,14.74
6768,2016-11-14,14.17
6769,2016-11-15,14.48
6770,2016-11-16,13.37
6771,2016-11-17,13.72
6772,2016-11-18,13.35
6773,2016-11-21,12.85
6774,2016-11-22,12.42
6775,2016-11-23,12.41
6776,2016-11-25,12.43
6777,2016-11-28,12.34
6778,2016-11-29,13.15
6779,2016-11-30,12.9
6780,2016-12-01,13.33
6781,2016-12-02,14.07
6782,2016-12-05,14.12
6783,2016-12-06,12.14
6784,2016-12-07,11.79
6785,2016-12-08,12.22
6786,2016-12-09,12.64
6787,2016-12-12,11.75
6788,2016-12-13,12.64
6789,2016-12-14,12.72
6790,2016-12-15,13.19
6791,2016-12-16,12.79
6792,2016-12-19,12.2
6793,2016-12-20,11.71
6794,2016-12-21,11.45
6795,2016-12-22,11.27
6796,2016-12-23,11.43
6797,2016-12-27,11.44
6798,2016-12-28,11.99
6799,2016-12-29,12.95
6800,2016-12-30,13.37
6801,2017-01-03,14.04
6802,2017-01-04,12.85
6803,2017-01-05,11.85
6804,2017-01-06,11.67
6805,2017-01-09,11.32
6806,2017-01-10,11.56
6807,2017-01-11,11.49
6808,2017-01-12,11.26
6809,2017-01-13,11.54
6810,2017-01-17,11.23
6811,2017-01-18,11.87
6812,2017-01-19,12.48
6813,2017-01-20,12.78
6814,2017-01-23,11.54
6815,2017-01-24,11.77
6816,2017-01-25,11.07
6817,2017-01-26,10.81
6818,2017-01-27,10.63
6819,2017-01-30,10.58
6820,2017-01-31,11.88
6821,2017-02-01,11.99
6822,2017-02-02,11.81
6823,2017-02-03,11.93
6824,2017-02-06,10.97
6825,2017-02-07,11.37
6826,2017-02-08,11.29
6827,2017-02-09,11.45
6828,2017-02-10,10.88
6829,2017-02-13,10.85
6830,2017-02-14,11.07
6831,2017-02-15,10.74
6832,2017-02-16,11.97
6833,2017-02-17,11.76
6834,2017-02-21,11.49
6835,2017-02-22,11.57
6836,2017-02-23,11.74
6837,2017-02-24,11.71
6838,2017-02-27,11.47
6839,2017-02-28,12.09
6840,2017-03-01,12.92
6841,2017-03-02,12.54
6842,2017-03-03,11.81
6843,2017-03-06,10.96
6844,2017-03-07,11.24
6845,2017-03-08,11.45
6846,2017-03-09,11.86
6847,2017-03-10,12.3
6848,2017-03-13,11.66
6849,2017-03-14,11.35
6850,2017-03-15,12.3
6851,2017-03-16,11.63
6852,2017-03-17,11.21
6853,2017-03-20,11.28
6854,2017-03-21,11.34
6855,2017-03-22,12.47
6856,2017-03-23,12.81
6857,2017-03-24,13.12
6858,2017-03-27,12.96
6859,2017-03-28,12.5
6860,2017-03-29,11.53
6861,2017-03-30,11.42
6862,2017-03-31,11.54
6863,2017-04-03,12.37
6864,2017-04-04,12.38
6865,2017-04-05,11.79
6866,2017-04-06,12.89
6867,2017-04-07,12.39
6868,2017-04-10,12.87
6869,2017-04-11,14.05
6870,2017-04-12,15.07
6871,2017-04-13,15.77
6872,2017-04-17,15.96
6873,2017-04-18,14.66
6874,2017-04-19,14.42
6875,2017-04-20,14.93
6876,2017-04-21,14.15
6877,2017-04-24,14.63
6878,2017-04-25,10.84
6879,2017-04-26,10.76
6880,2017-04-27,10.85
6881,2017-04-28,10.36
6882,2017-05-01,10.82
6883,2017-05-02,10.11
6884,2017-05-03,10.59
6885,2017-05-04,10.68
6886,2017-05-05,10.46
6887,2017-05-08,10.57
6888,2017-05-09,9.77
6889,2017-05-10,9.96
6890,2017-05-11,10.21
6891,2017-05-12,10.6
6892,2017-05-15,10.4
6893,2017-05-16,10.42
6894,2017-05-17,10.65
6895,2017-05-18,15.59
6896,2017-05-19,14.66
6897,2017-05-22,12.04
6898,2017-05-23,10.93
6899,2017-05-24,10.72
6900,2017-05-25,10.02
6901,2017-05-26,9.99
6902,2017-05-30,9.81
6903,2017-05-31,10.38
6904,2017-06-01,10.41
6905,2017-06-02,9.89
6906,2017-06-05,9.75
6907,2017-06-06,10.07
6908,2017-06-07,10.45
6909,2017-06-08,10.39
6910,2017-06-09,10.16
6911,2017-06-12,10.7
6912,2017-06-13,11.46
6913,2017-06-14,10.42
6914,2017-06-15,10.64
6915,2017-06-16,10.9
6916,2017-06-19,10.38
6917,2017-06-20,10.37
6918,2017-06-21,10.86
6919,2017-06-22,10.75
6920,2017-06-23,10.48
6921,2017-06-26,10.02
6922,2017-06-27,9.9
6923,2017-06-28,11.06
6924,2017-06-29,10.03
6925,2017-06-30,11.44
6926,2017-07-03,11.18
6927,2017-07-05,11.22
6928,2017-07-06,11.07
6929,2017-07-07,12.54
6930,2017-07-10,11.19
6931,2017-07-11,11.11
6932,2017-07-12,10.89
6933,2017-07-13,10.3
6934,2017-07-14,9.9
6935,2017-07-17,9.51
6936,2017-07-18,9.82
6937,2017-07-19,9.89
6938,2017-07-20,9.79
6939,2017-07-21,9.58
6940,2017-07-24,9.36
6941,2017-07-25,9.43
6942,2017-07-26,9.43
6943,2017-07-27,9.6
6944,2017-07-28,10.11
6945,2017-07-31,10.29
6946,2017-08-01,10.26
6947,2017-08-02,10.09
6948,2017-08-03,10.28
6949,2017-08-04,10.44
6950,2017-08-07,10.03
6951,2017-08-08,9.93
6952,2017-08-09,10.96
6953,2017-08-10,11.11
6954,2017-08-11,16.04
6955,2017-08-14,15.51
6956,2017-08-15,12.33
6957,2017-08-16,12.04
6958,2017-08-17,11.74
6959,2017-08-18,15.55
6960,2017-08-21,14.26
6961,2017-08-22,13.19
6962,2017-08-23,11.35
6963,2017-08-24,12.25
6964,2017-08-25,12.23
6965,2017-08-28,11.28
6966,2017-08-29,11.32
6967,2017-08-30,11.7
6968,2017-08-31,11.22
6969,2017-09-01,10.59
6970,2017-09-05,10.13
6971,2017-09-06,12.23
6972,2017-09-07,11.63
6973,2017-09-08,11.55
6974,2017-09-11,12.12
6975,2017-09-12,10.73
6976,2017-09-13,10.58
6977,2017-09-14,10.5
6978,2017-09-15,10.44
6979,2017-09-18,10.17
6980,2017-09-19,10.15
6981,2017-09-20,10.18
6982,2017-09-21,9.78
6983,2017-09-22,9.67
6984,2017-09-25,9.59
6985,2017-09-26,10.21
6986,2017-09-27,10.17
6987,2017-09-28,9.87
6988,2017-09-29,9.55
6989,2017-10-02,9.51
6990,2017-10-03,9.45
6991,2017-10-04,9.51
6992,2017-10-05,9.63
6993,2017-10-06,9.19
6994,2017-10-09,9.65
6995,2017-10-10,10.33
6996,2017-10-11,10.08
6997,2017-10-12,9.85
6998,2017-10-13,9.91
6999,2017-10-16,9.61
7000,2017-10-17,9.91
7001,2017-10-18,10.31
7002,2017-10-19,10.07
7003,2017-10-20,10.05
7004,2017-10-23,9.97
7005,2017-10-24,11.07
7006,2017-10-25,11.16
7007,2017-10-26,11.23
7008,2017-10-27,11.3
7009,2017-10-30,9.8
7010,2017-10-31,10.5
7011,2017-11-01,10.18
7012,2017-11-02,10.2
7013,2017-11-03,9.93
7014,2017-11-06,9.14
7015,2017-11-07,9.4
7016,2017-11-08,9.89
7017,2017-11-09,9.78
7018,2017-11-10,10.5
7019,2017-11-13,11.29
7020,2017-11-14,11.5
7021,2017-11-15,11.59
7022,2017-11-16,13.13
7023,2017-11-17,11.76
7024,2017-11-20,11.43
7025,2017-11-21,10.65
7026,2017-11-22,9.73
7027,2017-11-24,9.88
7028,2017-11-27,9.67
7029,2017-11-28,9.87
7030,2017-11-29,10.03
7031,2017-11-30,10.7
7032,2017-12-01,11.28
7033,2017-12-04,11.43
7034,2017-12-05,11.68
7035,2017-12-06,11.33
7036,2017-12-07,11.02
7037,2017-12-08,10.16
7038,2017-12-11,9.58
7039,2017-12-12,9.34
7040,2017-12-13,9.92
7041,2017-12-14,10.18
7042,2017-12-15,10.49
7043,2017-12-18,9.42
7044,2017-12-19,9.53
7045,2017-12-20,10.03
7046,2017-12-21,9.72
7047,2017-12-22,9.62
7048,2017-12-26,9.9
7049,2017-12-27,10.25
7050,2017-12-28,10.47
7051,2017-12-29,10.18
