,Unnamed: 0,NKY
8153,2003-01-06,8713.33
8154,2003-01-07,8656.5
8155,2003-01-08,8517.8
8156,2003-01-09,8497.93
8157,2003-01-10,8470.45
8158,2003-01-14,8553.06
8159,2003-01-15,8611.75
8160,2003-01-16,8609.17
8161,2003-01-17,8690.25
8162,2003-01-20,8558.82
8163,2003-01-21,8708.58
8164,2003-01-22,8611.04
8165,2003-01-23,8790.92
8166,2003-01-24,8731.65
8167,2003-01-27,8609.47
8168,2003-01-28,8525.39
8169,2003-01-29,8331.08
8170,2003-01-30,8316.81
8171,2003-01-31,8339.94
8172,2003-02-03,8500.79
8173,2003-02-04,8484.9
8174,2003-02-05,8549.85
8175,2003-02-06,8484.19
8176,2003-02-07,8448.16
8177,2003-02-10,8484.93
8178,2003-02-12,8664.17
8179,2003-02-13,8599.66
8180,2003-02-14,8701.92
8181,2003-02-17,8771.89
8182,2003-02-18,8692.97
8183,2003-02-19,8678.44
8184,2003-02-20,8650.92
8185,2003-02-21,8513.54
8186,2003-02-24,8564.95
8187,2003-02-25,8360.49
8188,2003-02-26,8356.81
8189,2003-02-27,8359.38
8190,2003-02-28,8363.04
8191,2003-03-03,8490.4
8192,2003-03-04,8480.22
8193,2003-03-05,8472.62
8194,2003-03-06,8369.15
8195,2003-03-07,8144.12
8196,2003-03-10,8042.26
8197,2003-03-11,7862.43
8198,2003-03-12,7943.04
8199,2003-03-13,7868.56
8200,2003-03-14,8002.69
8201,2003-03-17,7871.64
8202,2003-03-18,7954.46
8203,2003-03-19,8051.04
8204,2003-03-20,8195.05
8205,2003-03-24,8435.07
8206,2003-03-25,8238.76
8207,2003-03-26,8351.92
8208,2003-03-27,8368.67
8209,2003-03-28,8280.16
8210,2003-03-31,7972.71
8211,2003-04-01,7986.72
8212,2003-04-02,8069.85
8213,2003-04-03,8017.75
8214,2003-04-04,8074.12
8215,2003-04-07,8249.98
8216,2003-04-08,8131.41
8217,2003-04-09,8057.61
8218,2003-04-10,7980.12
8219,2003-04-11,7816.49
8220,2003-04-14,7752.1
8221,2003-04-15,7838.83
8222,2003-04-16,7879.49
8223,2003-04-17,7821.9
8224,2003-04-18,7874.51
8225,2003-04-21,7969.08
8226,2003-04-22,7790.46
8227,2003-04-23,7793.38
8228,2003-04-24,7854.57
8229,2003-04-25,7699.5
8230,2003-04-28,7607.88
8231,2003-04-30,7831.42
8232,2003-05-01,7863.29
8233,2003-05-02,7907.19
8234,2003-05-06,8083.56
8235,2003-05-07,8109.77
8236,2003-05-08,8031.55
8237,2003-05-09,8152.16
8238,2003-05-12,8221.12
8239,2003-05-13,8190.26
8240,2003-05-14,8244.91
8241,2003-05-15,8123.4
8242,2003-05-16,8117.29
8243,2003-05-19,8039.13
8244,2003-05-20,8059.48
8245,2003-05-21,8018.51
8246,2003-05-22,8051.66
8247,2003-05-23,8184.76
8248,2003-05-26,8227.32
8249,2003-05-27,8120.24
8250,2003-05-28,8234.18
8251,2003-05-29,8375.36
8252,2003-05-30,8424.51
8253,2003-06-02,8547.17
8254,2003-06-03,8564.49
8255,2003-06-04,8557.86
8256,2003-06-05,8657.23
8257,2003-06-06,8785.87
8258,2003-06-09,8822.73
8259,2003-06-10,8789.09
8260,2003-06-11,8890.3
8261,2003-06-12,8918.6
8262,2003-06-13,8980.64
8263,2003-06-16,8839.83
8264,2003-06-17,9033.0
8265,2003-06-18,9092.97
8266,2003-06-19,9110.51
8267,2003-06-20,9120.39
8268,2003-06-23,9137.14
8269,2003-06-24,8919.26
8270,2003-06-25,8932.26
8271,2003-06-26,8923.41
8272,2003-06-27,9104.06
8273,2003-06-30,9083.11
8274,2003-07-01,9278.49
8275,2003-07-02,9592.24
8276,2003-07-03,9624.8
8277,2003-07-04,9547.73
8278,2003-07-07,9795.16
8279,2003-07-08,9898.72
8280,2003-07-09,9990.95
8281,2003-07-10,9955.62
8282,2003-07-11,9635.35
8283,2003-07-14,9755.63
8284,2003-07-15,9751.0
8285,2003-07-16,9735.97
8286,2003-07-17,9498.86
8287,2003-07-18,9527.73
8288,2003-07-22,9485.97
8289,2003-07-23,9615.34
8290,2003-07-24,9671.0
8291,2003-07-25,9648.01
8292,2003-07-28,9839.91
8293,2003-07-29,9834.31
8294,2003-07-30,9632.66
8295,2003-07-31,9563.21
8296,2003-08-01,9611.67
8297,2003-08-04,9452.79
8298,2003-08-05,9382.58
8299,2003-08-06,9323.91
8300,2003-08-07,9265.56
8301,2003-08-08,9327.53
8302,2003-08-11,9487.8
8303,2003-08-12,9564.81
8304,2003-08-13,9752.75
8305,2003-08-14,9913.47
8306,2003-08-15,9863.47
8307,2003-08-18,10032.97
8308,2003-08-19,10174.1
8309,2003-08-20,10292.06
8310,2003-08-21,10362.69
8311,2003-08-22,10281.17
8312,2003-08-25,10276.64
8313,2003-08-26,10332.57
8314,2003-08-27,10308.99
8315,2003-08-28,10225.22
8316,2003-08-29,10343.55
8317,2003-09-01,10670.18
8318,2003-09-02,10690.08
8319,2003-09-03,10715.69
8320,2003-09-04,10646.95
8321,2003-09-05,10650.77
8322,2003-09-08,10683.76
8323,2003-09-09,10922.04
8324,2003-09-10,10856.32
8325,2003-09-11,10546.33
8326,2003-09-12,10712.81
8327,2003-09-16,10887.03
8328,2003-09-17,10990.11
8329,2003-09-18,11033.32
8330,2003-09-19,10938.42
8331,2003-09-22,10475.1
8332,2003-09-24,10502.29
8333,2003-09-25,10310.04
8334,2003-09-26,10318.44
8335,2003-09-29,10229.57
8336,2003-09-30,10219.05
8337,2003-10-01,10361.24
8338,2003-10-02,10593.53
8339,2003-10-03,10709.29
8340,2003-10-06,10740.14
8341,2003-10-07,10820.33
8342,2003-10-08,10542.2
8343,2003-10-09,10531.44
8344,2003-10-10,10786.04
8345,2003-10-14,10966.43
8346,2003-10-15,10899.95
8347,2003-10-16,11025.15
8348,2003-10-17,11037.89
8349,2003-10-20,11161.71
8350,2003-10-21,11031.52
8351,2003-10-22,10889.62
8352,2003-10-23,10335.16
8353,2003-10-24,10335.7
8354,2003-10-27,10454.12
8355,2003-10-28,10561.01
8356,2003-10-29,10739.22
8357,2003-10-30,10695.56
8358,2003-10-31,10559.59
8359,2003-11-04,10847.97
8360,2003-11-05,10837.54
8361,2003-11-06,10552.3
8362,2003-11-07,10628.98
8363,2003-11-10,10504.54
8364,2003-11-11,10207.04
8365,2003-11-12,10226.22
8366,2003-11-13,10337.67
8367,2003-11-14,10167.06
8368,2003-11-17,9786.83
8369,2003-11-18,9897.05
8370,2003-11-19,9614.6
8371,2003-11-20,9865.7
8372,2003-11-21,9852.83
8373,2003-11-25,9960.2
8374,2003-11-26,10144.83
8375,2003-11-27,10163.38
8376,2003-11-28,10100.57
8377,2003-12-01,10403.27
8378,2003-12-02,10410.15
8379,2003-12-03,10326.39
8380,2003-12-04,10429.99
8381,2003-12-05,10373.46
8382,2003-12-08,10045.34
8383,2003-12-09,10124.28
8384,2003-12-10,9910.56
8385,2003-12-11,10075.14
8386,2003-12-12,10169.66
8387,2003-12-15,10490.77
8388,2003-12-16,10271.6
8389,2003-12-17,10092.64
8390,2003-12-18,10104.0
8391,2003-12-19,10284.54
8392,2003-12-22,10372.51
8393,2003-12-24,10371.27
8394,2003-12-25,10365.35
8395,2003-12-26,10417.41
8396,2003-12-29,10500.62
8397,2003-12-30,10676.64
8398,2004-01-05,10825.17
8399,2004-01-06,10813.99
8400,2004-01-07,10757.82
8401,2004-01-08,10837.65
8402,2004-01-09,10965.05
8403,2004-01-13,10849.68
8404,2004-01-14,10863.0
8405,2004-01-15,10665.15
8406,2004-01-16,10857.2
8407,2004-01-19,11036.33
8408,2004-01-20,11103.1
8409,2004-01-21,11002.39
8410,2004-01-22,11000.7
8411,2004-01-23,11069.01
8412,2004-01-26,10972.6
8413,2004-01-27,10928.03
8414,2004-01-28,10852.47
8415,2004-01-29,10779.44
8416,2004-01-30,10783.61
8417,2004-02-02,10776.73
8418,2004-02-03,10641.92
8419,2004-02-04,10447.25
8420,2004-02-05,10464.6
8421,2004-02-06,10460.92
8422,2004-02-09,10402.61
8423,2004-02-10,10365.4
8424,2004-02-12,10459.26
8425,2004-02-13,10557.69
8426,2004-02-16,10548.72
8427,2004-02-17,10701.13
8428,2004-02-18,10676.81
8429,2004-02-19,10753.8
8430,2004-02-20,10720.69
8431,2004-02-23,10868.96
8432,2004-02-24,10644.13
8433,2004-02-25,10658.73
8434,2004-02-26,10815.29
8435,2004-02-27,11041.92
8436,2004-03-01,11271.12
8437,2004-03-02,11361.51
8438,2004-03-03,11351.92
8439,2004-03-04,11401.79
8440,2004-03-05,11537.29
8441,2004-03-08,11502.86
8442,2004-03-09,11532.04
8443,2004-03-10,11433.24
8444,2004-03-11,11297.04
8445,2004-03-12,11162.75
8446,2004-03-15,11317.9
8447,2004-03-16,11242.29
8448,2004-03-17,11436.86
8449,2004-03-18,11484.28
8450,2004-03-19,11418.51
8451,2004-03-22,11318.51
8452,2004-03-23,11281.09
8453,2004-03-24,11364.99
8454,2004-03-25,11530.91
8455,2004-03-26,11770.65
8456,2004-03-29,11718.24
8457,2004-03-30,11693.68
8458,2004-03-31,11715.39
8459,2004-04-01,11683.42
8460,2004-04-02,11815.95
8461,2004-04-05,11958.32
8462,2004-04-06,12079.7
8463,2004-04-07,12019.62
8464,2004-04-08,12092.59
8465,2004-04-09,11897.51
8466,2004-04-12,12042.7
8467,2004-04-13,12127.82
8468,2004-04-14,12098.18
8469,2004-04-15,11800.4
8470,2004-04-16,11824.56
8471,2004-04-19,11764.21
8472,2004-04-20,11952.26
8473,2004-04-21,11944.3
8474,2004-04-22,11980.1
8475,2004-04-23,12120.66
8476,2004-04-26,12163.89
8477,2004-04-27,12044.88
8478,2004-04-28,12004.29
8479,2004-04-30,11761.79
8480,2004-05-06,11571.34
8481,2004-05-07,11438.82
8482,2004-05-10,10884.7
8483,2004-05-11,10907.18
8484,2004-05-12,11153.58
8485,2004-05-13,10825.1
8486,2004-05-14,10849.63
8487,2004-05-17,10505.05
8488,2004-05-18,10711.09
8489,2004-05-19,10967.74
8490,2004-05-20,10862.04
8491,2004-05-21,11070.25
8492,2004-05-24,11101.64
8493,2004-05-25,10962.93
8494,2004-05-26,11152.09
8495,2004-05-27,11166.03
8496,2004-05-28,11309.57
8497,2004-05-31,11236.37
8498,2004-06-01,11296.76
8499,2004-06-02,11242.34
8500,2004-06-03,11027.05
8501,2004-06-04,11128.05
8502,2004-06-07,11439.92
8503,2004-06-08,11521.93
8504,2004-06-09,11449.74
8505,2004-06-10,11575.97
8506,2004-06-11,11526.82
8507,2004-06-14,11491.66
8508,2004-06-15,11387.7
8509,2004-06-16,11641.72
8510,2004-06-17,11607.9
8511,2004-06-18,11382.08
8512,2004-06-21,11600.16
8513,2004-06-22,11581.27
8514,2004-06-23,11580.56
8515,2004-06-24,11744.15
8516,2004-06-25,11780.4
8517,2004-06-28,11884.06
8518,2004-06-29,11860.81
8519,2004-06-30,11858.87
8520,2004-07-01,11896.01
8521,2004-07-02,11721.49
8522,2004-07-05,11541.71
8523,2004-07-06,11475.27
8524,2004-07-07,11384.86
8525,2004-07-08,11322.23
8526,2004-07-09,11423.53
8527,2004-07-12,11582.28
8528,2004-07-13,11608.62
8529,2004-07-14,11356.65
8530,2004-07-15,11409.14
8531,2004-07-16,11436.0
8532,2004-07-20,11258.37
8533,2004-07-21,11433.86
8534,2004-07-22,11285.04
8535,2004-07-23,11187.33
8536,2004-07-26,11159.55
8537,2004-07-27,11031.54
8538,2004-07-28,11204.37
8539,2004-07-29,11116.84
8540,2004-07-30,11325.78
8541,2004-08-02,11222.24
8542,2004-08-03,11140.57
8543,2004-08-04,11010.02
8544,2004-08-05,11060.89
8545,2004-08-06,10972.57
8546,2004-08-09,10908.7
8547,2004-08-10,10953.55
8548,2004-08-11,11049.46
8549,2004-08-12,11028.07
8550,2004-08-13,10757.2
8551,2004-08-16,10687.81
8552,2004-08-17,10725.97
8553,2004-08-18,10774.26
8554,2004-08-19,10903.53
8555,2004-08-20,10889.14
8556,2004-08-23,10960.97
8557,2004-08-24,10985.33
8558,2004-08-25,11130.02
8559,2004-08-26,11129.33
8560,2004-08-27,11209.59
8561,2004-08-30,11184.53
8562,2004-08-31,11081.79
8563,2004-09-01,11127.35
8564,2004-09-02,11152.75
8565,2004-09-03,11022.49
8566,2004-09-06,11244.37
8567,2004-09-07,11298.94
8568,2004-09-08,11279.19
8569,2004-09-09,11170.96
8570,2004-09-10,11083.23
8571,2004-09-13,11253.11
8572,2004-09-14,11295.58
8573,2004-09-15,11158.58
8574,2004-09-16,11139.36
8575,2004-09-17,11082.49
8576,2004-09-21,11080.87
8577,2004-09-22,11019.41
8578,2004-09-24,10895.16
8579,2004-09-27,10859.32
8580,2004-09-28,10815.57
8581,2004-09-29,10786.1
8582,2004-09-30,10823.57
8583,2004-10-01,10985.17
8584,2004-10-04,11279.63
8585,2004-10-05,11281.83
8586,2004-10-06,11385.38
8587,2004-10-07,11354.59
8588,2004-10-08,11349.35
8589,2004-10-12,11201.81
8590,2004-10-13,11195.99
8591,2004-10-14,11034.29
8592,2004-10-15,10982.95
8593,2004-10-18,10965.62
8594,2004-10-19,11064.86
8595,2004-10-20,10882.18
8596,2004-10-21,10789.23
8597,2004-10-22,10857.13
8598,2004-10-25,10659.15
8599,2004-10-26,10672.46
8600,2004-10-27,10691.95
8601,2004-10-28,10853.12
8602,2004-10-29,10771.42
8603,2004-11-01,10734.71
8604,2004-11-02,10887.81
8605,2004-11-04,10946.27
8606,2004-11-05,11061.77
8607,2004-11-08,10983.83
8608,2004-11-09,10964.87
8609,2004-11-10,10994.96
8610,2004-11-11,10846.92
8611,2004-11-12,11019.98
8612,2004-11-15,11227.57
8613,2004-11-16,11161.75
8614,2004-11-17,11131.29
8615,2004-11-18,11082.42
8616,2004-11-19,11082.84
8617,2004-11-22,10849.39
8618,2004-11-24,10872.33
8619,2004-11-25,10900.34
8620,2004-11-26,10833.75
8621,2004-11-29,10977.89
8622,2004-11-30,10899.25
8623,2004-12-01,10784.25
8624,2004-12-02,10973.07
8625,2004-12-03,11074.89
8626,2004-12-06,10981.96
8627,2004-12-07,10873.63
8628,2004-12-08,10941.37
8629,2004-12-09,10776.63
8630,2004-12-10,10756.8
8631,2004-12-13,10789.25
8632,2004-12-14,10915.58
8633,2004-12-15,10956.46
8634,2004-12-16,10924.37
8635,2004-12-17,11078.32
8636,2004-12-20,11103.42
8637,2004-12-21,11125.92
8638,2004-12-22,11209.44
8639,2004-12-24,11365.48
8640,2004-12-27,11362.35
8641,2004-12-28,11424.13
8642,2004-12-29,11381.56
8643,2004-12-30,11488.76
8644,2005-01-04,11517.75
8645,2005-01-05,11437.52
8646,2005-01-06,11492.26
8647,2005-01-07,11433.24
8648,2005-01-11,11539.99
8649,2005-01-12,11453.39
8650,2005-01-13,11358.22
8651,2005-01-14,11438.39
8652,2005-01-17,11487.1
8653,2005-01-18,11423.26
8654,2005-01-19,11405.34
8655,2005-01-20,11284.77
8656,2005-01-21,11238.37
8657,2005-01-24,11289.49
8658,2005-01-25,11276.91
8659,2005-01-26,11376.57
8660,2005-01-27,11341.31
8661,2005-01-28,11320.58
8662,2005-01-31,11387.59
8663,2005-02-01,11384.4
8664,2005-02-02,11407.14
8665,2005-02-03,11389.35
8666,2005-02-04,11360.4
8667,2005-02-07,11499.86
8668,2005-02-08,11490.43
8669,2005-02-09,11473.35
8670,2005-02-10,11553.56
8671,2005-02-14,11632.2
8672,2005-02-15,11646.49
8673,2005-02-16,11601.68
8674,2005-02-17,11582.72
8675,2005-02-18,11660.12
8676,2005-02-21,11651.02
8677,2005-02-22,11597.71
8678,2005-02-23,11500.18
8679,2005-02-24,11531.15
8680,2005-02-25,11658.25
8681,2005-02-28,11740.6
8682,2005-03-01,11780.53
8683,2005-03-02,11813.71
8684,2005-03-03,11856.46
8685,2005-03-04,11873.05
8686,2005-03-07,11925.36
8687,2005-03-08,11886.91
8688,2005-03-09,11966.69
8689,2005-03-10,11864.91
8690,2005-03-11,11923.89
8691,2005-03-14,11850.25
8692,2005-03-15,11821.09
8693,2005-03-16,11873.18
8694,2005-03-17,11775.5
8695,2005-03-18,11879.81
8696,2005-03-22,11841.97
8697,2005-03-23,11739.12
8698,2005-03-24,11745.97
8699,2005-03-25,11761.1
8700,2005-03-28,11792.3
8701,2005-03-29,11599.82
8702,2005-03-30,11565.88
8703,2005-03-31,11668.95
8704,2005-04-01,11723.63
8705,2005-04-04,11667.54
8706,2005-04-05,11774.31
8707,2005-04-06,11827.16
8708,2005-04-07,11810.99
8709,2005-04-08,11874.75
8710,2005-04-11,11745.64
8711,2005-04-12,11670.3
8712,2005-04-13,11637.52
8713,2005-04-14,11563.17
8714,2005-04-15,11370.69
8715,2005-04-18,10938.44
8716,2005-04-19,11065.86
8717,2005-04-20,11088.58
8718,2005-04-21,10984.39
8719,2005-04-22,11045.95
8720,2005-04-25,11073.77
8721,2005-04-26,11035.83
8722,2005-04-27,11005.42
8723,2005-04-28,11008.9
8724,2005-05-02,11002.11
8725,2005-05-06,11192.17
8726,2005-05-09,11171.32
8727,2005-05-10,11159.46
8728,2005-05-11,11120.7
8729,2005-05-12,11077.94
8730,2005-05-13,11049.11
8731,2005-05-16,10947.22
8732,2005-05-17,10825.39
8733,2005-05-18,10835.41
8734,2005-05-19,11077.16
8735,2005-05-20,11037.29
8736,2005-05-23,11158.65
8737,2005-05-24,11133.65
8738,2005-05-25,11014.43
8739,2005-05-26,11027.94
8740,2005-05-27,11192.33
8741,2005-05-30,11266.33
8742,2005-05-31,11276.59
8743,2005-06-01,11329.67
8744,2005-06-02,11280.05
8745,2005-06-03,11300.05
8746,2005-06-06,11270.62
8747,2005-06-07,11217.45
8748,2005-06-08,11281.03
8749,2005-06-09,11160.88
8750,2005-06-10,11304.23
8751,2005-06-13,11311.51
8752,2005-06-14,11335.92
8753,2005-06-15,11415.88
8754,2005-06-16,11416.38
8755,2005-06-17,11514.03
8756,2005-06-20,11483.35
8757,2005-06-21,11488.74
8758,2005-06-22,11547.28
8759,2005-06-23,11576.75
8760,2005-06-24,11537.03
8761,2005-06-27,11414.28
8762,2005-06-28,11513.83
8763,2005-06-29,11577.44
8764,2005-06-30,11584.01
8765,2005-07-01,11630.13
8766,2005-07-04,11651.55
8767,2005-07-05,11616.7
8768,2005-07-06,11603.53
8769,2005-07-07,11590.14
8770,2005-07-08,11565.99
8771,2005-07-11,11674.79
8772,2005-07-12,11692.14
8773,2005-07-13,11659.84
8774,2005-07-14,11764.26
8775,2005-07-15,11758.68
8776,2005-07-19,11764.84
8777,2005-07-20,11789.35
8778,2005-07-21,11786.73
8779,2005-07-22,11695.05
8780,2005-07-25,11762.65
8781,2005-07-26,11737.96
8782,2005-07-27,11835.08
8783,2005-07-28,11858.31
8784,2005-07-29,11899.6
8785,2005-08-01,11946.92
8786,2005-08-02,11940.2
8787,2005-08-03,11981.8
8788,2005-08-04,11883.31
8789,2005-08-05,11766.48
8790,2005-08-08,11778.98
8791,2005-08-09,11900.32
8792,2005-08-10,12098.08
8793,2005-08-11,12263.32
8794,2005-08-12,12261.68
8795,2005-08-15,12256.55
8796,2005-08-16,12315.67
8797,2005-08-17,12273.12
8798,2005-08-18,12307.37
8799,2005-08-19,12291.73
8800,2005-08-22,12452.51
8801,2005-08-23,12472.93
8802,2005-08-24,12502.26
8803,2005-08-25,12405.16
8804,2005-08-26,12439.48
8805,2005-08-29,12309.83
8806,2005-08-30,12453.14
8807,2005-08-31,12413.6
8808,2005-09-01,12506.97
8809,2005-09-02,12600.0
8810,2005-09-05,12634.88
8811,2005-09-06,12599.43
8812,2005-09-07,12607.59
8813,2005-09-08,12533.89
8814,2005-09-09,12692.04
8815,2005-09-12,12896.43
8816,2005-09-13,12901.95
8817,2005-09-14,12834.25
8818,2005-09-15,12986.78
8819,2005-09-16,12958.68
8820,2005-09-20,13148.57
8821,2005-09-21,13196.57
8822,2005-09-22,13159.36
8823,2005-09-26,13392.63
8824,2005-09-27,13310.04
8825,2005-09-28,13435.91
8826,2005-09-29,13617.24
8827,2005-09-30,13574.3
8828,2005-10-03,13525.28
8829,2005-10-04,13738.84
8830,2005-10-05,13689.89
8831,2005-10-06,13359.51
8832,2005-10-07,13227.74
8833,2005-10-11,13556.71
8834,2005-10-12,13463.74
8835,2005-10-13,13449.24
8836,2005-10-14,13420.54
8837,2005-10-17,13400.29
8838,2005-10-18,13352.24
8839,2005-10-19,13129.49
8840,2005-10-20,13190.46
8841,2005-10-21,13199.95
8842,2005-10-24,13106.18
8843,2005-10-25,13280.62
8844,2005-10-26,13395.02
8845,2005-10-27,13417.08
8846,2005-10-28,13346.54
8847,2005-10-31,13606.5
8848,2005-11-01,13867.86
8849,2005-11-02,13894.78
8850,2005-11-04,14075.96
8851,2005-11-07,14061.6
8852,2005-11-08,14036.73
8853,2005-11-09,14072.2
8854,2005-11-10,14080.88
8855,2005-11-11,14155.06
8856,2005-11-14,14116.04
8857,2005-11-15,14091.77
8858,2005-11-16,14170.87
8859,2005-11-17,14411.79
8860,2005-11-18,14623.12
8861,2005-11-21,14680.43
8862,2005-11-22,14708.32
8863,2005-11-24,14742.58
8864,2005-11-25,14784.29
8865,2005-11-28,14986.94
8866,2005-11-29,14927.7
8867,2005-11-30,14872.15
8868,2005-12-01,15130.5
8869,2005-12-02,15421.6
8870,2005-12-05,15551.31
8871,2005-12-06,15423.38
8872,2005-12-07,15484.66
8873,2005-12-08,15183.36
8874,2005-12-09,15404.05
8875,2005-12-12,15738.7
8876,2005-12-13,15778.86
8877,2005-12-14,15464.58
8878,2005-12-15,15254.44
8879,2005-12-16,15173.07
8880,2005-12-19,15391.48
8881,2005-12-20,15641.26
8882,2005-12-21,15957.57
8883,2005-12-22,15941.37
8884,2005-12-26,16107.67
8885,2005-12-27,15969.4
8886,2005-12-28,16194.61
8887,2005-12-29,16344.2
8888,2005-12-30,16111.43
8889,2006-01-04,16361.54
8890,2006-01-05,16425.37
8891,2006-01-06,16428.21
8892,2006-01-10,16124.35
8893,2006-01-11,16363.59
8894,2006-01-12,16445.19
8895,2006-01-13,16454.95
8896,2006-01-16,16268.03
8897,2006-01-17,15805.95
8898,2006-01-18,15341.18
8899,2006-01-19,15696.28
8900,2006-01-20,15696.69
8901,2006-01-23,15360.65
8902,2006-01-24,15648.89
8903,2006-01-25,15651.0
8904,2006-01-26,15891.02
8905,2006-01-27,16460.68
8906,2006-01-30,16551.23
8907,2006-01-31,16649.82
8908,2006-02-01,16480.09
8909,2006-02-02,16710.55
8910,2006-02-03,16659.64
8911,2006-02-06,16747.76
8912,2006-02-07,16720.99
8913,2006-02-08,16272.68
8914,2006-02-09,16439.67
8915,2006-02-10,16257.83
8916,2006-02-13,15877.66
8917,2006-02-14,16184.87
8918,2006-02-15,15932.83
8919,2006-02-16,16043.67
8920,2006-02-17,15713.45
8921,2006-02-20,15437.93
8922,2006-02-21,15894.94
8923,2006-02-22,15781.78
8924,2006-02-23,16096.1
8925,2006-02-24,16101.91
8926,2006-02-27,16192.95
8927,2006-02-28,16205.43
8928,2006-03-01,15964.46
8929,2006-03-02,15909.76
8930,2006-03-03,15663.34
8931,2006-03-06,15901.16
8932,2006-03-07,15726.02
8933,2006-03-08,15627.49
8934,2006-03-09,16036.91
8935,2006-03-10,16115.63
8936,2006-03-13,16361.51
8937,2006-03-14,16238.36
8938,2006-03-15,16319.04
8939,2006-03-16,16096.21
8940,2006-03-17,16339.73
8941,2006-03-20,16624.8
8942,2006-03-22,16495.48
8943,2006-03-23,16489.37
8944,2006-03-24,16560.87
8945,2006-03-27,16650.1
8946,2006-03-28,16690.24
8947,2006-03-29,16938.41
8948,2006-03-30,17045.34
8949,2006-03-31,17059.66
8950,2006-04-03,17333.31
8951,2006-04-04,17292.91
8952,2006-04-05,17243.98
8953,2006-04-06,17489.33
8954,2006-04-07,17563.37
8955,2006-04-10,17456.58
8956,2006-04-11,17418.13
8957,2006-04-12,17162.55
8958,2006-04-13,17199.15
8959,2006-04-14,17233.82
8960,2006-04-17,17000.36
8961,2006-04-18,17232.86
8962,2006-04-19,17350.12
8963,2006-04-20,17317.53
8964,2006-04-21,17403.96
8965,2006-04-24,16914.4
8966,2006-04-25,16970.29
8967,2006-04-26,17055.93
8968,2006-04-27,17114.54
8969,2006-04-28,16906.23
8970,2006-05-01,16925.71
8971,2006-05-02,17153.77
8972,2006-05-08,17291.67
8973,2006-05-09,17190.91
8974,2006-05-10,16951.93
8975,2006-05-11,16862.14
8976,2006-05-12,16601.78
8977,2006-05-15,16486.91
8978,2006-05-16,16158.42
8979,2006-05-17,16307.67
8980,2006-05-18,16087.18
8981,2006-05-19,16155.45
8982,2006-05-22,15857.87
8983,2006-05-23,15599.2
8984,2006-05-24,15907.2
8985,2006-05-25,15693.75
8986,2006-05-26,15970.76
8987,2006-05-29,15915.68
8988,2006-05-30,15859.45
8989,2006-05-31,15467.33
8990,2006-06-01,15503.74
8991,2006-06-02,15789.31
8992,2006-06-05,15668.31
8993,2006-06-06,15384.86
8994,2006-06-07,15096.01
8995,2006-06-08,14633.03
8996,2006-06-09,14750.84
8997,2006-06-12,14833.01
8998,2006-06-13,14218.6
8999,2006-06-14,14309.56
9000,2006-06-15,14470.76
9001,2006-06-16,14879.34
9002,2006-06-19,14860.35
9003,2006-06-20,14648.41
9004,2006-06-21,14644.26
9005,2006-06-22,15135.69
9006,2006-06-23,15124.04
9007,2006-06-26,15152.4
9008,2006-06-27,15171.81
9009,2006-06-28,14886.11
9010,2006-06-29,15121.15
9011,2006-06-30,15505.18
9012,2006-07-03,15571.62
9013,2006-07-04,15638.5
9014,2006-07-05,15523.94
9015,2006-07-06,15321.4
9016,2006-07-07,15307.61
9017,2006-07-10,15552.81
9018,2006-07-11,15473.82
9019,2006-07-12,15249.32
9020,2006-07-13,15097.95
9021,2006-07-14,14845.24
9022,2006-07-18,14437.24
9023,2006-07-19,14500.26
9024,2006-07-20,14946.84
9025,2006-07-21,14821.26
9026,2006-07-24,14794.5
9027,2006-07-25,15005.24
9028,2006-07-26,14884.07
9029,2006-07-27,15179.78
9030,2006-07-28,15342.87
9031,2006-07-31,15456.81
9032,2006-08-01,15440.91
9033,2006-08-02,15464.29
9034,2006-08-03,15470.37
9035,2006-08-04,15499.18
9036,2006-08-07,15154.06
9037,2006-08-08,15464.66
9038,2006-08-09,15656.59
9039,2006-08-10,15630.91
9040,2006-08-11,15565.02
9041,2006-08-14,15857.11
9042,2006-08-15,15816.19
9043,2006-08-16,16071.36
9044,2006-08-17,16020.84
9045,2006-08-18,16105.98
9046,2006-08-21,15969.04
9047,2006-08-22,16181.17
9048,2006-08-23,16163.03
9049,2006-08-24,15960.62
9050,2006-08-25,15938.66
9051,2006-08-28,15762.59
9052,2006-08-29,15890.56
9053,2006-08-30,15872.02
9054,2006-08-31,16140.76
9055,2006-09-01,16134.25
9056,2006-09-04,16358.07
9057,2006-09-05,16385.96
9058,2006-09-06,16284.09
9059,2006-09-07,16012.41
9060,2006-09-08,16080.46
9061,2006-09-11,15794.38
9062,2006-09-12,15719.34
9063,2006-09-13,15750.05
9064,2006-09-14,15942.39
9065,2006-09-15,15866.93
9066,2006-09-19,15874.28
9067,2006-09-20,15718.67
9068,2006-09-21,15834.23
9069,2006-09-22,15634.67
9070,2006-09-25,15633.81
9071,2006-09-26,15557.45
9072,2006-09-27,15947.87
9073,2006-09-28,16024.85
9074,2006-09-29,16127.58
9075,2006-10-02,16254.29
9076,2006-10-03,16242.09
9077,2006-10-04,16082.55
9078,2006-10-05,16449.33
9079,2006-10-06,16436.06
9080,2006-10-10,16477.25
9081,2006-10-11,16400.57
9082,2006-10-12,16368.81
9083,2006-10-13,16536.54
9084,2006-10-16,16692.76
9085,2006-10-17,16611.59
9086,2006-10-18,16653.0
9087,2006-10-19,16551.36
9088,2006-10-20,16651.63
9089,2006-10-23,16788.82
9090,2006-10-24,16780.47
9091,2006-10-25,16699.3
9092,2006-10-26,16811.6
9093,2006-10-27,16669.07
9094,2006-10-30,16351.85
9095,2006-10-31,16399.39
9096,2006-11-01,16375.26
9097,2006-11-02,16350.02
9098,2006-11-06,16364.76
9099,2006-11-07,16393.41
9100,2006-11-08,16215.74
9101,2006-11-09,16198.57
9102,2006-11-10,16112.43
9103,2006-11-13,16022.49
9104,2006-11-14,16289.55
9105,2006-11-15,16243.47
9106,2006-11-16,16163.87
9107,2006-11-17,16091.73
9108,2006-11-20,15725.94
9109,2006-11-21,15734.14
9110,2006-11-22,15914.23
9111,2006-11-24,15734.6
9112,2006-11-27,15885.38
9113,2006-11-28,15855.26
9114,2006-11-29,16076.2
9115,2006-11-30,16274.33
9116,2006-12-01,16321.78
9117,2006-12-04,16303.59
9118,2006-12-05,16265.76
9119,2006-12-06,16371.28
9120,2006-12-07,16473.36
9121,2006-12-08,16417.82
9122,2006-12-11,16527.99
9123,2006-12-12,16637.78
9124,2006-12-13,16692.93
9125,2006-12-14,16829.2
9126,2006-12-15,16914.31
9127,2006-12-18,16962.11
9128,2006-12-19,16776.88
9129,2006-12-20,17011.04
9130,2006-12-21,17047.83
9131,2006-12-22,17104.96
9132,2006-12-25,17092.89
9133,2006-12-26,17169.19
9134,2006-12-27,17223.15
9135,2006-12-28,17224.81
9136,2006-12-29,17225.83
9137,2007-01-04,17353.67
9138,2007-01-05,17091.59
9139,2007-01-09,17237.77
9140,2007-01-10,16942.4
9141,2007-01-11,16838.17
9142,2007-01-12,17057.01
9143,2007-01-15,17209.92
9144,2007-01-16,17202.46
9145,2007-01-17,17261.35
9146,2007-01-18,17370.93
9147,2007-01-19,17310.44
9148,2007-01-22,17424.18
9149,2007-01-23,17408.57
9150,2007-01-24,17507.4
9151,2007-01-25,17458.3
9152,2007-01-26,17421.93
9153,2007-01-29,17470.46
9154,2007-01-30,17490.19
9155,2007-01-31,17383.42
9156,2007-02-01,17519.5
9157,2007-02-02,17547.11
9158,2007-02-05,17344.8
9159,2007-02-06,17406.86
9160,2007-02-07,17292.32
9161,2007-02-08,17292.48
9162,2007-02-09,17504.33
9163,2007-02-13,17621.45
9164,2007-02-14,17752.64
9165,2007-02-15,17897.23
9166,2007-02-16,17875.65
9167,2007-02-19,17940.09
9168,2007-02-20,17939.12
9169,2007-02-21,17913.21
9170,2007-02-22,18108.79
9171,2007-02-23,18188.42
9172,2007-02-26,18215.35
9173,2007-02-27,18119.92
9174,2007-02-28,17604.12
9175,2007-03-01,17453.51
9176,2007-03-02,17217.93
9177,2007-03-05,16642.25
9178,2007-03-06,16844.5
9179,2007-03-07,16764.62
9180,2007-03-08,17090.31
9181,2007-03-09,17164.04
9182,2007-03-12,17292.39
9183,2007-03-13,17178.84
9184,2007-03-14,16676.89
9185,2007-03-15,16860.39
9186,2007-03-16,16744.15
9187,2007-03-19,17009.55
9188,2007-03-20,17163.2
9189,2007-03-22,17419.2
9190,2007-03-23,17480.61
9191,2007-03-26,17521.96
9192,2007-03-27,17365.05
9193,2007-03-28,17254.73
9194,2007-03-29,17263.94
9195,2007-03-30,17287.65
9196,2007-04-02,17028.41
9197,2007-04-03,17244.05
9198,2007-04-04,17544.09
9199,2007-04-05,17491.42
9200,2007-04-06,17484.78
9201,2007-04-09,17743.76
9202,2007-04-10,17664.69
9203,2007-04-11,17670.07
9204,2007-04-12,17540.42
9205,2007-04-13,17363.95
9206,2007-04-16,17628.3
9207,2007-04-17,17527.45
9208,2007-04-18,17667.33
9209,2007-04-19,17371.97
9210,2007-04-20,17452.62
9211,2007-04-23,17455.37
9212,2007-04-24,17451.77
9213,2007-04-25,17236.16
9214,2007-04-26,17429.17
9215,2007-04-27,17400.41
9216,2007-05-01,17274.98
9217,2007-05-02,17394.92
9218,2007-05-07,17669.83
9219,2007-05-08,17656.84
9220,2007-05-09,17748.12
9221,2007-05-10,17736.96
9222,2007-05-11,17553.72
9223,2007-05-14,17677.94
9224,2007-05-15,17512.98
9225,2007-05-16,17529.0
9226,2007-05-17,17498.6
9227,2007-05-18,17399.58
9228,2007-05-21,17556.87
9229,2007-05-22,17680.05
9230,2007-05-23,17705.12
9231,2007-05-24,17696.97
9232,2007-05-25,17481.21
9233,2007-05-28,17587.59
9234,2007-05-29,17672.56
9235,2007-05-30,17588.26
9236,2007-05-31,17875.75
9237,2007-06-01,17958.88
9238,2007-06-04,17973.42
9239,2007-06-05,18053.81
9240,2007-06-06,18040.93
9241,2007-06-07,18053.38
9242,2007-06-08,17779.09
9243,2007-06-11,17834.48
9244,2007-06-12,17760.91
9245,2007-06-13,17732.77
9246,2007-06-14,17842.29
9247,2007-06-15,17971.49
9248,2007-06-18,18149.52
9249,2007-06-19,18163.61
9250,2007-06-20,18211.68
9251,2007-06-21,18240.3
9252,2007-06-22,18188.63
9253,2007-06-25,18087.48
9254,2007-06-26,18066.11
9255,2007-06-27,17849.28
9256,2007-06-28,17932.27
9257,2007-06-29,18138.36
9258,2007-07-02,18146.3
9259,2007-07-03,18149.9
9260,2007-07-04,18168.72
9261,2007-07-05,18221.48
9262,2007-07-06,18140.94
9263,2007-07-09,18261.98
9264,2007-07-10,18252.67
9265,2007-07-11,18049.51
9266,2007-07-12,17984.14
9267,2007-07-13,18238.95
9268,2007-07-17,18217.27
9269,2007-07-18,18015.58
9270,2007-07-19,18116.57
9271,2007-07-20,18157.93
9272,2007-07-23,17963.64
9273,2007-07-24,18002.03
9274,2007-07-25,17858.42
9275,2007-07-26,17702.09
9276,2007-07-27,17283.81
9277,2007-07-30,17289.3
9278,2007-07-31,17248.89
9279,2007-08-01,16870.98
9280,2007-08-02,16984.11
9281,2007-08-03,16979.86
9282,2007-08-06,16914.46
9283,2007-08-07,16921.77
9284,2007-08-08,17029.28
9285,2007-08-09,17170.6
9286,2007-08-10,16764.09
9287,2007-08-13,16800.05
9288,2007-08-14,16844.61
9289,2007-08-15,16475.61
9290,2007-08-16,16148.49
9291,2007-08-17,15273.68
9292,2007-08-20,15732.48
9293,2007-08-21,15901.34
9294,2007-08-22,15900.64
9295,2007-08-23,16316.32
9296,2007-08-24,16248.97
9297,2007-08-27,16301.39
9298,2007-08-28,16287.49
9299,2007-08-29,16012.83
9300,2007-08-30,16153.82
9301,2007-08-31,16569.09
9302,2007-09-03,16524.93
9303,2007-09-04,16420.47
9304,2007-09-05,16158.45
9305,2007-09-06,16257.0
9306,2007-09-07,16122.16
9307,2007-09-10,15764.97
9308,2007-09-11,15877.67
9309,2007-09-12,15797.6
9310,2007-09-13,15821.19
9311,2007-09-14,16127.42
9312,2007-09-18,15801.8
9313,2007-09-19,16381.54
9314,2007-09-20,16413.79
9315,2007-09-21,16312.61
9316,2007-09-25,16401.73
9317,2007-09-26,16435.74
9318,2007-09-27,16832.22
9319,2007-09-28,16785.69
9320,2007-10-01,16845.96
9321,2007-10-02,17046.78
9322,2007-10-03,17199.89
9323,2007-10-04,17092.49
9324,2007-10-05,17065.04
9325,2007-10-09,17159.9
9326,2007-10-10,17177.89
9327,2007-10-11,17458.98
9328,2007-10-12,17331.17
9329,2007-10-15,17358.15
9330,2007-10-16,17137.92
9331,2007-10-17,16955.31
9332,2007-10-18,17106.09
9333,2007-10-19,16814.37
9334,2007-10-22,16438.47
9335,2007-10-23,16450.58
9336,2007-10-24,16358.39
9337,2007-10-25,16284.17
9338,2007-10-26,16505.63
9339,2007-10-29,16698.08
9340,2007-10-30,16651.01
9341,2007-10-31,16737.63
9342,2007-11-01,16870.4
9343,2007-11-02,16517.48
9344,2007-11-05,16268.92
9345,2007-11-06,16249.63
9346,2007-11-07,16096.68
9347,2007-11-08,15771.57
9348,2007-11-09,15583.42
9349,2007-11-12,15197.09
9350,2007-11-13,15126.63
9351,2007-11-14,15499.56
9352,2007-11-15,15396.3
9353,2007-11-16,15154.61
9354,2007-11-19,15042.56
9355,2007-11-20,15211.52
9356,2007-11-21,14837.66
9357,2007-11-22,14888.77
9358,2007-11-26,15135.21
9359,2007-11-27,15222.85
9360,2007-11-28,15153.78
9361,2007-11-29,15513.74
9362,2007-11-30,15680.67
9363,2007-12-03,15628.97
9364,2007-12-04,15480.19
9365,2007-12-05,15608.88
9366,2007-12-06,15874.08
9367,2007-12-07,15956.37
9368,2007-12-10,15924.39
9369,2007-12-11,16044.72
9370,2007-12-12,15932.26
9371,2007-12-13,15536.52
9372,2007-12-14,15514.51
9373,2007-12-17,15249.79
9374,2007-12-18,15207.86
9375,2007-12-19,15030.51
9376,2007-12-20,15031.6
9377,2007-12-21,15257.0
9378,2007-12-25,15552.59
9379,2007-12-26,15653.54
9380,2007-12-27,15564.69
9381,2007-12-28,15307.78
9382,2008-01-04,14691.41
9383,2008-01-07,14500.55
9384,2008-01-08,14528.67
9385,2008-01-09,14599.16
9386,2008-01-10,14388.11
9387,2008-01-11,14110.79
9388,2008-01-15,13972.63
9389,2008-01-16,13504.51
9390,2008-01-17,13783.45
9391,2008-01-18,13861.29
9392,2008-01-21,13325.94
9393,2008-01-22,12573.05
9394,2008-01-23,12829.06
9395,2008-01-24,13092.78
9396,2008-01-25,13629.16
9397,2008-01-28,13087.91
9398,2008-01-29,13478.86
9399,2008-01-30,13345.03
9400,2008-01-31,13592.47
9401,2008-02-01,13497.16
9402,2008-02-04,13859.7
9403,2008-02-05,13745.5
9404,2008-02-06,13099.24
9405,2008-02-07,13207.15
9406,2008-02-08,13017.24
9407,2008-02-12,13021.96
9408,2008-02-13,13068.3
9409,2008-02-14,13626.45
9410,2008-02-15,13622.56
9411,2008-02-18,13635.4
9412,2008-02-19,13757.91
9413,2008-02-20,13310.37
9414,2008-02-21,13688.28
9415,2008-02-22,13500.46
9416,2008-02-25,13914.57
9417,2008-02-26,13824.72
9418,2008-02-27,14031.3
9419,2008-02-28,13925.51
9420,2008-02-29,13603.02
9421,2008-03-03,12992.18
9422,2008-03-04,12992.28
9423,2008-03-05,12972.06
9424,2008-03-06,13215.42
9425,2008-03-07,12782.8
9426,2008-03-10,12532.13
9427,2008-03-11,12658.28
9428,2008-03-12,12861.13
9429,2008-03-13,12433.44
9430,2008-03-14,12241.6
9431,2008-03-17,11787.51
9432,2008-03-18,11964.16
9433,2008-03-19,12260.44
9434,2008-03-21,12482.57
9435,2008-03-24,12480.09
9436,2008-03-25,12745.22
9437,2008-03-26,12706.63
9438,2008-03-27,12604.58
9439,2008-03-28,12820.47
9440,2008-03-31,12525.54
9441,2008-04-01,12656.42
9442,2008-04-02,13189.36
9443,2008-04-03,13389.9
9444,2008-04-04,13293.22
9445,2008-04-07,13450.23
9446,2008-04-08,13250.43
9447,2008-04-09,13111.89
9448,2008-04-10,12945.3
9449,2008-04-11,13323.73
9450,2008-04-14,12917.51
9451,2008-04-15,12990.58
9452,2008-04-16,13146.13
9453,2008-04-17,13398.3
9454,2008-04-18,13476.45
9455,2008-04-21,13696.55
9456,2008-04-22,13547.82
9457,2008-04-23,13579.16
9458,2008-04-24,13540.87
9459,2008-04-25,13863.47
9460,2008-04-28,13894.37
9461,2008-04-30,13849.99
9462,2008-05-01,13766.86
9463,2008-05-02,14049.26
9464,2008-05-07,14102.48
9465,2008-05-08,13943.26
9466,2008-05-09,13655.34
9467,2008-05-12,13743.36
9468,2008-05-13,13953.73
9469,2008-05-14,14118.55
9470,2008-05-15,14251.74
9471,2008-05-16,14219.48
9472,2008-05-19,14269.61
9473,2008-05-20,14160.09
9474,2008-05-21,13926.3
9475,2008-05-22,13978.46
9476,2008-05-23,14012.2
9477,2008-05-26,13690.19
9478,2008-05-27,13893.31
9479,2008-05-28,13709.44
9480,2008-05-29,14124.47
9481,2008-05-30,14338.54
9482,2008-06-02,14440.14
9483,2008-06-03,14209.17
9484,2008-06-04,14435.57
9485,2008-06-05,14341.12
9486,2008-06-06,14489.44
9487,2008-06-09,14181.38
9488,2008-06-10,14021.17
9489,2008-06-11,14183.48
9490,2008-06-12,13888.6
9491,2008-06-13,13973.73
9492,2008-06-16,14354.37
9493,2008-06-17,14348.37
9494,2008-06-18,14452.82
9495,2008-06-19,14130.17
9496,2008-06-20,13942.08
9497,2008-06-23,13857.47
9498,2008-06-24,13849.56
9499,2008-06-25,13829.92
9500,2008-06-26,13822.32
9501,2008-06-27,13544.36
9502,2008-06-30,13481.38
9503,2008-07-01,13463.2
9504,2008-07-02,13286.37
9505,2008-07-03,13265.4
9506,2008-07-04,13237.89
9507,2008-07-07,13360.04
9508,2008-07-08,13033.1
9509,2008-07-09,13052.13
9510,2008-07-10,13067.21
9511,2008-07-11,13039.69
9512,2008-07-14,13010.16
9513,2008-07-15,12754.56
9514,2008-07-16,12760.8
9515,2008-07-17,12887.95
9516,2008-07-18,12803.7
9517,2008-07-22,13184.96
9518,2008-07-23,13312.93
9519,2008-07-24,13603.31
9520,2008-07-25,13334.76
9521,2008-07-28,13353.78
9522,2008-07-29,13159.45
9523,2008-07-30,13367.79
9524,2008-07-31,13376.81
9525,2008-08-01,13094.59
9526,2008-08-04,12933.18
9527,2008-08-05,12914.66
9528,2008-08-06,13254.89
9529,2008-08-07,13124.99
9530,2008-08-08,13168.41
9531,2008-08-11,13430.91
9532,2008-08-12,13303.6
9533,2008-08-13,13023.05
9534,2008-08-14,12956.8
9535,2008-08-15,13019.41
9536,2008-08-18,13165.45
9537,2008-08-19,12865.05
9538,2008-08-20,12851.69
9539,2008-08-21,12752.21
9540,2008-08-22,12666.04
9541,2008-08-25,12878.66
9542,2008-08-26,12778.71
9543,2008-08-27,12752.96
9544,2008-08-28,12768.25
9545,2008-08-29,13072.87
9546,2008-09-01,12834.18
9547,2008-09-02,12609.47
9548,2008-09-03,12689.59
9549,2008-09-04,12557.66
9550,2008-09-05,12212.23
9551,2008-09-08,12624.46
9552,2008-09-09,12400.65
9553,2008-09-10,12346.63
9554,2008-09-11,12102.5
9555,2008-09-12,12214.76
9556,2008-09-16,11609.72
9557,2008-09-17,11749.79
9558,2008-09-18,11489.3
9559,2008-09-19,11920.86
9560,2008-09-22,12090.59
9561,2008-09-24,12115.03
9562,2008-09-25,12006.53
9563,2008-09-26,11893.16
9564,2008-09-29,11743.61
9565,2008-09-30,11259.86
9566,2008-10-01,11368.26
9567,2008-10-02,11154.76
9568,2008-10-03,10938.14
9569,2008-10-06,10473.09
9570,2008-10-07,10155.9
9571,2008-10-08,9203.32
9572,2008-10-09,9157.49
9573,2008-10-10,8276.43
9574,2008-10-14,9447.57
9575,2008-10-15,9547.47
9576,2008-10-16,8458.45
9577,2008-10-17,8693.82
9578,2008-10-20,9005.59
9579,2008-10-21,9306.25
9580,2008-10-22,8674.69
9581,2008-10-23,8460.98
9582,2008-10-24,7649.08
9583,2008-10-27,7162.9
9584,2008-10-28,7621.92
9585,2008-10-29,8211.9
9586,2008-10-30,9029.76
9587,2008-10-31,8576.98
9588,2008-11-04,9114.6
9589,2008-11-05,9521.24
9590,2008-11-06,8899.14
9591,2008-11-07,8583.0
9592,2008-11-10,9081.43
9593,2008-11-11,8809.3
9594,2008-11-12,8695.51
9595,2008-11-13,8238.64
9596,2008-11-14,8462.39
9597,2008-11-17,8522.58
9598,2008-11-18,8328.41
9599,2008-11-19,8273.22
9600,2008-11-20,7703.04
9601,2008-11-21,7910.79
9602,2008-11-25,8323.93
9603,2008-11-26,8213.22
9604,2008-11-27,8373.39
9605,2008-11-28,8512.27
9606,2008-12-01,8397.22
9607,2008-12-02,7863.69
9608,2008-12-03,8004.1
9609,2008-12-04,7924.24
9610,2008-12-05,7917.51
9611,2008-12-08,8329.05
9612,2008-12-09,8395.87
9613,2008-12-10,8660.24
9614,2008-12-11,8720.55
9615,2008-12-12,8235.87
9616,2008-12-15,8664.66
9617,2008-12-16,8568.02
9618,2008-12-17,8612.52
9619,2008-12-18,8667.23
9620,2008-12-19,8588.52
9621,2008-12-22,8723.78
9622,2008-12-24,8517.1
9623,2008-12-25,8599.5
9624,2008-12-26,8739.52
9625,2008-12-29,8747.17
9626,2008-12-30,8859.56
9627,2009-01-05,9043.12
9628,2009-01-06,9080.84
9629,2009-01-07,9239.24
9630,2009-01-08,8876.42
9631,2009-01-09,8836.8
9632,2009-01-13,8413.91
9633,2009-01-14,8438.45
9634,2009-01-15,8023.31
9635,2009-01-16,8230.15
9636,2009-01-19,8256.85
9637,2009-01-20,8065.79
9638,2009-01-21,7901.64
9639,2009-01-22,8051.74
9640,2009-01-23,7745.25
9641,2009-01-26,7682.14
9642,2009-01-27,8061.07
9643,2009-01-28,8106.29
9644,2009-01-29,8251.24
9645,2009-01-30,7994.05
9646,2009-02-02,7873.98
9647,2009-02-03,7825.51
9648,2009-02-04,8038.94
9649,2009-02-05,7949.65
9650,2009-02-06,8076.62
9651,2009-02-09,7969.03
9652,2009-02-10,7945.94
9653,2009-02-12,7705.36
9654,2009-02-13,7779.4
9655,2009-02-16,7750.17
9656,2009-02-17,7645.51
9657,2009-02-18,7534.44
9658,2009-02-19,7557.65
9659,2009-02-20,7416.38
9660,2009-02-23,7376.16
9661,2009-02-24,7268.56
9662,2009-02-25,7461.22
9663,2009-02-26,7457.93
9664,2009-02-27,7568.42
9665,2009-03-02,7280.15
9666,2009-03-03,7229.72
9667,2009-03-04,7290.96
9668,2009-03-05,7433.49
9669,2009-03-06,7173.1
9670,2009-03-09,7086.03
9671,2009-03-10,7054.98
9672,2009-03-11,7376.12
9673,2009-03-12,7198.25
9674,2009-03-13,7569.28
9675,2009-03-16,7704.15
9676,2009-03-17,7949.13
9677,2009-03-18,7972.17
9678,2009-03-19,7945.96
9679,2009-03-23,8215.53
9680,2009-03-24,8488.3
9681,2009-03-25,8479.99
9682,2009-03-26,8636.33
9683,2009-03-27,8626.97
9684,2009-03-30,8236.08
9685,2009-03-31,8109.53
9686,2009-04-01,8351.91
9687,2009-04-02,8719.78
9688,2009-04-03,8749.84
9689,2009-04-06,8857.93
9690,2009-04-07,8832.85
9691,2009-04-08,8595.01
9692,2009-04-09,8916.06
9693,2009-04-10,8964.11
9694,2009-04-13,8924.43
9695,2009-04-14,8842.68
9696,2009-04-15,8742.96
9697,2009-04-16,8755.26
9698,2009-04-17,8907.58
9699,2009-04-20,8924.75
9700,2009-04-21,8711.33
9701,2009-04-22,8727.3
9702,2009-04-23,8847.01
9703,2009-04-24,8707.99
9704,2009-04-27,8726.34
9705,2009-04-28,8493.77
9706,2009-04-30,8828.26
9707,2009-05-01,8977.37
9708,2009-05-07,9385.7
9709,2009-05-08,9432.83
9710,2009-05-11,9451.98
9711,2009-05-12,9298.61
9712,2009-05-13,9340.49
9713,2009-05-14,9093.73
9714,2009-05-15,9265.02
9715,2009-05-18,9038.69
9716,2009-05-19,9290.29
9717,2009-05-20,9344.64
9718,2009-05-21,9264.15
9719,2009-05-22,9225.81
9720,2009-05-25,9347.0
9721,2009-05-26,9310.81
9722,2009-05-27,9438.77
9723,2009-05-28,9451.39
9724,2009-05-29,9522.5
9725,2009-06-01,9677.75
9726,2009-06-02,9704.31
9727,2009-06-03,9741.67
9728,2009-06-04,9668.96
9729,2009-06-05,9768.01
9730,2009-06-08,9865.63
9731,2009-06-09,9786.82
9732,2009-06-10,9991.49
9733,2009-06-11,9981.33
9734,2009-06-12,10135.82
9735,2009-06-15,10039.67
9736,2009-06-16,9752.88
9737,2009-06-17,9840.85
9738,2009-06-18,9703.72
9739,2009-06-19,9786.26
9740,2009-06-22,9826.27
9741,2009-06-23,9549.61
9742,2009-06-24,9590.32
9743,2009-06-25,9796.08
9744,2009-06-26,9877.39
9745,2009-06-29,9783.47
9746,2009-06-30,9958.44
9747,2009-07-01,9939.93
9748,2009-07-02,9876.15
9749,2009-07-03,9816.07
9750,2009-07-06,9680.87
9751,2009-07-07,9647.79
9752,2009-07-08,9420.75
9753,2009-07-09,9291.06
9754,2009-07-10,9287.28
9755,2009-07-13,9050.33
9756,2009-07-14,9261.81
9757,2009-07-15,9269.25
9758,2009-07-16,9344.16
9759,2009-07-17,9395.32
9760,2009-07-21,9652.02
9761,2009-07-22,9723.16
9762,2009-07-23,9792.94
9763,2009-07-24,9944.55
9764,2009-07-27,10088.66
9765,2009-07-28,10087.26
9766,2009-07-29,10113.24
9767,2009-07-30,10165.21
9768,2009-07-31,10356.83
9769,2009-08-03,10352.47
9770,2009-08-04,10375.01
9771,2009-08-05,10252.53
9772,2009-08-06,10388.09
9773,2009-08-07,10412.09
9774,2009-08-10,10524.26
9775,2009-08-11,10585.46
9776,2009-08-12,10435.0
9777,2009-08-13,10517.19
9778,2009-08-14,10597.33
9779,2009-08-17,10268.61
9780,2009-08-18,10284.96
9781,2009-08-19,10204.0
9782,2009-08-20,10383.41
9783,2009-08-21,10238.2
9784,2009-08-24,10581.05
9785,2009-08-25,10497.36
9786,2009-08-26,10639.71
9787,2009-08-27,10473.97
9788,2009-08-28,10534.14
9789,2009-08-31,10492.53
9790,2009-09-01,10530.06
9791,2009-09-02,10280.46
9792,2009-09-03,10214.64
9793,2009-09-04,10187.11
9794,2009-09-07,10320.94
9795,2009-09-08,10393.23
9796,2009-09-09,10312.14
9797,2009-09-10,10513.67
9798,2009-09-11,10444.33
9799,2009-09-14,10202.06
9800,2009-09-15,10217.62
9801,2009-09-16,10270.77
9802,2009-09-17,10443.8
9803,2009-09-18,10370.54
9804,2009-09-24,10544.22
9805,2009-09-25,10265.98
9806,2009-09-28,10009.52
9807,2009-09-29,10100.2
9808,2009-09-30,10133.23
9809,2009-10-01,9978.64
9810,2009-10-02,9731.87
9811,2009-10-05,9674.49
9812,2009-10-06,9691.8
9813,2009-10-07,9799.6
9814,2009-10-08,9832.47
9815,2009-10-09,10016.39
9816,2009-10-13,10076.56
9817,2009-10-14,10060.21
9818,2009-10-15,10238.65
9819,2009-10-16,10257.56
9820,2009-10-19,10236.51
9821,2009-10-20,10336.84
9822,2009-10-21,10333.39
9823,2009-10-22,10267.17
9824,2009-10-23,10282.99
9825,2009-10-26,10362.62
9826,2009-10-27,10212.46
9827,2009-10-28,10075.05
9828,2009-10-29,9891.1
9829,2009-10-30,10034.74
9830,2009-11-02,9802.95
9831,2009-11-04,9844.31
9832,2009-11-05,9717.44
9833,2009-11-06,9789.35
9834,2009-11-09,9808.99
9835,2009-11-10,9870.73
9836,2009-11-11,9871.68
9837,2009-11-12,9804.49
9838,2009-11-13,9770.31
9839,2009-11-16,9791.18
9840,2009-11-17,9729.93
9841,2009-11-18,9676.8
9842,2009-11-19,9549.47
9843,2009-11-20,9497.68
9844,2009-11-24,9401.58
9845,2009-11-25,9441.64
9846,2009-11-26,9383.24
9847,2009-11-27,9081.52
9848,2009-11-30,9345.55
9849,2009-12-01,9572.2
9850,2009-12-02,9608.94
9851,2009-12-03,9977.67
9852,2009-12-04,10022.59
9853,2009-12-07,10167.6
9854,2009-12-08,10140.47
9855,2009-12-09,10004.72
9856,2009-12-10,9862.82
9857,2009-12-11,10107.87
9858,2009-12-14,10105.68
9859,2009-12-15,10083.48
9860,2009-12-16,10177.41
9861,2009-12-17,10163.8
9862,2009-12-18,10142.05
9863,2009-12-21,10183.47
9864,2009-12-22,10378.03
9865,2009-12-24,10536.92
9866,2009-12-25,10494.71
9867,2009-12-28,10634.23
9868,2009-12-29,10638.06
9869,2009-12-30,10546.44
9870,2010-01-04,10654.79
9871,2010-01-05,10681.83
9872,2010-01-06,10731.45
9873,2010-01-07,10681.66
9874,2010-01-08,10798.32
9875,2010-01-12,10879.14
9876,2010-01-13,10735.03
9877,2010-01-14,10907.68
9878,2010-01-15,10982.1
9879,2010-01-18,10855.08
9880,2010-01-19,10764.9
9881,2010-01-20,10737.52
9882,2010-01-21,10868.41
9883,2010-01-22,10590.55
9884,2010-01-25,10512.69
9885,2010-01-26,10325.28
9886,2010-01-27,10252.08
9887,2010-01-28,10414.29
9888,2010-01-29,10198.04
9889,2010-02-01,10205.02
9890,2010-02-02,10371.09
9891,2010-02-03,10404.33
9892,2010-02-04,10355.98
9893,2010-02-05,10057.09
9894,2010-02-08,9951.82
9895,2010-02-09,9932.9
9896,2010-02-10,9963.99
9897,2010-02-12,10092.19
9898,2010-02-15,10013.3
9899,2010-02-16,10034.25
9900,2010-02-17,10306.83
9901,2010-02-18,10335.69
9902,2010-02-19,10123.58
9903,2010-02-22,10400.47
9904,2010-02-23,10352.1
9905,2010-02-24,10198.83
9906,2010-02-25,10101.96
9907,2010-02-26,10126.03
9908,2010-03-01,10172.06
9909,2010-03-02,10221.84
9910,2010-03-03,10253.14
9911,2010-03-04,10145.72
9912,2010-03-05,10368.96
9913,2010-03-08,10585.92
9914,2010-03-09,10567.65
9915,2010-03-10,10563.92
9916,2010-03-11,10664.95
9917,2010-03-12,10751.26
9918,2010-03-15,10751.98
9919,2010-03-16,10721.71
9920,2010-03-17,10846.98
9921,2010-03-18,10744.03
9922,2010-03-19,10824.72
9923,2010-03-23,10774.15
9924,2010-03-24,10815.03
9925,2010-03-25,10828.85
9926,2010-03-26,10996.37
9927,2010-03-29,10986.47
9928,2010-03-30,11097.14
9929,2010-03-31,11089.94
9930,2010-04-01,11244.4
9931,2010-04-02,11286.09
9932,2010-04-05,11339.3
9933,2010-04-06,11282.32
9934,2010-04-07,11292.83
9935,2010-04-08,11168.2
9936,2010-04-09,11204.34
9937,2010-04-12,11251.9
9938,2010-04-13,11161.23
9939,2010-04-14,11204.9
9940,2010-04-15,11273.79
9941,2010-04-16,11102.18
9942,2010-04-19,10908.77
9943,2010-04-20,10900.68
9944,2010-04-21,11090.05
9945,2010-04-22,10949.09
9946,2010-04-23,10914.46
9947,2010-04-26,11165.79
9948,2010-04-27,11212.66
9949,2010-04-28,10924.79
9950,2010-04-30,11057.4
9951,2010-05-06,10695.69
9952,2010-05-07,10364.59
9953,2010-05-10,10530.7
9954,2010-05-11,10411.1
9955,2010-05-12,10394.03
9956,2010-05-13,10620.55
9957,2010-05-14,10462.51
9958,2010-05-17,10235.76
9959,2010-05-18,10242.64
9960,2010-05-19,10186.84
9961,2010-05-20,10030.31
9962,2010-05-21,9784.54
9963,2010-05-24,9758.4
9964,2010-05-25,9459.89
9965,2010-05-26,9522.66
9966,2010-05-27,9639.72
9967,2010-05-28,9762.98
9968,2010-05-31,9768.7
9969,2010-06-01,9711.83
9970,2010-06-02,9603.24
9971,2010-06-03,9914.19
9972,2010-06-04,9901.19
9973,2010-06-07,9520.8
9974,2010-06-08,9537.94
9975,2010-06-09,9439.13
9976,2010-06-10,9542.65
9977,2010-06-11,9705.25
9978,2010-06-14,9879.85
9979,2010-06-15,9887.89
9980,2010-06-16,10067.15
9981,2010-06-17,9999.4
9982,2010-06-18,9995.02
9983,2010-06-21,10238.01
9984,2010-06-22,10112.89
9985,2010-06-23,9923.7
9986,2010-06-24,9928.34
9987,2010-06-25,9737.48
9988,2010-06-28,9693.94
9989,2010-06-29,9570.67
9990,2010-06-30,9382.64
9991,2010-07-01,9191.6
9992,2010-07-02,9203.71
9993,2010-07-05,9266.78
9994,2010-07-06,9338.04
9995,2010-07-07,9279.65
9996,2010-07-08,9535.74
9997,2010-07-09,9585.32
9998,2010-07-12,9548.11
9999,2010-07-13,9537.23
10000,2010-07-14,9795.24
10001,2010-07-15,9685.53
10002,2010-07-16,9408.36
10003,2010-07-20,9300.46
10004,2010-07-21,9278.83
10005,2010-07-22,9220.88
10006,2010-07-23,9430.96
10007,2010-07-26,9503.66
10008,2010-07-27,9496.85
10009,2010-07-28,9753.27
10010,2010-07-29,9696.02
10011,2010-07-30,9537.3
10012,2010-08-02,9570.31
10013,2010-08-03,9694.01
10014,2010-08-04,9489.34
10015,2010-08-05,9653.92
10016,2010-08-06,9642.12
10017,2010-08-09,9572.49
10018,2010-08-10,9551.05
10019,2010-08-11,9292.85
10020,2010-08-12,9212.59
10021,2010-08-13,9253.46
10022,2010-08-16,9196.67
10023,2010-08-17,9161.68
10024,2010-08-18,9240.54
10025,2010-08-19,9362.68
10026,2010-08-20,9179.38
10027,2010-08-23,9116.69
10028,2010-08-24,8995.14
10029,2010-08-25,8845.39
10030,2010-08-26,8906.48
10031,2010-08-27,8991.06
10032,2010-08-30,9149.26
10033,2010-08-31,8824.06
10034,2010-09-01,8927.02
10035,2010-09-02,9062.84
10036,2010-09-03,9114.13
10037,2010-09-06,9301.32
10038,2010-09-07,9226.0
10039,2010-09-08,9024.6
10040,2010-09-09,9098.39
10041,2010-09-10,9239.17
10042,2010-09-13,9321.82
10043,2010-09-14,9299.31
10044,2010-09-15,9516.56
10045,2010-09-16,9509.5
10046,2010-09-17,9626.09
10047,2010-09-21,9602.11
10048,2010-09-22,9566.32
10049,2010-09-24,9471.67
10050,2010-09-27,9603.14
10051,2010-09-28,9495.76
10052,2010-09-29,9559.38
10053,2010-09-30,9369.35
10054,2010-10-01,9404.23
10055,2010-10-04,9381.06
10056,2010-10-05,9518.76
10057,2010-10-06,9691.43
10058,2010-10-07,9684.81
10059,2010-10-08,9588.88
10060,2010-10-12,9388.64
10061,2010-10-13,9403.51
10062,2010-10-14,9583.51
10063,2010-10-15,9500.25
10064,2010-10-18,9498.49
10065,2010-10-19,9539.45
10066,2010-10-20,9381.6
10067,2010-10-21,9376.48
10068,2010-10-22,9426.71
10069,2010-10-25,9401.16
10070,2010-10-26,9377.38
10071,2010-10-27,9387.03
10072,2010-10-28,9366.03
10073,2010-10-29,9202.45
10074,2010-11-01,9154.72
10075,2010-11-02,9159.98
10076,2010-11-04,9358.78
10077,2010-11-05,9625.99
10078,2010-11-08,9732.92
10079,2010-11-09,9694.49
10080,2010-11-10,9830.52
10081,2010-11-11,9861.46
10082,2010-11-12,9724.81
10083,2010-11-15,9827.51
10084,2010-11-16,9797.1
10085,2010-11-17,9811.66
10086,2010-11-18,10013.63
10087,2010-11-19,10022.39
10088,2010-11-22,10115.19
10089,2010-11-24,10030.11
10090,2010-11-25,10079.76
10091,2010-11-26,10039.56
10092,2010-11-29,10125.99
10093,2010-11-30,9937.04
10094,2010-12-01,9988.05
10095,2010-12-02,10168.52
10096,2010-12-03,10178.32
10097,2010-12-06,10167.23
10098,2010-12-07,10141.1
10099,2010-12-08,10232.33
10100,2010-12-09,10285.88
10101,2010-12-10,10211.95
10102,2010-12-13,10293.89
10103,2010-12-14,10316.77
10104,2010-12-15,10309.78
10105,2010-12-16,10311.29
10106,2010-12-17,10303.83
10107,2010-12-20,10216.41
10108,2010-12-21,10370.53
10109,2010-12-22,10346.48
10110,2010-12-24,10279.19
10111,2010-12-27,10355.99
10112,2010-12-28,10292.63
10113,2010-12-29,10344.54
10114,2010-12-30,10228.92
10115,2011-01-04,10398.1
10116,2011-01-05,10380.77
10117,2011-01-06,10529.76
10118,2011-01-07,10541.04
10119,2011-01-11,10510.68
10120,2011-01-12,10512.8
10121,2011-01-13,10589.76
10122,2011-01-14,10499.04
10123,2011-01-17,10502.86
10124,2011-01-18,10518.98
10125,2011-01-19,10557.1
10126,2011-01-20,10437.31
10127,2011-01-21,10274.52
10128,2011-01-24,10345.11
10129,2011-01-25,10464.42
10130,2011-01-26,10401.9
10131,2011-01-27,10478.66
10132,2011-01-28,10360.34
10133,2011-01-31,10237.92
10134,2011-02-01,10274.5
10135,2011-02-02,10457.36
10136,2011-02-03,10431.36
10137,2011-02-04,10543.52
10138,2011-02-07,10592.04
10139,2011-02-08,10635.98
10140,2011-02-09,10617.83
10141,2011-02-10,10605.65
10142,2011-02-14,10725.54
10143,2011-02-15,10746.67
10144,2011-02-16,10808.29
10145,2011-02-17,10836.64
10146,2011-02-18,10842.8
10147,2011-02-21,10857.53
10148,2011-02-22,10664.7
10149,2011-02-23,10579.1
10150,2011-02-24,10452.71
10151,2011-02-25,10526.76
10152,2011-02-28,10624.09
10153,2011-03-01,10754.03
10154,2011-03-02,10492.38
10155,2011-03-03,10586.02
10156,2011-03-04,10693.66
10157,2011-03-07,10505.02
10158,2011-03-08,10525.19
10159,2011-03-09,10589.5
10160,2011-03-10,10434.38
10161,2011-03-11,10254.43
10162,2011-03-14,9620.49
10163,2011-03-15,8605.15
10164,2011-03-16,9093.72
10165,2011-03-17,8962.67
10166,2011-03-18,9206.75
10167,2011-03-22,9608.32
10168,2011-03-23,9449.47
10169,2011-03-24,9435.01
10170,2011-03-25,9536.13
10171,2011-03-28,9478.53
10172,2011-03-29,9459.08
10173,2011-03-30,9708.79
10174,2011-03-31,9755.1
10175,2011-04-01,9708.39
10176,2011-04-04,9718.89
10177,2011-04-05,9615.55
10178,2011-04-06,9584.37
10179,2011-04-07,9590.93
10180,2011-04-08,9768.08
10181,2011-04-11,9719.7
10182,2011-04-12,9555.26
10183,2011-04-13,9641.18
10184,2011-04-14,9653.92
10185,2011-04-15,9591.52
10186,2011-04-18,9556.65
10187,2011-04-19,9441.03
10188,2011-04-20,9606.82
10189,2011-04-21,9685.77
10190,2011-04-22,9682.21
10191,2011-04-25,9671.96
10192,2011-04-26,9558.69
10193,2011-04-27,9691.84
10194,2011-04-28,9849.74
10195,2011-05-02,10004.2
10196,2011-05-06,9859.2
10197,2011-05-09,9794.38
10198,2011-05-10,9818.76
10199,2011-05-11,9864.26
10200,2011-05-12,9716.65
10201,2011-05-13,9648.77
10202,2011-05-16,9558.3
10203,2011-05-17,9567.02
10204,2011-05-18,9662.08
10205,2011-05-19,9620.82
10206,2011-05-20,9607.08
10207,2011-05-23,9460.63
10208,2011-05-24,9477.17
10209,2011-05-25,9422.88
10210,2011-05-26,9562.05
10211,2011-05-27,9521.94
10212,2011-05-30,9504.97
10213,2011-05-31,9693.73
10214,2011-06-01,9719.61
10215,2011-06-02,9555.04
10216,2011-06-03,9492.21
10217,2011-06-06,9380.35
10218,2011-06-07,9442.95
10219,2011-06-08,9449.46
10220,2011-06-09,9467.15
10221,2011-06-10,9514.44
10222,2011-06-13,9448.21
10223,2011-06-14,9547.79
10224,2011-06-15,9574.32
10225,2011-06-16,9411.28
10226,2011-06-17,9351.4
10227,2011-06-20,9354.32
10228,2011-06-21,9459.66
10229,2011-06-22,9629.43
10230,2011-06-23,9596.74
10231,2011-06-24,9678.71
10232,2011-06-27,9578.31
10233,2011-06-28,9648.98
10234,2011-06-29,9797.26
10235,2011-06-30,9816.09
10236,2011-07-01,9868.07
10237,2011-07-04,9965.09
10238,2011-07-05,9972.46
10239,2011-07-06,10082.48
10240,2011-07-07,10071.14
10241,2011-07-08,10137.73
10242,2011-07-11,10069.53
10243,2011-07-12,9925.92
10244,2011-07-13,9963.14
10245,2011-07-14,9936.12
10246,2011-07-15,9974.47
10247,2011-07-19,9889.72
10248,2011-07-20,10005.9
10249,2011-07-21,10010.39
10250,2011-07-22,10132.11
10251,2011-07-25,10050.01
10252,2011-07-26,10097.72
10253,2011-07-27,10047.19
10254,2011-07-28,9901.35
10255,2011-07-29,9833.03
10256,2011-08-01,9965.01
10257,2011-08-02,9844.59
10258,2011-08-03,9637.14
10259,2011-08-04,9659.18
10260,2011-08-05,9299.88
10261,2011-08-08,9097.56
10262,2011-08-09,8944.48
10263,2011-08-10,9038.74
10264,2011-08-11,8981.94
10265,2011-08-12,8963.72
10266,2011-08-15,9086.41
10267,2011-08-16,9107.43
10268,2011-08-17,9057.26
10269,2011-08-18,8943.76
10270,2011-08-19,8719.24
10271,2011-08-22,8628.13
10272,2011-08-23,8733.01
10273,2011-08-24,8639.61
10274,2011-08-25,8772.36
10275,2011-08-26,8797.78
10276,2011-08-29,8851.35
10277,2011-08-30,8953.9
10278,2011-08-31,8955.2
10279,2011-09-01,9060.8
10280,2011-09-02,8950.74
10281,2011-09-05,8784.46
10282,2011-09-06,8590.57
10283,2011-09-07,8763.41
10284,2011-09-08,8793.12
10285,2011-09-09,8737.66
10286,2011-09-12,8535.67
10287,2011-09-13,8616.55
10288,2011-09-14,8518.57
10289,2011-09-15,8668.86
10290,2011-09-16,8864.16
10291,2011-09-20,8721.24
10292,2011-09-21,8741.16
10293,2011-09-22,8560.26
10294,2011-09-26,8374.13
10295,2011-09-27,8609.95
10296,2011-09-28,8615.65
10297,2011-09-29,8701.23
10298,2011-09-30,8700.29
10299,2011-10-03,8545.48
10300,2011-10-04,8456.12
10301,2011-10-05,8382.98
10302,2011-10-06,8522.02
10303,2011-10-07,8605.62
10304,2011-10-11,8773.68
10305,2011-10-12,8738.9
10306,2011-10-13,8823.25
10307,2011-10-14,8747.96
10308,2011-10-17,8879.6
10309,2011-10-18,8741.91
10310,2011-10-19,8772.54
10311,2011-10-20,8682.15
10312,2011-10-21,8678.89
10313,2011-10-24,8843.98
10314,2011-10-25,8762.31
10315,2011-10-26,8748.47
10316,2011-10-27,8926.54
10317,2011-10-28,9050.47
10318,2011-10-31,8988.39
10319,2011-11-01,8835.52
10320,2011-11-02,8640.42
10321,2011-11-04,8801.4
10322,2011-11-07,8767.09
10323,2011-11-08,8655.51
10324,2011-11-09,8755.44
10325,2011-11-10,8500.8
10326,2011-11-11,8514.47
10327,2011-11-14,8603.7
10328,2011-11-15,8541.93
10329,2011-11-16,8463.16
10330,2011-11-17,8479.63
10331,2011-11-18,8374.91
10332,2011-11-21,8348.27
10333,2011-11-22,8314.74
10334,2011-11-24,8165.18
10335,2011-11-25,8160.01
10336,2011-11-28,8287.49
10337,2011-11-29,8477.82
10338,2011-11-30,8434.61
10339,2011-12-01,8597.38
10340,2011-12-02,8643.75
10341,2011-12-05,8695.98
10342,2011-12-06,8575.16
10343,2011-12-07,8722.17
10344,2011-12-08,8664.58
10345,2011-12-09,8536.46
10346,2011-12-12,8653.82
10347,2011-12-13,8552.81
10348,2011-12-14,8519.13
10349,2011-12-15,8377.37
10350,2011-12-16,8401.72
10351,2011-12-19,8296.12
10352,2011-12-20,8336.48
10353,2011-12-21,8459.98
10354,2011-12-22,8395.16
10355,2011-12-26,8479.34
10356,2011-12-27,8440.56
10357,2011-12-28,8423.62
10358,2011-12-29,8398.89
10359,2011-12-30,8455.35
10360,2012-01-04,8560.11
10361,2012-01-05,8488.71
10362,2012-01-06,8390.35
10363,2012-01-10,8422.26
10364,2012-01-11,8447.88
10365,2012-01-12,8385.59
10366,2012-01-13,8500.02
10367,2012-01-16,8378.36
10368,2012-01-17,8466.4
10369,2012-01-18,8550.58
10370,2012-01-19,8639.68
10371,2012-01-20,8766.36
10372,2012-01-23,8765.9
10373,2012-01-24,8785.33
10374,2012-01-25,8883.69
10375,2012-01-26,8849.47
10376,2012-01-27,8841.22
10377,2012-01-30,8793.05
10378,2012-01-31,8802.51
10379,2012-02-01,8809.79
10380,2012-02-02,8876.82
10381,2012-02-03,8831.93
10382,2012-02-06,8929.2
10383,2012-02-07,8917.52
10384,2012-02-08,9015.59
10385,2012-02-09,9002.24
10386,2012-02-10,8947.17
10387,2012-02-13,8999.18
10388,2012-02-14,9052.07
10389,2012-02-15,9260.34
10390,2012-02-16,9238.1
10391,2012-02-17,9384.17
10392,2012-02-20,9485.09
10393,2012-02-21,9463.02
10394,2012-02-22,9554.0
10395,2012-02-23,9595.57
10396,2012-02-24,9647.38
10397,2012-02-27,9633.93
10398,2012-02-28,9722.52
10399,2012-02-29,9723.24
10400,2012-03-01,9707.37
10401,2012-03-02,9777.03
10402,2012-03-05,9698.59
10403,2012-03-06,9637.63
10404,2012-03-07,9576.06
10405,2012-03-08,9768.96
10406,2012-03-09,9929.74
10407,2012-03-12,9889.86
10408,2012-03-13,9899.08
10409,2012-03-14,10050.52
10410,2012-03-15,10123.28
10411,2012-03-16,10129.83
10412,2012-03-19,10141.99
10413,2012-03-21,10086.49
10414,2012-03-22,10127.08
10415,2012-03-23,10011.47
10416,2012-03-26,10018.24
10417,2012-03-27,10255.15
10418,2012-03-28,10182.57
10419,2012-03-29,10114.79
10420,2012-03-30,10083.56
10421,2012-04-02,10109.87
10422,2012-04-03,10050.39
10423,2012-04-04,9819.99
10424,2012-04-05,9767.61
10425,2012-04-06,9688.45
10426,2012-04-09,9546.26
10427,2012-04-10,9538.02
10428,2012-04-11,9458.74
10429,2012-04-12,9524.79
10430,2012-04-13,9637.99
10431,2012-04-16,9470.64
10432,2012-04-17,9464.71
10433,2012-04-18,9667.26
10434,2012-04-19,9588.38
10435,2012-04-20,9561.36
10436,2012-04-23,9542.17
10437,2012-04-24,9468.04
10438,2012-04-25,9561.01
10439,2012-04-26,9561.83
10440,2012-04-27,9520.89
10441,2012-05-01,9350.95
10442,2012-05-02,9380.25
10443,2012-05-07,9119.14
10444,2012-05-08,9181.65
10445,2012-05-09,9045.06
10446,2012-05-10,9009.65
10447,2012-05-11,8953.31
10448,2012-05-14,8973.84
10449,2012-05-15,8900.74
10450,2012-05-16,8801.17
10451,2012-05-17,8876.59
10452,2012-05-18,8611.31
10453,2012-05-21,8633.89
10454,2012-05-22,8729.29
10455,2012-05-23,8556.6
10456,2012-05-24,8563.38
10457,2012-05-25,8580.39
10458,2012-05-28,8593.15
10459,2012-05-29,8657.08
10460,2012-05-30,8633.19
10461,2012-05-31,8542.73
10462,2012-06-01,8440.25
10463,2012-06-04,8295.63
10464,2012-06-05,8382.0
10465,2012-06-06,8533.53
10466,2012-06-07,8639.72
10467,2012-06-08,8459.26
10468,2012-06-11,8624.9
10469,2012-06-12,8536.72
10470,2012-06-13,8587.84
10471,2012-06-14,8568.89
10472,2012-06-15,8569.32
10473,2012-06-18,8721.02
10474,2012-06-19,8655.87
10475,2012-06-20,8752.31
10476,2012-06-21,8824.07
10477,2012-06-22,8798.35
10478,2012-06-25,8734.62
10479,2012-06-26,8663.99
10480,2012-06-27,8730.49
10481,2012-06-28,8874.11
10482,2012-06-29,9006.78
10483,2012-07-02,9003.48
10484,2012-07-03,9066.59
10485,2012-07-04,9104.17
10486,2012-07-05,9079.8
10487,2012-07-06,9020.75
10488,2012-07-09,8896.88
10489,2012-07-10,8857.73
10490,2012-07-11,8851.0
10491,2012-07-12,8720.01
10492,2012-07-13,8724.12
10493,2012-07-17,8755.0
10494,2012-07-18,8726.74
10495,2012-07-19,8795.55
10496,2012-07-20,8669.87
10497,2012-07-23,8508.32
10498,2012-07-24,8488.09
10499,2012-07-25,8365.9
10500,2012-07-26,8443.1
10501,2012-07-27,8566.64
10502,2012-07-30,8635.44
10503,2012-07-31,8695.06
10504,2012-08-01,8641.85
10505,2012-08-02,8653.18
10506,2012-08-03,8555.11
10507,2012-08-06,8726.29
10508,2012-08-07,8803.31
10509,2012-08-08,8881.16
10510,2012-08-09,8978.6
10511,2012-08-10,8891.44
10512,2012-08-13,8885.15
10513,2012-08-14,8929.88
10514,2012-08-15,8925.04
10515,2012-08-16,9092.76
10516,2012-08-17,9162.5
10517,2012-08-20,9171.16
10518,2012-08-21,9156.92
10519,2012-08-22,9131.74
10520,2012-08-23,9178.12
10521,2012-08-24,9070.76
10522,2012-08-27,9085.39
10523,2012-08-28,9033.29
10524,2012-08-29,9069.81
10525,2012-08-30,8983.78
10526,2012-08-31,8839.91
10527,2012-09-03,8783.89
10528,2012-09-04,8775.51
10529,2012-09-05,8679.82
10530,2012-09-06,8680.57
10531,2012-09-07,8871.65
10532,2012-09-10,8869.37
10533,2012-09-11,8807.38
10534,2012-09-12,8959.96
10535,2012-09-13,8995.15
10536,2012-09-14,9159.39
10537,2012-09-18,9123.77
10538,2012-09-19,9232.21
10539,2012-09-20,9086.98
10540,2012-09-21,9110.0
10541,2012-09-24,9069.29
10542,2012-09-25,9091.54
10543,2012-09-26,8906.7
10544,2012-09-27,8949.87
10545,2012-09-28,8870.16
10546,2012-10-01,8796.51
10547,2012-10-02,8786.05
10548,2012-10-03,8746.87
10549,2012-10-04,8824.59
10550,2012-10-05,8863.3
10551,2012-10-09,8769.59
10552,2012-10-10,8596.23
10553,2012-10-11,8546.78
10554,2012-10-12,8534.12
10555,2012-10-15,8577.93
10556,2012-10-16,8701.31
10557,2012-10-17,8806.55
10558,2012-10-18,8982.86
10559,2012-10-19,9002.68
10560,2012-10-22,9010.71
10561,2012-10-23,9014.25
10562,2012-10-24,8954.3
10563,2012-10-25,9055.2
10564,2012-10-26,8933.06
10565,2012-10-29,8929.34
10566,2012-10-30,8841.98
10567,2012-10-31,8928.29
10568,2012-11-01,8946.87
10569,2012-11-02,9051.22
10570,2012-11-05,9007.44
10571,2012-11-06,8975.15
10572,2012-11-07,8972.89
10573,2012-11-08,8837.15
10574,2012-11-09,8757.6
10575,2012-11-12,8676.44
10576,2012-11-13,8661.05
10577,2012-11-14,8664.73
10578,2012-11-15,8829.72
10579,2012-11-16,9024.16
10580,2012-11-19,9153.2
10581,2012-11-20,9142.64
10582,2012-11-21,9222.52
10583,2012-11-22,9366.8
10584,2012-11-26,9388.94
10585,2012-11-27,9423.3
10586,2012-11-28,9308.35
10587,2012-11-29,9400.88
10588,2012-11-30,9446.01
10589,2012-12-03,9458.18
10590,2012-12-04,9432.46
10591,2012-12-05,9468.84
10592,2012-12-06,9545.16
10593,2012-12-07,9527.39
10594,2012-12-10,9533.75
10595,2012-12-11,9525.32
10596,2012-12-12,9581.46
10597,2012-12-13,9742.73
10598,2012-12-14,9737.56
10599,2012-12-17,9828.88
10600,2012-12-18,9923.01
10601,2012-12-19,10160.4
10602,2012-12-20,10039.33
10603,2012-12-21,9940.06
10604,2012-12-25,10080.12
10605,2012-12-26,10230.36
10606,2012-12-27,10322.98
10607,2012-12-28,10395.18
10608,2013-01-04,10688.11
10609,2013-01-07,10599.01
10610,2013-01-08,10508.06
10611,2013-01-09,10578.57
10612,2013-01-10,10652.64
10613,2013-01-11,10801.57
10614,2013-01-15,10879.08
10615,2013-01-16,10600.44
10616,2013-01-17,10609.64
10617,2013-01-18,10913.3
10618,2013-01-21,10747.74
10619,2013-01-22,10709.93
10620,2013-01-23,10486.99
10621,2013-01-24,10620.87
10622,2013-01-25,10926.65
10623,2013-01-28,10824.31
10624,2013-01-29,10866.72
10625,2013-01-30,11113.95
10626,2013-01-31,11138.66
10627,2013-02-01,11191.34
10628,2013-02-04,11260.35
10629,2013-02-05,11046.92
10630,2013-02-06,11463.75
10631,2013-02-07,11357.07
10632,2013-02-08,11153.16
10633,2013-02-12,11369.12
10634,2013-02-13,11251.41
10635,2013-02-14,11307.28
10636,2013-02-15,11173.83
10637,2013-02-18,11407.87
10638,2013-02-19,11372.34
10639,2013-02-20,11468.28
10640,2013-02-21,11309.13
10641,2013-02-22,11385.94
10642,2013-02-25,11662.52
10643,2013-02-26,11398.81
10644,2013-02-27,11253.97
10645,2013-02-28,11559.36
10646,2013-03-01,11606.38
10647,2013-03-04,11652.29
10648,2013-03-05,11683.45
10649,2013-03-06,11932.27
10650,2013-03-07,11968.08
10651,2013-03-08,12283.62
10652,2013-03-11,12349.05
10653,2013-03-12,12314.81
10654,2013-03-13,12239.66
10655,2013-03-14,12381.19
10656,2013-03-15,12560.95
10657,2013-03-18,12220.63
10658,2013-03-19,12468.23
10659,2013-03-21,12635.69
10660,2013-03-22,12338.53
10661,2013-03-25,12546.46
10662,2013-03-26,12471.62
10663,2013-03-27,12493.79
10664,2013-03-28,12335.96
10665,2013-03-29,12397.91
10666,2013-04-01,12135.02
10667,2013-04-02,12003.43
10668,2013-04-03,12362.2
10669,2013-04-04,12634.54
10670,2013-04-05,12833.64
10671,2013-04-08,13192.59
10672,2013-04-09,13192.35
10673,2013-04-10,13288.13
10674,2013-04-11,13549.16
10675,2013-04-12,13485.14
10676,2013-04-15,13275.66
10677,2013-04-16,13221.44
10678,2013-04-17,13382.89
10679,2013-04-18,13220.07
10680,2013-04-19,13316.48
10681,2013-04-22,13568.37
10682,2013-04-23,13529.65
10683,2013-04-24,13843.46
10684,2013-04-25,13926.08
10685,2013-04-26,13884.13
10686,2013-04-30,13860.86
10687,2013-05-01,13799.35
10688,2013-05-02,13694.04
10689,2013-05-07,14180.24
10690,2013-05-08,14285.69
10691,2013-05-09,14191.48
10692,2013-05-10,14607.54
10693,2013-05-13,14782.21
10694,2013-05-14,14758.42
10695,2013-05-15,15096.03
10696,2013-05-16,15037.24
10697,2013-05-17,15138.12
10698,2013-05-20,15360.81
10699,2013-05-21,15381.02
10700,2013-05-22,15627.26
10701,2013-05-23,14483.98
10702,2013-05-24,14612.45
10703,2013-05-27,14142.65
10704,2013-05-28,14311.98
10705,2013-05-29,14326.46
10706,2013-05-30,13589.03
10707,2013-05-31,13774.54
10708,2013-06-03,13261.82
10709,2013-06-04,13533.76
10710,2013-06-05,13014.87
10711,2013-06-06,12904.02
10712,2013-06-07,12877.53
10713,2013-06-10,13514.2
10714,2013-06-11,13317.62
10715,2013-06-12,13289.32
10716,2013-06-13,12445.38
10717,2013-06-14,12686.52
10718,2013-06-17,13033.12
10719,2013-06-18,13007.28
10720,2013-06-19,13245.22
10721,2013-06-20,13014.58
10722,2013-06-21,13230.13
10723,2013-06-24,13062.78
10724,2013-06-25,12969.34
10725,2013-06-26,12834.01
10726,2013-06-27,13213.55
10727,2013-06-28,13677.32
10728,2013-07-01,13852.5
10729,2013-07-02,14098.74
10730,2013-07-03,14055.56
10731,2013-07-04,14018.93
10732,2013-07-05,14309.97
10733,2013-07-08,14109.34
10734,2013-07-09,14472.9
10735,2013-07-10,14416.6
10736,2013-07-11,14472.58
10737,2013-07-12,14506.25
10738,2013-07-16,14599.12
10739,2013-07-17,14615.04
10740,2013-07-18,14808.5
10741,2013-07-19,14589.91
10742,2013-07-22,14658.04
10743,2013-07-23,14778.51
10744,2013-07-24,14731.28
10745,2013-07-25,14562.93
10746,2013-07-26,14129.98
10747,2013-07-29,13661.13
10748,2013-07-30,13869.82
10749,2013-07-31,13668.32
10750,2013-08-01,14005.77
10751,2013-08-02,14466.16
10752,2013-08-05,14258.04
10753,2013-08-06,14401.06
10754,2013-08-07,13824.94
10755,2013-08-08,13605.56
10756,2013-08-09,13615.19
10757,2013-08-12,13519.43
10758,2013-08-13,13867.0
10759,2013-08-14,14050.16
10760,2013-08-15,13752.94
10761,2013-08-16,13650.11
10762,2013-08-19,13758.13
10763,2013-08-20,13396.38
10764,2013-08-21,13424.33
10765,2013-08-22,13365.17
10766,2013-08-23,13660.55
10767,2013-08-26,13636.28
10768,2013-08-27,13542.37
10769,2013-08-28,13338.46
10770,2013-08-29,13459.71
10771,2013-08-30,13388.86
10772,2013-09-02,13572.92
10773,2013-09-03,13978.44
10774,2013-09-04,14053.87
10775,2013-09-05,14064.82
10776,2013-09-06,13860.81
10777,2013-09-09,14205.23
10778,2013-09-10,14423.36
10779,2013-09-11,14425.07
10780,2013-09-12,14387.27
10781,2013-09-13,14404.67
10782,2013-09-17,14311.67
10783,2013-09-18,14505.36
10784,2013-09-19,14766.18
10785,2013-09-20,14742.42
10786,2013-09-24,14732.61
10787,2013-09-25,14620.53
10788,2013-09-26,14799.12
10789,2013-09-27,14760.07
10790,2013-09-30,14455.8
10791,2013-10-01,14484.72
10792,2013-10-02,14170.49
10793,2013-10-03,14157.25
10794,2013-10-04,14024.31
10795,2013-10-07,13853.32
10796,2013-10-08,13894.61
10797,2013-10-09,14037.84
10798,2013-10-10,14194.71
10799,2013-10-11,14404.74
10800,2013-10-15,14441.54
10801,2013-10-16,14467.14
10802,2013-10-17,14586.51
10803,2013-10-18,14561.54
10804,2013-10-21,14693.57
10805,2013-10-22,14713.25
10806,2013-10-23,14426.05
10807,2013-10-24,14486.41
10808,2013-10-25,14088.19
10809,2013-10-28,14396.04
10810,2013-10-29,14325.98
10811,2013-10-30,14502.35
10812,2013-10-31,14327.94
10813,2013-11-01,14201.57
10814,2013-11-05,14225.37
10815,2013-11-06,14337.31
10816,2013-11-07,14228.44
10817,2013-11-08,14086.8
10818,2013-11-11,14269.84
10819,2013-11-12,14588.68
10820,2013-11-13,14567.16
10821,2013-11-14,14876.41
10822,2013-11-15,15165.92
10823,2013-11-18,15164.3
10824,2013-11-19,15126.56
10825,2013-11-20,15076.08
10826,2013-11-21,15365.6
10827,2013-11-22,15381.72
10828,2013-11-25,15619.13
10829,2013-11-26,15515.24
10830,2013-11-27,15449.63
10831,2013-11-28,15727.12
10832,2013-11-29,15661.87
10833,2013-12-02,15655.07
10834,2013-12-03,15749.66
10835,2013-12-04,15407.94
10836,2013-12-05,15177.49
10837,2013-12-06,15299.86
10838,2013-12-09,15650.21
10839,2013-12-10,15611.31
10840,2013-12-11,15515.06
10841,2013-12-12,15341.82
10842,2013-12-13,15403.11
10843,2013-12-16,15152.91
10844,2013-12-17,15278.63
10845,2013-12-18,15587.8
10846,2013-12-19,15859.22
10847,2013-12-20,15870.42
10848,2013-12-24,15889.33
10849,2013-12-25,16009.99
10850,2013-12-26,16174.44
10851,2013-12-27,16178.94
10852,2013-12-30,16291.31
10853,2014-01-06,15908.88
10854,2014-01-07,15814.37
10855,2014-01-08,16121.45
10856,2014-01-09,15880.33
10857,2014-01-10,15912.06
10858,2014-01-14,15422.4
10859,2014-01-15,15808.73
10860,2014-01-16,15747.2
10861,2014-01-17,15734.46
10862,2014-01-20,15641.68
10863,2014-01-21,15795.96
10864,2014-01-22,15820.96
10865,2014-01-23,15695.89
10866,2014-01-24,15391.56
10867,2014-01-27,15005.73
10868,2014-01-28,14980.16
10869,2014-01-29,15383.91
10870,2014-01-30,15007.06
10871,2014-01-31,14914.53
10872,2014-02-03,14619.13
10873,2014-02-04,14008.47
10874,2014-02-05,14180.38
10875,2014-02-06,14155.12
10876,2014-02-07,14462.41
10877,2014-02-10,14718.34
10878,2014-02-12,14800.06
10879,2014-02-13,14534.74
10880,2014-02-14,14313.03
10881,2014-02-17,14393.11
10882,2014-02-18,14843.24
10883,2014-02-19,14766.53
10884,2014-02-20,14449.18
10885,2014-02-21,14865.67
10886,2014-02-24,14837.68
10887,2014-02-25,15051.6
10888,2014-02-26,14970.97
10889,2014-02-27,14923.11
10890,2014-02-28,14841.07
10891,2014-03-03,14652.23
10892,2014-03-04,14721.48
10893,2014-03-05,14897.63
10894,2014-03-06,15134.75
10895,2014-03-07,15274.07
10896,2014-03-10,15120.14
10897,2014-03-11,15224.11
10898,2014-03-12,14830.39
10899,2014-03-13,14815.98
10900,2014-03-14,14327.66
10901,2014-03-17,14277.67
10902,2014-03-18,14411.27
10903,2014-03-19,14462.52
10904,2014-03-20,14224.23
10905,2014-03-24,14475.3
10906,2014-03-25,14423.19
10907,2014-03-26,14477.16
10908,2014-03-27,14622.89
10909,2014-03-28,14696.03
10910,2014-03-31,14827.83
10911,2014-04-01,14791.99
10912,2014-04-02,14946.32
10913,2014-04-03,15071.88
10914,2014-04-04,15063.77
10915,2014-04-07,14808.85
10916,2014-04-08,14606.88
10917,2014-04-09,14299.69
10918,2014-04-10,14300.12
10919,2014-04-11,13960.05
10920,2014-04-14,13910.16
10921,2014-04-15,13996.81
10922,2014-04-16,14417.68
10923,2014-04-17,14417.53
10924,2014-04-18,14516.27
10925,2014-04-21,14512.38
10926,2014-04-22,14388.77
10927,2014-04-23,14546.27
10928,2014-04-24,14404.99
10929,2014-04-25,14429.26
10930,2014-04-28,14288.23
10931,2014-04-30,14304.11
10932,2014-05-01,14485.13
10933,2014-05-02,14457.51
10934,2014-05-07,14033.45
10935,2014-05-08,14163.78
10936,2014-05-09,14199.59
10937,2014-05-12,14149.52
10938,2014-05-13,14425.44
10939,2014-05-14,14405.76
10940,2014-05-15,14298.21
10941,2014-05-16,14096.59
10942,2014-05-19,14006.44
10943,2014-05-20,14075.25
10944,2014-05-21,14042.17
10945,2014-05-22,14337.79
10946,2014-05-23,14462.17
10947,2014-05-26,14602.52
10948,2014-05-27,14636.52
10949,2014-05-28,14670.95
10950,2014-05-29,14681.72
10951,2014-05-30,14632.38
10952,2014-06-02,14935.92
10953,2014-06-03,15034.25
10954,2014-06-04,15067.96
10955,2014-06-05,15079.37
10956,2014-06-06,15077.24
10957,2014-06-09,15124.0
10958,2014-06-10,14994.8
10959,2014-06-11,15069.48
10960,2014-06-12,14973.53
10961,2014-06-13,15097.84
10962,2014-06-16,14933.29
10963,2014-06-17,14975.97
10964,2014-06-18,15115.8
10965,2014-06-19,15361.16
10966,2014-06-20,15349.42
10967,2014-06-23,15369.28
10968,2014-06-24,15376.24
10969,2014-06-25,15266.61
10970,2014-06-26,15308.49
10971,2014-06-27,15095.0
10972,2014-06-30,15162.1
10973,2014-07-01,15326.2
10974,2014-07-02,15369.97
10975,2014-07-03,15348.29
10976,2014-07-04,15437.13
10977,2014-07-07,15379.44
10978,2014-07-08,15314.41
10979,2014-07-09,15302.65
10980,2014-07-10,15216.47
10981,2014-07-11,15164.04
10982,2014-07-14,15296.82
10983,2014-07-15,15395.16
10984,2014-07-16,15379.3
10985,2014-07-17,15370.26
10986,2014-07-18,15215.71
10987,2014-07-22,15343.28
10988,2014-07-23,15328.56
10989,2014-07-24,15284.42
10990,2014-07-25,15457.87
10991,2014-07-28,15529.4
10992,2014-07-29,15618.07
10993,2014-07-30,15646.23
10994,2014-07-31,15620.77
10995,2014-08-01,15523.11
10996,2014-08-04,15474.5
10997,2014-08-05,15320.31
10998,2014-08-06,15159.79
10999,2014-08-07,15232.37
11000,2014-08-08,14778.37
11001,2014-08-11,15130.52
11002,2014-08-12,15161.31
11003,2014-08-13,15213.63
11004,2014-08-14,15314.57
11005,2014-08-15,15318.34
11006,2014-08-18,15322.6
11007,2014-08-19,15449.79
11008,2014-08-20,15454.45
11009,2014-08-21,15586.2
11010,2014-08-22,15539.19
11011,2014-08-25,15613.25
11012,2014-08-26,15521.22
11013,2014-08-27,15534.82
11014,2014-08-28,15459.86
11015,2014-08-29,15424.59
11016,2014-09-01,15476.6
11017,2014-09-02,15668.6
11018,2014-09-03,15728.35
11019,2014-09-04,15676.18
11020,2014-09-05,15668.68
11021,2014-09-08,15705.11
11022,2014-09-09,15749.15
11023,2014-09-10,15788.78
11024,2014-09-11,15909.2
11025,2014-09-12,15948.29
11026,2014-09-16,15911.53
11027,2014-09-17,15888.67
11028,2014-09-18,16067.57
11029,2014-09-19,16321.17
11030,2014-09-22,16205.9
11031,2014-09-24,16167.45
11032,2014-09-25,16374.14
11033,2014-09-26,16229.86
11034,2014-09-29,16310.64
11035,2014-09-30,16173.52
11036,2014-10-01,16082.25
11037,2014-10-02,15661.99
11038,2014-10-03,15708.65
11039,2014-10-06,15890.95
11040,2014-10-07,15783.83
11041,2014-10-08,15595.98
11042,2014-10-09,15478.93
11043,2014-10-10,15300.55
11044,2014-10-14,14936.51
11045,2014-10-15,15073.52
11046,2014-10-16,14738.38
11047,2014-10-17,14532.51
11048,2014-10-20,15111.23
11049,2014-10-21,14804.28
11050,2014-10-22,15195.77
11051,2014-10-23,15138.96
11052,2014-10-24,15291.64
11053,2014-10-27,15388.72
11054,2014-10-28,15329.91
11055,2014-10-29,15553.91
11056,2014-10-30,15658.2
11057,2014-10-31,16413.76
11058,2014-11-04,16862.47
11059,2014-11-05,16937.32
11060,2014-11-06,16792.48
11061,2014-11-07,16880.38
11062,2014-11-10,16780.53
11063,2014-11-11,17124.11
11064,2014-11-12,17197.05
11065,2014-11-13,17392.79
11066,2014-11-14,17490.83
11067,2014-11-17,16973.8
11068,2014-11-18,17344.06
11069,2014-11-19,17288.75
11070,2014-11-20,17300.86
11071,2014-11-21,17357.51
11072,2014-11-25,17407.62
11073,2014-11-26,17383.58
11074,2014-11-27,17248.5
11075,2014-11-28,17459.85
11076,2014-12-01,17590.1
11077,2014-12-02,17663.22
11078,2014-12-03,17720.43
11079,2014-12-04,17887.21
11080,2014-12-05,17920.45
11081,2014-12-08,17935.64
11082,2014-12-09,17813.38
11083,2014-12-10,17412.58
11084,2014-12-11,17257.4
11085,2014-12-12,17371.58
11086,2014-12-15,17099.4
11087,2014-12-16,16755.32
11088,2014-12-17,16819.73
11089,2014-12-18,17210.05
11090,2014-12-19,17621.4
11091,2014-12-22,17635.14
11092,2014-12-24,17854.23
11093,2014-12-25,17808.75
11094,2014-12-26,17818.96
11095,2014-12-29,17729.84
11096,2014-12-30,17450.77
11097,2015-01-05,17408.71
11098,2015-01-06,16883.19
11099,2015-01-07,16885.33
11100,2015-01-08,17167.1
11101,2015-01-09,17197.73
11102,2015-01-13,17087.71
11103,2015-01-14,16795.96
11104,2015-01-15,17108.7
11105,2015-01-16,16864.16
11106,2015-01-19,17014.29
11107,2015-01-20,17366.3
11108,2015-01-21,17280.48
11109,2015-01-22,17329.02
11110,2015-01-23,17511.75
11111,2015-01-26,17468.52
11112,2015-01-27,17768.3
11113,2015-01-28,17795.73
11114,2015-01-29,17606.22
11115,2015-01-30,17674.39
11116,2015-02-02,17558.04
11117,2015-02-03,17335.85
11118,2015-02-04,17678.74
11119,2015-02-05,17504.62
11120,2015-02-06,17648.5
11121,2015-02-09,17711.93
11122,2015-02-10,17652.68
11123,2015-02-12,17979.72
11124,2015-02-13,17913.36
11125,2015-02-16,18004.77
11126,2015-02-17,17987.09
11127,2015-02-18,18199.17
11128,2015-02-19,18264.79
11129,2015-02-20,18332.3
11130,2015-02-23,18466.92
11131,2015-02-24,18603.48
11132,2015-02-25,18585.2
11133,2015-02-26,18785.79
11134,2015-02-27,18797.94
11135,2015-03-02,18826.88
11136,2015-03-03,18815.16
11137,2015-03-04,18703.6
11138,2015-03-05,18751.84
11139,2015-03-06,18971.0
11140,2015-03-09,18790.55
11141,2015-03-10,18665.11
11142,2015-03-11,18723.52
11143,2015-03-12,18991.11
11144,2015-03-13,19254.25
11145,2015-03-16,19246.06
11146,2015-03-17,19437.0
11147,2015-03-18,19544.48
11148,2015-03-19,19476.56
11149,2015-03-20,19560.22
11150,2015-03-23,19754.36
11151,2015-03-24,19713.45
11152,2015-03-25,19746.2
11153,2015-03-26,19471.12
11154,2015-03-27,19285.63
11155,2015-03-30,19411.4
11156,2015-03-31,19206.99
11157,2015-04-01,19034.84
11158,2015-04-02,19312.79
11159,2015-04-03,19435.08
11160,2015-04-06,19397.98
11161,2015-04-07,19640.54
11162,2015-04-08,19789.81
11163,2015-04-09,19937.72
11164,2015-04-10,19907.63
11165,2015-04-13,19905.46
11166,2015-04-14,19908.68
11167,2015-04-15,19869.76
11168,2015-04-16,19885.77
11169,2015-04-17,19652.88
11170,2015-04-20,19634.49
11171,2015-04-21,19909.09
11172,2015-04-22,20133.9
11173,2015-04-23,20187.65
11174,2015-04-24,20020.04
11175,2015-04-27,19983.32
11176,2015-04-28,20058.95
11177,2015-04-30,19520.01
11178,2015-05-01,19531.63
11179,2015-05-07,19291.99
11180,2015-05-08,19379.19
11181,2015-05-11,19620.91
11182,2015-05-12,19624.84
11183,2015-05-13,19764.72
11184,2015-05-14,19570.24
11185,2015-05-15,19732.92
11186,2015-05-18,19890.27
11187,2015-05-19,20026.38
11188,2015-05-20,20196.56
11189,2015-05-21,20202.87
11190,2015-05-22,20264.41
11191,2015-05-25,20413.77
11192,2015-05-26,20437.48
11193,2015-05-27,20472.58
11194,2015-05-28,20551.46
11195,2015-05-29,20563.15
11196,2015-06-01,20569.87
11197,2015-06-02,20543.19
11198,2015-06-03,20473.51
11199,2015-06-04,20488.19
11200,2015-06-05,20460.9
11201,2015-06-08,20457.19
11202,2015-06-09,20096.3
11203,2015-06-10,20046.36
11204,2015-06-11,20382.97
11205,2015-06-12,20407.08
11206,2015-06-15,20387.79
11207,2015-06-16,20257.94
11208,2015-06-17,20219.27
11209,2015-06-18,19990.82
11210,2015-06-19,20174.24
11211,2015-06-22,20428.19
11212,2015-06-23,20809.42
11213,2015-06-24,20868.03
11214,2015-06-25,20771.4
11215,2015-06-26,20706.15
11216,2015-06-29,20109.95
11217,2015-06-30,20235.73
11218,2015-07-01,20329.32
11219,2015-07-02,20522.5
11220,2015-07-03,20539.79
11221,2015-07-06,20112.12
11222,2015-07-07,20376.59
11223,2015-07-08,19737.64
11224,2015-07-09,19855.5
11225,2015-07-10,19779.83
11226,2015-07-13,20089.77
11227,2015-07-14,20385.33
11228,2015-07-15,20463.33
11229,2015-07-16,20600.12
11230,2015-07-17,20650.92
11231,2015-07-21,20841.97
11232,2015-07-22,20593.67
11233,2015-07-23,20683.95
11234,2015-07-24,20544.53
11235,2015-07-27,20350.1
11236,2015-07-28,20328.89
11237,2015-07-29,20302.91
11238,2015-07-30,20522.83
11239,2015-07-31,20585.24
11240,2015-08-03,20548.11
11241,2015-08-04,20520.36
11242,2015-08-05,20614.06
11243,2015-08-06,20664.44
11244,2015-08-07,20724.56
11245,2015-08-10,20808.69
11246,2015-08-11,20720.75
11247,2015-08-12,20392.77
11248,2015-08-13,20595.55
11249,2015-08-14,20519.45
11250,2015-08-17,20620.26
11251,2015-08-18,20554.47
11252,2015-08-19,20222.63
11253,2015-08-20,20033.52
11254,2015-08-21,19435.83
11255,2015-08-24,18540.68
11256,2015-08-25,17806.7
11257,2015-08-26,18376.83
11258,2015-08-27,18574.44
11259,2015-08-28,19136.32
11260,2015-08-31,18890.48
11261,2015-09-01,18165.69
11262,2015-09-02,18095.4
11263,2015-09-03,18182.39
11264,2015-09-04,17792.16
11265,2015-09-07,17860.47
11266,2015-09-08,17427.08
11267,2015-09-09,18770.51
11268,2015-09-10,18299.62
11269,2015-09-11,18264.22
11270,2015-09-14,17965.7
11271,2015-09-15,18026.48
11272,2015-09-16,18171.6
11273,2015-09-17,18432.27
11274,2015-09-18,18070.21
11275,2015-09-24,17571.83
11276,2015-09-25,17880.51
11277,2015-09-28,17645.11
11278,2015-09-29,16930.84
11279,2015-09-30,17388.15
11280,2015-10-01,17722.42
11281,2015-10-02,17725.13
11282,2015-10-05,18005.49
11283,2015-10-06,18186.1
11284,2015-10-07,18322.98
11285,2015-10-08,18141.17
11286,2015-10-09,18438.67
11287,2015-10-13,18234.74
11288,2015-10-14,17891.0
11289,2015-10-15,18096.9
11290,2015-10-16,18291.8
11291,2015-10-19,18131.23
11292,2015-10-20,18207.15
11293,2015-10-21,18554.28
11294,2015-10-22,18435.87
11295,2015-10-23,18825.3
11296,2015-10-26,18947.12
11297,2015-10-27,18777.04
11298,2015-10-28,18903.02
11299,2015-10-29,18935.71
11300,2015-10-30,19083.1
11301,2015-11-02,18683.24
11302,2015-11-04,18926.91
11303,2015-11-05,19116.41
11304,2015-11-06,19265.6
11305,2015-11-09,19642.74
11306,2015-11-10,19671.26
11307,2015-11-11,19691.39
11308,2015-11-12,19697.77
11309,2015-11-13,19596.91
11310,2015-11-16,19393.69
11311,2015-11-17,19630.63
11312,2015-11-18,19649.18
11313,2015-11-19,19859.81
11314,2015-11-20,19879.81
11315,2015-11-24,19924.89
11316,2015-11-25,19847.58
11317,2015-11-26,19944.41
11318,2015-11-27,19883.94
11319,2015-11-30,19747.47
11320,2015-12-01,20012.4
11321,2015-12-02,19938.13
11322,2015-12-03,19939.9
11323,2015-12-04,19504.48
11324,2015-12-07,19698.15
11325,2015-12-08,19492.6
11326,2015-12-09,19301.07
11327,2015-12-10,19046.55
11328,2015-12-11,19230.48
11329,2015-12-14,18883.42
11330,2015-12-15,18565.9
11331,2015-12-16,19049.91
11332,2015-12-17,19353.56
11333,2015-12-18,18986.8
11334,2015-12-21,18916.02
11335,2015-12-22,18886.7
11336,2015-12-24,18789.69
11337,2015-12-25,18769.06
11338,2015-12-28,18873.35
11339,2015-12-29,18982.23
11340,2015-12-30,19033.71
11341,2016-01-04,18450.98
11342,2016-01-05,18374.0
11343,2016-01-06,18191.32
11344,2016-01-07,17767.34
11345,2016-01-08,17697.96
11346,2016-01-12,17218.96
11347,2016-01-13,17715.63
11348,2016-01-14,17240.95
11349,2016-01-15,17147.11
11350,2016-01-18,16955.57
11351,2016-01-19,17048.37
11352,2016-01-20,16416.19
11353,2016-01-21,16017.26
11354,2016-01-22,16958.53
11355,2016-01-25,17110.91
11356,2016-01-26,16708.9
11357,2016-01-27,17163.92
11358,2016-01-28,17041.45
11359,2016-01-29,17518.3
11360,2016-02-01,17865.23
11361,2016-02-02,17750.68
11362,2016-02-03,17191.25
11363,2016-02-04,17044.99
11364,2016-02-05,16819.59
11365,2016-02-08,17004.3
11366,2016-02-09,16085.44
11367,2016-02-10,15713.39
11368,2016-02-12,14952.61
11369,2016-02-15,16022.58
11370,2016-02-16,16054.43
11371,2016-02-17,15836.36
11372,2016-02-18,16196.8
11373,2016-02-19,15967.17
11374,2016-02-22,16111.05
11375,2016-02-23,16052.05
11376,2016-02-24,15915.79
11377,2016-02-25,16140.34
11378,2016-02-26,16188.41
11379,2016-02-29,16026.76
11380,2016-03-01,16085.51
11381,2016-03-02,16746.55
11382,2016-03-03,16960.16
11383,2016-03-04,17014.78
11384,2016-03-07,16911.32
11385,2016-03-08,16783.15
11386,2016-03-09,16642.2
11387,2016-03-10,16852.35
11388,2016-03-11,16938.87
11389,2016-03-14,17233.75
11390,2016-03-15,17117.07
11391,2016-03-16,16974.45
11392,2016-03-17,16936.38
11393,2016-03-18,16724.81
11394,2016-03-22,17048.55
11395,2016-03-23,17000.98
11396,2016-03-24,16892.33
11397,2016-03-25,17002.75
11398,2016-03-28,17134.37
11399,2016-03-29,17103.53
11400,2016-03-30,16878.96
11401,2016-03-31,16758.67
11402,2016-04-01,16164.16
11403,2016-04-04,16123.27
11404,2016-04-05,15732.82
11405,2016-04-06,15715.36
11406,2016-04-07,15749.84
11407,2016-04-08,15821.52
11408,2016-04-11,15751.13
11409,2016-04-12,15928.79
11410,2016-04-13,16381.22
11411,2016-04-14,16911.05
11412,2016-04-15,16848.03
11413,2016-04-18,16275.95
11414,2016-04-19,16874.44
11415,2016-04-20,16906.54
11416,2016-04-21,17363.62
11417,2016-04-22,17572.49
11418,2016-04-25,17439.3
11419,2016-04-26,17353.28
11420,2016-04-27,17290.49
11421,2016-04-28,16666.05
11422,2016-05-02,16147.38
11423,2016-05-06,16106.72
11424,2016-05-09,16216.03
11425,2016-05-10,16565.19
11426,2016-05-11,16579.01
11427,2016-05-12,16646.34
11428,2016-05-13,16412.21
11429,2016-05-16,16466.4
11430,2016-05-17,16652.8
11431,2016-05-18,16644.69
11432,2016-05-19,16646.66
11433,2016-05-20,16736.35
11434,2016-05-23,16654.6
11435,2016-05-24,16498.76
11436,2016-05-25,16757.35
11437,2016-05-26,16772.46
11438,2016-05-27,16834.84
11439,2016-05-30,17068.02
11440,2016-05-31,17234.98
11441,2016-06-01,16955.73
11442,2016-06-02,16562.55
11443,2016-06-03,16642.23
11444,2016-06-06,16580.03
11445,2016-06-07,16675.45
11446,2016-06-08,16830.92
11447,2016-06-09,16668.41
11448,2016-06-10,16601.36
11449,2016-06-13,16019.18
11450,2016-06-14,15859.0
11451,2016-06-15,15919.58
11452,2016-06-16,15434.14
11453,2016-06-17,15599.66
11454,2016-06-20,15965.3
11455,2016-06-21,16169.11
11456,2016-06-22,16065.72
11457,2016-06-23,16238.35
11458,2016-06-24,14952.02
11459,2016-06-27,15309.21
11460,2016-06-28,15323.14
11461,2016-06-29,15566.83
11462,2016-06-30,15575.92
11463,2016-07-01,15682.48
11464,2016-07-04,15775.8
11465,2016-07-05,15669.33
11466,2016-07-06,15378.99
11467,2016-07-07,15276.24
11468,2016-07-08,15106.98
11469,2016-07-11,15708.82
11470,2016-07-12,16095.65
11471,2016-07-13,16231.43
11472,2016-07-14,16385.89
11473,2016-07-15,16497.85
11474,2016-07-19,16723.31
11475,2016-07-20,16681.89
11476,2016-07-21,16810.22
11477,2016-07-22,16627.25
11478,2016-07-25,16620.29
11479,2016-07-26,16383.04
11480,2016-07-27,16664.82
11481,2016-07-28,16476.84
11482,2016-07-29,16569.27
11483,2016-08-01,16635.77
11484,2016-08-02,16391.45
11485,2016-08-03,16083.11
11486,2016-08-04,16254.89
11487,2016-08-05,16254.45
11488,2016-08-08,16650.57
11489,2016-08-09,16764.97
11490,2016-08-10,16735.12
11491,2016-08-12,16919.92
11492,2016-08-15,16869.56
11493,2016-08-16,16596.51
11494,2016-08-17,16745.64
11495,2016-08-18,16486.01
11496,2016-08-19,16545.82
11497,2016-08-22,16598.19
11498,2016-08-23,16497.36
11499,2016-08-24,16597.3
11500,2016-08-25,16555.95
11501,2016-08-26,16360.71
11502,2016-08-29,16737.49
11503,2016-08-30,16725.36
11504,2016-08-31,16887.4
11505,2016-09-01,16926.84
11506,2016-09-02,16925.68
11507,2016-09-05,17037.63
11508,2016-09-06,17081.98
11509,2016-09-07,17012.44
11510,2016-09-08,16958.77
11511,2016-09-09,16965.76
11512,2016-09-12,16672.92
11513,2016-09-13,16729.04
11514,2016-09-14,16614.24
11515,2016-09-15,16405.01
11516,2016-09-16,16519.29
11517,2016-09-20,16492.15
11518,2016-09-21,16807.62
11519,2016-09-23,16754.02
11520,2016-09-26,16544.56
11521,2016-09-27,16683.93
11522,2016-09-28,16465.4
11523,2016-09-29,16693.71
11524,2016-09-30,16449.84
11525,2016-10-03,16598.67
11526,2016-10-04,16735.65
11527,2016-10-05,16819.24
11528,2016-10-06,16899.1
11529,2016-10-07,16860.09
11530,2016-10-11,17024.76
11531,2016-10-12,16840.0
11532,2016-10-13,16774.24
11533,2016-10-14,16856.37
11534,2016-10-17,16900.12
11535,2016-10-18,16963.61
11536,2016-10-19,16998.91
11537,2016-10-20,17235.5
11538,2016-10-21,17184.59
11539,2016-10-24,17234.42
11540,2016-10-25,17365.25
11541,2016-10-26,17391.84
11542,2016-10-27,17336.42
11543,2016-10-28,17446.41
11544,2016-10-31,17425.02
11545,2016-11-01,17442.4
11546,2016-11-02,17134.68
11547,2016-11-04,16905.36
11548,2016-11-07,17177.21
11549,2016-11-08,17171.38
11550,2016-11-09,16251.54
11551,2016-11-10,17344.42
11552,2016-11-11,17374.79
11553,2016-11-14,17672.62
11554,2016-11-15,17668.15
11555,2016-11-16,17862.21
11556,2016-11-17,17862.63
11557,2016-11-18,17967.41
11558,2016-11-21,18106.02
11559,2016-11-22,18162.94
11560,2016-11-24,18333.41
11561,2016-11-25,18381.22
11562,2016-11-28,18356.89
11563,2016-11-29,18307.04
11564,2016-11-30,18308.48
11565,2016-12-01,18513.12
11566,2016-12-02,18426.08
11567,2016-12-05,18274.99
11568,2016-12-06,18360.54
11569,2016-12-07,18496.69
11570,2016-12-08,18765.47
11571,2016-12-09,18996.37
11572,2016-12-12,19155.03
11573,2016-12-13,19250.52
11574,2016-12-14,19253.61
11575,2016-12-15,19273.79
11576,2016-12-16,19401.15
11577,2016-12-19,19391.6
11578,2016-12-20,19494.53
11579,2016-12-21,19444.49
11580,2016-12-22,19427.67
11581,2016-12-26,19396.64
11582,2016-12-27,19403.06
11583,2016-12-28,19401.72
11584,2016-12-29,19145.14
11585,2016-12-30,19114.37
11586,2017-01-04,19594.16
11587,2017-01-05,19520.69
11588,2017-01-06,19454.33
11589,2017-01-10,19301.44
11590,2017-01-11,19364.67
11591,2017-01-12,19134.7
11592,2017-01-13,19287.28
11593,2017-01-16,19095.24
11594,2017-01-17,18813.53
11595,2017-01-18,18894.37
11596,2017-01-19,19072.25
11597,2017-01-20,19137.91
11598,2017-01-23,18891.03
11599,2017-01-24,18787.99
11600,2017-01-25,19057.5
11601,2017-01-26,19402.39
11602,2017-01-27,19467.4
11603,2017-01-30,19368.85
11604,2017-01-31,19041.34
11605,2017-02-01,19148.08
11606,2017-02-02,18914.58
11607,2017-02-03,18918.2
11608,2017-02-06,18976.71
11609,2017-02-07,18910.78
11610,2017-02-08,19007.6
11611,2017-02-09,18907.67
11612,2017-02-10,19378.93
11613,2017-02-13,19459.15
11614,2017-02-14,19238.98
11615,2017-02-15,19437.98
11616,2017-02-16,19347.53
11617,2017-02-17,19234.62
11618,2017-02-20,19251.08
11619,2017-02-21,19381.44
11620,2017-02-22,19379.87
11621,2017-02-23,19371.46
11622,2017-02-24,19283.54
11623,2017-02-27,19107.47
11624,2017-02-28,19118.99
11625,2017-03-01,19393.54
11626,2017-03-02,19564.8
11627,2017-03-03,19469.17
11628,2017-03-06,19379.14
11629,2017-03-07,19344.15
11630,2017-03-08,19254.03
11631,2017-03-09,19318.58
11632,2017-03-10,19604.61
11633,2017-03-13,19633.75
11634,2017-03-14,19609.5
11635,2017-03-15,19577.38
11636,2017-03-16,19590.14
11637,2017-03-17,19521.59
11638,2017-03-21,19455.88
11639,2017-03-22,19041.38
11640,2017-03-23,19085.31
11641,2017-03-24,19262.53
11642,2017-03-27,18985.59
11643,2017-03-28,19202.87
11644,2017-03-29,19217.48
11645,2017-03-30,19063.22
11646,2017-03-31,18909.26
11647,2017-04-03,18983.23
11648,2017-04-04,18810.25
11649,2017-04-05,18861.27
11650,2017-04-06,18597.06
11651,2017-04-07,18664.63
11652,2017-04-10,18797.88
11653,2017-04-11,18747.87
11654,2017-04-12,18552.61
11655,2017-04-13,18426.84
11656,2017-04-14,18335.63
11657,2017-04-17,18355.26
11658,2017-04-18,18418.59
11659,2017-04-19,18432.2
11660,2017-04-20,18430.49
11661,2017-04-21,18620.75
11662,2017-04-24,18875.88
11663,2017-04-25,19079.33
11664,2017-04-26,19289.43
11665,2017-04-27,19251.87
11666,2017-04-28,19196.74
11667,2017-05-01,19310.52
11668,2017-05-02,19445.7
11669,2017-05-08,19895.7
11670,2017-05-09,19843.0
11671,2017-05-10,19900.09
11672,2017-05-11,19961.55
11673,2017-05-12,19883.9
11674,2017-05-15,19869.85
11675,2017-05-16,19919.82
11676,2017-05-17,19814.88
11677,2017-05-18,19553.86
11678,2017-05-19,19590.76
11679,2017-05-22,19678.28
11680,2017-05-23,19613.28
11681,2017-05-24,19742.98
11682,2017-05-25,19813.13
11683,2017-05-26,19686.84
11684,2017-05-29,19682.57
11685,2017-05-30,19677.85
11686,2017-05-31,19650.57
11687,2017-06-01,19860.03
11688,2017-06-02,20177.28
11689,2017-06-05,20170.82
11690,2017-06-06,19979.9
11691,2017-06-07,19984.62
11692,2017-06-08,19909.26
11693,2017-06-09,20013.26
11694,2017-06-12,19908.58
11695,2017-06-13,19898.75
11696,2017-06-14,19883.52
11697,2017-06-15,19831.82
11698,2017-06-16,19943.26
11699,2017-06-19,20067.75
11700,2017-06-20,20230.41
11701,2017-06-21,20138.79
11702,2017-06-22,20110.51
11703,2017-06-23,20132.67
11704,2017-06-26,20153.35
11705,2017-06-27,20225.09
11706,2017-06-28,20130.41
11707,2017-06-29,20220.3
11708,2017-06-30,20033.43
11709,2017-07-03,20055.8
11710,2017-07-04,20032.35
11711,2017-07-05,20081.63
11712,2017-07-06,19994.06
11713,2017-07-07,19929.09
11714,2017-07-10,20080.98
11715,2017-07-11,20195.48
11716,2017-07-12,20098.38
11717,2017-07-13,20099.81
11718,2017-07-14,20118.86
11719,2017-07-18,19999.91
11720,2017-07-19,20020.86
11721,2017-07-20,20144.59
11722,2017-07-21,20099.75
11723,2017-07-24,19975.67
11724,2017-07-25,19955.2
11725,2017-07-26,20050.16
11726,2017-07-27,20079.64
11727,2017-07-28,19959.84
11728,2017-07-31,19925.18
11729,2017-08-01,19985.79
11730,2017-08-02,20080.04
11731,2017-08-03,20029.26
11732,2017-08-04,19952.33
11733,2017-08-07,20055.89
11734,2017-08-08,19996.01
11735,2017-08-09,19738.71
11736,2017-08-10,19729.74
11737,2017-08-14,19537.1
11738,2017-08-15,19753.31
11739,2017-08-16,19729.28
11740,2017-08-17,19702.63
11741,2017-08-18,19470.41
11742,2017-08-21,19393.13
11743,2017-08-22,19383.84
11744,2017-08-23,19434.64
11745,2017-08-24,19353.77
11746,2017-08-25,19452.61
11747,2017-08-28,19449.9
11748,2017-08-29,19362.55
11749,2017-08-30,19506.54
11750,2017-08-31,19646.24
11751,2017-09-01,19691.47
11752,2017-09-04,19508.25
11753,2017-09-05,19385.81
11754,2017-09-06,19357.97
11755,2017-09-07,19396.52
11756,2017-09-08,19274.82
11757,2017-09-11,19545.77
11758,2017-09-12,19776.62
11759,2017-09-13,19865.82
11760,2017-09-14,19807.44
11761,2017-09-15,19909.5
11762,2017-09-19,20299.38
11763,2017-09-20,20310.46
11764,2017-09-21,20347.48
11765,2017-09-22,20296.45
11766,2017-09-25,20397.58
11767,2017-09-26,20330.19
11768,2017-09-27,20267.05
11769,2017-09-28,20363.11
11770,2017-09-29,20356.28
11771,2017-10-02,20400.78
11772,2017-10-03,20614.07
11773,2017-10-04,20626.66
11774,2017-10-05,20628.56
11775,2017-10-06,20690.71
11776,2017-10-10,20823.51
11777,2017-10-11,20881.27
11778,2017-10-12,20954.72
11779,2017-10-13,21155.18
11780,2017-10-16,21255.56
11781,2017-10-17,21336.12
11782,2017-10-18,21363.05
11783,2017-10-19,21448.52
11784,2017-10-20,21457.64
11785,2017-10-23,21696.65
11786,2017-10-24,21805.17
11787,2017-10-25,21707.62
11788,2017-10-26,21739.78
11789,2017-10-27,22008.45
11790,2017-10-30,22011.67
11791,2017-10-31,22011.61
11792,2017-11-01,22420.08
11793,2017-11-02,22539.12
11794,2017-11-06,22548.35
11795,2017-11-07,22937.6
11796,2017-11-08,22913.82
11797,2017-11-09,22868.71
11798,2017-11-10,22681.42
11799,2017-11-13,22380.99
11800,2017-11-14,22380.01
11801,2017-11-15,22028.32
11802,2017-11-16,22351.12
11803,2017-11-17,22396.8
11804,2017-11-20,22261.76
11805,2017-11-21,22416.48
11806,2017-11-22,22523.15
11807,2017-11-24,22550.85
11808,2017-11-27,22495.99
11809,2017-11-28,22486.24
11810,2017-11-29,22597.2
11811,2017-11-30,22724.96
11812,2017-12-01,22819.03
11813,2017-12-04,22707.16
11814,2017-12-05,22622.38
11815,2017-12-06,22177.04
11816,2017-12-07,22498.03
11817,2017-12-08,22811.08
11818,2017-12-11,22938.73
11819,2017-12-12,22866.17
11820,2017-12-13,22758.07
11821,2017-12-14,22694.45
11822,2017-12-15,22553.22
11823,2017-12-18,22901.77
11824,2017-12-19,22868.0
11825,2017-12-20,22891.72
11826,2017-12-21,22866.1
11827,2017-12-22,22902.76
11828,2017-12-25,22939.18
11829,2017-12-26,22892.69
11830,2017-12-27,22911.21
11831,2017-12-28,22783.98
11832,2017-12-29,22764.94
