,Unnamed: 0,UKX
4817,2003-01-02,3940.4
4818,2003-01-03,4009.5
4819,2003-01-06,4004.9
4820,2003-01-07,4001.4
4821,2003-01-08,3957.4
4822,2003-01-09,3924.8
4823,2003-01-10,3934.0
4824,2003-01-13,3974.1
4825,2003-01-14,3948.3
4826,2003-01-15,3945.6
4827,2003-01-16,3887.8
4828,2003-01-17,3881.8
4829,2003-01-20,3820.6
4830,2003-01-21,3778.6
4831,2003-01-22,3736.7
4832,2003-01-23,3678.0
4833,2003-01-24,3622.2
4834,2003-01-27,3603.7
4835,2003-01-28,3480.8
4836,2003-01-29,3490.0
4837,2003-01-30,3483.8
4838,2003-01-31,3578.7
4839,2003-02-03,3567.4
4840,2003-02-04,3689.4
4841,2003-02-05,3590.1
4842,2003-02-06,3678.7
4843,2003-02-07,3597.0
4844,2003-02-10,3599.2
4845,2003-02-11,3579.1
4846,2003-02-12,3669.2
4847,2003-02-13,3616.1
4848,2003-02-14,3610.8
4849,2003-02-17,3611.9
4850,2003-02-18,3692.4
4851,2003-02-19,3729.5
4852,2003-02-20,3658.3
4853,2003-02-21,3687.2
4854,2003-02-24,3727.1
4855,2003-02-25,3701.8
4856,2003-02-26,3621.5
4857,2003-02-27,3593.3
4858,2003-02-28,3569.9
4859,2003-03-03,3655.6
4860,2003-03-04,3684.7
4861,2003-03-05,3625.3
4862,2003-03-06,3563.5
4863,2003-03-07,3555.4
4864,2003-03-10,3491.6
4865,2003-03-11,3436.0
4866,2003-03-12,3452.7
4867,2003-03-13,3287.0
4868,2003-03-14,3486.9
4869,2003-03-17,3601.8
4870,2003-03-18,3722.3
4871,2003-03-19,3747.3
4872,2003-03-20,3765.4
4873,2003-03-21,3765.7
4874,2003-03-24,3861.1
4875,2003-03-25,3743.3
4876,2003-03-26,3762.0
4877,2003-03-27,3793.1
4878,2003-03-28,3729.1
4879,2003-03-31,3708.5
4880,2003-04-01,3613.3
4881,2003-04-02,3684.8
4882,2003-04-03,3753.4
4883,2003-04-04,3771.1
4884,2003-04-07,3814.4
4885,2003-04-08,3935.8
4886,2003-04-09,3868.8
4887,2003-04-10,3861.4
4888,2003-04-11,3803.3
4889,2003-04-14,3808.1
4890,2003-04-15,3849.4
4891,2003-04-16,3916.8
4892,2003-04-17,3854.9
4893,2003-04-22,3889.2
4894,2003-04-23,3917.7
4895,2003-04-24,3966.5
4896,2003-04-25,3899.0
4897,2003-04-28,3870.2
4898,2003-04-29,3940.3
4899,2003-04-30,3927.8
4900,2003-05-01,3926.0
4901,2003-05-02,3880.1
4902,2003-05-06,3952.6
4903,2003-05-07,4006.4
4904,2003-05-08,3992.9
4905,2003-05-09,3928.9
4906,2003-05-12,3969.4
4907,2003-05-13,3987.4
4908,2003-05-14,3999.9
4909,2003-05-15,3975.0
4910,2003-05-16,4011.1
4911,2003-05-19,4049.0
4912,2003-05-20,3941.3
4913,2003-05-21,3971.6
4914,2003-05-22,3936.4
4915,2003-05-23,3990.4
4916,2003-05-27,3979.8
4917,2003-05-28,3992.4
4918,2003-05-29,4071.9
4919,2003-05-30,4083.6
4920,2003-06-02,4048.1
4921,2003-06-03,4129.3
4922,2003-06-04,4115.7
4923,2003-06-05,4126.6
4924,2003-06-06,4104.3
4925,2003-06-09,4150.8
4926,2003-06-10,4129.1
4927,2003-06-11,4113.0
4928,2003-06-12,4150.1
4929,2003-06-13,4161.3
4930,2003-06-16,4134.1
4931,2003-06-17,4152.9
4932,2003-06-18,4190.4
4933,2003-06-19,4207.0
4934,2003-06-20,4131.5
4935,2003-06-23,4160.1
4936,2003-06-24,4087.9
4937,2003-06-25,4060.9
4938,2003-06-26,4067.9
4939,2003-06-27,4041.7
4940,2003-06-30,4067.8
4941,2003-07-01,4031.2
4942,2003-07-02,3963.9
4943,2003-07-03,4006.9
4944,2003-07-04,4024.8
4945,2003-07-07,4021.5
4946,2003-07-08,4074.8
4947,2003-07-09,4073.6
4948,2003-07-10,4054.7
4949,2003-07-11,4028.8
4950,2003-07-14,4058.1
4951,2003-07-15,4127.6
4952,2003-07-16,4102.5
4953,2003-07-17,4077.1
4954,2003-07-18,4056.6
4955,2003-07-21,4073.2
4956,2003-07-22,4044.3
4957,2003-07-23,4079.7
4958,2003-07-24,4086.5
4959,2003-07-25,4149.6
4960,2003-07-28,4131.2
4961,2003-07-29,4148.8
4962,2003-07-30,4137.0
4963,2003-07-31,4141.2
4964,2003-08-01,4157.0
4965,2003-08-04,4098.4
4966,2003-08-05,4100.1
4967,2003-08-06,4121.0
4968,2003-08-07,4070.4
4969,2003-08-08,4095.6
4970,2003-08-11,4147.8
4971,2003-08-12,4176.7
4972,2003-08-13,4185.6
4973,2003-08-14,4180.7
4974,2003-08-15,4237.8
4975,2003-08-18,4247.3
4976,2003-08-19,4272.1
4977,2003-08-20,4250.8
4978,2003-08-21,4217.4
4979,2003-08-22,4223.5
4980,2003-08-26,4225.9
4981,2003-08-27,4177.4
4982,2003-08-28,4206.4
4983,2003-08-29,4198.0
4984,2003-09-01,4161.1
4985,2003-09-02,4204.4
4986,2003-09-03,4204.4
4987,2003-09-04,4262.1
4988,2003-09-05,4248.8
4989,2003-09-08,4257.2
4990,2003-09-09,4292.1
4991,2003-09-10,4263.9
4992,2003-09-11,4252.1
4993,2003-09-12,4242.2
4994,2003-09-15,4237.8
4995,2003-09-16,4260.9
4996,2003-09-17,4299.0
4997,2003-09-18,4293.0
4998,2003-09-19,4314.7
4999,2003-09-22,4257.0
5000,2003-09-23,4228.2
5001,2003-09-24,4221.7
5002,2003-09-25,4236.4
5003,2003-09-26,4202.2
5004,2003-09-29,4157.1
5005,2003-09-30,4142.7
5006,2003-10-01,4091.3
5007,2003-10-02,4169.2
5008,2003-10-03,4209.1
5009,2003-10-06,4274.0
5010,2003-10-07,4270.1
5011,2003-10-08,4272.0
5012,2003-10-09,4268.6
5013,2003-10-10,4313.9
5014,2003-10-13,4311.0
5015,2003-10-14,4362.3
5016,2003-10-15,4334.1
5017,2003-10-16,4368.8
5018,2003-10-17,4339.7
5019,2003-10-20,4344.0
5020,2003-10-21,4347.5
5021,2003-10-22,4352.3
5022,2003-10-23,4285.6
5023,2003-10-24,4240.2
5024,2003-10-27,4239.0
5025,2003-10-28,4251.3
5026,2003-10-29,4272.9
5027,2003-10-30,4265.7
5028,2003-10-31,4300.9
5029,2003-11-03,4287.6
5030,2003-11-04,4332.6
5031,2003-11-05,4330.3
5032,2003-11-06,4303.4
5033,2003-11-07,4324.2
5034,2003-11-10,4376.9
5035,2003-11-11,4341.8
5036,2003-11-12,4345.1
5037,2003-11-13,4371.2
5038,2003-11-14,4373.0
5039,2003-11-17,4397.0
5040,2003-11-18,4338.9
5041,2003-11-19,4354.7
5042,2003-11-20,4327.4
5043,2003-11-21,4308.0
5044,2003-11-24,4319.0
5045,2003-11-25,4382.4
5046,2003-11-26,4388.7
5047,2003-11-27,4370.3
5048,2003-11-28,4361.1
5049,2003-12-01,4342.6
5050,2003-12-02,4410.0
5051,2003-12-03,4378.9
5052,2003-12-04,4392.0
5053,2003-12-05,4378.2
5054,2003-12-08,4367.0
5055,2003-12-09,4359.8
5056,2003-12-10,4379.6
5057,2003-12-11,4335.4
5058,2003-12-12,4331.3
5059,2003-12-15,4347.6
5060,2003-12-16,4348.0
5061,2003-12-17,4333.0
5062,2003-12-18,4354.2
5063,2003-12-19,4397.3
5064,2003-12-22,4412.3
5065,2003-12-23,4424.0
5066,2003-12-24,4440.9
5067,2003-12-29,4444.7
5068,2003-12-30,4457.5
5069,2003-12-31,4470.4
5070,2004-01-02,4476.9
5071,2004-01-05,4510.2
5072,2004-01-06,4513.3
5073,2004-01-07,4505.2
5074,2004-01-08,4473.0
5075,2004-01-09,4494.2
5076,2004-01-12,4466.3
5077,2004-01-13,4449.6
5078,2004-01-14,4440.1
5079,2004-01-15,4461.4
5080,2004-01-16,4456.1
5081,2004-01-19,4487.9
5082,2004-01-20,4518.1
5083,2004-01-21,4499.3
5084,2004-01-22,4511.2
5085,2004-01-23,4476.8
5086,2004-01-26,4460.8
5087,2004-01-27,4445.5
5088,2004-01-28,4447.0
5089,2004-01-29,4468.1
5090,2004-01-30,4411.5
5091,2004-02-02,4390.7
5092,2004-02-03,4381.4
5093,2004-02-04,4390.6
5094,2004-02-05,4398.5
5095,2004-02-06,4384.4
5096,2004-02-09,4402.7
5097,2004-02-10,4434.4
5098,2004-02-11,4404.9
5099,2004-02-12,4396.0
5100,2004-02-13,4377.7
5101,2004-02-16,4412.0
5102,2004-02-17,4408.1
5103,2004-02-18,4461.5
5104,2004-02-19,4442.9
5105,2004-02-20,4515.6
5106,2004-02-23,4515.0
5107,2004-02-24,4524.3
5108,2004-02-25,4496.8
5109,2004-02-26,4507.5
5110,2004-02-27,4515.9
5111,2004-03-01,4492.2
5112,2004-03-02,4537.0
5113,2004-03-03,4540.1
5114,2004-03-04,4525.1
5115,2004-03-05,4559.1
5116,2004-03-08,4547.1
5117,2004-03-09,4553.8
5118,2004-03-10,4542.0
5119,2004-03-11,4545.3
5120,2004-03-12,4445.2
5121,2004-03-15,4467.4
5122,2004-03-16,4412.9
5123,2004-03-17,4428.9
5124,2004-03-18,4456.8
5125,2004-03-19,4397.9
5126,2004-03-22,4417.7
5127,2004-03-23,4333.8
5128,2004-03-24,4318.5
5129,2004-03-25,4309.4
5130,2004-03-26,4373.6
5131,2004-03-29,4357.5
5132,2004-03-30,4406.7
5133,2004-03-31,4412.8
5134,2004-04-01,4385.7
5135,2004-04-02,4410.7
5136,2004-04-05,4465.6
5137,2004-04-06,4480.7
5138,2004-04-07,4472.8
5139,2004-04-08,4468.7
5140,2004-04-13,4489.7
5141,2004-04-14,4515.8
5142,2004-04-15,4485.4
5143,2004-04-16,4505.5
5144,2004-04-19,4537.3
5145,2004-04-20,4546.2
5146,2004-04-21,4569.0
5147,2004-04-22,4539.9
5148,2004-04-23,4571.8
5149,2004-04-26,4569.95
5150,2004-04-27,4571.85
5151,2004-04-28,4575.7
5152,2004-04-29,4524.5
5153,2004-04-30,4519.5
5154,2004-05-04,4489.7
5155,2004-05-05,4547.2
5156,2004-05-06,4569.5
5157,2004-05-07,4516.2
5158,2004-05-10,4498.4
5159,2004-05-11,4395.2
5160,2004-05-12,4454.7
5161,2004-05-13,4412.9
5162,2004-05-14,4453.8
5163,2004-05-17,4441.8
5164,2004-05-18,4403.0
5165,2004-05-19,4414.4
5166,2004-05-20,4471.8
5167,2004-05-21,4428.7
5168,2004-05-24,4431.4
5169,2004-05-25,4428.9
5170,2004-05-26,4418.0
5171,2004-05-27,4438.3
5172,2004-05-28,4453.6
5173,2004-06-01,4430.7
5174,2004-06-02,4422.7
5175,2004-06-03,4422.8
5176,2004-06-04,4435.4
5177,2004-06-07,4454.4
5178,2004-06-08,4491.6
5179,2004-06-09,4504.8
5180,2004-06-10,4489.5
5181,2004-06-11,4486.1
5182,2004-06-14,4484.0
5183,2004-06-15,4433.2
5184,2004-06-16,4458.6
5185,2004-06-17,4491.1
5186,2004-06-18,4493.3
5187,2004-06-21,4505.8
5188,2004-06-22,4502.2
5189,2004-06-23,4468.5
5190,2004-06-24,4486.7
5191,2004-06-25,4503.2
5192,2004-06-28,4494.1
5193,2004-06-29,4518.7
5194,2004-06-30,4512.4
5195,2004-07-01,4464.1
5196,2004-07-02,4424.7
5197,2004-07-05,4407.4
5198,2004-07-06,4403.3
5199,2004-07-07,4370.7
5200,2004-07-08,4358.4
5201,2004-07-09,4381.1
5202,2004-07-12,4393.2
5203,2004-07-13,4360.0
5204,2004-07-14,4357.7
5205,2004-07-15,4372.6
5206,2004-07-16,4340.7
5207,2004-07-19,4339.2
5208,2004-07-20,4321.1
5209,2004-07-21,4339.4
5210,2004-07-22,4377.3
5211,2004-07-23,4306.3
5212,2004-07-26,4326.3
5213,2004-07-27,4287.0
5214,2004-07-28,4324.9
5215,2004-07-29,4356.2
5216,2004-07-30,4418.7
5217,2004-08-02,4413.1
5218,2004-08-03,4415.7
5219,2004-08-04,4429.7
5220,2004-08-05,4408.1
5221,2004-08-06,4413.4
5222,2004-08-09,4337.9
5223,2004-08-10,4314.4
5224,2004-08-11,4350.9
5225,2004-08-12,4312.2
5226,2004-08-13,4328.1
5227,2004-08-16,4301.5
5228,2004-08-17,4350.2
5229,2004-08-18,4358.7
5230,2004-08-19,4355.2
5231,2004-08-20,4362.6
5232,2004-08-23,4369.2
5233,2004-08-24,4405.3
5234,2004-08-25,4407.5
5235,2004-08-26,4411.6
5236,2004-08-27,4453.9
5237,2004-08-31,4490.1
5238,2004-09-01,4459.3
5239,2004-09-02,4502.0
5240,2004-09-03,4518.6
5241,2004-09-06,4550.8
5242,2004-09-07,4563.8
5243,2004-09-08,4565.6
5244,2004-09-09,4558.4
5245,2004-09-10,4538.0
5246,2004-09-13,4545.0
5247,2004-09-14,4558.5
5248,2004-09-15,4545.6
5249,2004-09-16,4548.4
5250,2004-09-17,4556.5
5251,2004-09-20,4591.0
5252,2004-09-21,4579.5
5253,2004-09-22,4608.4
5254,2004-09-23,4592.3
5255,2004-09-24,4568.3
5256,2004-09-27,4578.1
5257,2004-09-28,4541.2
5258,2004-09-29,4567.3
5259,2004-09-30,4588.1
5260,2004-10-01,4570.8
5261,2004-10-04,4659.6
5262,2004-10-05,4681.8
5263,2004-10-06,4707.1
5264,2004-10-07,4706.3
5265,2004-10-08,4698.7
5266,2004-10-11,4698.9
5267,2004-10-12,4685.5
5268,2004-10-13,4647.9
5269,2004-10-14,4634.8
5270,2004-10-15,4629.4
5271,2004-10-18,4622.7
5272,2004-10-19,4626.6
5273,2004-10-20,4655.2
5274,2004-10-21,4616.4
5275,2004-10-22,4617.4
5276,2004-10-25,4615.4
5277,2004-10-26,4564.5
5278,2004-10-27,4583.4
5279,2004-10-28,4630.1
5280,2004-10-29,4642.8
5281,2004-11-01,4624.2
5282,2004-11-02,4673.8
5283,2004-11-03,4693.2
5284,2004-11-04,4718.5
5285,2004-11-05,4728.3
5286,2004-11-08,4739.8
5287,2004-11-09,4716.6
5288,2004-11-10,4717.7
5289,2004-11-11,4734.5
5290,2004-11-12,4776.9
5291,2004-11-15,4793.9
5292,2004-11-16,4803.1
5293,2004-11-17,4770.4
5294,2004-11-18,4795.9
5295,2004-11-19,4805.3
5296,2004-11-22,4760.8
5297,2004-11-23,4733.1
5298,2004-11-24,4742.4
5299,2004-11-25,4719.4
5300,2004-11-26,4753.4
5301,2004-11-29,4741.5
5302,2004-11-30,4749.8
5303,2004-12-01,4703.2
5304,2004-12-02,4735.7
5305,2004-12-03,4751.2
5306,2004-12-06,4747.9
5307,2004-12-07,4722.8
5308,2004-12-08,4728.7
5309,2004-12-09,4703.9
5310,2004-12-10,4688.4
5311,2004-12-13,4694.0
5312,2004-12-14,4736.8
5313,2004-12-15,4722.8
5314,2004-12-16,4728.2
5315,2004-12-17,4735.2
5316,2004-12-20,4696.8
5317,2004-12-21,4731.1
5318,2004-12-22,4733.0
5319,2004-12-23,4777.4
5320,2004-12-24,4787.7
5321,2004-12-29,4798.1
5322,2004-12-30,4819.8
5323,2004-12-31,4820.1
5324,2005-01-04,4814.3
5325,2005-01-05,4847.0
5326,2005-01-06,4806.0
5327,2005-01-07,4824.3
5328,2005-01-10,4854.1
5329,2005-01-11,4840.7
5330,2005-01-12,4818.7
5331,2005-01-13,4783.6
5332,2005-01-14,4800.3
5333,2005-01-17,4820.8
5334,2005-01-18,4846.7
5335,2005-01-19,4823.9
5336,2005-01-20,4818.3
5337,2005-01-21,4800.8
5338,2005-01-24,4803.3
5339,2005-01-25,4812.5
5340,2005-01-26,4843.2
5341,2005-01-27,4847.1
5342,2005-01-28,4853.4
5343,2005-01-31,4832.8
5344,2005-02-01,4852.3
5345,2005-02-02,4906.2
5346,2005-02-03,4916.2
5347,2005-02-04,4908.3
5348,2005-02-07,4941.5
5349,2005-02-08,4979.8
5350,2005-02-09,4995.5
5351,2005-02-10,4990.4
5352,2005-02-11,5000.0
5353,2005-02-14,5044.2
5354,2005-02-15,5041.8
5355,2005-02-16,5058.9
5356,2005-02-17,5053.2
5357,2005-02-18,5057.4
5358,2005-02-21,5057.2
5359,2005-02-22,5060.8
5360,2005-02-23,5032.9
5361,2005-02-24,4988.5
5362,2005-02-25,4972.1
5363,2005-02-28,5006.8
5364,2005-03-01,4968.5
5365,2005-03-02,5000.5
5366,2005-03-03,4992.8
5367,2005-03-04,5014.8
5368,2005-03-07,5036.3
5369,2005-03-08,5027.2
5370,2005-03-09,5010.9
5371,2005-03-10,4996.1
5372,2005-03-11,4962.1
5373,2005-03-14,4982.0
5374,2005-03-15,4975.0
5375,2005-03-16,5000.2
5376,2005-03-17,4937.6
5377,2005-03-18,4922.1
5378,2005-03-21,4923.3
5379,2005-03-22,4933.5
5380,2005-03-23,4937.3
5381,2005-03-24,4910.4
5382,2005-03-29,4922.5
5383,2005-03-30,4919.0
5384,2005-03-31,4900.7
5385,2005-04-01,4894.4
5386,2005-04-04,4914.0
5387,2005-04-05,4896.7
5388,2005-04-06,4942.9
5389,2005-04-07,4947.4
5390,2005-04-08,4977.0
5391,2005-04-11,4983.6
5392,2005-04-12,4973.2
5393,2005-04-13,4946.2
5394,2005-04-14,4960.8
5395,2005-04-15,4945.4
5396,2005-04-18,4891.6
5397,2005-04-19,4827.1
5398,2005-04-20,4855.6
5399,2005-04-21,4822.0
5400,2005-04-22,4819.6
5401,2005-04-25,4849.3
5402,2005-04-26,4864.9
5403,2005-04-27,4845.5
5404,2005-04-28,4789.4
5405,2005-04-29,4790.2
5406,2005-05-03,4801.7
5407,2005-05-04,4861.2
5408,2005-05-05,4882.5
5409,2005-05-06,4902.3
5410,2005-05-09,4918.9
5411,2005-05-10,4910.3
5412,2005-05-11,4892.4
5413,2005-05-12,4875.4
5414,2005-05-13,4893.2
5415,2005-05-16,4886.5
5416,2005-05-17,4884.2
5417,2005-05-18,4898.5
5418,2005-05-19,4949.4
5419,2005-05-20,4962.7
5420,2005-05-23,4971.8
5421,2005-05-24,4989.8
5422,2005-05-25,4982.5
5423,2005-05-26,4971.5
5424,2005-05-27,4994.9
5425,2005-05-31,4986.3
5426,2005-06-01,4964.0
5427,2005-06-02,5011.0
5428,2005-06-03,5005.0
5429,2005-06-06,4999.4
5430,2005-06-07,4980.4
5431,2005-06-08,5025.2
5432,2005-06-09,5003.7
5433,2005-06-10,5009.2
5434,2005-06-13,5030.4
5435,2005-06-14,5050.4
5436,2005-06-15,5046.8
5437,2005-06-16,5019.5
5438,2005-06-17,5045.0
5439,2005-06-20,5077.6
5440,2005-06-21,5072.0
5441,2005-06-22,5082.1
5442,2005-06-23,5099.3
5443,2005-06-24,5114.4
5444,2005-06-27,5079.0
5445,2005-06-28,5043.5
5446,2005-06-29,5090.4
5447,2005-06-30,5109.1
5448,2005-07-01,5113.2
5449,2005-07-04,5161.0
5450,2005-07-05,5184.3
5451,2005-07-06,5190.1
5452,2005-07-07,5229.6
5453,2005-07-08,5158.3
5454,2005-07-11,5232.2
5455,2005-07-12,5242.4
5456,2005-07-13,5217.2
5457,2005-07-14,5245.9
5458,2005-07-15,5259.7
5459,2005-07-18,5230.8
5460,2005-07-19,5214.2
5461,2005-07-20,5201.5
5462,2005-07-21,5215.2
5463,2005-07-22,5221.6
5464,2005-07-25,5241.8
5465,2005-07-26,5270.7
5466,2005-07-27,5256.2
5467,2005-07-28,5263.6
5468,2005-07-29,5270.3
5469,2005-08-01,5282.3
5470,2005-08-02,5290.8
5471,2005-08-03,5327.5
5472,2005-08-04,5332.3
5473,2005-08-05,5315.5
5474,2005-08-08,5314.7
5475,2005-08-09,5344.3
5476,2005-08-10,5363.7
5477,2005-08-11,5377.5
5478,2005-08-12,5358.6
5479,2005-08-15,5345.8
5480,2005-08-16,5344.2
5481,2005-08-17,5322.3
5482,2005-08-18,5292.7
5483,2005-08-19,5269.3
5484,2005-08-22,5312.6
5485,2005-08-23,5318.4
5486,2005-08-24,5300.2
5487,2005-08-25,5275.2
5488,2005-08-26,5255.7
5489,2005-08-30,5228.1
5490,2005-08-31,5255.8
5491,2005-09-01,5296.9
5492,2005-09-02,5328.5
5493,2005-09-05,5326.8
5494,2005-09-06,5337.8
5495,2005-09-07,5359.2
5496,2005-09-08,5365.9
5497,2005-09-09,5340.8
5498,2005-09-12,5359.3
5499,2005-09-13,5375.1
5500,2005-09-14,5338.0
5501,2005-09-15,5347.4
5502,2005-09-16,5383.5
5503,2005-09-19,5407.9
5504,2005-09-20,5429.7
5505,2005-09-21,5416.4
5506,2005-09-22,5369.7
5507,2005-09-23,5385.7
5508,2005-09-26,5413.6
5509,2005-09-27,5453.1
5510,2005-09-28,5447.3
5511,2005-09-29,5494.8
5512,2005-09-30,5478.2
5513,2005-10-03,5477.7
5514,2005-10-04,5501.5
5515,2005-10-05,5494.4
5516,2005-10-06,5427.8
5517,2005-10-07,5372.4
5518,2005-10-10,5362.3
5519,2005-10-11,5374.5
5520,2005-10-12,5380.7
5521,2005-10-13,5342.2
5522,2005-10-14,5265.2
5523,2005-10-17,5275.0
5524,2005-10-18,5286.5
5525,2005-10-19,5263.9
5526,2005-10-20,5167.8
5527,2005-10-21,5164.1
5528,2005-10-24,5142.1
5529,2005-10-25,5207.6
5530,2005-10-26,5182.1
5531,2005-10-27,5227.8
5532,2005-10-28,5182.8
5533,2005-10-31,5213.4
5534,2005-11-01,5317.3
5535,2005-11-02,5344.3
5536,2005-11-03,5358.6
5537,2005-11-04,5431.9
5538,2005-11-07,5423.6
5539,2005-11-08,5460.8
5540,2005-11-09,5460.9
5541,2005-11-10,5439.8
5542,2005-11-11,5423.5
5543,2005-11-14,5465.1
5544,2005-11-15,5470.0
5545,2005-11-16,5439.6
5546,2005-11-17,5430.0
5547,2005-11-18,5460.0
5548,2005-11-21,5498.9
5549,2005-11-22,5497.9
5550,2005-11-23,5517.2
5551,2005-11-24,5531.7
5552,2005-11-25,5511.0
5553,2005-11-28,5523.8
5554,2005-11-29,5477.4
5555,2005-11-30,5491.0
5556,2005-12-01,5423.2
5557,2005-12-02,5486.1
5558,2005-12-05,5528.1
5559,2005-12-06,5510.4
5560,2005-12-07,5538.8
5561,2005-12-08,5528.8
5562,2005-12-09,5531.1
5563,2005-12-12,5517.4
5564,2005-12-13,5501.5
5565,2005-12-14,5507.2
5566,2005-12-15,5521.1
5567,2005-12-16,5495.3
5568,2005-12-19,5531.6
5569,2005-12-20,5539.8
5570,2005-12-21,5547.9
5571,2005-12-22,5587.4
5572,2005-12-23,5597.0
5573,2005-12-28,5595.4
5574,2005-12-29,5622.8
5575,2005-12-30,5638.3
5576,2006-01-03,5618.8
5577,2006-01-04,5681.5
5578,2006-01-05,5714.6
5579,2006-01-06,5691.2
5580,2006-01-09,5731.8
5581,2006-01-10,5731.5
5582,2006-01-11,5688.8
5583,2006-01-12,5731.5
5584,2006-01-13,5735.1
5585,2006-01-16,5711.0
5586,2006-01-17,5740.2
5587,2006-01-18,5699.0
5588,2006-01-19,5663.7
5589,2006-01-20,5693.2
5590,2006-01-23,5672.4
5591,2006-01-24,5660.9
5592,2006-01-25,5633.8
5593,2006-01-26,5704.4
5594,2006-01-27,5722.6
5595,2006-01-30,5786.8
5596,2006-01-31,5779.8
5597,2006-02-01,5760.3
5598,2006-02-02,5801.6
5599,2006-02-03,5747.3
5600,2006-02-06,5759.3
5601,2006-02-07,5772.4
5602,2006-02-08,5746.8
5603,2006-02-09,5725.1
5604,2006-02-10,5808.7
5605,2006-02-13,5764.1
5606,2006-02-14,5793.5
5607,2006-02-15,5792.3
5608,2006-02-16,5791.5
5609,2006-02-17,5828.9
5610,2006-02-20,5846.2
5611,2006-02-21,5863.0
5612,2006-02-22,5857.7
5613,2006-02-23,5872.4
5614,2006-02-24,5836.0
5615,2006-02-27,5860.5
5616,2006-02-28,5875.9
5617,2006-03-01,5791.5
5618,2006-03-02,5844.1
5619,2006-03-03,5833.0
5620,2006-03-06,5858.7
5621,2006-03-07,5897.8
5622,2006-03-08,5857.4
5623,2006-03-09,5812.9
5624,2006-03-10,5855.9
5625,2006-03-13,5907.9
5626,2006-03-14,5952.8
5627,2006-03-15,5950.6
5628,2006-03-16,5965.1
5629,2006-03-17,5993.2
5630,2006-03-20,5999.4
5631,2006-03-21,5991.7
5632,2006-03-22,5991.3
5633,2006-03-23,6007.5
5634,2006-03-24,5990.1
5635,2006-03-27,6036.3
5636,2006-03-28,5972.2
5637,2006-03-29,5935.7
5638,2006-03-30,5959.2
5639,2006-03-31,6015.2
5640,2006-04-03,5964.6
5641,2006-04-04,6024.3
5642,2006-04-05,6004.7
5643,2006-04-06,6044.1
5644,2006-04-07,6045.7
5645,2006-04-10,6026.1
5646,2006-04-11,6067.0
5647,2006-04-12,6016.5
5648,2006-04-13,6000.8
5649,2006-04-18,6029.4
5650,2006-04-19,6044.1
5651,2006-04-20,6089.8
5652,2006-04-21,6081.4
5653,2006-04-24,6132.7
5654,2006-04-25,6098.7
5655,2006-04-26,6086.6
5656,2006-04-27,6104.3
5657,2006-04-28,6060.0
5658,2006-05-02,6023.1
5659,2006-05-03,6082.1
5660,2006-05-04,6010.0
5661,2006-05-05,6036.9
5662,2006-05-08,6091.7
5663,2006-05-09,6067.1
5664,2006-05-10,6105.6
5665,2006-05-11,6083.4
5666,2006-05-12,6042.0
5667,2006-05-15,5912.1
5668,2006-05-16,5841.3
5669,2006-05-17,5846.2
5670,2006-05-18,5675.5
5671,2006-05-19,5671.6
5672,2006-05-22,5657.4
5673,2006-05-23,5532.7
5674,2006-05-24,5678.7
5675,2006-05-25,5587.1
5676,2006-05-26,5677.7
5677,2006-05-30,5791.0
5678,2006-05-31,5652.0
5679,2006-06-01,5723.8
5680,2006-06-02,5749.7
5681,2006-06-05,5764.6
5682,2006-06-06,5762.1
5683,2006-06-07,5669.8
5684,2006-06-08,5706.3
5685,2006-06-09,5562.9
5686,2006-06-12,5655.2
5687,2006-06-13,5620.9
5688,2006-06-14,5519.6
5689,2006-06-15,5506.8
5690,2006-06-16,5619.3
5691,2006-06-19,5597.4
5692,2006-06-20,5626.1
5693,2006-06-21,5658.2
5694,2006-06-22,5665.0
5695,2006-06-23,5684.1
5696,2006-06-26,5692.1
5697,2006-06-27,5681.2
5698,2006-06-28,5652.3
5699,2006-06-29,5678.6
5700,2006-06-30,5791.5
5701,2006-07-03,5833.4
5702,2006-07-04,5884.4
5703,2006-07-05,5883.5
5704,2006-07-06,5826.7
5705,2006-07-07,5890.0
5706,2006-07-10,5888.9
5707,2006-07-11,5896.9
5708,2006-07-12,5857.3
5709,2006-07-13,5860.6
5710,2006-07-14,5765.0
5711,2006-07-17,5707.6
5712,2006-07-18,5701.0
5713,2006-07-19,5681.7
5714,2006-07-20,5778.0
5715,2006-07-21,5770.9
5716,2006-07-24,5719.7
5717,2006-07-25,5833.9
5718,2006-07-26,5851.2
5719,2006-07-27,5877.1
5720,2006-07-28,5929.5
5721,2006-07-31,5974.9
5722,2006-08-01,5928.3
5723,2006-08-02,5880.8
5724,2006-08-03,5932.1
5725,2006-08-04,5838.4
5726,2006-08-07,5889.4
5727,2006-08-08,5828.8
5728,2006-08-09,5818.1
5729,2006-08-10,5860.5
5730,2006-08-11,5823.4
5731,2006-08-14,5820.1
5732,2006-08-15,5870.9
5733,2006-08-16,5897.9
5734,2006-08-17,5896.6
5735,2006-08-18,5900.4
5736,2006-08-21,5903.4
5737,2006-08-22,5915.2
5738,2006-08-23,5902.6
5739,2006-08-24,5860.0
5740,2006-08-25,5869.1
5741,2006-08-29,5878.6
5742,2006-08-30,5888.3
5743,2006-08-31,5929.3
5744,2006-09-01,5906.1
5745,2006-09-04,5949.1
5746,2006-09-05,5986.6
5747,2006-09-06,5981.7
5748,2006-09-07,5929.3
5749,2006-09-08,5858.1
5750,2006-09-11,5879.3
5751,2006-09-12,5850.8
5752,2006-09-13,5895.5
5753,2006-09-14,5892.2
5754,2006-09-15,5877.2
5755,2006-09-18,5877.0
5756,2006-09-19,5890.2
5757,2006-09-20,5831.8
5758,2006-09-21,5866.2
5759,2006-09-22,5896.7
5760,2006-09-25,5822.3
5761,2006-09-26,5798.3
5762,2006-09-27,5873.6
5763,2006-09-28,5930.1
5764,2006-09-29,5971.3
5765,2006-10-02,5960.8
5766,2006-10-03,5957.8
5767,2006-10-04,5937.1
5768,2006-10-05,5966.5
5769,2006-10-06,6004.5
5770,2006-10-09,6001.2
5771,2006-10-10,6030.9
5772,2006-10-11,6072.7
5773,2006-10-12,6073.5
5774,2006-10-13,6121.3
5775,2006-10-16,6157.3
5776,2006-10-17,6172.4
5777,2006-10-18,6108.6
5778,2006-10-19,6150.4
5779,2006-10-20,6156.0
5780,2006-10-23,6155.2
5781,2006-10-24,6166.1
5782,2006-10-25,6182.5
5783,2006-10-26,6214.6
5784,2006-10-27,6184.8
5785,2006-10-30,6160.9
5786,2006-10-31,6126.8
5787,2006-11-01,6129.2
5788,2006-11-02,6149.6
5789,2006-11-03,6149.3
5790,2006-11-06,6148.1
5791,2006-11-07,6224.5
5792,2006-11-08,6244.0
5793,2006-11-09,6239.0
5794,2006-11-10,6231.5
5795,2006-11-13,6208.4
5796,2006-11-14,6194.2
5797,2006-11-15,6186.6
5798,2006-11-16,6229.8
5799,2006-11-17,6254.9
5800,2006-11-20,6192.0
5801,2006-11-21,6204.5
5802,2006-11-22,6202.6
5803,2006-11-23,6160.3
5804,2006-11-24,6140.0
5805,2006-11-27,6122.1
5806,2006-11-28,6050.1
5807,2006-11-29,6025.9
5808,2006-11-30,6084.4
5809,2006-12-01,6048.8
5810,2006-12-04,6021.5
5811,2006-12-05,6050.4
5812,2006-12-06,6086.4
5813,2006-12-07,6090.3
5814,2006-12-08,6131.5
5815,2006-12-11,6152.4
5816,2006-12-12,6159.8
5817,2006-12-13,6156.4
5818,2006-12-14,6192.5
5819,2006-12-15,6228.0
5820,2006-12-18,6260.0
5821,2006-12-19,6247.4
5822,2006-12-20,6203.9
5823,2006-12-21,6198.6
5824,2006-12-22,6183.7
5825,2006-12-27,6190.0
5826,2006-12-28,6245.2
5827,2006-12-29,6240.9
5828,2007-01-02,6220.8
5829,2007-01-03,6310.9
5830,2007-01-04,6319.0
5831,2007-01-05,6287.0
5832,2007-01-08,6220.1
5833,2007-01-09,6194.2
5834,2007-01-10,6196.1
5835,2007-01-11,6160.7
5836,2007-01-12,6230.1
5837,2007-01-15,6239.0
5838,2007-01-16,6263.5
5839,2007-01-17,6215.7
5840,2007-01-18,6204.5
5841,2007-01-19,6210.3
5842,2007-01-22,6237.2
5843,2007-01-23,6218.4
5844,2007-01-24,6227.6
5845,2007-01-25,6314.8
5846,2007-01-26,6269.3
5847,2007-01-29,6228.0
5848,2007-01-30,6239.9
5849,2007-01-31,6242.0
5850,2007-02-01,6203.1
5851,2007-02-02,6282.2
5852,2007-02-05,6310.9
5853,2007-02-06,6317.9
5854,2007-02-07,6346.3
5855,2007-02-08,6369.5
5856,2007-02-09,6346.4
5857,2007-02-12,6382.8
5858,2007-02-13,6353.5
5859,2007-02-14,6381.8
5860,2007-02-15,6421.2
5861,2007-02-16,6433.3
5862,2007-02-19,6419.5
5863,2007-02-20,6444.4
5864,2007-02-21,6412.3
5865,2007-02-22,6357.1
5866,2007-02-23,6380.9
5867,2007-02-26,6401.5
5868,2007-02-27,6434.7
5869,2007-02-28,6286.1
5870,2007-03-01,6171.5
5871,2007-03-02,6116.0
5872,2007-03-05,6116.2
5873,2007-03-06,6058.7
5874,2007-03-07,6138.5
5875,2007-03-08,6156.5
5876,2007-03-09,6227.7
5877,2007-03-12,6245.2
5878,2007-03-13,6233.3
5879,2007-03-14,6161.2
5880,2007-03-15,6000.7
5881,2007-03-16,6133.2
5882,2007-03-19,6130.6
5883,2007-03-20,6189.4
5884,2007-03-21,6220.3
5885,2007-03-22,6256.8
5886,2007-03-23,6318.0
5887,2007-03-26,6339.4
5888,2007-03-27,6291.9
5889,2007-03-28,6292.6
5890,2007-03-29,6267.2
5891,2007-03-30,6324.2
5892,2007-04-02,6308.0
5893,2007-04-03,6315.5
5894,2007-04-04,6366.1
5895,2007-04-05,6364.7
5896,2007-04-10,6397.3
5897,2007-04-11,6417.8
5898,2007-04-12,6413.3
5899,2007-04-13,6416.4
5900,2007-04-16,6462.4
5901,2007-04-17,6516.2
5902,2007-04-18,6497.8
5903,2007-04-19,6449.4
5904,2007-04-20,6440.6
5905,2007-04-23,6486.8
5906,2007-04-24,6479.7
5907,2007-04-25,6429.5
5908,2007-04-26,6461.9
5909,2007-04-27,6469.4
5910,2007-04-30,6418.7
5911,2007-05-01,6449.2
5912,2007-05-02,6419.6
5913,2007-05-03,6484.5
5914,2007-05-04,6537.8
5915,2007-05-08,6603.7
5916,2007-05-09,6550.4
5917,2007-05-10,6549.6
5918,2007-05-11,6524.1
5919,2007-05-14,6565.7
5920,2007-05-15,6555.5
5921,2007-05-16,6568.6
5922,2007-05-17,6559.5
5923,2007-05-18,6579.3
5924,2007-05-21,6640.9
5925,2007-05-22,6636.8
5926,2007-05-23,6606.6
5927,2007-05-24,6616.4
5928,2007-05-25,6565.4
5929,2007-05-29,6570.5
5930,2007-05-30,6606.5
5931,2007-05-31,6602.1
5932,2007-06-01,6621.4
5933,2007-06-04,6676.7
5934,2007-06-05,6664.1
5935,2007-06-06,6632.8
5936,2007-06-07,6522.7
5937,2007-06-08,6505.1
5938,2007-06-11,6505.1
5939,2007-06-12,6567.5
5940,2007-06-13,6520.4
5941,2007-06-14,6559.6
5942,2007-06-15,6649.9
5943,2007-06-18,6732.4
5944,2007-06-19,6703.5
5945,2007-06-20,6650.2
5946,2007-06-21,6649.3
5947,2007-06-22,6596.0
5948,2007-06-25,6567.4
5949,2007-06-26,6588.4
5950,2007-06-27,6559.3
5951,2007-06-28,6527.6
5952,2007-06-29,6571.3
5953,2007-07-02,6607.9
5954,2007-07-03,6590.6
5955,2007-07-04,6639.8
5956,2007-07-05,6673.1
5957,2007-07-06,6635.2
5958,2007-07-09,6690.1
5959,2007-07-10,6712.7
5960,2007-07-11,6630.9
5961,2007-07-12,6615.1
5962,2007-07-13,6697.7
5963,2007-07-16,6716.7
5964,2007-07-17,6697.7
5965,2007-07-18,6659.1
5966,2007-07-19,6567.1
5967,2007-07-20,6640.2
5968,2007-07-23,6585.2
5969,2007-07-24,6624.4
5970,2007-07-25,6498.7
5971,2007-07-26,6454.3
5972,2007-07-27,6251.2
5973,2007-07-30,6215.2
5974,2007-07-31,6206.1
5975,2007-08-01,6360.1
5976,2007-08-02,6250.6
5977,2007-08-03,6300.3
5978,2007-08-06,6224.3
5979,2007-08-07,6189.1
5980,2007-08-08,6308.8
5981,2007-08-09,6393.9
5982,2007-08-10,6271.2
5983,2007-08-13,6038.3
5984,2007-08-14,6219.0
5985,2007-08-15,6143.5
5986,2007-08-16,6109.3
5987,2007-08-17,5858.9
5988,2007-08-20,6064.2
5989,2007-08-21,6078.7
5990,2007-08-22,6086.1
5991,2007-08-23,6196.0
5992,2007-08-24,6196.9
5993,2007-08-28,6220.1
5994,2007-08-29,6102.2
5995,2007-08-30,6132.2
5996,2007-08-31,6212.0
5997,2007-09-03,6303.3
5998,2007-09-04,6315.2
5999,2007-09-05,6376.8
6000,2007-09-06,6270.7
6001,2007-09-07,6313.3
6002,2007-09-10,6191.2
6003,2007-09-11,6134.1
6004,2007-09-12,6280.7
6005,2007-09-13,6306.2
6006,2007-09-14,6363.9
6007,2007-09-17,6289.3
6008,2007-09-18,6182.8
6009,2007-09-19,6283.3
6010,2007-09-20,6460.0
6011,2007-09-21,6429.0
6012,2007-09-24,6456.7
6013,2007-09-25,6465.9
6014,2007-09-26,6396.9
6015,2007-09-27,6433.0
6016,2007-09-28,6486.4
6017,2007-10-01,6466.8
6018,2007-10-02,6506.2
6019,2007-10-03,6500.4
6020,2007-10-04,6535.2
6021,2007-10-05,6547.9
6022,2007-10-08,6595.8
6023,2007-10-09,6540.9
6024,2007-10-10,6615.4
6025,2007-10-11,6633.0
6026,2007-10-12,6724.5
6027,2007-10-15,6730.7
6028,2007-10-16,6644.5
6029,2007-10-17,6614.3
6030,2007-10-18,6677.7
6031,2007-10-19,6609.4
6032,2007-10-22,6527.9
6033,2007-10-23,6459.3
6034,2007-10-24,6514.0
6035,2007-10-25,6482.0
6036,2007-10-26,6576.3
6037,2007-10-29,6661.3
6038,2007-10-30,6706.0
6039,2007-10-31,6659.0
6040,2007-11-01,6721.6
6041,2007-11-02,6586.1
6042,2007-11-05,6530.6
6043,2007-11-06,6461.4
6044,2007-11-07,6474.9
6045,2007-11-08,6385.1
6046,2007-11-09,6381.9
6047,2007-11-12,6304.9
6048,2007-11-13,6337.9
6049,2007-11-14,6362.4
6050,2007-11-15,6432.1
6051,2007-11-16,6359.6
6052,2007-11-19,6291.2
6053,2007-11-20,6120.8
6054,2007-11-21,6226.5
6055,2007-11-22,6070.9
6056,2007-11-23,6155.3
6057,2007-11-26,6262.1
6058,2007-11-27,6180.5
6059,2007-11-28,6140.7
6060,2007-11-29,6306.2
6061,2007-11-30,6349.1
6062,2007-12-03,6432.5
6063,2007-12-04,6386.6
6064,2007-12-05,6315.2
6065,2007-12-06,6493.8
6066,2007-12-07,6485.6
6067,2007-12-10,6554.9
6068,2007-12-11,6565.4
6069,2007-12-12,6536.9
6070,2007-12-13,6559.8
6071,2007-12-14,6364.2
6072,2007-12-17,6397.0
6073,2007-12-18,6277.8
6074,2007-12-19,6279.3
6075,2007-12-20,6284.5
6076,2007-12-21,6345.6
6077,2007-12-24,6434.1
6078,2007-12-27,6479.3
6079,2007-12-28,6497.8
6080,2007-12-31,6476.9
6081,2008-01-02,6456.9
6082,2008-01-03,6416.7
6083,2008-01-04,6479.4
6084,2008-01-07,6348.5
6085,2008-01-08,6335.7
6086,2008-01-09,6356.5
6087,2008-01-10,6272.7
6088,2008-01-11,6222.7
6089,2008-01-14,6202.0
6090,2008-01-15,6215.7
6091,2008-01-16,6025.6
6092,2008-01-17,5942.9
6093,2008-01-18,5902.4
6094,2008-01-21,5901.7
6095,2008-01-22,5578.2
6096,2008-01-23,5740.1
6097,2008-01-24,5609.3
6098,2008-01-25,5875.8
6099,2008-01-28,5869.0
6100,2008-01-29,5788.9
6101,2008-01-30,5885.2
6102,2008-01-31,5837.3
6103,2008-02-01,5879.8
6104,2008-02-04,6029.2
6105,2008-02-05,6026.2
6106,2008-02-06,5868.0
6107,2008-02-07,5875.4
6108,2008-02-08,5724.1
6109,2008-02-11,5784.0
6110,2008-02-12,5707.7
6111,2008-02-13,5910.0
6112,2008-02-14,5880.1
6113,2008-02-15,5879.3
6114,2008-02-18,5787.6
6115,2008-02-19,5946.6
6116,2008-02-20,5966.9
6117,2008-02-21,5893.6
6118,2008-02-22,5932.2
6119,2008-02-25,5888.5
6120,2008-02-26,5999.5
6121,2008-02-27,6087.4
6122,2008-02-28,6076.5
6123,2008-02-29,5965.7
6124,2008-03-03,5884.3
6125,2008-03-04,5818.6
6126,2008-03-05,5767.7
6127,2008-03-06,5853.5
6128,2008-03-07,5766.4
6129,2008-03-10,5699.9
6130,2008-03-11,5629.1
6131,2008-03-12,5690.4
6132,2008-03-13,5776.4
6133,2008-03-14,5692.4
6134,2008-03-17,5631.7
6135,2008-03-18,5414.4
6136,2008-03-19,5605.8
6137,2008-03-20,5545.6
6138,2008-03-25,5495.2
6139,2008-03-26,5689.1
6140,2008-03-27,5660.4
6141,2008-03-28,5717.5
6142,2008-03-31,5692.9
6143,2008-04-01,5702.1
6144,2008-04-02,5852.6
6145,2008-04-03,5915.9
6146,2008-04-04,5891.3
6147,2008-04-07,5947.1
6148,2008-04-08,6014.8
6149,2008-04-09,5990.2
6150,2008-04-10,5983.9
6151,2008-04-11,5965.1
6152,2008-04-14,5895.5
6153,2008-04-15,5831.6
6154,2008-04-16,5906.9
6155,2008-04-17,6046.2
6156,2008-04-18,5980.4
6157,2008-04-21,6056.5
6158,2008-04-22,6053.0
6159,2008-04-23,6034.7
6160,2008-04-24,6083.6
6161,2008-04-25,6050.7
6162,2008-04-28,6091.4
6163,2008-04-29,6090.4
6164,2008-04-30,6089.4
6165,2008-05-01,6087.3
6166,2008-05-02,6087.3
6167,2008-05-06,6215.5
6168,2008-05-07,6215.2
6169,2008-05-08,6261.0
6170,2008-05-09,6270.8
6171,2008-05-12,6204.7
6172,2008-05-13,6220.6
6173,2008-05-14,6211.9
6174,2008-05-15,6216.0
6175,2008-05-16,6251.8
6176,2008-05-19,6304.3
6177,2008-05-20,6376.5
6178,2008-05-21,6191.6
6179,2008-05-22,6198.1
6180,2008-05-23,6181.6
6181,2008-05-27,6087.3
6182,2008-05-28,6058.5
6183,2008-05-29,6069.6
6184,2008-05-30,6068.1
6185,2008-06-02,6053.5
6186,2008-06-03,6007.6
6187,2008-06-04,6057.7
6188,2008-06-05,5970.1
6189,2008-06-06,5995.3
6190,2008-06-09,5906.8
6191,2008-06-10,5877.6
6192,2008-06-11,5827.3
6193,2008-06-12,5723.3
6194,2008-06-13,5790.5
6195,2008-06-16,5802.8
6196,2008-06-17,5794.6
6197,2008-06-18,5861.9
6198,2008-06-19,5756.9
6199,2008-06-20,5708.4
6200,2008-06-23,5620.8
6201,2008-06-24,5667.2
6202,2008-06-25,5634.7
6203,2008-06-26,5666.1
6204,2008-06-27,5518.2
6205,2008-06-30,5529.9
6206,2008-07-01,5625.9
6207,2008-07-02,5479.9
6208,2008-07-03,5426.3
6209,2008-07-04,5476.6
6210,2008-07-07,5412.8
6211,2008-07-08,5512.7
6212,2008-07-09,5440.5
6213,2008-07-10,5529.6
6214,2008-07-11,5406.8
6215,2008-07-14,5261.6
6216,2008-07-15,5300.4
6217,2008-07-16,5171.9
6218,2008-07-17,5150.6
6219,2008-07-18,5286.3
6220,2008-07-21,5376.4
6221,2008-07-22,5404.3
6222,2008-07-23,5364.1
6223,2008-07-24,5449.9
6224,2008-07-25,5362.3
6225,2008-07-28,5352.6
6226,2008-07-29,5312.6
6227,2008-07-30,5319.2
6228,2008-07-31,5420.7
6229,2008-08-01,5411.9
6230,2008-08-04,5354.7
6231,2008-08-05,5320.2
6232,2008-08-06,5454.5
6233,2008-08-07,5486.1
6234,2008-08-08,5477.5
6235,2008-08-11,5489.2
6236,2008-08-12,5541.8
6237,2008-08-13,5534.5
6238,2008-08-14,5448.6
6239,2008-08-15,5497.4
6240,2008-08-18,5454.8
6241,2008-08-19,5450.2
6242,2008-08-20,5320.4
6243,2008-08-21,5371.8
6244,2008-08-22,5370.2
6245,2008-08-26,5505.6
6246,2008-08-27,5470.7
6247,2008-08-28,5528.1
6248,2008-08-29,5601.2
6249,2008-09-01,5636.6
6250,2008-09-02,5602.8
6251,2008-09-03,5620.7
6252,2008-09-04,5499.7
6253,2008-09-05,5362.1
6254,2008-09-08,5240.7
6255,2008-09-09,5446.3
6256,2008-09-10,5415.6
6257,2008-09-11,5366.2
6258,2008-09-12,5318.4
6259,2008-09-15,5416.7
6260,2008-09-16,5204.2
6261,2008-09-17,5025.6
6262,2008-09-18,4912.4
6263,2008-09-19,4880.0
6264,2008-09-22,5311.3
6265,2008-09-23,5236.26
6266,2008-09-24,5136.12
6267,2008-09-25,5095.57
6268,2008-09-26,5197.02
6269,2008-09-29,5088.47
6270,2008-09-30,4818.77
6271,2008-10-01,4902.45
6272,2008-10-02,4959.59
6273,2008-10-03,4870.34
6274,2008-10-06,4980.25
6275,2008-10-07,4589.19
6276,2008-10-08,4605.22
6277,2008-10-09,4366.69
6278,2008-10-10,4313.8
6279,2008-10-13,3932.06
6280,2008-10-14,4256.9
6281,2008-10-15,4394.21
6282,2008-10-16,4079.59
6283,2008-10-17,3861.39
6284,2008-10-20,4063.01
6285,2008-10-21,4282.67
6286,2008-10-22,4229.73
6287,2008-10-23,4040.89
6288,2008-10-24,4087.83
6289,2008-10-27,3883.36
6290,2008-10-28,3852.59
6291,2008-10-29,3926.38
6292,2008-10-30,4242.54
6293,2008-10-31,4291.65
6294,2008-11-03,4377.34
6295,2008-11-04,4443.28
6296,2008-11-05,4639.5
6297,2008-11-06,4530.73
6298,2008-11-07,4272.41
6299,2008-11-10,4364.96
6300,2008-11-11,4403.92
6301,2008-11-12,4246.69
6302,2008-11-13,4182.02
6303,2008-11-14,4169.21
6304,2008-11-17,4232.97
6305,2008-11-18,4132.16
6306,2008-11-19,4208.55
6307,2008-11-20,4005.68
6308,2008-11-21,3874.99
6309,2008-11-24,3780.96
6310,2008-11-25,4152.96
6311,2008-11-26,4171.25
6312,2008-11-27,4152.69
6313,2008-11-28,4226.1
6314,2008-12-01,4288.01
6315,2008-12-02,4065.49
6316,2008-12-03,4122.86
6317,2008-12-04,4169.96
6318,2008-12-05,4163.61
6319,2008-12-08,4049.37
6320,2008-12-09,4300.06
6321,2008-12-10,4381.26
6322,2008-12-11,4367.28
6323,2008-12-12,4388.69
6324,2008-12-15,4280.35
6325,2008-12-16,4277.56
6326,2008-12-17,4309.08
6327,2008-12-18,4324.19
6328,2008-12-19,4330.66
6329,2008-12-22,4286.93
6330,2008-12-23,4249.16
6331,2008-12-24,4255.98
6332,2008-12-29,4216.59
6333,2008-12-30,4319.35
6334,2008-12-31,4392.68
6335,2009-01-02,4434.17
6336,2009-01-05,4561.79
6337,2009-01-06,4579.64
6338,2009-01-07,4638.92
6339,2009-01-08,4507.51
6340,2009-01-09,4505.37
6341,2009-01-12,4448.54
6342,2009-01-13,4426.19
6343,2009-01-14,4399.15
6344,2009-01-15,4180.64
6345,2009-01-16,4121.11
6346,2009-01-19,4147.06
6347,2009-01-20,4108.47
6348,2009-01-21,4091.4
6349,2009-01-22,4059.88
6350,2009-01-23,4052.23
6351,2009-01-26,4052.47
6352,2009-01-27,4209.01
6353,2009-01-28,4194.41
6354,2009-01-29,4295.2
6355,2009-01-30,4190.11
6356,2009-02-02,4149.64
6357,2009-02-03,4077.78
6358,2009-02-04,4164.46
6359,2009-02-05,4228.6
6360,2009-02-06,4228.93
6361,2009-02-09,4291.87
6362,2009-02-10,4307.61
6363,2009-02-11,4213.08
6364,2009-02-12,4234.26
6365,2009-02-13,4202.24
6366,2009-02-16,4189.59
6367,2009-02-17,4134.75
6368,2009-02-18,4034.13
6369,2009-02-19,4006.83
6370,2009-02-20,4018.37
6371,2009-02-23,3889.06
6372,2009-02-24,3850.73
6373,2009-02-25,3816.44
6374,2009-02-26,3848.98
6375,2009-02-27,3915.64
6376,2009-03-02,3830.09
6377,2009-03-03,3625.83
6378,2009-03-04,3512.09
6379,2009-03-05,3645.87
6380,2009-03-06,3529.86
6381,2009-03-09,3530.73
6382,2009-03-10,3542.4
6383,2009-03-11,3715.23
6384,2009-03-12,3693.81
6385,2009-03-13,3712.06
6386,2009-03-16,3753.68
6387,2009-03-17,3863.99
6388,2009-03-18,3857.1
6389,2009-03-19,3804.99
6390,2009-03-20,3816.93
6391,2009-03-23,3842.85
6392,2009-03-24,3952.81
6393,2009-03-25,3911.46
6394,2009-03-26,3900.25
6395,2009-03-27,3925.2
6396,2009-03-30,3898.85
6397,2009-03-31,3762.91
6398,2009-04-01,3926.14
6399,2009-04-02,3955.61
6400,2009-04-03,4124.97
6401,2009-04-06,4029.67
6402,2009-04-07,3993.54
6403,2009-04-08,3930.52
6404,2009-04-09,3925.52
6405,2009-04-14,3983.71
6406,2009-04-15,3988.99
6407,2009-04-16,3968.4
6408,2009-04-17,4052.98
6409,2009-04-20,4092.8
6410,2009-04-21,3990.86
6411,2009-04-22,3987.46
6412,2009-04-23,4030.66
6413,2009-04-24,4018.23
6414,2009-04-27,4155.99
6415,2009-04-28,4167.01
6416,2009-04-29,4096.4
6417,2009-04-30,4189.59
6418,2009-05-01,4243.71
6419,2009-05-05,4243.22
6420,2009-05-06,4336.94
6421,2009-05-07,4396.49
6422,2009-05-08,4398.68
6423,2009-05-11,4462.09
6424,2009-05-12,4435.5
6425,2009-05-13,4425.54
6426,2009-05-14,4331.37
6427,2009-05-15,4362.58
6428,2009-05-18,4348.11
6429,2009-05-19,4446.45
6430,2009-05-20,4482.25
6431,2009-05-21,4468.41
6432,2009-05-22,4345.47
6433,2009-05-26,4365.29
6434,2009-05-27,4411.72
6435,2009-05-28,4416.23
6436,2009-05-29,4387.54
6437,2009-06-01,4417.94
6438,2009-06-02,4506.19
6439,2009-06-03,4477.02
6440,2009-06-04,4383.42
6441,2009-06-05,4386.94
6442,2009-06-08,4438.56
6443,2009-06-09,4405.22
6444,2009-06-10,4404.79
6445,2009-06-11,4436.75
6446,2009-06-12,4461.87
6447,2009-06-15,4441.95
6448,2009-06-16,4326.01
6449,2009-06-17,4328.57
6450,2009-06-18,4278.46
6451,2009-06-19,4280.86
6452,2009-06-22,4345.93
6453,2009-06-23,4234.05
6454,2009-06-24,4230.02
6455,2009-06-25,4279.98
6456,2009-06-26,4252.57
6457,2009-06-29,4241.01
6458,2009-06-30,4294.03
6459,2009-07-01,4249.21
6460,2009-07-02,4340.71
6461,2009-07-03,4234.27
6462,2009-07-06,4236.28
6463,2009-07-07,4194.91
6464,2009-07-08,4187.0
6465,2009-07-09,4140.23
6466,2009-07-10,4158.66
6467,2009-07-13,4127.17
6468,2009-07-14,4202.13
6469,2009-07-15,4237.68
6470,2009-07-16,4346.46
6471,2009-07-17,4361.84
6472,2009-07-20,4388.75
6473,2009-07-21,4443.62
6474,2009-07-22,4481.17
6475,2009-07-23,4493.73
6476,2009-07-24,4559.8
6477,2009-07-27,4576.61
6478,2009-07-28,4586.13
6479,2009-07-29,4528.84
6480,2009-07-30,4547.53
6481,2009-07-31,4631.61
6482,2009-08-03,4608.36
6483,2009-08-04,4682.46
6484,2009-08-05,4671.37
6485,2009-08-06,4647.13
6486,2009-08-07,4690.53
6487,2009-08-10,4731.56
6488,2009-08-11,4722.2
6489,2009-08-12,4671.34
6490,2009-08-13,4716.76
6491,2009-08-14,4755.46
6492,2009-08-17,4713.97
6493,2009-08-18,4645.01
6494,2009-08-19,4685.78
6495,2009-08-20,4689.67
6496,2009-08-21,4756.58
6497,2009-08-24,4850.89
6498,2009-08-25,4896.23
6499,2009-08-26,4916.8
6500,2009-08-27,4890.58
6501,2009-08-28,4869.35
6502,2009-09-01,4908.9
6503,2009-09-02,4819.7
6504,2009-09-03,4817.55
6505,2009-09-04,4796.75
6506,2009-09-07,4851.7
6507,2009-09-08,4933.18
6508,2009-09-09,4947.34
6509,2009-09-10,5004.3
6510,2009-09-11,4987.68
6511,2009-09-14,5011.47
6512,2009-09-15,5018.85
6513,2009-09-16,5042.13
6514,2009-09-17,5124.13
6515,2009-09-18,5163.95
6516,2009-09-21,5172.89
6517,2009-09-22,5134.36
6518,2009-09-23,5142.6
6519,2009-09-24,5139.37
6520,2009-09-25,5079.27
6521,2009-09-28,5082.2
6522,2009-09-29,5165.7
6523,2009-09-30,5159.72
6524,2009-10-01,5133.9
6525,2009-10-02,5047.81
6526,2009-10-05,4988.7
6527,2009-10-06,5024.33
6528,2009-10-07,5137.98
6529,2009-10-08,5108.9
6530,2009-10-09,5154.64
6531,2009-10-12,5161.87
6532,2009-10-13,5210.17
6533,2009-10-14,5154.15
6534,2009-10-15,5256.1
6535,2009-10-16,5222.95
6536,2009-10-19,5190.24
6537,2009-10-20,5281.54
6538,2009-10-21,5243.4
6539,2009-10-22,5257.85
6540,2009-10-23,5207.36
6541,2009-10-26,5242.57
6542,2009-10-27,5191.74
6543,2009-10-28,5200.97
6544,2009-10-29,5080.42
6545,2009-10-30,5137.72
6546,2009-11-02,5044.55
6547,2009-11-03,5104.5
6548,2009-11-04,5037.21
6549,2009-11-05,5107.89
6550,2009-11-06,5125.64
6551,2009-11-09,5142.72
6552,2009-11-10,5235.18
6553,2009-11-11,5230.55
6554,2009-11-12,5266.75
6555,2009-11-13,5276.5
6556,2009-11-16,5296.38
6557,2009-11-17,5382.67
6558,2009-11-18,5345.93
6559,2009-11-19,5342.13
6560,2009-11-20,5267.7
6561,2009-11-23,5251.41
6562,2009-11-24,5355.5
6563,2009-11-25,5323.96
6564,2009-11-26,5364.81
6565,2009-11-27,5194.13
6566,2009-11-30,5245.73
6567,2009-12-01,5190.68
6568,2009-12-02,5312.17
6569,2009-12-03,5327.39
6570,2009-12-04,5313.0
6571,2009-12-07,5322.36
6572,2009-12-08,5310.66
6573,2009-12-09,5223.13
6574,2009-12-10,5203.89
6575,2009-12-11,5244.37
6576,2009-12-14,5261.57
6577,2009-12-15,5315.34
6578,2009-12-16,5285.77
6579,2009-12-17,5320.26
6580,2009-12-18,5217.61
6581,2009-12-21,5196.81
6582,2009-12-22,5293.99
6583,2009-12-23,5328.66
6584,2009-12-24,5372.38
6585,2009-12-29,5402.41
6586,2009-12-30,5437.61
6587,2009-12-31,5397.86
6588,2010-01-04,5412.88
6589,2010-01-05,5500.34
6590,2010-01-06,5522.5
6591,2010-01-07,5530.04
6592,2010-01-08,5526.72
6593,2010-01-11,5534.24
6594,2010-01-12,5538.07
6595,2010-01-13,5498.71
6596,2010-01-14,5473.48
6597,2010-01-15,5498.2
6598,2010-01-18,5455.37
6599,2010-01-19,5494.39
6600,2010-01-20,5513.14
6601,2010-01-21,5420.8
6602,2010-01-22,5335.1
6603,2010-01-25,5302.99
6604,2010-01-26,5260.31
6605,2010-01-27,5276.85
6606,2010-01-28,5217.47
6607,2010-01-29,5145.74
6608,2010-02-01,5188.52
6609,2010-02-02,5247.41
6610,2010-02-03,5283.31
6611,2010-02-04,5253.15
6612,2010-02-05,5139.31
6613,2010-02-08,5060.92
6614,2010-02-09,5092.33
6615,2010-02-10,5111.84
6616,2010-02-11,5131.99
6617,2010-02-12,5161.48
6618,2010-02-15,5142.45
6619,2010-02-16,5167.47
6620,2010-02-17,5244.06
6621,2010-02-18,5276.64
6622,2010-02-19,5325.09
6623,2010-02-22,5358.17
6624,2010-02-23,5352.07
6625,2010-02-24,5315.09
6626,2010-02-25,5342.92
6627,2010-02-26,5278.22
6628,2010-03-01,5354.52
6629,2010-03-02,5405.94
6630,2010-03-03,5484.06
6631,2010-03-04,5533.21
6632,2010-03-05,5527.16
6633,2010-03-08,5599.76
6634,2010-03-09,5606.72
6635,2010-03-10,5602.3
6636,2010-03-11,5640.57
6637,2010-03-12,5617.26
6638,2010-03-15,5625.65
6639,2010-03-16,5593.85
6640,2010-03-17,5620.43
6641,2010-03-18,5644.63
6642,2010-03-19,5642.62
6643,2010-03-22,5650.12
6644,2010-03-23,5644.54
6645,2010-03-24,5673.63
6646,2010-03-25,5677.88
6647,2010-03-26,5727.65
6648,2010-03-29,5703.02
6649,2010-03-30,5710.66
6650,2010-03-31,5672.32
6651,2010-04-01,5679.64
6652,2010-04-06,5744.89
6653,2010-04-07,5780.35
6654,2010-04-08,5762.06
6655,2010-04-09,5712.7
6656,2010-04-12,5770.98
6657,2010-04-13,5777.65
6658,2010-04-14,5761.66
6659,2010-04-15,5796.25
6660,2010-04-16,5825.01
6661,2010-04-19,5743.96
6662,2010-04-20,5727.91
6663,2010-04-21,5783.69
6664,2010-04-22,5723.43
6665,2010-04-23,5665.33
6666,2010-04-26,5723.65
6667,2010-04-27,5753.85
6668,2010-04-28,5603.52
6669,2010-04-29,5586.61
6670,2010-04-30,5617.84
6671,2010-05-04,5553.29
6672,2010-05-05,5411.11
6673,2010-05-06,5341.93
6674,2010-05-07,5260.99
6675,2010-05-10,5123.02
6676,2010-05-11,5387.42
6677,2010-05-12,5334.21
6678,2010-05-13,5383.45
6679,2010-05-14,5433.73
6680,2010-05-17,5262.85
6681,2010-05-18,5262.54
6682,2010-05-19,5307.34
6683,2010-05-20,5158.08
6684,2010-05-21,5073.13
6685,2010-05-24,5062.93
6686,2010-05-25,5069.61
6687,2010-05-26,4940.68
6688,2010-05-27,5038.08
6689,2010-05-28,5195.17
6690,2010-06-01,5188.43
6691,2010-06-02,5163.3
6692,2010-06-03,5151.32
6693,2010-06-04,5211.18
6694,2010-06-07,5126.0
6695,2010-06-08,5069.06
6696,2010-06-09,5028.15
6697,2010-06-10,5085.86
6698,2010-06-11,5132.5
6699,2010-06-14,5163.68
6700,2010-06-15,5202.13
6701,2010-06-16,5217.82
6702,2010-06-17,5237.92
6703,2010-06-18,5253.89
6704,2010-06-21,5250.84
6705,2010-06-22,5299.11
6706,2010-06-23,5246.98
6707,2010-06-24,5178.52
6708,2010-06-25,5100.23
6709,2010-06-28,5046.47
6710,2010-06-29,5071.68
6711,2010-06-30,4914.22
6712,2010-07-01,4916.87
6713,2010-07-02,4805.75
6714,2010-07-05,4838.09
6715,2010-07-06,4823.53
6716,2010-07-07,4965.0
6717,2010-07-08,5014.82
6718,2010-07-09,5105.45
6719,2010-07-12,5132.94
6720,2010-07-13,5167.02
6721,2010-07-14,5271.02
6722,2010-07-15,5253.52
6723,2010-07-16,5211.29
6724,2010-07-19,5158.85
6725,2010-07-20,5148.28
6726,2010-07-21,5139.46
6727,2010-07-22,5214.64
6728,2010-07-23,5313.81
6729,2010-07-26,5312.62
6730,2010-07-27,5351.12
6731,2010-07-28,5365.67
6732,2010-07-29,5319.68
6733,2010-07-30,5313.95
6734,2010-08-02,5258.02
6735,2010-08-03,5397.11
6736,2010-08-04,5396.48
6737,2010-08-05,5386.16
6738,2010-08-06,5365.78
6739,2010-08-09,5332.39
6740,2010-08-10,5410.52
6741,2010-08-11,5376.41
6742,2010-08-12,5245.21
6743,2010-08-13,5266.06
6744,2010-08-16,5275.44
6745,2010-08-17,5276.1
6746,2010-08-18,5350.55
6747,2010-08-19,5302.87
6748,2010-08-20,5211.29
6749,2010-08-23,5195.28
6750,2010-08-24,5234.84
6751,2010-08-25,5155.95
6752,2010-08-26,5109.4
6753,2010-08-27,5155.84
6754,2010-08-31,5201.56
6755,2010-09-01,5225.22
6756,2010-09-02,5366.41
6757,2010-09-03,5371.04
6758,2010-09-06,5428.15
6759,2010-09-07,5439.19
6760,2010-09-08,5407.82
6761,2010-09-09,5429.74
6762,2010-09-10,5494.16
6763,2010-09-13,5501.64
6764,2010-09-14,5565.53
6765,2010-09-15,5567.41
6766,2010-09-16,5555.56
6767,2010-09-17,5540.14
6768,2010-09-20,5508.45
6769,2010-09-21,5602.54
6770,2010-09-22,5576.19
6771,2010-09-23,5551.91
6772,2010-09-24,5547.08
6773,2010-09-27,5598.48
6774,2010-09-28,5573.42
6775,2010-09-29,5578.44
6776,2010-09-30,5569.27
6777,2010-10-01,5548.62
6778,2010-10-04,5592.9
6779,2010-10-05,5555.97
6780,2010-10-06,5635.76
6781,2010-10-07,5681.39
6782,2010-10-08,5662.13
6783,2010-10-11,5657.61
6784,2010-10-12,5672.4
6785,2010-10-13,5661.59
6786,2010-10-14,5747.35
6787,2010-10-15,5727.21
6788,2010-10-18,5703.37
6789,2010-10-19,5742.52
6790,2010-10-20,5703.89
6791,2010-10-21,5728.93
6792,2010-10-22,5757.86
6793,2010-10-25,5741.37
6794,2010-10-26,5751.98
6795,2010-10-27,5707.3
6796,2010-10-28,5646.02
6797,2010-10-29,5677.89
6798,2010-11-01,5675.16
6799,2010-11-02,5694.62
6800,2010-11-03,5757.43
6801,2010-11-04,5748.97
6802,2010-11-05,5862.79
6803,2010-11-08,5875.35
6804,2010-11-09,5849.96
6805,2010-11-10,5875.19
6806,2010-11-11,5816.94
6807,2010-11-12,5815.23
6808,2010-11-15,5796.87
6809,2010-11-16,5820.41
6810,2010-11-17,5681.9
6811,2010-11-18,5692.56
6812,2010-11-19,5768.71
6813,2010-11-22,5732.83
6814,2010-11-23,5680.83
6815,2010-11-24,5581.28
6816,2010-11-25,5657.1
6817,2010-11-26,5698.93
6818,2010-11-29,5668.7
6819,2010-11-30,5550.95
6820,2010-12-01,5528.27
6821,2010-12-02,5642.5
6822,2010-12-03,5767.56
6823,2010-12-06,5745.32
6824,2010-12-07,5770.28
6825,2010-12-08,5808.45
6826,2010-12-09,5794.53
6827,2010-12-10,5807.96
6828,2010-12-13,5812.95
6829,2010-12-14,5860.75
6830,2010-12-15,5891.21
6831,2010-12-16,5882.18
6832,2010-12-17,5881.12
6833,2010-12-20,5871.75
6834,2010-12-21,5891.61
6835,2010-12-22,5951.8
6836,2010-12-23,5983.49
6837,2010-12-24,5996.07
6838,2010-12-29,6008.92
6839,2010-12-30,5996.36
6840,2010-12-31,5971.01
6841,2011-01-04,5899.94
6842,2011-01-05,6013.87
6843,2011-01-06,6043.86
6844,2011-01-07,6019.51
6845,2011-01-10,5984.33
6846,2011-01-11,5956.3
6847,2011-01-12,6014.03
6848,2011-01-13,6050.72
6849,2011-01-14,6023.88
6850,2011-01-17,6002.07
6851,2011-01-18,5985.7
6852,2011-01-19,6056.43
6853,2011-01-20,5976.7
6854,2011-01-21,5867.91
6855,2011-01-24,5896.25
6856,2011-01-25,5943.85
6857,2011-01-26,5917.71
6858,2011-01-27,5969.21
6859,2011-01-28,5965.08
6860,2011-01-31,5881.37
6861,2011-02-01,5862.94
6862,2011-02-02,5957.82
6863,2011-02-03,6000.07
6864,2011-02-04,5983.34
6865,2011-02-07,5997.38
6866,2011-02-08,6051.03
6867,2011-02-09,6091.33
6868,2011-02-10,6052.29
6869,2011-02-11,6020.01
6870,2011-02-14,6062.9
6871,2011-02-15,6060.09
6872,2011-02-16,6037.08
6873,2011-02-17,6085.27
6874,2011-02-18,6087.38
6875,2011-02-21,6082.99
6876,2011-02-22,6014.8
6877,2011-02-23,5996.76
6878,2011-02-24,5923.53
6879,2011-02-25,5919.98
6880,2011-02-28,6001.2
6881,2011-03-01,5994.01
6882,2011-03-02,5935.76
6883,2011-03-03,5914.89
6884,2011-03-04,6005.09
6885,2011-03-07,5990.39
6886,2011-03-08,5973.78
6887,2011-03-09,5974.76
6888,2011-03-10,5937.3
6889,2011-03-11,5845.29
6890,2011-03-14,5828.67
6891,2011-03-15,5775.24
6892,2011-03-16,5695.28
6893,2011-03-17,5598.23
6894,2011-03-18,5696.11
6895,2011-03-21,5718.13
6896,2011-03-22,5786.09
6897,2011-03-23,5762.71
6898,2011-03-24,5795.88
6899,2011-03-25,5880.87
6900,2011-03-28,5900.76
6901,2011-03-29,5904.49
6902,2011-03-30,5932.17
6903,2011-03-31,5948.3
6904,2011-04-01,5908.76
6905,2011-04-04,6009.92
6906,2011-04-05,6016.98
6907,2011-04-06,6007.06
6908,2011-04-07,6041.13
6909,2011-04-08,6007.37
6910,2011-04-11,6055.75
6911,2011-04-12,6053.44
6912,2011-04-13,5964.47
6913,2011-04-14,6010.44
6914,2011-04-15,5963.8
6915,2011-04-18,5996.01
6916,2011-04-19,5870.08
6917,2011-04-20,5896.87
6918,2011-04-21,6022.26
6919,2011-04-26,6018.3
6920,2011-04-27,6069.36
6921,2011-04-28,6068.16
6922,2011-05-03,6069.9
6923,2011-05-04,6082.88
6924,2011-05-05,5984.07
6925,2011-05-06,5919.98
6926,2011-05-09,5976.77
6927,2011-05-10,5942.69
6928,2011-05-11,6018.89
6929,2011-05-12,5976.0
6930,2011-05-13,5944.96
6931,2011-05-16,5925.87
6932,2011-05-17,5923.69
6933,2011-05-18,5861.0
6934,2011-05-19,5923.49
6935,2011-05-20,5955.99
6936,2011-05-23,5948.49
6937,2011-05-24,5835.89
6938,2011-05-25,5858.41
6939,2011-05-26,5870.14
6940,2011-05-27,5880.99
6941,2011-05-31,5938.87
6942,2011-06-01,5989.99
6943,2011-06-02,5928.61
6944,2011-06-03,5847.92
6945,2011-06-06,5855.01
6946,2011-06-07,5863.16
6947,2011-06-08,5864.65
6948,2011-06-09,5808.89
6949,2011-06-10,5856.34
6950,2011-06-13,5765.8
6951,2011-06-14,5773.46
6952,2011-06-15,5803.13
6953,2011-06-16,5742.55
6954,2011-06-17,5698.81
6955,2011-06-20,5714.94
6956,2011-06-21,5693.39
6957,2011-06-22,5775.31
6958,2011-06-23,5772.99
6959,2011-06-24,5674.38
6960,2011-06-27,5697.72
6961,2011-06-28,5722.34
6962,2011-06-29,5766.88
6963,2011-06-30,5855.95
6964,2011-07-01,5945.71
6965,2011-07-04,5989.76
6966,2011-07-05,6017.54
6967,2011-07-06,6024.03
6968,2011-07-07,6002.92
6969,2011-07-08,6054.55
6970,2011-07-11,5990.58
6971,2011-07-12,5929.16
6972,2011-07-13,5868.96
6973,2011-07-14,5906.43
6974,2011-07-15,5846.95
6975,2011-07-18,5843.66
6976,2011-07-19,5752.81
6977,2011-07-20,5789.99
6978,2011-07-21,5853.82
6979,2011-07-22,5899.89
6980,2011-07-25,5935.02
6981,2011-07-26,5925.26
6982,2011-07-27,5929.73
6983,2011-07-28,5856.58
6984,2011-07-29,5873.21
6985,2011-08-01,5815.19
6986,2011-08-02,5774.43
6987,2011-08-03,5718.39
6988,2011-08-04,5584.51
6989,2011-08-05,5393.14
6990,2011-08-08,5246.99
6991,2011-08-09,5068.95
6992,2011-08-10,5164.92
6993,2011-08-11,5007.16
6994,2011-08-12,5162.83
6995,2011-08-15,5320.03
6996,2011-08-16,5350.58
6997,2011-08-17,5357.63
6998,2011-08-18,5331.6
6999,2011-08-19,5092.23
7000,2011-08-22,5040.76
7001,2011-08-23,5095.3
7002,2011-08-24,5129.42
7003,2011-08-25,5205.85
7004,2011-08-26,5131.1
7005,2011-08-30,5129.92
7006,2011-08-31,5268.66
7007,2011-09-01,5394.53
7008,2011-09-02,5418.65
7009,2011-09-05,5292.03
7010,2011-09-06,5102.58
7011,2011-09-07,5156.84
7012,2011-09-08,5318.59
7013,2011-09-09,5340.38
7014,2011-09-12,5214.65
7015,2011-09-13,5129.62
7016,2011-09-14,5174.25
7017,2011-09-15,5227.02
7018,2011-09-16,5337.54
7019,2011-09-19,5368.41
7020,2011-09-20,5259.56
7021,2011-09-21,5363.71
7022,2011-09-22,5288.41
7023,2011-09-23,5041.61
7024,2011-09-26,5066.81
7025,2011-09-27,5089.37
7026,2011-09-28,5294.05
7027,2011-09-29,5217.63
7028,2011-09-30,5196.84
7029,2011-10-03,5128.48
7030,2011-10-04,5075.5
7031,2011-10-05,4944.44
7032,2011-10-06,5102.17
7033,2011-10-07,5291.26
7034,2011-10-10,5303.4
7035,2011-10-11,5399.0
7036,2011-10-12,5395.7
7037,2011-10-13,5441.8
7038,2011-10-14,5403.38
7039,2011-10-17,5466.36
7040,2011-10-18,5436.7
7041,2011-10-19,5410.35
7042,2011-10-20,5450.49
7043,2011-10-21,5384.68
7044,2011-10-24,5488.65
7045,2011-10-25,5548.06
7046,2011-10-26,5525.54
7047,2011-10-27,5553.24
7048,2011-10-28,5713.82
7049,2011-10-31,5702.24
7050,2011-11-01,5544.22
7051,2011-11-02,5421.57
7052,2011-11-03,5484.1
7053,2011-11-04,5545.64
7054,2011-11-07,5527.16
7055,2011-11-08,5510.82
7056,2011-11-09,5567.34
7057,2011-11-10,5460.38
7058,2011-11-11,5444.82
7059,2011-11-14,5545.38
7060,2011-11-15,5519.04
7061,2011-11-16,5517.44
7062,2011-11-17,5509.02
7063,2011-11-18,5423.14
7064,2011-11-21,5362.94
7065,2011-11-22,5222.6
7066,2011-11-23,5206.82
7067,2011-11-24,5139.78
7068,2011-11-25,5127.57
7069,2011-11-28,5164.65
7070,2011-11-29,5312.76
7071,2011-11-30,5337.0
7072,2011-12-01,5505.42
7073,2011-12-02,5489.34
7074,2011-12-05,5552.29
7075,2011-12-06,5567.96
7076,2011-12-07,5568.72
7077,2011-12-08,5546.91
7078,2011-12-09,5483.77
7079,2011-12-12,5529.21
7080,2011-12-13,5427.86
7081,2011-12-14,5490.15
7082,2011-12-15,5366.8
7083,2011-12-16,5400.85
7084,2011-12-19,5387.34
7085,2011-12-20,5364.99
7086,2011-12-21,5419.6
7087,2011-12-22,5389.74
7088,2011-12-23,5456.97
7089,2011-12-28,5512.7
7090,2011-12-29,5507.4
7091,2011-12-30,5566.77
7092,2012-01-03,5572.28
7093,2012-01-04,5699.91
7094,2012-01-05,5668.45
7095,2012-01-06,5624.26
7096,2012-01-09,5649.68
7097,2012-01-10,5612.26
7098,2012-01-11,5696.7
7099,2012-01-12,5670.82
7100,2012-01-13,5662.42
7101,2012-01-16,5636.64
7102,2012-01-17,5657.44
7103,2012-01-18,5693.95
7104,2012-01-19,5702.37
7105,2012-01-20,5741.15
7106,2012-01-23,5728.55
7107,2012-01-24,5782.56
7108,2012-01-25,5751.9
7109,2012-01-26,5723.0
7110,2012-01-27,5795.2
7111,2012-01-30,5733.45
7112,2012-01-31,5671.09
7113,2012-02-01,5681.61
7114,2012-02-02,5790.72
7115,2012-02-03,5796.07
7116,2012-02-06,5901.07
7117,2012-02-07,5892.2
7118,2012-02-08,5890.26
7119,2012-02-09,5875.93
7120,2012-02-10,5895.47
7121,2012-02-13,5852.39
7122,2012-02-14,5905.7
7123,2012-02-15,5899.87
7124,2012-02-16,5892.16
7125,2012-02-17,5885.38
7126,2012-02-20,5905.07
7127,2012-02-21,5945.25
7128,2012-02-22,5928.2
7129,2012-02-23,5916.55
7130,2012-02-24,5937.89
7131,2012-02-27,5935.13
7132,2012-02-28,5915.55
7133,2012-02-29,5927.91
7134,2012-03-01,5871.51
7135,2012-03-02,5931.25
7136,2012-03-05,5911.13
7137,2012-03-06,5874.82
7138,2012-03-07,5765.8
7139,2012-03-08,5791.41
7140,2012-03-09,5859.73
7141,2012-03-12,5887.49
7142,2012-03-13,5892.75
7143,2012-03-14,5955.91
7144,2012-03-15,5945.43
7145,2012-03-16,5940.72
7146,2012-03-19,5965.58
7147,2012-03-20,5961.11
7148,2012-03-21,5891.41
7149,2012-03-22,5891.95
7150,2012-03-23,5845.65
7151,2012-03-26,5854.89
7152,2012-03-27,5902.7
7153,2012-03-28,5869.55
7154,2012-03-29,5808.99
7155,2012-03-30,5742.03
7156,2012-04-02,5768.45
7157,2012-04-03,5874.89
7158,2012-04-04,5838.34
7159,2012-04-05,5703.77
7160,2012-04-10,5723.67
7161,2012-04-11,5595.55
7162,2012-04-12,5634.74
7163,2012-04-13,5710.46
7164,2012-04-16,5651.79
7165,2012-04-17,5666.28
7166,2012-04-18,5766.95
7167,2012-04-19,5745.29
7168,2012-04-20,5744.55
7169,2012-04-23,5772.15
7170,2012-04-24,5665.57
7171,2012-04-25,5709.49
7172,2012-04-26,5718.89
7173,2012-04-27,5748.72
7174,2012-04-30,5777.11
7175,2012-05-01,5737.78
7176,2012-05-02,5812.23
7177,2012-05-03,5758.11
7178,2012-05-04,5766.55
7179,2012-05-08,5655.06
7180,2012-05-09,5554.55
7181,2012-05-10,5530.05
7182,2012-05-11,5543.95
7183,2012-05-14,5575.52
7184,2012-05-15,5465.52
7185,2012-05-16,5437.62
7186,2012-05-17,5405.25
7187,2012-05-18,5338.38
7188,2012-05-21,5267.62
7189,2012-05-22,5304.48
7190,2012-05-23,5403.28
7191,2012-05-24,5266.41
7192,2012-05-25,5350.05
7193,2012-05-28,5351.53
7194,2012-05-29,5356.34
7195,2012-05-30,5391.14
7196,2012-05-31,5297.28
7197,2012-06-01,5320.86
7198,2012-06-06,5260.19
7199,2012-06-07,5384.11
7200,2012-06-08,5447.79
7201,2012-06-11,5435.08
7202,2012-06-12,5432.37
7203,2012-06-13,5473.74
7204,2012-06-14,5483.81
7205,2012-06-15,5467.05
7206,2012-06-18,5478.81
7207,2012-06-19,5491.09
7208,2012-06-20,5586.31
7209,2012-06-21,5622.29
7210,2012-06-22,5566.36
7211,2012-06-25,5513.69
7212,2012-06-26,5450.65
7213,2012-06-27,5446.96
7214,2012-06-28,5523.92
7215,2012-06-29,5493.06
7216,2012-07-02,5571.15
7217,2012-07-03,5640.64
7218,2012-07-04,5687.73
7219,2012-07-05,5684.47
7220,2012-07-06,5692.63
7221,2012-07-09,5662.63
7222,2012-07-10,5627.33
7223,2012-07-11,5664.07
7224,2012-07-12,5664.48
7225,2012-07-13,5608.25
7226,2012-07-16,5666.13
7227,2012-07-17,5662.43
7228,2012-07-18,5629.09
7229,2012-07-19,5685.77
7230,2012-07-20,5714.19
7231,2012-07-23,5651.77
7232,2012-07-24,5533.87
7233,2012-07-25,5499.23
7234,2012-07-26,5498.32
7235,2012-07-27,5573.16
7236,2012-07-30,5627.21
7237,2012-07-31,5693.63
7238,2012-08-01,5635.28
7239,2012-08-02,5712.82
7240,2012-08-03,5662.3
7241,2012-08-06,5787.28
7242,2012-08-07,5808.77
7243,2012-08-08,5841.24
7244,2012-08-09,5845.92
7245,2012-08-10,5851.51
7246,2012-08-13,5847.11
7247,2012-08-14,5831.88
7248,2012-08-15,5864.78
7249,2012-08-16,5833.04
7250,2012-08-17,5834.51
7251,2012-08-20,5852.42
7252,2012-08-21,5824.37
7253,2012-08-22,5857.52
7254,2012-08-23,5774.2
7255,2012-08-24,5776.6
7256,2012-08-28,5776.6
7257,2012-08-29,5775.71
7258,2012-08-30,5743.53
7259,2012-08-31,5719.45
7260,2012-09-03,5711.48
7261,2012-09-04,5758.41
7262,2012-09-05,5672.01
7263,2012-09-06,5657.86
7264,2012-09-07,5777.34
7265,2012-09-10,5794.8
7266,2012-09-11,5793.2
7267,2012-09-12,5792.19
7268,2012-09-13,5782.08
7269,2012-09-14,5819.92
7270,2012-09-17,5915.55
7271,2012-09-18,5893.52
7272,2012-09-19,5868.16
7273,2012-09-20,5888.48
7274,2012-09-21,5854.64
7275,2012-09-24,5852.62
7276,2012-09-25,5838.84
7277,2012-09-26,5859.71
7278,2012-09-27,5768.09
7279,2012-09-28,5779.42
7280,2012-10-01,5742.07
7281,2012-10-02,5820.45
7282,2012-10-03,5809.45
7283,2012-10-04,5825.81
7284,2012-10-05,5827.78
7285,2012-10-08,5871.02
7286,2012-10-09,5841.74
7287,2012-10-10,5810.25
7288,2012-10-11,5776.71
7289,2012-10-12,5829.75
7290,2012-10-15,5793.32
7291,2012-10-16,5805.61
7292,2012-10-17,5870.54
7293,2012-10-18,5910.91
7294,2012-10-19,5917.05
7295,2012-10-22,5896.15
7296,2012-10-23,5882.91
7297,2012-10-24,5797.91
7298,2012-10-25,5804.78
7299,2012-10-26,5805.05
7300,2012-10-29,5806.71
7301,2012-10-30,5795.1
7302,2012-10-31,5849.9
7303,2012-11-01,5782.7
7304,2012-11-02,5861.92
7305,2012-11-05,5868.55
7306,2012-11-06,5839.06
7307,2012-11-07,5884.9
7308,2012-11-08,5791.63
7309,2012-11-09,5776.05
7310,2012-11-12,5769.68
7311,2012-11-13,5767.27
7312,2012-11-14,5786.25
7313,2012-11-15,5722.01
7314,2012-11-16,5677.75
7315,2012-11-19,5605.59
7316,2012-11-20,5737.66
7317,2012-11-21,5748.1
7318,2012-11-22,5752.03
7319,2012-11-23,5791.03
7320,2012-11-26,5819.14
7321,2012-11-27,5786.72
7322,2012-11-28,5799.71
7323,2012-11-29,5803.28
7324,2012-11-30,5870.3
7325,2012-12-03,5866.82
7326,2012-12-04,5871.24
7327,2012-12-05,5869.04
7328,2012-12-06,5892.08
7329,2012-12-07,5901.42
7330,2012-12-10,5914.4
7331,2012-12-11,5921.63
7332,2012-12-12,5924.97
7333,2012-12-13,5945.85
7334,2012-12-14,5929.61
7335,2012-12-17,5921.76
7336,2012-12-18,5912.15
7337,2012-12-19,5935.9
7338,2012-12-20,5961.59
7339,2012-12-21,5958.34
7340,2012-12-24,5939.99
7341,2012-12-27,5954.18
7342,2012-12-28,5954.3
7343,2012-12-31,5925.37
7344,2013-01-02,5897.81
7345,2013-01-03,6027.37
7346,2013-01-04,6047.34
7347,2013-01-07,6089.84
7348,2013-01-08,6064.58
7349,2013-01-09,6053.63
7350,2013-01-10,6098.65
7351,2013-01-11,6101.51
7352,2013-01-14,6121.58
7353,2013-01-15,6107.86
7354,2013-01-16,6117.31
7355,2013-01-17,6103.98
7356,2013-01-18,6132.36
7357,2013-01-21,6154.41
7358,2013-01-22,6180.98
7359,2013-01-23,6179.17
7360,2013-01-24,6197.64
7361,2013-01-25,6264.91
7362,2013-01-28,6284.45
7363,2013-01-29,6294.41
7364,2013-01-30,6339.19
7365,2013-01-31,6323.11
7366,2013-02-01,6276.88
7367,2013-02-04,6347.24
7368,2013-02-05,6246.84
7369,2013-02-06,6282.76
7370,2013-02-07,6295.34
7371,2013-02-08,6228.42
7372,2013-02-11,6263.93
7373,2013-02-12,6277.06
7374,2013-02-13,6338.38
7375,2013-02-14,6359.11
7376,2013-02-15,6327.36
7377,2013-02-18,6328.26
7378,2013-02-19,6318.19
7379,2013-02-20,6379.07
7380,2013-02-21,6395.37
7381,2013-02-22,6291.54
7382,2013-02-25,6335.7
7383,2013-02-26,6355.37
7384,2013-02-27,6270.44
7385,2013-02-28,6325.88
7386,2013-03-01,6360.81
7387,2013-03-04,6378.6
7388,2013-03-05,6345.63
7389,2013-03-06,6431.95
7390,2013-03-07,6427.64
7391,2013-03-08,6439.16
7392,2013-03-11,6483.58
7393,2013-03-12,6503.63
7394,2013-03-13,6510.62
7395,2013-03-14,6481.5
7396,2013-03-15,6529.41
7397,2013-03-18,6489.65
7398,2013-03-19,6457.92
7399,2013-03-20,6441.32
7400,2013-03-21,6432.7
7401,2013-03-22,6388.55
7402,2013-03-25,6392.76
7403,2013-03-26,6378.38
7404,2013-03-27,6399.37
7405,2013-03-28,6387.56
7406,2013-04-02,6411.74
7407,2013-04-03,6490.66
7408,2013-04-04,6420.28
7409,2013-04-05,6344.12
7410,2013-04-08,6249.78
7411,2013-04-09,6276.94
7412,2013-04-10,6313.21
7413,2013-04-11,6387.37
7414,2013-04-12,6416.14
7415,2013-04-15,6384.39
7416,2013-04-16,6343.6
7417,2013-04-17,6304.58
7418,2013-04-18,6244.21
7419,2013-04-19,6243.67
7420,2013-04-22,6286.59
7421,2013-04-23,6280.62
7422,2013-04-24,6406.12
7423,2013-04-25,6431.76
7424,2013-04-26,6442.59
7425,2013-04-29,6426.42
7426,2013-04-30,6458.02
7427,2013-05-01,6430.12
7428,2013-05-02,6451.29
7429,2013-05-03,6460.71
7430,2013-05-07,6521.46
7431,2013-05-08,6557.3
7432,2013-05-09,6583.48
7433,2013-05-10,6592.74
7434,2013-05-13,6624.98
7435,2013-05-14,6631.76
7436,2013-05-15,6686.06
7437,2013-05-16,6693.55
7438,2013-05-17,6687.8
7439,2013-05-20,6723.06
7440,2013-05-21,6755.63
7441,2013-05-22,6803.87
7442,2013-05-23,6840.27
7443,2013-05-24,6696.79
7444,2013-05-28,6654.34
7445,2013-05-29,6762.01
7446,2013-05-30,6627.17
7447,2013-05-31,6656.99
7448,2013-06-03,6583.09
7449,2013-06-04,6525.12
7450,2013-06-05,6558.58
7451,2013-06-06,6419.31
7452,2013-06-07,6336.11
7453,2013-06-10,6411.99
7454,2013-06-11,6400.45
7455,2013-06-12,6340.08
7456,2013-06-13,6299.45
7457,2013-06-14,6304.63
7458,2013-06-17,6308.26
7459,2013-06-18,6330.49
7460,2013-06-19,6374.21
7461,2013-06-20,6348.82
7462,2013-06-21,6159.51
7463,2013-06-24,6116.17
7464,2013-06-25,6029.1
7465,2013-06-26,6101.91
7466,2013-06-27,6165.48
7467,2013-06-28,6243.4
7468,2013-07-01,6215.47
7469,2013-07-02,6307.78
7470,2013-07-03,6303.94
7471,2013-07-04,6229.87
7472,2013-07-05,6421.67
7473,2013-07-08,6375.52
7474,2013-07-09,6450.07
7475,2013-07-10,6513.08
7476,2013-07-11,6504.96
7477,2013-07-12,6543.41
7478,2013-07-15,6544.94
7479,2013-07-16,6586.11
7480,2013-07-17,6556.35
7481,2013-07-18,6571.93
7482,2013-07-19,6634.36
7483,2013-07-22,6630.67
7484,2013-07-23,6623.17
7485,2013-07-24,6597.44
7486,2013-07-25,6620.43
7487,2013-07-26,6587.95
7488,2013-07-29,6554.79
7489,2013-07-30,6560.25
7490,2013-07-31,6570.95
7491,2013-08-01,6621.06
7492,2013-08-02,6681.98
7493,2013-08-05,6647.87
7494,2013-08-06,6619.58
7495,2013-08-07,6604.21
7496,2013-08-08,6511.21
7497,2013-08-09,6529.68
7498,2013-08-12,6583.39
7499,2013-08-13,6574.34
7500,2013-08-14,6611.94
7501,2013-08-15,6587.43
7502,2013-08-16,6483.34
7503,2013-08-19,6499.99
7504,2013-08-20,6465.73
7505,2013-08-21,6453.46
7506,2013-08-22,6390.84
7507,2013-08-23,6446.87
7508,2013-08-27,6492.1
7509,2013-08-28,6440.97
7510,2013-08-29,6430.06
7511,2013-08-30,6483.05
7512,2013-09-02,6412.93
7513,2013-09-03,6506.19
7514,2013-09-04,6468.41
7515,2013-09-05,6474.74
7516,2013-09-06,6532.44
7517,2013-09-09,6547.33
7518,2013-09-10,6530.74
7519,2013-09-11,6583.99
7520,2013-09-12,6588.43
7521,2013-09-13,6588.98
7522,2013-09-16,6583.8
7523,2013-09-17,6622.86
7524,2013-09-18,6570.17
7525,2013-09-19,6558.82
7526,2013-09-20,6625.39
7527,2013-09-23,6596.43
7528,2013-09-24,6557.37
7529,2013-09-25,6571.46
7530,2013-09-26,6551.53
7531,2013-09-27,6565.59
7532,2013-09-30,6512.66
7533,2013-10-01,6462.22
7534,2013-10-02,6460.01
7535,2013-10-03,6437.5
7536,2013-10-04,6449.04
7537,2013-10-07,6453.88
7538,2013-10-08,6437.28
7539,2013-10-09,6365.83
7540,2013-10-10,6337.91
7541,2013-10-11,6430.49
7542,2013-10-14,6487.19
7543,2013-10-15,6507.65
7544,2013-10-16,6549.11
7545,2013-10-17,6571.59
7546,2013-10-18,6576.16
7547,2013-10-21,6622.58
7548,2013-10-22,6654.2
7549,2013-10-23,6695.66
7550,2013-10-24,6674.48
7551,2013-10-25,6713.18
7552,2013-10-28,6721.34
7553,2013-10-29,6725.82
7554,2013-10-30,6774.73
7555,2013-10-31,6777.7
7556,2013-11-01,6731.43
7557,2013-11-04,6734.74
7558,2013-11-05,6763.62
7559,2013-11-06,6746.84
7560,2013-11-07,6741.69
7561,2013-11-08,6697.22
7562,2013-11-11,6708.42
7563,2013-11-12,6728.37
7564,2013-11-13,6726.79
7565,2013-11-14,6630.0
7566,2013-11-15,6666.13
7567,2013-11-18,6693.44
7568,2013-11-19,6723.46
7569,2013-11-20,6698.01
7570,2013-11-21,6681.08
7571,2013-11-22,6681.33
7572,2013-11-25,6674.3
7573,2013-11-26,6694.62
7574,2013-11-27,6636.22
7575,2013-11-28,6649.47
7576,2013-11-29,6654.47
7577,2013-12-02,6650.57
7578,2013-12-03,6595.33
7579,2013-12-04,6532.43
7580,2013-12-05,6509.97
7581,2013-12-06,6498.33
7582,2013-12-09,6551.99
7583,2013-12-10,6559.48
7584,2013-12-11,6523.31
7585,2013-12-12,6507.72
7586,2013-12-13,6445.25
7587,2013-12-16,6439.96
7588,2013-12-17,6522.2
7589,2013-12-18,6486.19
7590,2013-12-19,6492.08
7591,2013-12-20,6584.7
7592,2013-12-23,6606.58
7593,2013-12-24,6678.61
7594,2013-12-27,6694.17
7595,2013-12-30,6750.87
7596,2013-12-31,6731.27
7597,2014-01-02,6749.09
7598,2014-01-03,6717.91
7599,2014-01-06,6730.67
7600,2014-01-07,6730.73
7601,2014-01-08,6755.45
7602,2014-01-09,6721.78
7603,2014-01-10,6691.34
7604,2014-01-13,6739.94
7605,2014-01-14,6757.15
7606,2014-01-15,6766.86
7607,2014-01-16,6819.86
7608,2014-01-17,6815.42
7609,2014-01-20,6829.3
7610,2014-01-21,6836.73
7611,2014-01-22,6834.26
7612,2014-01-23,6826.33
7613,2014-01-24,6773.28
7614,2014-01-27,6663.74
7615,2014-01-28,6550.66
7616,2014-01-29,6572.33
7617,2014-01-30,6544.28
7618,2014-01-31,6538.45
7619,2014-02-03,6510.44
7620,2014-02-04,6465.66
7621,2014-02-05,6449.27
7622,2014-02-06,6457.89
7623,2014-02-07,6558.28
7624,2014-02-10,6571.68
7625,2014-02-11,6591.55
7626,2014-02-12,6672.66
7627,2014-02-13,6675.03
7628,2014-02-14,6659.42
7629,2014-02-17,6663.62
7630,2014-02-18,6736.0
7631,2014-02-19,6796.43
7632,2014-02-20,6796.71
7633,2014-02-21,6812.99
7634,2014-02-24,6838.06
7635,2014-02-25,6865.86
7636,2014-02-26,6830.5
7637,2014-02-27,6799.15
7638,2014-02-28,6810.27
7639,2014-03-03,6809.7
7640,2014-03-04,6708.35
7641,2014-03-05,6823.77
7642,2014-03-06,6775.42
7643,2014-03-07,6788.49
7644,2014-03-10,6712.67
7645,2014-03-11,6689.45
7646,2014-03-12,6685.52
7647,2014-03-13,6620.9
7648,2014-03-14,6553.78
7649,2014-03-17,6527.89
7650,2014-03-18,6568.35
7651,2014-03-19,6605.28
7652,2014-03-20,6573.13
7653,2014-03-21,6542.44
7654,2014-03-24,6557.17
7655,2014-03-25,6520.39
7656,2014-03-26,6604.89
7657,2014-03-27,6605.3
7658,2014-03-28,6588.32
7659,2014-03-31,6615.58
7660,2014-04-01,6598.37
7661,2014-04-02,6652.61
7662,2014-04-03,6659.04
7663,2014-04-04,6649.14
7664,2014-04-07,6695.55
7665,2014-04-08,6622.84
7666,2014-04-09,6590.69
7667,2014-04-10,6635.61
7668,2014-04-11,6641.97
7669,2014-04-14,6561.7
7670,2014-04-15,6583.76
7671,2014-04-16,6541.61
7672,2014-04-17,6584.17
7673,2014-04-22,6625.25
7674,2014-04-23,6681.76
7675,2014-04-24,6674.74
7676,2014-04-25,6703.0
7677,2014-04-28,6685.69
7678,2014-04-29,6700.16
7679,2014-04-30,6769.91
7680,2014-05-01,6780.03
7681,2014-05-02,6808.87
7682,2014-05-06,6822.42
7683,2014-05-07,6798.56
7684,2014-05-08,6796.44
7685,2014-05-09,6839.25
7686,2014-05-12,6814.57
7687,2014-05-13,6851.75
7688,2014-05-14,6873.08
7689,2014-05-15,6878.49
7690,2014-05-16,6840.89
7691,2014-05-19,6855.81
7692,2014-05-20,6844.55
7693,2014-05-21,6802.0
7694,2014-05-22,6821.04
7695,2014-05-23,6820.56
7696,2014-05-27,6815.75
7697,2014-05-28,6844.94
7698,2014-05-29,6851.22
7699,2014-05-30,6871.29
7700,2014-06-02,6844.51
7701,2014-06-03,6864.1
7702,2014-06-04,6836.3
7703,2014-06-05,6818.63
7704,2014-06-06,6813.49
7705,2014-06-09,6858.21
7706,2014-06-10,6875.0
7707,2014-06-11,6873.55
7708,2014-06-12,6838.87
7709,2014-06-13,6843.11
7710,2014-06-16,6777.85
7711,2014-06-17,6754.64
7712,2014-06-18,6766.77
7713,2014-06-19,6778.56
7714,2014-06-20,6808.11
7715,2014-06-23,6825.2
7716,2014-06-24,6800.56
7717,2014-06-25,6787.07
7718,2014-06-26,6733.62
7719,2014-06-27,6735.12
7720,2014-06-30,6757.77
7721,2014-07-01,6743.94
7722,2014-07-02,6802.92
7723,2014-07-03,6816.37
7724,2014-07-04,6865.21
7725,2014-07-07,6866.05
7726,2014-07-08,6823.51
7727,2014-07-09,6738.45
7728,2014-07-10,6718.04
7729,2014-07-11,6672.37
7730,2014-07-14,6690.17
7731,2014-07-15,6746.14
7732,2014-07-16,6710.45
7733,2014-07-17,6784.67
7734,2014-07-18,6738.32
7735,2014-07-21,6749.45
7736,2014-07-22,6728.44
7737,2014-07-23,6795.34
7738,2014-07-24,6798.15
7739,2014-07-25,6821.46
7740,2014-07-28,6791.55
7741,2014-07-29,6788.07
7742,2014-07-30,6807.75
7743,2014-07-31,6773.44
7744,2014-08-01,6730.11
7745,2014-08-04,6679.18
7746,2014-08-05,6677.52
7747,2014-08-06,6682.48
7748,2014-08-07,6636.16
7749,2014-08-08,6597.37
7750,2014-08-11,6567.36
7751,2014-08-12,6632.82
7752,2014-08-13,6632.42
7753,2014-08-14,6656.68
7754,2014-08-15,6685.26
7755,2014-08-18,6689.08
7756,2014-08-19,6741.25
7757,2014-08-20,6779.31
7758,2014-08-21,6755.48
7759,2014-08-22,6777.66
7760,2014-08-26,6775.25
7761,2014-08-27,6822.76
7762,2014-08-28,6830.66
7763,2014-08-29,6805.8
7764,2014-09-01,6819.75
7765,2014-09-02,6825.31
7766,2014-09-03,6829.17
7767,2014-09-04,6873.58
7768,2014-09-05,6877.97
7769,2014-09-08,6855.1
7770,2014-09-09,6834.77
7771,2014-09-10,6829.0
7772,2014-09-11,6830.11
7773,2014-09-12,6799.62
7774,2014-09-15,6806.96
7775,2014-09-16,6804.21
7776,2014-09-17,6792.24
7777,2014-09-18,6780.9
7778,2014-09-19,6819.29
7779,2014-09-22,6837.92
7780,2014-09-23,6773.63
7781,2014-09-24,6676.08
7782,2014-09-25,6706.27
7783,2014-09-26,6639.71
7784,2014-09-29,6649.39
7785,2014-09-30,6646.6
7786,2014-10-01,6622.72
7787,2014-10-02,6557.52
7788,2014-10-03,6446.39
7789,2014-10-06,6527.91
7790,2014-10-07,6563.65
7791,2014-10-08,6495.58
7792,2014-10-09,6482.24
7793,2014-10-10,6431.85
7794,2014-10-13,6339.97
7795,2014-10-14,6366.24
7796,2014-10-15,6392.68
7797,2014-10-16,6211.64
7798,2014-10-17,6195.91
7799,2014-10-20,6310.29
7800,2014-10-21,6267.07
7801,2014-10-22,6372.33
7802,2014-10-23,6399.73
7803,2014-10-24,6419.15
7804,2014-10-27,6388.73
7805,2014-10-28,6363.46
7806,2014-10-29,6402.17
7807,2014-10-30,6453.87
7808,2014-10-31,6463.55
7809,2014-11-03,6546.47
7810,2014-11-04,6487.97
7811,2014-11-05,6453.97
7812,2014-11-06,6539.14
7813,2014-11-07,6551.15
7814,2014-11-10,6567.24
7815,2014-11-11,6611.25
7816,2014-11-12,6627.4
7817,2014-11-13,6611.04
7818,2014-11-14,6635.45
7819,2014-11-17,6654.37
7820,2014-11-18,6671.97
7821,2014-11-19,6709.13
7822,2014-11-20,6696.6
7823,2014-11-21,6678.9
7824,2014-11-24,6750.76
7825,2014-11-25,6729.79
7826,2014-11-26,6731.14
7827,2014-11-27,6729.17
7828,2014-11-28,6723.42
7829,2014-12-01,6722.62
7830,2014-12-02,6656.37
7831,2014-12-03,6742.1
7832,2014-12-04,6716.63
7833,2014-12-05,6679.37
7834,2014-12-08,6742.84
7835,2014-12-09,6672.15
7836,2014-12-10,6529.47
7837,2014-12-11,6500.04
7838,2014-12-12,6461.7
7839,2014-12-15,6300.63
7840,2014-12-16,6182.72
7841,2014-12-17,6331.83
7842,2014-12-18,6336.48
7843,2014-12-19,6466.0
7844,2014-12-22,6545.27
7845,2014-12-23,6576.74
7846,2014-12-24,6598.18
7847,2014-12-29,6609.93
7848,2014-12-30,6633.51
7849,2014-12-31,6547.0
7850,2015-01-02,6566.09
7851,2015-01-05,6547.8
7852,2015-01-06,6417.16
7853,2015-01-07,6366.51
7854,2015-01-08,6419.83
7855,2015-01-09,6569.96
7856,2015-01-12,6501.14
7857,2015-01-13,6501.42
7858,2015-01-14,6542.2
7859,2015-01-15,6388.46
7860,2015-01-16,6498.78
7861,2015-01-19,6550.27
7862,2015-01-20,6585.53
7863,2015-01-21,6620.1
7864,2015-01-22,6728.04
7865,2015-01-23,6796.63
7866,2015-01-26,6832.83
7867,2015-01-27,6852.4
7868,2015-01-28,6811.61
7869,2015-01-29,6825.94
7870,2015-01-30,6810.6
7871,2015-02-02,6749.4
7872,2015-02-03,6782.55
7873,2015-02-04,6871.8
7874,2015-02-05,6860.02
7875,2015-02-06,6865.93
7876,2015-02-09,6853.44
7877,2015-02-10,6837.15
7878,2015-02-11,6829.12
7879,2015-02-12,6818.17
7880,2015-02-13,6828.11
7881,2015-02-16,6873.52
7882,2015-02-17,6857.05
7883,2015-02-18,6898.13
7884,2015-02-19,6898.08
7885,2015-02-20,6888.9
7886,2015-02-23,6915.2
7887,2015-02-24,6912.16
7888,2015-02-25,6949.63
7889,2015-02-26,6935.38
7890,2015-02-27,6949.73
7891,2015-03-02,6946.66
7892,2015-03-03,6940.64
7893,2015-03-04,6889.13
7894,2015-03-05,6919.24
7895,2015-03-06,6961.14
7896,2015-03-09,6911.8
7897,2015-03-10,6876.47
7898,2015-03-11,6702.84
7899,2015-03-12,6721.51
7900,2015-03-13,6761.07
7901,2015-03-16,6740.58
7902,2015-03-17,6804.08
7903,2015-03-18,6837.61
7904,2015-03-19,6945.2
7905,2015-03-20,6962.32
7906,2015-03-23,7022.51
7907,2015-03-24,7037.67
7908,2015-03-25,7019.68
7909,2015-03-26,6990.97
7910,2015-03-27,6895.33
7911,2015-03-30,6855.02
7912,2015-03-31,6891.43
7913,2015-04-01,6773.04
7914,2015-04-02,6809.5
7915,2015-04-07,6833.46
7916,2015-04-08,6961.77
7917,2015-04-09,6937.41
7918,2015-04-10,7015.36
7919,2015-04-13,7089.77
7920,2015-04-14,7064.3
7921,2015-04-15,7075.26
7922,2015-04-16,7096.78
7923,2015-04-17,7060.45
7924,2015-04-20,6994.63
7925,2015-04-21,7052.13
7926,2015-04-22,7062.93
7927,2015-04-23,7028.24
7928,2015-04-24,7053.67
7929,2015-04-27,7070.7
7930,2015-04-28,7103.98
7931,2015-04-29,7030.53
7932,2015-04-30,6946.28
7933,2015-05-01,6960.63
7934,2015-05-05,6985.95
7935,2015-05-06,6927.58
7936,2015-05-07,6933.74
7937,2015-05-08,6886.95
7938,2015-05-11,7046.82
7939,2015-05-12,7029.85
7940,2015-05-13,6933.8
7941,2015-05-14,6949.63
7942,2015-05-15,6973.04
7943,2015-05-18,6960.49
7944,2015-05-19,6968.87
7945,2015-05-20,6995.1
7946,2015-05-21,7007.26
7947,2015-05-22,7013.47
7948,2015-05-26,7031.72
7949,2015-05-27,6948.99
7950,2015-05-28,7033.33
7951,2015-05-29,7040.92
7952,2015-06-01,6984.43
7953,2015-06-02,6953.58
7954,2015-06-03,6928.27
7955,2015-06-04,6950.46
7956,2015-06-05,6859.24
7957,2015-06-08,6804.6
7958,2015-06-09,6790.04
7959,2015-06-10,6753.8
7960,2015-06-11,6830.27
7961,2015-06-12,6846.74
7962,2015-06-15,6784.92
7963,2015-06-16,6710.52
7964,2015-06-17,6710.1
7965,2015-06-18,6680.55
7966,2015-06-19,6707.88
7967,2015-06-22,6710.45
7968,2015-06-23,6825.67
7969,2015-06-24,6834.87
7970,2015-06-25,6844.8
7971,2015-06-26,6807.82
7972,2015-06-29,6753.7
7973,2015-06-30,6620.48
7974,2015-07-01,6520.98
7975,2015-07-02,6608.59
7976,2015-07-03,6630.47
7977,2015-07-06,6585.78
7978,2015-07-07,6535.68
7979,2015-07-08,6432.21
7980,2015-07-09,6490.7
7981,2015-07-10,6581.63
7982,2015-07-13,6673.38
7983,2015-07-14,6737.95
7984,2015-07-15,6753.75
7985,2015-07-16,6753.75
7986,2015-07-17,6796.45
7987,2015-07-20,6775.08
7988,2015-07-21,6788.69
7989,2015-07-22,6769.07
7990,2015-07-23,6667.34
7991,2015-07-24,6655.01
7992,2015-07-27,6579.81
7993,2015-07-28,6505.13
7994,2015-07-29,6555.28
7995,2015-07-30,6631.0
7996,2015-07-31,6668.87
7997,2015-08-03,6696.28
7998,2015-08-04,6688.62
7999,2015-08-05,6686.57
8000,2015-08-06,6752.41
8001,2015-08-07,6747.09
8002,2015-08-10,6718.49
8003,2015-08-11,6736.22
8004,2015-08-12,6664.54
8005,2015-08-13,6571.19
8006,2015-08-14,6568.33
8007,2015-08-17,6550.74
8008,2015-08-18,6550.3
8009,2015-08-19,6526.29
8010,2015-08-20,6403.45
8011,2015-08-21,6367.89
8012,2015-08-24,6187.65
8013,2015-08-25,5898.87
8014,2015-08-26,6081.34
8015,2015-08-27,5979.2
8016,2015-08-28,6192.03
8017,2015-09-01,6247.94
8018,2015-09-02,6058.54
8019,2015-09-03,6083.31
8020,2015-09-04,6194.1
8021,2015-09-07,6042.92
8022,2015-09-08,6074.52
8023,2015-09-09,6146.1
8024,2015-09-10,6229.01
8025,2015-09-11,6155.81
8026,2015-09-14,6117.76
8027,2015-09-15,6084.59
8028,2015-09-16,6137.6
8029,2015-09-17,6229.21
8030,2015-09-18,6186.99
8031,2015-09-21,6104.11
8032,2015-09-22,6108.71
8033,2015-09-23,5935.84
8034,2015-09-24,6032.24
8035,2015-09-25,5961.49
8036,2015-09-28,6109.01
8037,2015-09-29,5958.86
8038,2015-09-30,5909.24
8039,2015-10-01,6061.61
8040,2015-10-02,6072.47
8041,2015-10-05,6129.98
8042,2015-10-06,6298.92
8043,2015-10-07,6326.16
8044,2015-10-08,6336.35
8045,2015-10-09,6374.82
8046,2015-10-12,6416.16
8047,2015-10-13,6371.18
8048,2015-10-14,6342.28
8049,2015-10-15,6269.61
8050,2015-10-16,6338.67
8051,2015-10-19,6378.04
8052,2015-10-20,6352.33
8053,2015-10-21,6345.13
8054,2015-10-22,6348.42
8055,2015-10-23,6376.28
8056,2015-10-26,6444.08
8057,2015-10-27,6417.02
8058,2015-10-28,6365.27
8059,2015-10-29,6437.8
8060,2015-10-30,6395.8
8061,2015-11-02,6361.09
8062,2015-11-03,6361.8
8063,2015-11-04,6383.61
8064,2015-11-05,6412.88
8065,2015-11-06,6364.9
8066,2015-11-09,6353.83
8067,2015-11-10,6295.16
8068,2015-11-11,6275.28
8069,2015-11-12,6297.2
8070,2015-11-13,6178.68
8071,2015-11-16,6118.28
8072,2015-11-17,6146.38
8073,2015-11-18,6268.76
8074,2015-11-19,6278.97
8075,2015-11-20,6329.93
8076,2015-11-23,6334.63
8077,2015-11-24,6305.49
8078,2015-11-25,6277.23
8079,2015-11-26,6337.64
8080,2015-11-27,6393.13
8081,2015-11-30,6375.15
8082,2015-12-01,6356.09
8083,2015-12-02,6395.65
8084,2015-12-03,6420.93
8085,2015-12-04,6275.0
8086,2015-12-07,6238.29
8087,2015-12-08,6223.52
8088,2015-12-09,6135.22
8089,2015-12-10,6126.68
8090,2015-12-11,6088.05
8091,2015-12-14,5952.78
8092,2015-12-15,5874.06
8093,2015-12-16,6017.79
8094,2015-12-17,6061.19
8095,2015-12-18,6102.54
8096,2015-12-21,6052.42
8097,2015-12-22,6034.84
8098,2015-12-23,6083.1
8099,2015-12-24,6240.98
8100,2015-12-29,6254.64
8101,2015-12-30,6314.57
8102,2015-12-31,6274.05
8103,2016-01-04,6242.32
8104,2016-01-05,6093.43
8105,2016-01-06,6137.24
8106,2016-01-07,6073.38
8107,2016-01-08,5954.08
8108,2016-01-11,5912.44
8109,2016-01-12,5871.83
8110,2016-01-13,5929.24
8111,2016-01-14,5960.97
8112,2016-01-15,5918.23
8113,2016-01-18,5804.1
8114,2016-01-19,5779.92
8115,2016-01-20,5876.8
8116,2016-01-21,5673.58
8117,2016-01-22,5773.79
8118,2016-01-25,5900.01
8119,2016-01-26,5877.0
8120,2016-01-27,5911.46
8121,2016-01-28,5990.37
8122,2016-01-29,5931.78
8123,2016-02-01,6083.79
8124,2016-02-02,6060.1
8125,2016-02-03,5922.01
8126,2016-02-04,5837.14
8127,2016-02-05,5898.76
8128,2016-02-08,5848.06
8129,2016-02-09,5689.36
8130,2016-02-10,5632.19
8131,2016-02-11,5672.3
8132,2016-02-12,5536.97
8133,2016-02-15,5707.6
8134,2016-02-16,5824.28
8135,2016-02-17,5862.17
8136,2016-02-18,6030.32
8137,2016-02-19,5971.95
8138,2016-02-22,5950.23
8139,2016-02-23,6037.73
8140,2016-02-24,5962.31
8141,2016-02-25,5867.18
8142,2016-02-26,6012.81
8143,2016-02-29,6096.01
8144,2016-03-01,6097.09
8145,2016-03-02,6152.88
8146,2016-03-03,6147.06
8147,2016-03-04,6130.46
8148,2016-03-07,6199.43
8149,2016-03-08,6182.4
8150,2016-03-09,6125.44
8151,2016-03-10,6146.32
8152,2016-03-11,6036.7
8153,2016-03-14,6139.79
8154,2016-03-15,6174.57
8155,2016-03-16,6139.97
8156,2016-03-17,6175.49
8157,2016-03-18,6201.12
8158,2016-03-21,6189.64
8159,2016-03-22,6184.58
8160,2016-03-23,6192.74
8161,2016-03-24,6199.11
8162,2016-03-29,6106.48
8163,2016-03-30,6105.9
8164,2016-03-31,6203.17
8165,2016-04-01,6174.9
8166,2016-04-04,6146.05
8167,2016-04-05,6164.72
8168,2016-04-06,6091.23
8169,2016-04-07,6161.63
8170,2016-04-08,6136.89
8171,2016-04-11,6204.41
8172,2016-04-12,6200.12
8173,2016-04-13,6242.39
8174,2016-04-14,6362.89
8175,2016-04-15,6365.1
8176,2016-04-18,6343.75
8177,2016-04-19,6353.52
8178,2016-04-20,6405.35
8179,2016-04-21,6410.26
8180,2016-04-22,6381.44
8181,2016-04-25,6310.44
8182,2016-04-26,6260.92
8183,2016-04-27,6284.52
8184,2016-04-28,6319.91
8185,2016-04-29,6322.4
8186,2016-05-03,6241.89
8187,2016-05-04,6185.59
8188,2016-05-05,6112.02
8189,2016-05-06,6117.25
8190,2016-05-09,6125.7
8191,2016-05-10,6114.81
8192,2016-05-11,6156.65
8193,2016-05-12,6162.49
8194,2016-05-13,6104.19
8195,2016-05-16,6138.5
8196,2016-05-17,6151.4
8197,2016-05-18,6167.77
8198,2016-05-19,6165.8
8199,2016-05-20,6053.35
8200,2016-05-23,6156.32
8201,2016-05-24,6136.43
8202,2016-05-25,6219.26
8203,2016-05-26,6262.85
8204,2016-05-27,6265.65
8205,2016-05-31,6270.79
8206,2016-06-01,6230.79
8207,2016-06-02,6191.93
8208,2016-06-03,6185.61
8209,2016-06-06,6209.63
8210,2016-06-07,6273.4
8211,2016-06-08,6284.53
8212,2016-06-09,6301.52
8213,2016-06-10,6231.89
8214,2016-06-13,6115.76
8215,2016-06-14,6044.97
8216,2016-06-15,5923.53
8217,2016-06-16,5966.8
8218,2016-06-17,5950.48
8219,2016-06-20,6021.09
8220,2016-06-21,6204.0
8221,2016-06-22,6226.55
8222,2016-06-23,6261.19
8223,2016-06-24,6338.1
8224,2016-06-27,6138.69
8225,2016-06-28,5982.2
8226,2016-06-29,6140.39
8227,2016-06-30,6360.06
8228,2016-07-01,6504.33
8229,2016-07-04,6577.83
8230,2016-07-05,6522.26
8231,2016-07-06,6545.37
8232,2016-07-07,6463.59
8233,2016-07-08,6533.79
8234,2016-07-11,6590.64
8235,2016-07-12,6682.86
8236,2016-07-13,6680.69
8237,2016-07-14,6670.4
8238,2016-07-15,6654.47
8239,2016-07-18,6669.24
8240,2016-07-19,6695.42
8241,2016-07-20,6697.37
8242,2016-07-21,6728.99
8243,2016-07-22,6699.89
8244,2016-07-25,6730.48
8245,2016-07-26,6710.13
8246,2016-07-27,6724.03
8247,2016-07-28,6750.43
8248,2016-07-29,6721.06
8249,2016-08-01,6724.43
8250,2016-08-02,6693.95
8251,2016-08-03,6645.4
8252,2016-08-04,6634.4
8253,2016-08-05,6740.16
8254,2016-08-08,6793.47
8255,2016-08-09,6809.13
8256,2016-08-10,6851.3
8257,2016-08-11,6866.42
8258,2016-08-12,6914.71
8259,2016-08-15,6916.02
8260,2016-08-16,6941.19
8261,2016-08-17,6893.92
8262,2016-08-18,6859.15
8263,2016-08-19,6868.96
8264,2016-08-22,6858.95
8265,2016-08-23,6828.54
8266,2016-08-24,6868.51
8267,2016-08-25,6835.78
8268,2016-08-26,6816.9
8269,2016-08-30,6838.05
8270,2016-08-31,6820.79
8271,2016-09-01,6781.51
8272,2016-09-02,6745.97
8273,2016-09-05,6894.6
8274,2016-09-06,6879.42
8275,2016-09-07,6826.05
8276,2016-09-08,6846.58
8277,2016-09-09,6858.7
8278,2016-09-12,6776.95
8279,2016-09-13,6700.9
8280,2016-09-14,6665.63
8281,2016-09-15,6673.31
8282,2016-09-16,6730.3
8283,2016-09-19,6710.28
8284,2016-09-20,6813.55
8285,2016-09-21,6830.79
8286,2016-09-22,6834.77
8287,2016-09-23,6911.4
8288,2016-09-26,6909.43
8289,2016-09-27,6818.04
8290,2016-09-28,6807.67
8291,2016-09-29,6849.38
8292,2016-09-30,6919.42
8293,2016-10-03,6899.33
8294,2016-10-04,6983.52
8295,2016-10-05,7074.34
8296,2016-10-06,7033.25
8297,2016-10-07,6999.96
8298,2016-10-10,7044.39
8299,2016-10-11,7097.5
8300,2016-10-12,7070.88
8301,2016-10-13,7024.01
8302,2016-10-14,6977.74
8303,2016-10-17,7013.55
8304,2016-10-18,6947.55
8305,2016-10-19,7000.06
8306,2016-10-20,7021.92
8307,2016-10-21,7026.9
8308,2016-10-24,7020.47
8309,2016-10-25,6986.4
8310,2016-10-26,7017.64
8311,2016-10-27,6958.09
8312,2016-10-28,6986.57
8313,2016-10-31,6996.26
8314,2016-11-01,6954.22
8315,2016-11-02,6917.14
8316,2016-11-03,6845.42
8317,2016-11-04,6790.51
8318,2016-11-07,6693.26
8319,2016-11-08,6806.9
8320,2016-11-09,6843.13
8321,2016-11-10,6911.84
8322,2016-11-11,6827.98
8323,2016-11-14,6730.43
8324,2016-11-15,6753.18
8325,2016-11-16,6792.74
8326,2016-11-17,6749.72
8327,2016-11-18,6794.71
8328,2016-11-21,6775.77
8329,2016-11-22,6777.96
8330,2016-11-23,6819.72
8331,2016-11-24,6817.71
8332,2016-11-25,6829.2
8333,2016-11-28,6840.75
8334,2016-11-29,6799.47
8335,2016-11-30,6772.0
8336,2016-12-01,6783.79
8337,2016-12-02,6752.93
8338,2016-12-05,6730.72
8339,2016-12-06,6746.83
8340,2016-12-07,6779.84
8341,2016-12-08,6902.23
8342,2016-12-09,6931.55
8343,2016-12-12,6954.21
8344,2016-12-13,6890.42
8345,2016-12-14,6968.57
8346,2016-12-15,6949.19
8347,2016-12-16,6999.01
8348,2016-12-19,7011.64
8349,2016-12-20,7017.16
8350,2016-12-21,7043.96
8351,2016-12-22,7041.42
8352,2016-12-23,7063.68
8353,2016-12-28,7068.17
8354,2016-12-29,7106.08
8355,2016-12-30,7120.26
8356,2017-01-03,7142.83
8357,2017-01-04,7177.89
8358,2017-01-05,7189.74
8359,2017-01-06,7195.31
8360,2017-01-09,7210.05
8361,2017-01-10,7237.77
8362,2017-01-11,7275.47
8363,2017-01-12,7290.49
8364,2017-01-13,7292.37
8365,2017-01-16,7337.81
8366,2017-01-17,7327.13
8367,2017-01-18,7220.38
8368,2017-01-19,7247.61
8369,2017-01-20,7208.44
8370,2017-01-23,7198.44
8371,2017-01-24,7151.18
8372,2017-01-25,7150.34
8373,2017-01-26,7164.43
8374,2017-01-27,7161.49
8375,2017-01-30,7184.49
8376,2017-01-31,7118.48
8377,2017-02-01,7099.15
8378,2017-02-02,7107.65
8379,2017-02-03,7140.75
8380,2017-02-06,7188.3
8381,2017-02-07,7172.15
8382,2017-02-08,7186.22
8383,2017-02-09,7188.82
8384,2017-02-10,7229.5
8385,2017-02-13,7258.75
8386,2017-02-14,7278.92
8387,2017-02-15,7268.56
8388,2017-02-16,7302.41
8389,2017-02-17,7277.92
8390,2017-02-20,7299.96
8391,2017-02-21,7299.86
8392,2017-02-22,7274.83
8393,2017-02-23,7302.25
8394,2017-02-24,7271.37
8395,2017-02-27,7243.7
8396,2017-02-28,7253.0
8397,2017-03-01,7263.44
8398,2017-03-02,7382.9
8399,2017-03-03,7382.35
8400,2017-03-06,7374.26
8401,2017-03-07,7350.12
8402,2017-03-08,7338.99
8403,2017-03-09,7334.61
8404,2017-03-10,7314.96
8405,2017-03-13,7343.08
8406,2017-03-14,7367.08
8407,2017-03-15,7357.85
8408,2017-03-16,7368.64
8409,2017-03-17,7415.95
8410,2017-03-20,7424.96
8411,2017-03-21,7429.81
8412,2017-03-22,7378.34
8413,2017-03-23,7324.72
8414,2017-03-24,7340.71
8415,2017-03-27,7336.82
8416,2017-03-28,7293.5
8417,2017-03-29,7343.42
8418,2017-03-30,7373.72
8419,2017-03-31,7369.52
8420,2017-04-03,7322.92
8421,2017-04-04,7282.69
8422,2017-04-05,7321.82
8423,2017-04-06,7331.68
8424,2017-04-07,7303.2
8425,2017-04-10,7349.37
8426,2017-04-11,7348.94
8427,2017-04-12,7365.5
8428,2017-04-13,7348.99
8429,2017-04-18,7327.59
8430,2017-04-19,7147.5
8431,2017-04-20,7114.36
8432,2017-04-21,7118.54
8433,2017-04-24,7114.55
8434,2017-04-25,7264.68
8435,2017-04-26,7275.64
8436,2017-04-27,7288.72
8437,2017-04-28,7237.17
8438,2017-05-02,7203.94
8439,2017-05-03,7250.05
8440,2017-05-04,7234.53
8441,2017-05-05,7248.1
8442,2017-05-08,7297.43
8443,2017-05-09,7300.86
8444,2017-05-10,7342.21
8445,2017-05-11,7385.24
8446,2017-05-12,7386.63
8447,2017-05-15,7435.39
8448,2017-05-16,7454.37
8449,2017-05-17,7522.03
8450,2017-05-18,7503.47
8451,2017-05-19,7436.42
8452,2017-05-22,7470.71
8453,2017-05-23,7496.34
8454,2017-05-24,7485.29
8455,2017-05-25,7514.9
8456,2017-05-26,7517.71
8457,2017-05-30,7547.63
8458,2017-05-31,7526.51
8459,2017-06-01,7519.95
8460,2017-06-02,7543.77
8461,2017-06-05,7547.63
8462,2017-06-06,7525.76
8463,2017-06-07,7524.95
8464,2017-06-08,7478.62
8465,2017-06-09,7449.98
8466,2017-06-12,7527.33
8467,2017-06-13,7511.87
8468,2017-06-14,7500.44
8469,2017-06-15,7474.4
8470,2017-06-16,7419.36
8471,2017-06-19,7463.54
8472,2017-06-20,7523.81
8473,2017-06-21,7472.71
8474,2017-06-22,7447.79
8475,2017-06-23,7439.29
8476,2017-06-26,7424.13
8477,2017-06-27,7446.8
8478,2017-06-28,7434.36
8479,2017-06-29,7387.8
8480,2017-06-30,7350.32
8481,2017-07-03,7312.72
8482,2017-07-04,7377.09
8483,2017-07-05,7357.23
8484,2017-07-06,7367.6
8485,2017-07-07,7337.28
8486,2017-07-10,7350.92
8487,2017-07-11,7370.03
8488,2017-07-12,7329.76
8489,2017-07-13,7416.93
8490,2017-07-14,7413.44
8491,2017-07-17,7378.39
8492,2017-07-18,7404.13
8493,2017-07-19,7390.22
8494,2017-07-20,7430.91
8495,2017-07-21,7487.87
8496,2017-07-24,7452.91
8497,2017-07-25,7377.73
8498,2017-07-26,7434.82
8499,2017-07-27,7452.32
8500,2017-07-28,7443.01
8501,2017-07-31,7368.37
8502,2017-08-01,7372.0
8503,2017-08-02,7423.66
8504,2017-08-03,7411.43
8505,2017-08-04,7474.77
8506,2017-08-07,7511.71
8507,2017-08-08,7531.94
8508,2017-08-09,7542.73
8509,2017-08-10,7498.06
8510,2017-08-11,7389.94
8511,2017-08-14,7309.96
8512,2017-08-15,7353.89
8513,2017-08-16,7383.85
8514,2017-08-17,7433.03
8515,2017-08-18,7387.87
8516,2017-08-21,7323.98
8517,2017-08-22,7318.88
8518,2017-08-23,7381.74
8519,2017-08-24,7382.65
8520,2017-08-25,7407.06
8521,2017-08-29,7401.46
8522,2017-08-30,7337.43
8523,2017-08-31,7365.26
8524,2017-09-01,7430.62
8525,2017-09-04,7438.5
8526,2017-09-05,7411.47
8527,2017-09-06,7372.92
8528,2017-09-07,7354.13
8529,2017-09-08,7396.98
8530,2017-09-11,7377.6
8531,2017-09-12,7413.59
8532,2017-09-13,7400.69
8533,2017-09-14,7379.7
8534,2017-09-15,7295.39
8535,2017-09-18,7215.47
8536,2017-09-19,7253.28
8537,2017-09-20,7275.25
8538,2017-09-21,7271.95
8539,2017-09-22,7263.9
8540,2017-09-25,7310.64
8541,2017-09-26,7301.29
8542,2017-09-27,7285.74
8543,2017-09-28,7313.51
8544,2017-09-29,7322.82
8545,2017-10-02,7372.76
8546,2017-10-03,7438.84
8547,2017-10-04,7468.11
8548,2017-10-05,7467.58
8549,2017-10-06,7507.99
8550,2017-10-09,7522.87
8551,2017-10-10,7507.89
8552,2017-10-11,7538.27
8553,2017-10-12,7533.81
8554,2017-10-13,7556.24
8555,2017-10-16,7535.44
8556,2017-10-17,7526.97
8557,2017-10-18,7516.17
8558,2017-10-19,7542.87
8559,2017-10-20,7523.04
8560,2017-10-23,7523.23
8561,2017-10-24,7524.45
8562,2017-10-25,7526.54
8563,2017-10-26,7447.21
8564,2017-10-27,7486.5
8565,2017-10-30,7505.03
8566,2017-10-31,7487.81
8567,2017-11-01,7493.08
8568,2017-11-02,7487.96
8569,2017-11-03,7555.32
8570,2017-11-06,7560.35
8571,2017-11-07,7562.28
8572,2017-11-08,7513.11
8573,2017-11-09,7529.72
8574,2017-11-10,7484.1
8575,2017-11-13,7432.99
8576,2017-11-14,7415.18
8577,2017-11-15,7414.42
8578,2017-11-16,7372.61
8579,2017-11-17,7386.94
8580,2017-11-20,7380.68
8581,2017-11-21,7389.46
8582,2017-11-22,7411.34
8583,2017-11-23,7419.02
8584,2017-11-24,7417.24
8585,2017-11-27,7409.64
8586,2017-11-28,7383.9
8587,2017-11-29,7460.65
8588,2017-11-30,7393.56
8589,2017-12-01,7326.67
8590,2017-12-04,7300.49
8591,2017-12-05,7338.97
8592,2017-12-06,7327.5
8593,2017-12-07,7348.03
8594,2017-12-08,7320.75
8595,2017-12-11,7393.96
8596,2017-12-12,7453.48
8597,2017-12-13,7500.41
8598,2017-12-14,7496.51
8599,2017-12-15,7448.12
8600,2017-12-18,7490.57
8601,2017-12-19,7537.01
8602,2017-12-20,7544.09
8603,2017-12-21,7525.22
8604,2017-12-22,7603.98
8605,2017-12-27,7592.66
8606,2017-12-28,7620.68
8607,2017-12-29,7622.88
