,Unnamed: 0,LMAHDY
3865,2003-01-02,1.0
3866,2003-01-03,1.0
3867,2003-01-06,1.0
3868,2003-01-07,1.0
3869,2003-01-08,1.0
3870,2003-01-09,1.0
3871,2003-01-10,1.0
3872,2003-01-13,1.0
3873,2003-01-14,1.0
3874,2003-01-15,1.0
3875,2003-01-16,1.0
3876,2003-01-17,1.0
3877,2003-01-20,1.0
3878,2003-01-21,1.0
3879,2003-01-22,0.0
3880,2003-01-23,0.0
3881,2003-01-24,1.0
3882,2003-01-27,1.0
3883,2003-01-28,1.0
3884,2003-01-29,1.0
3885,2003-01-30,1.0
3886,2003-01-31,1.0
3887,2003-02-03,1.0
3888,2003-02-04,0.0
3889,2003-02-05,0.0
3890,2003-02-06,1.0
3891,2003-02-07,1.0
3892,2003-02-10,0.0
3893,2003-02-11,0.0
3894,2003-02-12,0.0
3895,2003-02-13,0.0
3896,2003-02-14,0.0
3897,2003-02-17,0.0
3898,2003-02-18,0.0
3899,2003-02-19,0.0
3900,2003-02-20,0.0
3901,2003-02-21,0.0
3902,2003-02-24,0.0
3903,2003-02-25,0.0
3904,2003-02-26,0.0
3905,2003-02-27,0.0
3906,2003-02-28,0.0
3907,2003-03-03,0.0
3908,2003-03-04,0.0
3909,2003-03-05,0.0
3910,2003-03-06,0.0
3911,2003-03-07,0.0
3912,2003-03-10,0.0
3913,2003-03-11,0.0
3914,2003-03-12,0.0
3915,2003-03-13,0.0
3916,2003-03-14,0.0
3917,2003-03-17,0.0
3918,2003-03-18,0.0
3919,2003-03-19,0.0
3920,2003-03-20,0.0
3921,2003-03-21,0.0
3922,2003-03-24,0.0
3923,2003-03-25,0.0
3924,2003-03-26,0.0
3925,2003-03-27,0.0
3926,2003-03-28,0.0
3927,2003-03-31,1.0
3928,2003-04-01,1.0
3929,2003-04-02,1.0
3930,2003-04-03,1.0
3931,2003-04-04,1.0
3932,2003-04-07,1.0
3933,2003-04-08,1.0
3934,2003-04-09,1.0
3935,2003-04-10,1.0
3936,2003-04-11,1.0
3937,2003-04-14,1.0
3938,2003-04-15,1.0
3939,2003-04-16,1.0
3940,2003-04-17,1.0
3941,2003-04-22,1.0
3942,2003-04-23,1.0
3943,2003-04-24,1.0
3944,2003-04-25,1.0
3945,2003-04-28,1.0
3946,2003-04-29,1.0
3947,2003-04-30,1.0
3948,2003-05-01,1.0
3949,2003-05-02,1.0
3950,2003-05-06,1.0
3951,2003-05-07,1.0
3952,2003-05-08,1.0
3953,2003-05-09,1.0
3954,2003-05-12,0.0
3955,2003-05-13,0.0
3956,2003-05-14,0.0
3957,2003-05-15,0.0
3958,2003-05-16,0.0
3959,2003-05-19,1.0
3960,2003-05-20,1.0
3961,2003-05-21,1.0
3962,2003-05-22,0.0
3963,2003-05-23,0.0
3964,2003-05-27,0.0
3965,2003-05-28,0.0
3966,2003-05-29,0.0
3967,2003-05-30,0.0
3968,2003-06-02,0.0
3969,2003-06-03,0.0
3970,2003-06-04,0.0
3971,2003-06-05,0.0
3972,2003-06-06,0.0
3973,2003-06-09,1.0
3974,2003-06-10,1.0
3975,2003-06-11,1.0
3976,2003-06-12,1.0
3977,2003-06-13,1.0
3978,2003-06-16,1.0
3979,2003-06-17,1.0
3980,2003-06-18,0.0
3981,2003-06-19,0.0
3982,2003-06-20,1.0
3983,2003-06-23,1.0
3984,2003-06-24,1.0
3985,2003-06-25,1.0
3986,2003-06-26,1.0
3987,2003-06-27,1.0
3988,2003-06-30,1.0
3989,2003-07-01,1.0
3990,2003-07-02,1.0
3991,2003-07-03,1.0
3992,2003-07-04,1.0
3993,2003-07-07,1.0
3994,2003-07-08,1.0
3995,2003-07-09,1.0
3996,2003-07-10,1.0
3997,2003-07-11,1.0
3998,2003-07-14,0.0
3999,2003-07-15,0.0
4000,2003-07-16,1.0
4001,2003-07-17,1.0
4002,2003-07-18,1.0
4003,2003-07-21,1.0
4004,2003-07-22,1.0
4005,2003-07-23,1.0
4006,2003-07-24,0.0
4007,2003-07-25,0.0
4008,2003-07-28,0.0
4009,2003-07-29,0.0
4010,2003-07-30,0.0
4011,2003-07-31,0.0
4012,2003-08-01,0.0
4013,2003-08-04,0.0
4014,2003-08-05,0.0
4015,2003-08-06,0.0
4016,2003-08-07,0.0
4017,2003-08-08,0.0
4018,2003-08-11,0.0
4019,2003-08-12,0.0
4020,2003-08-13,0.0
4021,2003-08-14,0.0
4022,2003-08-15,0.0
4023,2003-08-18,0.0
4024,2003-08-19,0.0
4025,2003-08-20,0.0
4026,2003-08-21,0.0
4027,2003-08-22,0.0
4028,2003-08-26,0.0
4029,2003-08-27,0.0
4030,2003-08-28,1.0
4031,2003-08-29,0.0
4032,2003-09-01,0.0
4033,2003-09-02,0.0
4034,2003-09-03,0.0
4035,2003-09-04,0.0
4036,2003-09-05,0.0
4037,2003-09-08,0.0
4038,2003-09-09,1.0
4039,2003-09-10,1.0
4040,2003-09-11,1.0
4041,2003-09-12,1.0
4042,2003-09-15,1.0
4043,2003-09-16,1.0
4044,2003-09-17,1.0
4045,2003-09-18,1.0
4046,2003-09-19,1.0
4047,2003-09-22,1.0
4048,2003-09-23,1.0
4049,2003-09-24,1.0
4050,2003-09-25,1.0
4051,2003-09-26,1.0
4052,2003-09-29,1.0
4053,2003-09-30,1.0
4054,2003-10-01,1.0
4055,2003-10-02,1.0
4056,2003-10-03,1.0
4057,2003-10-06,1.0
4058,2003-10-07,1.0
4059,2003-10-08,1.0
4060,2003-10-09,1.0
4061,2003-10-10,1.0
4062,2003-10-13,0.0
4063,2003-10-14,1.0
4064,2003-10-15,1.0
4065,2003-10-16,1.0
4066,2003-10-17,1.0
4067,2003-10-20,1.0
4068,2003-10-21,1.0
4069,2003-10-22,1.0
4070,2003-10-23,1.0
4071,2003-10-24,1.0
4072,2003-10-27,1.0
4073,2003-10-28,1.0
4074,2003-10-29,1.0
4075,2003-10-30,0.0
4076,2003-10-31,1.0
4077,2003-11-03,1.0
4078,2003-11-04,1.0
4079,2003-11-05,1.0
4080,2003-11-06,1.0
4081,2003-11-07,1.0
4082,2003-11-10,1.0
4083,2003-11-11,1.0
4084,2003-11-12,1.0
4085,2003-11-13,1.0
4086,2003-11-14,1.0
4087,2003-11-17,1.0
4088,2003-11-18,1.0
4089,2003-11-19,1.0
4090,2003-11-20,1.0
4091,2003-11-21,1.0
4092,2003-11-24,1.0
4093,2003-11-25,1.0
4094,2003-11-26,1.0
4095,2003-11-27,1.0
4096,2003-11-28,1.0
4097,2003-12-01,1.0
4098,2003-12-02,1.0
4099,2003-12-03,1.0
4100,2003-12-04,1.0
4101,2003-12-05,1.0
4102,2003-12-08,1.0
4103,2003-12-09,1.0
4104,2003-12-10,1.0
4105,2003-12-11,1.0
4106,2003-12-12,1.0
4107,2003-12-15,1.0
4108,2003-12-16,1.0
4109,2003-12-17,1.0
4110,2003-12-18,1.0
4111,2003-12-19,1.0
4112,2003-12-22,1.0
4113,2003-12-23,1.0
4114,2003-12-24,1.0
4115,2003-12-29,1.0
4116,2003-12-30,1.0
4117,2003-12-31,1.0
4118,2004-01-02,1.0
4119,2004-01-05,1.0
4120,2004-01-06,1.0
4121,2004-01-07,1.0
4122,2004-01-08,1.0
4123,2004-01-09,1.0
4124,2004-01-12,1.0
4125,2004-01-13,1.0
4126,2004-01-14,1.0
4127,2004-01-15,1.0
4128,2004-01-16,1.0
4129,2004-01-19,1.0
4130,2004-01-20,1.0
4131,2004-01-21,1.0
4132,2004-01-22,1.0
4133,2004-01-23,1.0
4134,2004-01-26,1.0
4135,2004-01-27,1.0
4136,2004-01-28,1.0
4137,2004-01-29,1.0
4138,2004-01-30,1.0
4139,2004-02-02,1.0
4140,2004-02-03,1.0
4141,2004-02-04,0.0
4142,2004-02-05,0.0
4143,2004-02-06,0.0
4144,2004-02-09,0.0
4145,2004-02-10,0.0
4146,2004-02-11,0.0
4147,2004-02-12,0.0
4148,2004-02-13,0.0
4149,2004-02-16,0.0
4150,2004-02-17,0.0
4151,2004-02-18,0.0
4152,2004-02-19,0.0
4153,2004-02-20,0.0
4154,2004-02-23,0.0
4155,2004-02-24,0.0
4156,2004-02-25,0.0
4157,2004-02-26,0.0
4158,2004-02-27,0.0
4159,2004-03-01,0.0
4160,2004-03-02,0.0
4161,2004-03-03,1.0
4162,2004-03-04,1.0
4163,2004-03-05,1.0
4164,2004-03-08,1.0
4165,2004-03-09,1.0
4166,2004-03-10,1.0
4167,2004-03-11,1.0
4168,2004-03-12,1.0
4169,2004-03-15,1.0
4170,2004-03-16,1.0
4171,2004-03-17,1.0
4172,2004-03-18,1.0
4173,2004-03-19,1.0
4174,2004-03-22,1.0
4175,2004-03-23,1.0
4176,2004-03-24,1.0
4177,2004-03-25,1.0
4178,2004-03-26,1.0
4179,2004-03-29,0.0
4180,2004-03-30,0.0
4181,2004-03-31,0.0
4182,2004-04-01,0.0
4183,2004-04-02,0.0
4184,2004-04-05,0.0
4185,2004-04-06,0.0
4186,2004-04-07,0.0
4187,2004-04-08,0.0
4188,2004-04-13,0.0
4189,2004-04-14,0.0
4190,2004-04-15,0.0
4191,2004-04-16,0.0
4192,2004-04-19,0.0
4193,2004-04-20,0.0
4194,2004-04-21,0.0
4195,2004-04-22,0.0
4196,2004-04-23,0.0
4197,2004-04-26,0.0
4198,2004-04-27,0.0
4199,2004-04-28,1.0
4200,2004-04-29,1.0
4201,2004-04-30,1.0
4202,2004-05-04,0.0
4203,2004-05-05,1.0
4204,2004-05-06,0.0
4205,2004-05-07,1.0
4206,2004-05-10,1.0
4207,2004-05-11,1.0
4208,2004-05-12,1.0
4209,2004-05-13,1.0
4210,2004-05-14,1.0
4211,2004-05-17,1.0
4212,2004-05-18,1.0
4213,2004-05-19,1.0
4214,2004-05-20,1.0
4215,2004-05-21,1.0
4216,2004-05-24,1.0
4217,2004-05-25,1.0
4218,2004-05-26,1.0
4219,2004-05-27,1.0
4220,2004-05-28,1.0
4221,2004-06-01,0.0
4222,2004-06-02,1.0
4223,2004-06-03,1.0
4224,2004-06-04,1.0
4225,2004-06-07,1.0
4226,2004-06-08,1.0
4227,2004-06-09,1.0
4228,2004-06-10,1.0
4229,2004-06-11,1.0
4230,2004-06-14,1.0
4231,2004-06-15,1.0
4232,2004-06-16,1.0
4233,2004-06-17,1.0
4234,2004-06-18,1.0
4235,2004-06-21,1.0
4236,2004-06-22,1.0
4237,2004-06-23,0.0
4238,2004-06-24,0.0
4239,2004-06-25,0.0
4240,2004-06-28,0.0
4241,2004-06-29,0.0
4242,2004-06-30,0.0
4243,2004-07-01,0.0
4244,2004-07-02,0.0
4245,2004-07-05,0.0
4246,2004-07-06,0.0
4247,2004-07-07,0.0
4248,2004-07-08,0.0
4249,2004-07-09,0.0
4250,2004-07-12,0.0
4251,2004-07-13,0.0
4252,2004-07-14,0.0
4253,2004-07-15,0.0
4254,2004-07-16,0.0
4255,2004-07-19,0.0
4256,2004-07-20,0.0
4257,2004-07-21,1.0
4258,2004-07-22,1.0
4259,2004-07-23,1.0
4260,2004-07-26,1.0
4261,2004-07-27,1.0
4262,2004-07-28,0.0
4263,2004-07-29,1.0
4264,2004-07-30,0.0
4265,2004-08-02,0.0
4266,2004-08-03,0.0
4267,2004-08-04,0.0
4268,2004-08-05,0.0
4269,2004-08-06,0.0
4270,2004-08-09,1.0
4271,2004-08-10,0.0
4272,2004-08-11,0.0
4273,2004-08-12,0.0
4274,2004-08-13,0.0
4275,2004-08-16,0.0
4276,2004-08-17,0.0
4277,2004-08-18,1.0
4278,2004-08-19,0.0
4279,2004-08-20,1.0
4280,2004-08-23,1.0
4281,2004-08-24,1.0
4282,2004-08-25,1.0
4283,2004-08-26,1.0
4284,2004-08-27,1.0
4285,2004-08-31,1.0
4286,2004-09-01,1.0
4287,2004-09-02,1.0
4288,2004-09-03,1.0
4289,2004-09-06,1.0
4290,2004-09-07,1.0
4291,2004-09-08,1.0
4292,2004-09-09,1.0
4293,2004-09-10,1.0
4294,2004-09-13,1.0
4295,2004-09-14,1.0
4296,2004-09-15,1.0
4297,2004-09-16,1.0
4298,2004-09-17,1.0
4299,2004-09-20,1.0
4300,2004-09-21,1.0
4301,2004-09-22,0.0
4302,2004-09-23,0.0
4303,2004-09-24,1.0
4304,2004-09-27,0.0
4305,2004-09-28,0.0
4306,2004-09-29,0.0
4307,2004-09-30,0.0
4308,2004-10-01,1.0
4309,2004-10-04,1.0
4310,2004-10-05,0.0
4311,2004-10-06,0.0
4312,2004-10-07,0.0
4313,2004-10-08,0.0
4314,2004-10-11,0.0
4315,2004-10-12,0.0
4316,2004-10-13,1.0
4317,2004-10-14,0.0
4318,2004-10-15,0.0
4319,2004-10-18,0.0
4320,2004-10-19,0.0
4321,2004-10-20,0.0
4322,2004-10-21,0.0
4323,2004-10-22,0.0
4324,2004-10-25,1.0
4325,2004-10-26,1.0
4326,2004-10-27,1.0
4327,2004-10-28,1.0
4328,2004-10-29,0.0
4329,2004-11-01,0.0
4330,2004-11-02,1.0
4331,2004-11-03,1.0
4332,2004-11-04,0.0
4333,2004-11-05,0.0
4334,2004-11-08,1.0
4335,2004-11-09,1.0
4336,2004-11-10,0.0
4337,2004-11-11,0.0
4338,2004-11-12,0.0
4339,2004-11-15,1.0
4340,2004-11-16,0.0
4341,2004-11-17,1.0
4342,2004-11-18,1.0
4343,2004-11-19,1.0
4344,2004-11-22,1.0
4345,2004-11-23,1.0
4346,2004-11-24,1.0
4347,2004-11-25,1.0
4348,2004-11-26,1.0
4349,2004-11-29,1.0
4350,2004-11-30,1.0
4351,2004-12-01,1.0
4352,2004-12-02,0.0
4353,2004-12-03,1.0
4354,2004-12-06,0.0
4355,2004-12-07,0.0
4356,2004-12-08,1.0
4357,2004-12-09,1.0
4358,2004-12-10,1.0
4359,2004-12-13,1.0
4360,2004-12-14,1.0
4361,2004-12-15,1.0
4362,2004-12-16,1.0
4363,2004-12-17,1.0
4364,2004-12-20,0.0
4365,2004-12-21,0.0
4366,2004-12-22,0.0
4367,2004-12-23,0.0
4368,2004-12-24,0.0
4369,2004-12-29,0.0
4370,2004-12-30,0.0
4371,2004-12-31,0.0
4372,2005-01-04,1.0
4373,2005-01-05,1.0
4374,2005-01-06,1.0
4375,2005-01-07,1.0
4376,2005-01-10,1.0
4377,2005-01-11,0.0
4378,2005-01-12,0.0
4379,2005-01-13,1.0
4380,2005-01-14,1.0
4381,2005-01-17,1.0
4382,2005-01-18,1.0
4383,2005-01-19,1.0
4384,2005-01-20,1.0
4385,2005-01-21,1.0
4386,2005-01-24,1.0
4387,2005-01-25,1.0
4388,2005-01-26,1.0
4389,2005-01-27,1.0
4390,2005-01-28,1.0
4391,2005-01-31,1.0
4392,2005-02-01,1.0
4393,2005-02-02,1.0
4394,2005-02-03,1.0
4395,2005-02-04,1.0
4396,2005-02-07,1.0
4397,2005-02-08,1.0
4398,2005-02-09,1.0
4399,2005-02-10,1.0
4400,2005-02-11,1.0
4401,2005-02-14,1.0
4402,2005-02-15,1.0
4403,2005-02-16,1.0
4404,2005-02-17,1.0
4405,2005-02-18,1.0
4406,2005-02-21,1.0
4407,2005-02-22,1.0
4408,2005-02-23,0.0
4409,2005-02-24,1.0
4410,2005-02-25,1.0
4411,2005-02-28,1.0
4412,2005-03-01,1.0
4413,2005-03-02,1.0
4414,2005-03-03,0.0
4415,2005-03-04,0.0
4416,2005-03-07,0.0
4417,2005-03-08,0.0
4418,2005-03-09,0.0
4419,2005-03-10,0.0
4420,2005-03-11,0.0
4421,2005-03-14,0.0
4422,2005-03-15,0.0
4423,2005-03-16,0.0
4424,2005-03-17,0.0
4425,2005-03-18,0.0
4426,2005-03-21,0.0
4427,2005-03-22,0.0
4428,2005-03-23,0.0
4429,2005-03-24,0.0
4430,2005-03-29,0.0
4431,2005-03-30,0.0
4432,2005-03-31,0.0
4433,2005-04-01,0.0
4434,2005-04-04,0.0
4435,2005-04-05,0.0
4436,2005-04-06,0.0
4437,2005-04-07,0.0
4438,2005-04-08,0.0
4439,2005-04-11,0.0
4440,2005-04-12,0.0
4441,2005-04-13,0.0
4442,2005-04-14,0.0
4443,2005-04-15,0.0
4444,2005-04-18,0.0
4445,2005-04-19,0.0
4446,2005-04-20,0.0
4447,2005-04-21,0.0
4448,2005-04-22,0.0
4449,2005-04-25,0.0
4450,2005-04-26,0.0
4451,2005-04-27,0.0
4452,2005-04-28,0.0
4453,2005-04-29,0.0
4454,2005-05-03,0.0
4455,2005-05-04,1.0
4456,2005-05-05,1.0
4457,2005-05-06,1.0
4458,2005-05-09,0.0
4459,2005-05-10,0.0
4460,2005-05-11,0.0
4461,2005-05-12,0.0
4462,2005-05-13,0.0
4463,2005-05-16,0.0
4464,2005-05-17,0.0
4465,2005-05-18,0.0
4466,2005-05-19,1.0
4467,2005-05-20,1.0
4468,2005-05-23,1.0
4469,2005-05-24,1.0
4470,2005-05-25,0.0
4471,2005-05-26,0.0
4472,2005-05-27,0.0
4473,2005-05-31,0.0
4474,2005-06-01,0.0
4475,2005-06-02,0.0
4476,2005-06-03,0.0
4477,2005-06-06,0.0
4478,2005-06-07,0.0
4479,2005-06-08,1.0
4480,2005-06-09,0.0
4481,2005-06-10,1.0
4482,2005-06-13,1.0
4483,2005-06-14,1.0
4484,2005-06-15,1.0
4485,2005-06-16,1.0
4486,2005-06-17,1.0
4487,2005-06-20,1.0
4488,2005-06-21,1.0
4489,2005-06-22,1.0
4490,2005-06-23,1.0
4491,2005-06-24,1.0
4492,2005-06-27,1.0
4493,2005-06-28,1.0
4494,2005-06-29,1.0
4495,2005-06-30,1.0
4496,2005-07-01,1.0
4497,2005-07-04,1.0
4498,2005-07-05,1.0
4499,2005-07-06,1.0
4500,2005-07-07,1.0
4501,2005-07-08,1.0
4502,2005-07-11,1.0
4503,2005-07-12,1.0
4504,2005-07-13,1.0
4505,2005-07-14,1.0
4506,2005-07-15,1.0
4507,2005-07-18,1.0
4508,2005-07-19,1.0
4509,2005-07-20,1.0
4510,2005-07-21,1.0
4511,2005-07-22,1.0
4512,2005-07-25,1.0
4513,2005-07-26,1.0
4514,2005-07-27,1.0
4515,2005-07-28,1.0
4516,2005-07-29,1.0
4517,2005-08-01,1.0
4518,2005-08-02,0.0
4519,2005-08-03,0.0
4520,2005-08-04,1.0
4521,2005-08-05,0.0
4522,2005-08-08,0.0
4523,2005-08-09,1.0
4524,2005-08-10,0.0
4525,2005-08-11,0.0
4526,2005-08-12,0.0
4527,2005-08-15,0.0
4528,2005-08-16,0.0
4529,2005-08-17,0.0
4530,2005-08-18,0.0
4531,2005-08-19,0.0
4532,2005-08-22,0.0
4533,2005-08-23,0.0
4534,2005-08-24,0.0
4535,2005-08-25,0.0
4536,2005-08-26,0.0
4537,2005-08-30,0.0
4538,2005-08-31,1.0
4539,2005-09-01,1.0
4540,2005-09-02,0.0
4541,2005-09-05,0.0
4542,2005-09-06,1.0
4543,2005-09-07,1.0
4544,2005-09-08,1.0
4545,2005-09-09,1.0
4546,2005-09-12,1.0
4547,2005-09-13,1.0
4548,2005-09-14,1.0
4549,2005-09-15,1.0
4550,2005-09-16,1.0
4551,2005-09-19,1.0
4552,2005-09-20,1.0
4553,2005-09-21,1.0
4554,2005-09-22,1.0
4555,2005-09-23,1.0
4556,2005-09-26,1.0
4557,2005-09-27,1.0
4558,2005-09-28,1.0
4559,2005-09-29,1.0
4560,2005-09-30,1.0
4561,2005-10-03,1.0
4562,2005-10-04,1.0
4563,2005-10-05,1.0
4564,2005-10-06,1.0
4565,2005-10-07,1.0
4566,2005-10-10,1.0
4567,2005-10-11,1.0
4568,2005-10-12,1.0
4569,2005-10-13,1.0
4570,2005-10-14,1.0
4571,2005-10-17,1.0
4572,2005-10-18,1.0
4573,2005-10-19,1.0
4574,2005-10-20,1.0
4575,2005-10-21,1.0
4576,2005-10-24,1.0
4577,2005-10-25,1.0
4578,2005-10-26,1.0
4579,2005-10-27,1.0
4580,2005-10-28,1.0
4581,2005-10-31,1.0
4582,2005-11-01,1.0
4583,2005-11-02,1.0
4584,2005-11-03,1.0
4585,2005-11-04,1.0
4586,2005-11-07,1.0
4587,2005-11-08,1.0
4588,2005-11-09,1.0
4589,2005-11-10,1.0
4590,2005-11-11,1.0
4591,2005-11-14,1.0
4592,2005-11-15,1.0
4593,2005-11-16,1.0
4594,2005-11-17,1.0
4595,2005-11-18,1.0
4596,2005-11-21,1.0
4597,2005-11-22,1.0
4598,2005-11-23,1.0
4599,2005-11-24,1.0
4600,2005-11-25,1.0
4601,2005-11-28,1.0
4602,2005-11-29,1.0
4603,2005-11-30,1.0
4604,2005-12-01,1.0
4605,2005-12-02,1.0
4606,2005-12-05,1.0
4607,2005-12-06,1.0
4608,2005-12-07,1.0
4609,2005-12-08,1.0
4610,2005-12-09,1.0
4611,2005-12-12,1.0
4612,2005-12-13,1.0
4613,2005-12-14,1.0
4614,2005-12-15,1.0
4615,2005-12-16,1.0
4616,2005-12-19,1.0
4617,2005-12-20,1.0
4618,2005-12-21,1.0
4619,2005-12-22,1.0
4620,2005-12-23,1.0
4621,2005-12-28,1.0
4622,2005-12-29,1.0
4623,2005-12-30,1.0
4624,2006-01-03,1.0
4625,2006-01-04,1.0
4626,2006-01-05,1.0
4627,2006-01-06,1.0
4628,2006-01-09,1.0
4629,2006-01-10,1.0
4630,2006-01-11,1.0
4631,2006-01-12,1.0
4632,2006-01-13,1.0
4633,2006-01-16,1.0
4634,2006-01-17,1.0
4635,2006-01-18,0.0
4636,2006-01-19,0.0
4637,2006-01-20,0.0
4638,2006-01-23,0.0
4639,2006-01-24,0.0
4640,2006-01-25,0.0
4641,2006-01-26,0.0
4642,2006-01-27,0.0
4643,2006-01-30,0.0
4644,2006-01-31,0.0
4645,2006-02-01,0.0
4646,2006-02-02,0.0
4647,2006-02-03,0.0
4648,2006-02-06,0.0
4649,2006-02-07,0.0
4650,2006-02-08,0.0
4651,2006-02-09,0.0
4652,2006-02-10,0.0
4653,2006-02-13,0.0
4654,2006-02-14,0.0
4655,2006-02-15,1.0
4656,2006-02-16,1.0
4657,2006-02-17,1.0
4658,2006-02-20,1.0
4659,2006-02-21,1.0
4660,2006-02-22,1.0
4661,2006-02-23,1.0
4662,2006-02-24,1.0
4663,2006-02-27,1.0
4664,2006-02-28,1.0
4665,2006-03-01,1.0
4666,2006-03-02,1.0
4667,2006-03-03,0.0
4668,2006-03-06,1.0
4669,2006-03-07,1.0
4670,2006-03-08,1.0
4671,2006-03-09,1.0
4672,2006-03-10,1.0
4673,2006-03-13,1.0
4674,2006-03-14,1.0
4675,2006-03-15,1.0
4676,2006-03-16,1.0
4677,2006-03-17,1.0
4678,2006-03-20,1.0
4679,2006-03-21,1.0
4680,2006-03-22,1.0
4681,2006-03-23,1.0
4682,2006-03-24,1.0
4683,2006-03-27,1.0
4684,2006-03-28,1.0
4685,2006-03-29,1.0
4686,2006-03-30,1.0
4687,2006-03-31,1.0
4688,2006-04-03,1.0
4689,2006-04-04,1.0
4690,2006-04-05,1.0
4691,2006-04-06,1.0
4692,2006-04-07,1.0
4693,2006-04-10,1.0
4694,2006-04-11,1.0
4695,2006-04-12,1.0
4696,2006-04-13,1.0
4697,2006-04-18,1.0
4698,2006-04-19,1.0
4699,2006-04-20,1.0
4700,2006-04-21,0.0
4701,2006-04-24,1.0
4702,2006-04-25,0.0
4703,2006-04-26,0.0
4704,2006-04-27,1.0
4705,2006-04-28,0.0
4706,2006-05-02,0.0
4707,2006-05-03,0.0
4708,2006-05-04,0.0
4709,2006-05-05,0.0
4710,2006-05-08,0.0
4711,2006-05-09,0.0
4712,2006-05-10,0.0
4713,2006-05-11,0.0
4714,2006-05-12,0.0
4715,2006-05-15,0.0
4716,2006-05-16,0.0
4717,2006-05-17,0.0
4718,2006-05-18,0.0
4719,2006-05-19,0.0
4720,2006-05-22,0.0
4721,2006-05-23,0.0
4722,2006-05-24,0.0
4723,2006-05-25,0.0
4724,2006-05-26,0.0
4725,2006-05-30,0.0
4726,2006-05-31,0.0
4727,2006-06-01,0.0
4728,2006-06-02,0.0
4729,2006-06-05,1.0
4730,2006-06-06,1.0
4731,2006-06-07,0.0
4732,2006-06-08,1.0
4733,2006-06-09,1.0
4734,2006-06-12,1.0
4735,2006-06-13,1.0
4736,2006-06-14,1.0
4737,2006-06-15,1.0
4738,2006-06-16,1.0
4739,2006-06-19,1.0
4740,2006-06-20,1.0
4741,2006-06-21,1.0
4742,2006-06-22,1.0
4743,2006-06-23,1.0
4744,2006-06-26,0.0
4745,2006-06-27,1.0
4746,2006-06-28,0.0
4747,2006-06-29,0.0
4748,2006-06-30,0.0
4749,2006-07-03,0.0
4750,2006-07-04,0.0
4751,2006-07-05,1.0
4752,2006-07-06,0.0
4753,2006-07-07,0.0
4754,2006-07-10,0.0
4755,2006-07-11,0.0
4756,2006-07-12,0.0
4757,2006-07-13,0.0
4758,2006-07-14,0.0
4759,2006-07-17,0.0
4760,2006-07-18,0.0
4761,2006-07-19,0.0
4762,2006-07-20,0.0
4763,2006-07-21,1.0
4764,2006-07-24,0.0
4765,2006-07-25,0.0
4766,2006-07-26,1.0
4767,2006-07-27,0.0
4768,2006-07-28,0.0
4769,2006-07-31,0.0
4770,2006-08-01,0.0
4771,2006-08-02,0.0
4772,2006-08-03,0.0
4773,2006-08-04,0.0
4774,2006-08-07,1.0
4775,2006-08-08,1.0
4776,2006-08-09,1.0
4777,2006-08-10,1.0
4778,2006-08-11,0.0
4779,2006-08-14,0.0
4780,2006-08-15,0.0
4781,2006-08-16,0.0
4782,2006-08-17,0.0
4783,2006-08-18,0.0
4784,2006-08-21,0.0
4785,2006-08-22,0.0
4786,2006-08-23,1.0
4787,2006-08-24,1.0
4788,2006-08-25,1.0
4789,2006-08-29,1.0
4790,2006-08-30,1.0
4791,2006-08-31,1.0
4792,2006-09-01,1.0
4793,2006-09-04,1.0
4794,2006-09-05,1.0
4795,2006-09-06,0.0
4796,2006-09-07,0.0
4797,2006-09-08,0.0
4798,2006-09-11,1.0
4799,2006-09-12,1.0
4800,2006-09-13,1.0
4801,2006-09-14,1.0
4802,2006-09-15,1.0
4803,2006-09-18,1.0
4804,2006-09-19,1.0
4805,2006-09-20,1.0
4806,2006-09-21,1.0
4807,2006-09-22,1.0
4808,2006-09-25,1.0
4809,2006-09-26,1.0
4810,2006-09-27,1.0
4811,2006-09-28,1.0
4812,2006-09-29,1.0
4813,2006-10-02,1.0
4814,2006-10-03,1.0
4815,2006-10-04,1.0
4816,2006-10-05,1.0
4817,2006-10-06,1.0
4818,2006-10-09,1.0
4819,2006-10-10,1.0
4820,2006-10-11,1.0
4821,2006-10-12,1.0
4822,2006-10-13,1.0
4823,2006-10-16,1.0
4824,2006-10-17,0.0
4825,2006-10-18,0.0
4826,2006-10-19,0.0
4827,2006-10-20,0.0
4828,2006-10-23,0.0
4829,2006-10-24,0.0
4830,2006-10-25,0.0
4831,2006-10-26,0.0
4832,2006-10-27,0.0
4833,2006-10-30,0.0
4834,2006-10-31,0.0
4835,2006-11-01,0.0
4836,2006-11-02,0.0
4837,2006-11-03,1.0
4838,2006-11-06,1.0
4839,2006-11-07,1.0
4840,2006-11-08,1.0
4841,2006-11-09,0.0
4842,2006-11-10,1.0
4843,2006-11-13,1.0
4844,2006-11-14,1.0
4845,2006-11-15,1.0
4846,2006-11-16,1.0
4847,2006-11-17,1.0
4848,2006-11-20,1.0
4849,2006-11-21,1.0
4850,2006-11-22,1.0
4851,2006-11-23,1.0
4852,2006-11-24,1.0
4853,2006-11-27,1.0
4854,2006-11-28,1.0
4855,2006-11-29,1.0
4856,2006-11-30,1.0
4857,2006-12-01,0.0
4858,2006-12-04,0.0
4859,2006-12-05,0.0
4860,2006-12-06,0.0
4861,2006-12-07,0.0
4862,2006-12-08,0.0
4863,2006-12-11,0.0
4864,2006-12-12,0.0
4865,2006-12-13,0.0
4866,2006-12-14,0.0
4867,2006-12-15,0.0
4868,2006-12-18,0.0
4869,2006-12-19,0.0
4870,2006-12-20,1.0
4871,2006-12-21,1.0
4872,2006-12-22,1.0
4873,2006-12-27,1.0
4874,2006-12-28,1.0
4875,2006-12-29,0.0
4876,2007-01-02,0.0
4877,2007-01-03,1.0
4878,2007-01-04,1.0
4879,2007-01-05,1.0
4880,2007-01-08,1.0
4881,2007-01-09,1.0
4882,2007-01-10,0.0
4883,2007-01-11,0.0
4884,2007-01-12,0.0
4885,2007-01-15,0.0
4886,2007-01-16,1.0
4887,2007-01-17,1.0
4888,2007-01-18,1.0
4889,2007-01-19,1.0
4890,2007-01-22,0.0
4891,2007-01-23,0.0
4892,2007-01-24,0.0
4893,2007-01-25,0.0
4894,2007-01-26,1.0
4895,2007-01-29,1.0
4896,2007-01-30,1.0
4897,2007-01-31,1.0
4898,2007-02-01,0.0
4899,2007-02-02,0.0
4900,2007-02-05,0.0
4901,2007-02-06,0.0
4902,2007-02-07,0.0
4903,2007-02-08,0.0
4904,2007-02-09,0.0
4905,2007-02-12,1.0
4906,2007-02-13,0.0
4907,2007-02-14,0.0
4908,2007-02-15,0.0
4909,2007-02-16,0.0
4910,2007-02-19,1.0
4911,2007-02-20,1.0
4912,2007-02-21,0.0
4913,2007-02-22,0.0
4914,2007-02-23,0.0
4915,2007-02-26,0.0
4916,2007-02-27,0.0
4917,2007-02-28,0.0
4918,2007-03-01,0.0
4919,2007-03-02,0.0
4920,2007-03-05,1.0
4921,2007-03-06,1.0
4922,2007-03-07,1.0
4923,2007-03-08,1.0
4924,2007-03-09,1.0
4925,2007-03-12,1.0
4926,2007-03-13,1.0
4927,2007-03-14,1.0
4928,2007-03-15,0.0
4929,2007-03-16,1.0
4930,2007-03-19,1.0
4931,2007-03-20,1.0
4932,2007-03-21,1.0
4933,2007-03-22,1.0
4934,2007-03-23,1.0
4935,2007-03-26,1.0
4936,2007-03-27,1.0
4937,2007-03-28,1.0
4938,2007-03-29,1.0
4939,2007-03-30,1.0
4940,2007-04-02,1.0
4941,2007-04-03,0.0
4942,2007-04-04,1.0
4943,2007-04-05,1.0
4944,2007-04-10,1.0
4945,2007-04-11,0.0
4946,2007-04-12,1.0
4947,2007-04-13,1.0
4948,2007-04-16,1.0
4949,2007-04-17,0.0
4950,2007-04-18,0.0
4951,2007-04-19,1.0
4952,2007-04-20,1.0
4953,2007-04-23,0.0
4954,2007-04-24,0.0
4955,2007-04-25,0.0
4956,2007-04-26,0.0
4957,2007-04-27,0.0
4958,2007-04-30,0.0
4959,2007-05-01,0.0
4960,2007-05-02,0.0
4961,2007-05-03,0.0
4962,2007-05-04,0.0
4963,2007-05-08,0.0
4964,2007-05-09,0.0
4965,2007-05-10,0.0
4966,2007-05-11,0.0
4967,2007-05-14,0.0
4968,2007-05-15,0.0
4969,2007-05-16,0.0
4970,2007-05-17,0.0
4971,2007-05-18,0.0
4972,2007-05-21,0.0
4973,2007-05-22,0.0
4974,2007-05-23,0.0
4975,2007-05-24,0.0
4976,2007-05-25,0.0
4977,2007-05-29,0.0
4978,2007-05-30,0.0
4979,2007-05-31,0.0
4980,2007-06-01,0.0
4981,2007-06-04,0.0
4982,2007-06-05,0.0
4983,2007-06-06,1.0
4984,2007-06-07,1.0
4985,2007-06-08,1.0
4986,2007-06-11,1.0
4987,2007-06-12,1.0
4988,2007-06-13,1.0
4989,2007-06-14,1.0
4990,2007-06-15,1.0
4991,2007-06-18,1.0
4992,2007-06-19,1.0
4993,2007-06-20,1.0
4994,2007-06-21,1.0
4995,2007-06-22,1.0
4996,2007-06-25,1.0
4997,2007-06-26,1.0
4998,2007-06-27,1.0
4999,2007-06-28,0.0
5000,2007-06-29,1.0
5001,2007-07-02,0.0
5002,2007-07-03,0.0
5003,2007-07-04,0.0
5004,2007-07-05,0.0
5005,2007-07-06,0.0
5006,2007-07-09,0.0
5007,2007-07-10,0.0
5008,2007-07-11,0.0
5009,2007-07-12,0.0
5010,2007-07-13,0.0
5011,2007-07-16,0.0
5012,2007-07-17,0.0
5013,2007-07-18,0.0
5014,2007-07-19,0.0
5015,2007-07-20,0.0
5016,2007-07-23,0.0
5017,2007-07-24,0.0
5018,2007-07-25,0.0
5019,2007-07-26,0.0
5020,2007-07-27,0.0
5021,2007-07-30,0.0
5022,2007-07-31,0.0
5023,2007-08-01,0.0
5024,2007-08-02,0.0
5025,2007-08-03,0.0
5026,2007-08-06,0.0
5027,2007-08-07,0.0
5028,2007-08-08,0.0
5029,2007-08-09,0.0
5030,2007-08-10,0.0
5031,2007-08-13,0.0
5032,2007-08-14,0.0
5033,2007-08-15,0.0
5034,2007-08-16,0.0
5035,2007-08-17,0.0
5036,2007-08-20,0.0
5037,2007-08-21,1.0
5038,2007-08-22,0.0
5039,2007-08-23,0.0
5040,2007-08-24,0.0
5041,2007-08-28,0.0
5042,2007-08-29,0.0
5043,2007-08-30,0.0
5044,2007-08-31,0.0
5045,2007-09-03,1.0
5046,2007-09-04,1.0
5047,2007-09-05,1.0
5048,2007-09-06,0.0
5049,2007-09-07,0.0
5050,2007-09-10,0.0
5051,2007-09-11,0.0
5052,2007-09-12,1.0
5053,2007-09-13,0.0
5054,2007-09-14,1.0
5055,2007-09-17,1.0
5056,2007-09-18,1.0
5057,2007-09-19,1.0
5058,2007-09-20,1.0
5059,2007-09-21,1.0
5060,2007-09-24,1.0
5061,2007-09-25,1.0
5062,2007-09-26,1.0
5063,2007-09-27,1.0
5064,2007-09-28,1.0
5065,2007-10-01,1.0
5066,2007-10-02,1.0
5067,2007-10-03,1.0
5068,2007-10-04,1.0
5069,2007-10-05,1.0
5070,2007-10-08,1.0
5071,2007-10-09,1.0
5072,2007-10-10,1.0
5073,2007-10-11,1.0
5074,2007-10-12,1.0
5075,2007-10-15,1.0
5076,2007-10-16,1.0
5077,2007-10-17,1.0
5078,2007-10-18,1.0
5079,2007-10-19,0.0
5080,2007-10-22,0.0
5081,2007-10-23,1.0
5082,2007-10-24,1.0
5083,2007-10-25,0.0
5084,2007-10-26,0.0
5085,2007-10-29,0.0
5086,2007-10-30,0.0
5087,2007-10-31,0.0
5088,2007-11-01,0.0
5089,2007-11-02,0.0
5090,2007-11-05,0.0
5091,2007-11-06,0.0
5092,2007-11-07,0.0
5093,2007-11-08,0.0
5094,2007-11-09,0.0
5095,2007-11-12,0.0
5096,2007-11-13,0.0
5097,2007-11-14,0.0
5098,2007-11-15,0.0
5099,2007-11-16,0.0
5100,2007-11-19,0.0
5101,2007-11-20,0.0
5102,2007-11-21,0.0
5103,2007-11-22,0.0
5104,2007-11-23,0.0
5105,2007-11-26,0.0
5106,2007-11-27,0.0
5107,2007-11-28,0.0
5108,2007-11-29,0.0
5109,2007-11-30,1.0
5110,2007-12-03,1.0
5111,2007-12-04,1.0
5112,2007-12-05,1.0
5113,2007-12-06,1.0
5114,2007-12-07,1.0
5115,2007-12-10,1.0
5116,2007-12-11,1.0
5117,2007-12-12,1.0
5118,2007-12-13,1.0
5119,2007-12-14,1.0
5120,2007-12-17,1.0
5121,2007-12-18,1.0
5122,2007-12-19,1.0
5123,2007-12-20,1.0
5124,2007-12-21,1.0
5125,2007-12-27,1.0
5126,2007-12-28,1.0
5127,2007-12-31,1.0
5128,2008-01-02,1.0
5129,2008-01-03,1.0
5130,2008-01-04,1.0
5131,2008-01-07,1.0
5132,2008-01-08,1.0
5133,2008-01-09,1.0
5134,2008-01-10,1.0
5135,2008-01-11,1.0
5136,2008-01-14,1.0
5137,2008-01-15,1.0
5138,2008-01-16,1.0
5139,2008-01-17,1.0
5140,2008-01-18,1.0
5141,2008-01-21,1.0
5142,2008-01-22,1.0
5143,2008-01-23,1.0
5144,2008-01-24,1.0
5145,2008-01-25,1.0
5146,2008-01-28,1.0
5147,2008-01-29,1.0
5148,2008-01-30,1.0
5149,2008-01-31,1.0
5150,2008-02-01,1.0
5151,2008-02-04,1.0
5152,2008-02-05,1.0
5153,2008-02-06,1.0
5154,2008-02-07,1.0
5155,2008-02-08,1.0
5156,2008-02-11,1.0
5157,2008-02-12,1.0
5158,2008-02-13,1.0
5159,2008-02-14,1.0
5160,2008-02-15,1.0
5161,2008-02-18,1.0
5162,2008-02-19,1.0
5163,2008-02-20,1.0
5164,2008-02-21,0.0
5165,2008-02-22,0.0
5166,2008-02-25,1.0
5167,2008-02-26,1.0
5168,2008-02-27,0.0
5169,2008-02-28,0.0
5170,2008-02-29,0.0
5171,2008-03-03,0.0
5172,2008-03-04,0.0
5173,2008-03-05,0.0
5174,2008-03-06,0.0
5175,2008-03-07,0.0
5176,2008-03-10,0.0
5177,2008-03-11,1.0
5178,2008-03-12,0.0
5179,2008-03-13,0.0
5180,2008-03-14,0.0
5181,2008-03-17,1.0
5182,2008-03-18,1.0
5183,2008-03-19,1.0
5184,2008-03-20,1.0
5185,2008-03-25,1.0
5186,2008-03-26,1.0
5187,2008-03-27,0.0
5188,2008-03-28,0.0
5189,2008-03-31,1.0
5190,2008-04-01,1.0
5191,2008-04-02,0.0
5192,2008-04-03,0.0
5193,2008-04-04,0.0
5194,2008-04-07,0.0
5195,2008-04-08,0.0
5196,2008-04-09,0.0
5197,2008-04-10,0.0
5198,2008-04-11,0.0
5199,2008-04-14,0.0
5200,2008-04-15,0.0
5201,2008-04-16,0.0
5202,2008-04-17,0.0
5203,2008-04-18,0.0
5204,2008-04-21,0.0
5205,2008-04-22,0.0
5206,2008-04-23,0.0
5207,2008-04-24,1.0
5208,2008-04-25,1.0
5209,2008-04-28,0.0
5210,2008-04-29,0.0
5211,2008-04-30,1.0
5212,2008-05-01,1.0
5213,2008-05-02,1.0
5214,2008-05-06,0.0
5215,2008-05-07,0.0
5216,2008-05-08,1.0
5217,2008-05-09,1.0
5218,2008-05-12,1.0
5219,2008-05-13,1.0
5220,2008-05-14,1.0
5221,2008-05-15,0.0
5222,2008-05-16,0.0
5223,2008-05-19,1.0
5224,2008-05-20,1.0
5225,2008-05-21,1.0
5226,2008-05-22,1.0
5227,2008-05-23,1.0
5228,2008-05-27,1.0
5229,2008-05-28,1.0
5230,2008-05-29,1.0
5231,2008-05-30,1.0
5232,2008-06-02,1.0
5233,2008-06-03,1.0
5234,2008-06-04,1.0
5235,2008-06-05,1.0
5236,2008-06-06,1.0
5237,2008-06-09,1.0
5238,2008-06-10,1.0
5239,2008-06-11,1.0
5240,2008-06-12,1.0
5241,2008-06-13,1.0
5242,2008-06-16,1.0
5243,2008-06-17,1.0
5244,2008-06-18,1.0
5245,2008-06-19,1.0
5246,2008-06-20,0.0
5247,2008-06-23,0.0
5248,2008-06-24,0.0
5249,2008-06-25,0.0
5250,2008-06-26,0.0
5251,2008-06-27,0.0
5252,2008-06-30,0.0
5253,2008-07-01,0.0
5254,2008-07-02,0.0
5255,2008-07-03,0.0
5256,2008-07-04,0.0
5257,2008-07-07,0.0
5258,2008-07-08,0.0
5259,2008-07-09,0.0
5260,2008-07-10,0.0
5261,2008-07-11,0.0
5262,2008-07-14,0.0
5263,2008-07-15,0.0
5264,2008-07-16,0.0
5265,2008-07-17,0.0
5266,2008-07-18,0.0
5267,2008-07-21,0.0
5268,2008-07-22,0.0
5269,2008-07-23,0.0
5270,2008-07-24,0.0
5271,2008-07-25,0.0
5272,2008-07-28,0.0
5273,2008-07-29,0.0
5274,2008-07-30,0.0
5275,2008-07-31,0.0
5276,2008-08-01,0.0
5277,2008-08-04,0.0
5278,2008-08-05,0.0
5279,2008-08-06,0.0
5280,2008-08-07,0.0
5281,2008-08-08,0.0
5282,2008-08-11,0.0
5283,2008-08-12,0.0
5284,2008-08-13,0.0
5285,2008-08-14,0.0
5286,2008-08-15,0.0
5287,2008-08-18,0.0
5288,2008-08-19,0.0
5289,2008-08-20,0.0
5290,2008-08-21,0.0
5291,2008-08-22,0.0
5292,2008-08-26,0.0
5293,2008-08-27,0.0
5294,2008-08-28,0.0
5295,2008-08-29,0.0
5296,2008-09-01,0.0
5297,2008-09-02,0.0
5298,2008-09-03,0.0
5299,2008-09-04,0.0
5300,2008-09-05,0.0
5301,2008-09-08,0.0
5302,2008-09-09,0.0
5303,2008-09-10,0.0
5304,2008-09-11,0.0
5305,2008-09-12,0.0
5306,2008-09-15,0.0
5307,2008-09-16,0.0
5308,2008-09-17,0.0
5309,2008-09-18,0.0
5310,2008-09-19,0.0
5311,2008-09-22,0.0
5312,2008-09-23,0.0
5313,2008-09-24,0.0
5314,2008-09-25,0.0
5315,2008-09-26,0.0
5316,2008-09-29,0.0
5317,2008-09-30,0.0
5318,2008-10-01,0.0
5319,2008-10-02,0.0
5320,2008-10-03,0.0
5321,2008-10-06,0.0
5322,2008-10-07,0.0
5323,2008-10-08,0.0
5324,2008-10-09,0.0
5325,2008-10-10,0.0
5326,2008-10-13,0.0
5327,2008-10-14,0.0
5328,2008-10-15,0.0
5329,2008-10-16,0.0
5330,2008-10-17,0.0
5331,2008-10-20,0.0
5332,2008-10-21,0.0
5333,2008-10-22,0.0
5334,2008-10-23,0.0
5335,2008-10-24,0.0
5336,2008-10-27,0.0
5337,2008-10-28,0.0
5338,2008-10-29,0.0
5339,2008-10-30,0.0
5340,2008-10-31,0.0
5341,2008-11-03,0.0
5342,2008-11-04,0.0
5343,2008-11-05,0.0
5344,2008-11-06,0.0
5345,2008-11-07,0.0
5346,2008-11-10,0.0
5347,2008-11-11,0.0
5348,2008-11-12,0.0
5349,2008-11-13,0.0
5350,2008-11-14,0.0
5351,2008-11-17,0.0
5352,2008-11-18,0.0
5353,2008-11-19,0.0
5354,2008-11-20,0.0
5355,2008-11-21,0.0
5356,2008-11-24,0.0
5357,2008-11-25,0.0
5358,2008-11-26,0.0
5359,2008-11-27,0.0
5360,2008-11-28,0.0
5361,2008-12-01,0.0
5362,2008-12-02,0.0
5363,2008-12-03,0.0
5364,2008-12-04,1.0
5365,2008-12-05,1.0
5366,2008-12-08,1.0
5367,2008-12-09,1.0
5368,2008-12-10,0.0
5369,2008-12-11,0.0
5370,2008-12-12,0.0
5371,2008-12-15,0.0
5372,2008-12-16,1.0
5373,2008-12-17,0.0
5374,2008-12-18,0.0
5375,2008-12-19,0.0
5376,2008-12-22,0.0
5377,2008-12-23,0.0
5378,2008-12-24,0.0
5379,2008-12-29,0.0
5380,2008-12-30,0.0
5381,2008-12-31,0.0
5382,2009-01-02,0.0
5383,2009-01-05,0.0
5384,2009-01-06,0.0
5385,2009-01-07,0.0
5386,2009-01-08,0.0
5387,2009-01-09,0.0
5388,2009-01-12,0.0
5389,2009-01-13,0.0
5390,2009-01-14,0.0
5391,2009-01-15,0.0
5392,2009-01-16,0.0
5393,2009-01-19,0.0
5394,2009-01-20,0.0
5395,2009-01-21,0.0
5396,2009-01-22,1.0
5397,2009-01-23,0.0
5398,2009-01-26,0.0
5399,2009-01-27,0.0
5400,2009-01-28,0.0
5401,2009-01-29,0.0
5402,2009-01-30,0.0
5403,2009-02-02,0.0
5404,2009-02-03,0.0
5405,2009-02-04,0.0
5406,2009-02-05,0.0
5407,2009-02-06,0.0
5408,2009-02-09,0.0
5409,2009-02-10,0.0
5410,2009-02-11,0.0
5411,2009-02-12,0.0
5412,2009-02-13,0.0
5413,2009-02-16,1.0
5414,2009-02-17,1.0
5415,2009-02-18,1.0
5416,2009-02-19,1.0
5417,2009-02-20,1.0
5418,2009-02-23,1.0
5419,2009-02-24,1.0
5420,2009-02-25,1.0
5421,2009-02-26,1.0
5422,2009-02-27,1.0
5423,2009-03-02,1.0
5424,2009-03-03,1.0
5425,2009-03-04,1.0
5426,2009-03-05,1.0
5427,2009-03-06,1.0
5428,2009-03-09,1.0
5429,2009-03-10,1.0
5430,2009-03-11,1.0
5431,2009-03-12,1.0
5432,2009-03-13,1.0
5433,2009-03-16,1.0
5434,2009-03-17,1.0
5435,2009-03-18,1.0
5436,2009-03-19,0.0
5437,2009-03-20,0.0
5438,2009-03-23,1.0
5439,2009-03-24,1.0
5440,2009-03-25,1.0
5441,2009-03-26,1.0
5442,2009-03-27,1.0
5443,2009-03-30,1.0
5444,2009-03-31,1.0
5445,2009-04-01,1.0
5446,2009-04-02,1.0
5447,2009-04-03,1.0
5448,2009-04-06,1.0
5449,2009-04-07,1.0
5450,2009-04-08,1.0
5451,2009-04-09,1.0
5452,2009-04-14,1.0
5453,2009-04-15,1.0
5454,2009-04-16,1.0
5455,2009-04-17,1.0
5456,2009-04-20,1.0
5457,2009-04-21,1.0
5458,2009-04-22,0.0
5459,2009-04-23,0.0
5460,2009-04-24,0.0
5461,2009-04-27,0.0
5462,2009-04-28,0.0
5463,2009-04-29,0.0
5464,2009-04-30,0.0
5465,2009-05-01,0.0
5466,2009-05-05,0.0
5467,2009-05-06,0.0
5468,2009-05-07,1.0
5469,2009-05-08,1.0
5470,2009-05-11,1.0
5471,2009-05-12,1.0
5472,2009-05-13,1.0
5473,2009-05-14,1.0
5474,2009-05-15,1.0
5475,2009-05-18,1.0
5476,2009-05-19,1.0
5477,2009-05-20,1.0
5478,2009-05-21,1.0
5479,2009-05-22,1.0
5480,2009-05-26,1.0
5481,2009-05-27,1.0
5482,2009-05-28,1.0
5483,2009-05-29,1.0
5484,2009-06-01,1.0
5485,2009-06-02,1.0
5486,2009-06-03,1.0
5487,2009-06-04,1.0
5488,2009-06-05,1.0
5489,2009-06-08,0.0
5490,2009-06-09,0.0
5491,2009-06-10,0.0
5492,2009-06-11,0.0
5493,2009-06-12,0.0
5494,2009-06-15,0.0
5495,2009-06-16,0.0
5496,2009-06-17,1.0
5497,2009-06-18,1.0
5498,2009-06-19,1.0
5499,2009-06-22,1.0
5500,2009-06-23,1.0
5501,2009-06-24,1.0
5502,2009-06-25,1.0
5503,2009-06-26,1.0
5504,2009-06-29,1.0
5505,2009-06-30,1.0
5506,2009-07-01,1.0
5507,2009-07-02,1.0
5508,2009-07-03,1.0
5509,2009-07-06,1.0
5510,2009-07-07,1.0
5511,2009-07-08,1.0
5512,2009-07-09,1.0
5513,2009-07-10,1.0
5514,2009-07-13,1.0
5515,2009-07-14,1.0
5516,2009-07-15,1.0
5517,2009-07-16,1.0
5518,2009-07-17,1.0
5519,2009-07-20,1.0
5520,2009-07-21,1.0
5521,2009-07-22,1.0
5522,2009-07-23,1.0
5523,2009-07-24,1.0
5524,2009-07-27,1.0
5525,2009-07-28,1.0
5526,2009-07-29,1.0
5527,2009-07-30,0.0
5528,2009-07-31,0.0
5529,2009-08-03,0.0
5530,2009-08-04,0.0
5531,2009-08-05,0.0
5532,2009-08-06,0.0
5533,2009-08-07,0.0
5534,2009-08-10,0.0
5535,2009-08-11,0.0
5536,2009-08-12,0.0
5537,2009-08-13,0.0
5538,2009-08-14,0.0
5539,2009-08-17,0.0
5540,2009-08-18,0.0
5541,2009-08-19,1.0
5542,2009-08-20,1.0
5543,2009-08-21,0.0
5544,2009-08-24,0.0
5545,2009-08-25,0.0
5546,2009-08-26,0.0
5547,2009-08-27,0.0
5548,2009-08-28,0.0
5549,2009-09-01,1.0
5550,2009-09-02,1.0
5551,2009-09-03,1.0
5552,2009-09-04,0.0
5553,2009-09-07,0.0
5554,2009-09-08,0.0
5555,2009-09-09,0.0
5556,2009-09-10,1.0
5557,2009-09-11,1.0
5558,2009-09-14,1.0
5559,2009-09-15,1.0
5560,2009-09-16,0.0
5561,2009-09-17,0.0
5562,2009-09-18,0.0
5563,2009-09-21,1.0
5564,2009-09-22,1.0
5565,2009-09-23,1.0
5566,2009-09-24,1.0
5567,2009-09-25,1.0
5568,2009-09-28,1.0
5569,2009-09-29,1.0
5570,2009-09-30,1.0
5571,2009-10-01,1.0
5572,2009-10-02,1.0
5573,2009-10-05,1.0
5574,2009-10-06,1.0
5575,2009-10-07,1.0
5576,2009-10-08,1.0
5577,2009-10-09,1.0
5578,2009-10-12,1.0
5579,2009-10-13,1.0
5580,2009-10-14,1.0
5581,2009-10-15,1.0
5582,2009-10-16,1.0
5583,2009-10-19,1.0
5584,2009-10-20,1.0
5585,2009-10-21,1.0
5586,2009-10-22,1.0
5587,2009-10-23,1.0
5588,2009-10-26,1.0
5589,2009-10-27,1.0
5590,2009-10-28,1.0
5591,2009-10-29,1.0
5592,2009-10-30,1.0
5593,2009-11-02,1.0
5594,2009-11-03,1.0
5595,2009-11-04,1.0
5596,2009-11-05,1.0
5597,2009-11-06,1.0
5598,2009-11-09,1.0
5599,2009-11-10,1.0
5600,2009-11-11,1.0
5601,2009-11-12,1.0
5602,2009-11-13,1.0
5603,2009-11-16,1.0
5604,2009-11-17,1.0
5605,2009-11-18,1.0
5606,2009-11-19,1.0
5607,2009-11-20,1.0
5608,2009-11-23,1.0
5609,2009-11-24,1.0
5610,2009-11-25,1.0
5611,2009-11-26,1.0
5612,2009-11-27,1.0
5613,2009-11-30,1.0
5614,2009-12-01,1.0
5615,2009-12-02,1.0
5616,2009-12-03,1.0
5617,2009-12-04,1.0
5618,2009-12-07,1.0
5619,2009-12-08,1.0
5620,2009-12-09,1.0
5621,2009-12-10,1.0
5622,2009-12-11,1.0
5623,2009-12-14,1.0
5624,2009-12-15,1.0
5625,2009-12-16,1.0
5626,2009-12-17,1.0
5627,2009-12-18,1.0
5628,2009-12-21,0.0
5629,2009-12-22,0.0
5630,2009-12-23,0.0
5631,2009-12-24,0.0
5632,2009-12-29,0.0
5633,2009-12-30,0.0
5634,2009-12-31,0.0
5635,2010-01-04,0.0
5636,2010-01-05,0.0
5637,2010-01-06,0.0
5638,2010-01-07,0.0
5639,2010-01-08,0.0
5640,2010-01-11,0.0
5641,2010-01-12,0.0
5642,2010-01-13,0.0
5643,2010-01-14,0.0
5644,2010-01-15,0.0
5645,2010-01-18,0.0
5646,2010-01-19,0.0
5647,2010-01-20,0.0
5648,2010-01-21,0.0
5649,2010-01-22,0.0
5650,2010-01-25,0.0
5651,2010-01-26,0.0
5652,2010-01-27,0.0
5653,2010-01-28,0.0
5654,2010-01-29,1.0
5655,2010-02-01,1.0
5656,2010-02-02,1.0
5657,2010-02-03,1.0
5658,2010-02-04,1.0
5659,2010-02-05,1.0
5660,2010-02-08,1.0
5661,2010-02-09,1.0
5662,2010-02-10,1.0
5663,2010-02-11,1.0
5664,2010-02-12,1.0
5665,2010-02-15,1.0
5666,2010-02-16,1.0
5667,2010-02-17,1.0
5668,2010-02-18,1.0
5669,2010-02-19,1.0
5670,2010-02-22,1.0
5671,2010-02-23,1.0
5672,2010-02-24,1.0
5673,2010-02-25,1.0
5674,2010-02-26,1.0
5675,2010-03-01,1.0
5676,2010-03-02,1.0
5677,2010-03-03,1.0
5678,2010-03-04,1.0
5679,2010-03-05,1.0
5680,2010-03-08,1.0
5681,2010-03-09,1.0
5682,2010-03-10,1.0
5683,2010-03-11,1.0
5684,2010-03-12,1.0
5685,2010-03-15,1.0
5686,2010-03-16,1.0
5687,2010-03-17,1.0
5688,2010-03-18,1.0
5689,2010-03-19,1.0
5690,2010-03-22,1.0
5691,2010-03-23,1.0
5692,2010-03-24,1.0
5693,2010-03-25,1.0
5694,2010-03-26,0.0
5695,2010-03-29,0.0
5696,2010-03-30,0.0
5697,2010-03-31,0.0
5698,2010-04-01,0.0
5699,2010-04-06,0.0
5700,2010-04-07,0.0
5701,2010-04-08,0.0
5702,2010-04-09,0.0
5703,2010-04-12,0.0
5704,2010-04-13,0.0
5705,2010-04-14,0.0
5706,2010-04-15,0.0
5707,2010-04-16,0.0
5708,2010-04-19,0.0
5709,2010-04-20,0.0
5710,2010-04-21,0.0
5711,2010-04-22,0.0
5712,2010-04-23,0.0
5713,2010-04-26,0.0
5714,2010-04-27,0.0
5715,2010-04-28,0.0
5716,2010-04-29,0.0
5717,2010-04-30,0.0
5718,2010-05-04,0.0
5719,2010-05-05,0.0
5720,2010-05-06,0.0
5721,2010-05-07,0.0
5722,2010-05-10,0.0
5723,2010-05-11,0.0
5724,2010-05-12,0.0
5725,2010-05-13,0.0
5726,2010-05-14,0.0
5727,2010-05-17,1.0
5728,2010-05-18,0.0
5729,2010-05-19,0.0
5730,2010-05-20,0.0
5731,2010-05-21,0.0
5732,2010-05-24,0.0
5733,2010-05-25,0.0
5734,2010-05-26,0.0
5735,2010-05-27,0.0
5736,2010-05-28,0.0
5737,2010-06-01,0.0
5738,2010-06-02,0.0
5739,2010-06-03,0.0
5740,2010-06-04,1.0
5741,2010-06-07,1.0
5742,2010-06-08,1.0
5743,2010-06-09,1.0
5744,2010-06-10,1.0
5745,2010-06-11,1.0
5746,2010-06-14,0.0
5747,2010-06-15,0.0
5748,2010-06-16,1.0
5749,2010-06-17,1.0
5750,2010-06-18,1.0
5751,2010-06-21,1.0
5752,2010-06-22,1.0
5753,2010-06-23,1.0
5754,2010-06-24,1.0
5755,2010-06-25,1.0
5756,2010-06-28,1.0
5757,2010-06-29,1.0
5758,2010-06-30,1.0
5759,2010-07-01,1.0
5760,2010-07-02,1.0
5761,2010-07-05,1.0
5762,2010-07-06,1.0
5763,2010-07-07,1.0
5764,2010-07-08,1.0
5765,2010-07-09,1.0
5766,2010-07-12,1.0
5767,2010-07-13,1.0
5768,2010-07-14,1.0
5769,2010-07-15,1.0
5770,2010-07-16,1.0
5771,2010-07-19,1.0
5772,2010-07-20,1.0
5773,2010-07-21,1.0
5774,2010-07-22,1.0
5775,2010-07-23,1.0
5776,2010-07-26,1.0
5777,2010-07-27,0.0
5778,2010-07-28,0.0
5779,2010-07-29,0.0
5780,2010-07-30,0.0
5781,2010-08-02,0.0
5782,2010-08-03,0.0
5783,2010-08-04,0.0
5784,2010-08-05,0.0
5785,2010-08-06,0.0
5786,2010-08-09,0.0
5787,2010-08-10,0.0
5788,2010-08-11,0.0
5789,2010-08-12,0.0
5790,2010-08-13,0.0
5791,2010-08-16,1.0
5792,2010-08-17,0.0
5793,2010-08-18,1.0
5794,2010-08-19,1.0
5795,2010-08-20,1.0
5796,2010-08-23,1.0
5797,2010-08-24,1.0
5798,2010-08-25,1.0
5799,2010-08-26,1.0
5800,2010-08-27,1.0
5801,2010-08-31,1.0
5802,2010-09-01,1.0
5803,2010-09-02,1.0
5804,2010-09-03,1.0
5805,2010-09-06,1.0
5806,2010-09-07,1.0
5807,2010-09-08,1.0
5808,2010-09-09,1.0
5809,2010-09-10,1.0
5810,2010-09-13,1.0
5811,2010-09-14,1.0
5812,2010-09-15,1.0
5813,2010-09-16,1.0
5814,2010-09-17,1.0
5815,2010-09-20,1.0
5816,2010-09-21,1.0
5817,2010-09-22,1.0
5818,2010-09-23,1.0
5819,2010-09-24,1.0
5820,2010-09-27,1.0
5821,2010-09-28,1.0
5822,2010-09-29,0.0
5823,2010-09-30,0.0
5824,2010-10-01,0.0
5825,2010-10-04,1.0
5826,2010-10-05,1.0
5827,2010-10-06,1.0
5828,2010-10-07,1.0
5829,2010-10-08,1.0
5830,2010-10-11,1.0
5831,2010-10-12,1.0
5832,2010-10-13,1.0
5833,2010-10-14,1.0
5834,2010-10-15,1.0
5835,2010-10-18,1.0
5836,2010-10-19,0.0
5837,2010-10-20,0.0
5838,2010-10-21,0.0
5839,2010-10-22,0.0
5840,2010-10-25,0.0
5841,2010-10-26,0.0
5842,2010-10-27,0.0
5843,2010-10-28,0.0
5844,2010-10-29,0.0
5845,2010-11-01,0.0
5846,2010-11-02,0.0
5847,2010-11-03,0.0
5848,2010-11-04,0.0
5849,2010-11-05,0.0
5850,2010-11-08,0.0
5851,2010-11-09,0.0
5852,2010-11-10,0.0
5853,2010-11-11,0.0
5854,2010-11-12,0.0
5855,2010-11-15,0.0
5856,2010-11-16,1.0
5857,2010-11-17,1.0
5858,2010-11-18,1.0
5859,2010-11-19,1.0
5860,2010-11-22,1.0
5861,2010-11-23,1.0
5862,2010-11-24,1.0
5863,2010-11-25,1.0
5864,2010-11-26,1.0
5865,2010-11-29,1.0
5866,2010-11-30,1.0
5867,2010-12-01,1.0
5868,2010-12-02,1.0
5869,2010-12-03,1.0
5870,2010-12-06,1.0
5871,2010-12-07,1.0
5872,2010-12-08,1.0
5873,2010-12-09,1.0
5874,2010-12-10,1.0
5875,2010-12-13,1.0
5876,2010-12-14,1.0
5877,2010-12-15,1.0
5878,2010-12-16,1.0
5879,2010-12-17,1.0
5880,2010-12-20,1.0
5881,2010-12-21,0.0
5882,2010-12-22,0.0
5883,2010-12-23,0.0
5884,2010-12-24,0.0
5885,2010-12-29,0.0
5886,2010-12-30,1.0
5887,2010-12-31,1.0
5888,2011-01-04,1.0
5889,2011-01-05,1.0
5890,2011-01-06,1.0
5891,2011-01-07,1.0
5892,2011-01-10,1.0
5893,2011-01-11,1.0
5894,2011-01-12,1.0
5895,2011-01-13,1.0
5896,2011-01-14,1.0
5897,2011-01-17,1.0
5898,2011-01-18,1.0
5899,2011-01-19,1.0
5900,2011-01-20,1.0
5901,2011-01-21,1.0
5902,2011-01-24,1.0
5903,2011-01-25,1.0
5904,2011-01-26,1.0
5905,2011-01-27,1.0
5906,2011-01-28,1.0
5907,2011-01-31,1.0
5908,2011-02-01,1.0
5909,2011-02-02,1.0
5910,2011-02-03,1.0
5911,2011-02-04,1.0
5912,2011-02-07,0.0
5913,2011-02-08,1.0
5914,2011-02-09,1.0
5915,2011-02-10,1.0
5916,2011-02-11,1.0
5917,2011-02-14,1.0
5918,2011-02-15,0.0
5919,2011-02-16,0.0
5920,2011-02-17,1.0
5921,2011-02-18,0.0
5922,2011-02-21,0.0
5923,2011-02-22,1.0
5924,2011-02-23,1.0
5925,2011-02-24,1.0
5926,2011-02-25,1.0
5927,2011-02-28,1.0
5928,2011-03-01,1.0
5929,2011-03-02,1.0
5930,2011-03-03,1.0
5931,2011-03-04,1.0
5932,2011-03-07,1.0
5933,2011-03-08,1.0
5934,2011-03-09,1.0
5935,2011-03-10,1.0
5936,2011-03-11,1.0
5937,2011-03-14,1.0
5938,2011-03-15,1.0
5939,2011-03-16,1.0
5940,2011-03-17,1.0
5941,2011-03-18,1.0
5942,2011-03-21,1.0
5943,2011-03-22,1.0
5944,2011-03-23,1.0
5945,2011-03-24,1.0
5946,2011-03-25,1.0
5947,2011-03-28,1.0
5948,2011-03-29,1.0
5949,2011-03-30,1.0
5950,2011-03-31,1.0
5951,2011-04-01,1.0
5952,2011-04-04,1.0
5953,2011-04-05,0.0
5954,2011-04-06,1.0
5955,2011-04-07,0.0
5956,2011-04-08,0.0
5957,2011-04-11,0.0
5958,2011-04-12,0.0
5959,2011-04-13,0.0
5960,2011-04-14,0.0
5961,2011-04-15,0.0
5962,2011-04-18,0.0
5963,2011-04-19,0.0
5964,2011-04-20,0.0
5965,2011-04-21,0.0
5966,2011-04-26,0.0
5967,2011-04-27,0.0
5968,2011-04-28,0.0
5969,2011-05-03,0.0
5970,2011-05-04,0.0
5971,2011-05-05,0.0
5972,2011-05-06,1.0
5973,2011-05-09,1.0
5974,2011-05-10,0.0
5975,2011-05-11,1.0
5976,2011-05-12,0.0
5977,2011-05-13,0.0
5978,2011-05-16,1.0
5979,2011-05-17,1.0
5980,2011-05-18,0.0
5981,2011-05-19,1.0
5982,2011-05-20,1.0
5983,2011-05-23,1.0
5984,2011-05-24,1.0
5985,2011-05-25,0.0
5986,2011-05-26,0.0
5987,2011-05-27,0.0
5988,2011-05-31,0.0
5989,2011-06-01,0.0
5990,2011-06-02,0.0
5991,2011-06-03,0.0
5992,2011-06-06,0.0
5993,2011-06-07,0.0
5994,2011-06-08,0.0
5995,2011-06-09,0.0
5996,2011-06-10,0.0
5997,2011-06-13,0.0
5998,2011-06-14,0.0
5999,2011-06-15,0.0
6000,2011-06-16,0.0
6001,2011-06-17,0.0
6002,2011-06-20,0.0
6003,2011-06-21,1.0
6004,2011-06-22,0.0
6005,2011-06-23,1.0
6006,2011-06-24,1.0
6007,2011-06-27,1.0
6008,2011-06-28,1.0
6009,2011-06-29,1.0
6010,2011-06-30,1.0
6011,2011-07-01,1.0
6012,2011-07-04,1.0
6013,2011-07-05,1.0
6014,2011-07-06,0.0
6015,2011-07-07,0.0
6016,2011-07-08,0.0
6017,2011-07-11,0.0
6018,2011-07-12,0.0
6019,2011-07-13,0.0
6020,2011-07-14,0.0
6021,2011-07-15,0.0
6022,2011-07-18,0.0
6023,2011-07-19,0.0
6024,2011-07-20,0.0
6025,2011-07-21,0.0
6026,2011-07-22,0.0
6027,2011-07-25,0.0
6028,2011-07-26,0.0
6029,2011-07-27,0.0
6030,2011-07-28,0.0
6031,2011-07-29,0.0
6032,2011-08-01,0.0
6033,2011-08-02,0.0
6034,2011-08-03,0.0
6035,2011-08-04,0.0
6036,2011-08-05,0.0
6037,2011-08-08,0.0
6038,2011-08-09,0.0
6039,2011-08-10,1.0
6040,2011-08-11,0.0
6041,2011-08-12,0.0
6042,2011-08-15,0.0
6043,2011-08-16,0.0
6044,2011-08-17,0.0
6045,2011-08-18,1.0
6046,2011-08-19,0.0
6047,2011-08-22,0.0
6048,2011-08-23,0.0
6049,2011-08-24,0.0
6050,2011-08-25,0.0
6051,2011-08-26,0.0
6052,2011-08-30,0.0
6053,2011-08-31,0.0
6054,2011-09-01,0.0
6055,2011-09-02,0.0
6056,2011-09-05,0.0
6057,2011-09-06,0.0
6058,2011-09-07,0.0
6059,2011-09-08,0.0
6060,2011-09-09,0.0
6061,2011-09-12,0.0
6062,2011-09-13,0.0
6063,2011-09-14,0.0
6064,2011-09-15,0.0
6065,2011-09-16,0.0
6066,2011-09-19,0.0
6067,2011-09-20,0.0
6068,2011-09-21,0.0
6069,2011-09-22,0.0
6070,2011-09-23,0.0
6071,2011-09-26,1.0
6072,2011-09-27,0.0
6073,2011-09-28,0.0
6074,2011-09-29,1.0
6075,2011-09-30,1.0
6076,2011-10-03,1.0
6077,2011-10-04,0.0
6078,2011-10-05,0.0
6079,2011-10-06,0.0
6080,2011-10-07,0.0
6081,2011-10-10,0.0
6082,2011-10-11,0.0
6083,2011-10-12,0.0
6084,2011-10-13,0.0
6085,2011-10-14,0.0
6086,2011-10-17,0.0
6087,2011-10-18,0.0
6088,2011-10-19,0.0
6089,2011-10-20,1.0
6090,2011-10-21,0.0
6091,2011-10-24,0.0
6092,2011-10-25,0.0
6093,2011-10-26,0.0
6094,2011-10-27,0.0
6095,2011-10-28,0.0
6096,2011-10-31,0.0
6097,2011-11-01,0.0
6098,2011-11-02,0.0
6099,2011-11-03,1.0
6100,2011-11-04,1.0
6101,2011-11-07,1.0
6102,2011-11-08,0.0
6103,2011-11-09,0.0
6104,2011-11-10,0.0
6105,2011-11-11,0.0
6106,2011-11-14,0.0
6107,2011-11-15,0.0
6108,2011-11-16,0.0
6109,2011-11-17,0.0
6110,2011-11-18,0.0
6111,2011-11-21,0.0
6112,2011-11-22,0.0
6113,2011-11-23,0.0
6114,2011-11-24,1.0
6115,2011-11-25,1.0
6116,2011-11-28,0.0
6117,2011-11-29,0.0
6118,2011-11-30,0.0
6119,2011-12-01,0.0
6120,2011-12-02,0.0
6121,2011-12-05,0.0
6122,2011-12-06,0.0
6123,2011-12-07,1.0
6124,2011-12-08,1.0
6125,2011-12-09,1.0
6126,2011-12-12,1.0
6127,2011-12-13,1.0
6128,2011-12-14,1.0
6129,2011-12-15,1.0
6130,2011-12-16,1.0
6131,2011-12-19,1.0
6132,2011-12-20,1.0
6133,2011-12-21,1.0
6134,2011-12-22,1.0
6135,2011-12-23,1.0
6136,2011-12-28,1.0
6137,2011-12-29,1.0
6138,2011-12-30,1.0
6139,2012-01-03,1.0
6140,2012-01-04,1.0
6141,2012-01-05,1.0
6142,2012-01-06,1.0
6143,2012-01-09,1.0
6144,2012-01-10,1.0
6145,2012-01-11,1.0
6146,2012-01-12,1.0
6147,2012-01-13,1.0
6148,2012-01-16,1.0
6149,2012-01-17,0.0
6150,2012-01-18,0.0
6151,2012-01-19,0.0
6152,2012-01-20,0.0
6153,2012-01-23,0.0
6154,2012-01-24,1.0
6155,2012-01-25,1.0
6156,2012-01-26,0.0
6157,2012-01-27,1.0
6158,2012-01-30,1.0
6159,2012-01-31,1.0
6160,2012-02-01,1.0
6161,2012-02-02,1.0
6162,2012-02-03,1.0
6163,2012-02-06,1.0
6164,2012-02-07,0.0
6165,2012-02-08,0.0
6166,2012-02-09,0.0
6167,2012-02-10,0.0
6168,2012-02-13,1.0
6169,2012-02-14,1.0
6170,2012-02-15,1.0
6171,2012-02-16,1.0
6172,2012-02-17,1.0
6173,2012-02-20,1.0
6174,2012-02-21,0.0
6175,2012-02-22,0.0
6176,2012-02-23,0.0
6177,2012-02-24,0.0
6178,2012-02-27,0.0
6179,2012-02-28,0.0
6180,2012-02-29,0.0
6181,2012-03-01,0.0
6182,2012-03-02,0.0
6183,2012-03-05,0.0
6184,2012-03-06,0.0
6185,2012-03-07,0.0
6186,2012-03-08,0.0
6187,2012-03-09,0.0
6188,2012-03-12,0.0
6189,2012-03-13,0.0
6190,2012-03-14,0.0
6191,2012-03-15,0.0
6192,2012-03-16,0.0
6193,2012-03-19,0.0
6194,2012-03-20,0.0
6195,2012-03-21,0.0
6196,2012-03-22,0.0
6197,2012-03-23,0.0
6198,2012-03-26,0.0
6199,2012-03-27,0.0
6200,2012-03-28,0.0
6201,2012-03-29,0.0
6202,2012-03-30,0.0
6203,2012-04-02,0.0
6204,2012-04-03,0.0
6205,2012-04-04,0.0
6206,2012-04-05,0.0
6207,2012-04-10,0.0
6208,2012-04-11,0.0
6209,2012-04-12,0.0
6210,2012-04-13,0.0
6211,2012-04-16,0.0
6212,2012-04-17,0.0
6213,2012-04-18,0.0
6214,2012-04-19,0.0
6215,2012-04-20,0.0
6216,2012-04-23,0.0
6217,2012-04-24,0.0
6218,2012-04-25,0.0
6219,2012-04-26,0.0
6220,2012-04-27,0.0
6221,2012-04-30,0.0
6222,2012-05-01,0.0
6223,2012-05-02,0.0
6224,2012-05-03,0.0
6225,2012-05-04,0.0
6226,2012-05-08,0.0
6227,2012-05-09,0.0
6228,2012-05-10,0.0
6229,2012-05-11,0.0
6230,2012-05-14,0.0
6231,2012-05-15,0.0
6232,2012-05-16,0.0
6233,2012-05-17,0.0
6234,2012-05-18,0.0
6235,2012-05-21,0.0
6236,2012-05-22,0.0
6237,2012-05-23,0.0
6238,2012-05-24,0.0
6239,2012-05-25,0.0
6240,2012-05-28,0.0
6241,2012-05-29,0.0
6242,2012-05-30,0.0
6243,2012-05-31,0.0
6244,2012-06-01,1.0
6245,2012-06-06,0.0
6246,2012-06-07,0.0
6247,2012-06-08,0.0
6248,2012-06-11,0.0
6249,2012-06-12,0.0
6250,2012-06-13,0.0
6251,2012-06-14,0.0
6252,2012-06-15,0.0
6253,2012-06-18,0.0
6254,2012-06-19,0.0
6255,2012-06-20,1.0
6256,2012-06-21,1.0
6257,2012-06-22,1.0
6258,2012-06-25,1.0
6259,2012-06-26,1.0
6260,2012-06-27,1.0
6261,2012-06-28,1.0
6262,2012-06-29,0.0
6263,2012-07-02,0.0
6264,2012-07-03,0.0
6265,2012-07-04,0.0
6266,2012-07-05,0.0
6267,2012-07-06,0.0
6268,2012-07-09,0.0
6269,2012-07-10,0.0
6270,2012-07-11,1.0
6271,2012-07-12,1.0
6272,2012-07-13,0.0
6273,2012-07-16,0.0
6274,2012-07-17,0.0
6275,2012-07-18,0.0
6276,2012-07-19,0.0
6277,2012-07-20,0.0
6278,2012-07-23,0.0
6279,2012-07-24,0.0
6280,2012-07-25,1.0
6281,2012-07-26,1.0
6282,2012-07-27,1.0
6283,2012-07-30,1.0
6284,2012-07-31,1.0
6285,2012-08-01,1.0
6286,2012-08-02,1.0
6287,2012-08-03,1.0
6288,2012-08-06,1.0
6289,2012-08-07,1.0
6290,2012-08-08,1.0
6291,2012-08-09,1.0
6292,2012-08-10,1.0
6293,2012-08-13,1.0
6294,2012-08-14,1.0
6295,2012-08-15,1.0
6296,2012-08-16,1.0
6297,2012-08-17,1.0
6298,2012-08-20,1.0
6299,2012-08-21,1.0
6300,2012-08-22,1.0
6301,2012-08-23,1.0
6302,2012-08-24,1.0
6303,2012-08-28,1.0
6304,2012-08-29,1.0
6305,2012-08-30,1.0
6306,2012-08-31,1.0
6307,2012-09-03,1.0
6308,2012-09-04,1.0
6309,2012-09-05,1.0
6310,2012-09-06,1.0
6311,2012-09-07,1.0
6312,2012-09-10,1.0
6313,2012-09-11,0.0
6314,2012-09-12,0.0
6315,2012-09-13,0.0
6316,2012-09-14,0.0
6317,2012-09-17,0.0
6318,2012-09-18,0.0
6319,2012-09-19,0.0
6320,2012-09-20,0.0
6321,2012-09-21,0.0
6322,2012-09-24,0.0
6323,2012-09-25,0.0
6324,2012-09-26,0.0
6325,2012-09-27,0.0
6326,2012-09-28,0.0
6327,2012-10-01,0.0
6328,2012-10-02,0.0
6329,2012-10-03,0.0
6330,2012-10-04,0.0
6331,2012-10-05,0.0
6332,2012-10-08,0.0
6333,2012-10-09,0.0
6334,2012-10-10,0.0
6335,2012-10-11,0.0
6336,2012-10-12,0.0
6337,2012-10-15,1.0
6338,2012-10-16,1.0
6339,2012-10-17,0.0
6340,2012-10-18,0.0
6341,2012-10-19,0.0
6342,2012-10-22,1.0
6343,2012-10-23,1.0
6344,2012-10-24,0.0
6345,2012-10-25,1.0
6346,2012-10-26,1.0
6347,2012-10-29,1.0
6348,2012-10-30,1.0
6349,2012-10-31,1.0
6350,2012-11-01,1.0
6351,2012-11-02,1.0
6352,2012-11-05,1.0
6353,2012-11-06,1.0
6354,2012-11-07,1.0
6355,2012-11-08,1.0
6356,2012-11-09,1.0
6357,2012-11-12,1.0
6358,2012-11-13,1.0
6359,2012-11-14,1.0
6360,2012-11-15,1.0
6361,2012-11-16,1.0
6362,2012-11-19,1.0
6363,2012-11-20,1.0
6364,2012-11-21,1.0
6365,2012-11-22,1.0
6366,2012-11-23,1.0
6367,2012-11-26,1.0
6368,2012-11-27,1.0
6369,2012-11-28,1.0
6370,2012-11-29,0.0
6371,2012-11-30,1.0
6372,2012-12-03,0.0
6373,2012-12-04,0.0
6374,2012-12-05,0.0
6375,2012-12-06,0.0
6376,2012-12-07,0.0
6377,2012-12-10,0.0
6378,2012-12-11,0.0
6379,2012-12-12,0.0
6380,2012-12-13,0.0
6381,2012-12-14,0.0
6382,2012-12-17,0.0
6383,2012-12-18,0.0
6384,2012-12-19,0.0
6385,2012-12-20,1.0
6386,2012-12-21,0.0
6387,2012-12-24,1.0
6388,2012-12-27,0.0
6389,2012-12-28,0.0
6390,2012-12-31,0.0
6391,2013-01-02,0.0
6392,2013-01-03,0.0
6393,2013-01-04,1.0
6394,2013-01-07,1.0
6395,2013-01-08,1.0
6396,2013-01-09,1.0
6397,2013-01-10,0.0
6398,2013-01-11,1.0
6399,2013-01-14,1.0
6400,2013-01-15,1.0
6401,2013-01-16,1.0
6402,2013-01-17,1.0
6403,2013-01-18,1.0
6404,2013-01-21,1.0
6405,2013-01-22,1.0
6406,2013-01-23,1.0
6407,2013-01-24,0.0
6408,2013-01-25,0.0
6409,2013-01-28,0.0
6410,2013-01-29,0.0
6411,2013-01-30,0.0
6412,2013-01-31,0.0
6413,2013-02-01,0.0
6414,2013-02-04,0.0
6415,2013-02-05,0.0
6416,2013-02-06,0.0
6417,2013-02-07,0.0
6418,2013-02-08,0.0
6419,2013-02-11,0.0
6420,2013-02-12,0.0
6421,2013-02-13,0.0
6422,2013-02-14,0.0
6423,2013-02-15,0.0
6424,2013-02-18,0.0
6425,2013-02-19,0.0
6426,2013-02-20,0.0
6427,2013-02-21,0.0
6428,2013-02-22,0.0
6429,2013-02-25,0.0
6430,2013-02-26,0.0
6431,2013-02-27,0.0
6432,2013-02-28,0.0
6433,2013-03-01,0.0
6434,2013-03-04,0.0
6435,2013-03-05,0.0
6436,2013-03-06,0.0
6437,2013-03-07,0.0
6438,2013-03-08,0.0
6439,2013-03-11,0.0
6440,2013-03-12,0.0
6441,2013-03-13,0.0
6442,2013-03-14,0.0
6443,2013-03-15,0.0
6444,2013-03-18,0.0
6445,2013-03-19,0.0
6446,2013-03-20,0.0
6447,2013-03-21,0.0
6448,2013-03-22,0.0
6449,2013-03-25,0.0
6450,2013-03-26,1.0
6451,2013-03-27,0.0
6452,2013-03-28,0.0
6453,2013-04-02,0.0
6454,2013-04-03,0.0
6455,2013-04-04,0.0
6456,2013-04-05,0.0
6457,2013-04-08,0.0
6458,2013-04-09,0.0
6459,2013-04-10,0.0
6460,2013-04-11,0.0
6461,2013-04-12,1.0
6462,2013-04-15,0.0
6463,2013-04-16,0.0
6464,2013-04-17,0.0
6465,2013-04-18,0.0
6466,2013-04-19,0.0
6467,2013-04-22,0.0
6468,2013-04-23,0.0
6469,2013-04-24,0.0
6470,2013-04-25,0.0
6471,2013-04-26,0.0
6472,2013-04-29,0.0
6473,2013-04-30,1.0
6474,2013-05-01,1.0
6475,2013-05-02,1.0
6476,2013-05-03,1.0
6477,2013-05-07,1.0
6478,2013-05-08,1.0
6479,2013-05-09,1.0
6480,2013-05-10,1.0
6481,2013-05-13,1.0
6482,2013-05-14,0.0
6483,2013-05-15,1.0
6484,2013-05-16,0.0
6485,2013-05-17,0.0
6486,2013-05-20,0.0
6487,2013-05-21,0.0
6488,2013-05-22,0.0
6489,2013-05-23,0.0
6490,2013-05-24,0.0
6491,2013-05-28,0.0
6492,2013-05-29,0.0
6493,2013-05-30,0.0
6494,2013-05-31,0.0
6495,2013-06-03,0.0
6496,2013-06-04,0.0
6497,2013-06-05,0.0
6498,2013-06-06,0.0
6499,2013-06-07,0.0
6500,2013-06-10,0.0
6501,2013-06-11,0.0
6502,2013-06-12,0.0
6503,2013-06-13,0.0
6504,2013-06-14,0.0
6505,2013-06-17,0.0
6506,2013-06-18,0.0
6507,2013-06-19,0.0
6508,2013-06-20,1.0
6509,2013-06-21,1.0
6510,2013-06-24,1.0
6511,2013-06-25,1.0
6512,2013-06-26,1.0
6513,2013-06-27,1.0
6514,2013-06-28,1.0
6515,2013-07-01,0.0
6516,2013-07-02,0.0
6517,2013-07-03,0.0
6518,2013-07-04,0.0
6519,2013-07-05,1.0
6520,2013-07-08,0.0
6521,2013-07-09,0.0
6522,2013-07-10,0.0
6523,2013-07-11,1.0
6524,2013-07-12,1.0
6525,2013-07-15,1.0
6526,2013-07-16,1.0
6527,2013-07-17,1.0
6528,2013-07-18,1.0
6529,2013-07-19,1.0
6530,2013-07-22,1.0
6531,2013-07-23,1.0
6532,2013-07-24,1.0
6533,2013-07-25,1.0
6534,2013-07-26,1.0
6535,2013-07-29,1.0
6536,2013-07-30,1.0
6537,2013-07-31,1.0
6538,2013-08-01,0.0
6539,2013-08-02,1.0
6540,2013-08-05,1.0
6541,2013-08-06,0.0
6542,2013-08-07,1.0
6543,2013-08-08,0.0
6544,2013-08-09,0.0
6545,2013-08-12,0.0
6546,2013-08-13,0.0
6547,2013-08-14,0.0
6548,2013-08-15,0.0
6549,2013-08-16,0.0
6550,2013-08-19,0.0
6551,2013-08-20,0.0
6552,2013-08-21,0.0
6553,2013-08-22,0.0
6554,2013-08-23,0.0
6555,2013-08-27,0.0
6556,2013-08-28,0.0
6557,2013-08-29,0.0
6558,2013-08-30,1.0
6559,2013-09-02,1.0
6560,2013-09-03,1.0
6561,2013-09-04,1.0
6562,2013-09-05,1.0
6563,2013-09-06,1.0
6564,2013-09-09,1.0
6565,2013-09-10,1.0
6566,2013-09-11,1.0
6567,2013-09-12,1.0
6568,2013-09-13,1.0
6569,2013-09-16,1.0
6570,2013-09-17,1.0
6571,2013-09-18,1.0
6572,2013-09-19,1.0
6573,2013-09-20,1.0
6574,2013-09-23,1.0
6575,2013-09-24,1.0
6576,2013-09-25,1.0
6577,2013-09-26,1.0
6578,2013-09-27,1.0
6579,2013-09-30,1.0
6580,2013-10-01,1.0
6581,2013-10-02,1.0
6582,2013-10-03,1.0
6583,2013-10-04,0.0
6584,2013-10-07,0.0
6585,2013-10-08,0.0
6586,2013-10-09,0.0
6587,2013-10-10,0.0
6588,2013-10-11,0.0
6589,2013-10-14,0.0
6590,2013-10-15,0.0
6591,2013-10-16,0.0
6592,2013-10-17,0.0
6593,2013-10-18,0.0
6594,2013-10-21,0.0
6595,2013-10-22,0.0
6596,2013-10-23,0.0
6597,2013-10-24,0.0
6598,2013-10-25,0.0
6599,2013-10-28,0.0
6600,2013-10-29,0.0
6601,2013-10-30,0.0
6602,2013-10-31,0.0
6603,2013-11-01,0.0
6604,2013-11-04,0.0
6605,2013-11-05,0.0
6606,2013-11-06,0.0
6607,2013-11-07,0.0
6608,2013-11-08,0.0
6609,2013-11-11,0.0
6610,2013-11-12,1.0
6611,2013-11-13,1.0
6612,2013-11-14,1.0
6613,2013-11-15,1.0
6614,2013-11-18,1.0
6615,2013-11-19,1.0
6616,2013-11-20,1.0
6617,2013-11-21,0.0
6618,2013-11-22,1.0
6619,2013-11-25,0.0
6620,2013-11-26,0.0
6621,2013-11-27,1.0
6622,2013-11-28,1.0
6623,2013-11-29,1.0
6624,2013-12-02,1.0
6625,2013-12-03,1.0
6626,2013-12-04,1.0
6627,2013-12-05,1.0
6628,2013-12-06,0.0
6629,2013-12-09,0.0
6630,2013-12-10,0.0
6631,2013-12-11,0.0
6632,2013-12-12,0.0
6633,2013-12-13,0.0
6634,2013-12-16,1.0
6635,2013-12-17,1.0
6636,2013-12-18,1.0
6637,2013-12-19,1.0
6638,2013-12-20,0.0
6639,2013-12-23,1.0
6640,2013-12-24,1.0
6641,2013-12-27,0.0
6642,2013-12-30,0.0
6643,2013-12-31,0.0
6644,2014-01-02,0.0
6645,2014-01-03,0.0
6646,2014-01-06,0.0
6647,2014-01-07,0.0
6648,2014-01-08,0.0
6649,2014-01-09,0.0
6650,2014-01-10,0.0
6651,2014-01-13,0.0
6652,2014-01-14,0.0
6653,2014-01-15,0.0
6654,2014-01-16,0.0
6655,2014-01-17,0.0
6656,2014-01-20,0.0
6657,2014-01-21,0.0
6658,2014-01-22,0.0
6659,2014-01-23,1.0
6660,2014-01-24,1.0
6661,2014-01-27,1.0
6662,2014-01-28,1.0
6663,2014-01-29,1.0
6664,2014-01-30,1.0
6665,2014-01-31,1.0
6666,2014-02-03,1.0
6667,2014-02-04,1.0
6668,2014-02-05,1.0
6669,2014-02-06,1.0
6670,2014-02-07,1.0
6671,2014-02-10,1.0
6672,2014-02-11,1.0
6673,2014-02-12,1.0
6674,2014-02-13,0.0
6675,2014-02-14,0.0
6676,2014-02-17,0.0
6677,2014-02-18,0.0
6678,2014-02-19,0.0
6679,2014-02-20,0.0
6680,2014-02-21,0.0
6681,2014-02-24,0.0
6682,2014-02-25,0.0
6683,2014-02-26,0.0
6684,2014-02-27,0.0
6685,2014-02-28,1.0
6686,2014-03-03,1.0
6687,2014-03-04,1.0
6688,2014-03-05,1.0
6689,2014-03-06,1.0
6690,2014-03-07,1.0
6691,2014-03-10,1.0
6692,2014-03-11,1.0
6693,2014-03-12,1.0
6694,2014-03-13,1.0
6695,2014-03-14,1.0
6696,2014-03-17,1.0
6697,2014-03-18,1.0
6698,2014-03-19,1.0
6699,2014-03-20,1.0
6700,2014-03-21,1.0
6701,2014-03-24,1.0
6702,2014-03-25,1.0
6703,2014-03-26,1.0
6704,2014-03-27,1.0
6705,2014-03-28,1.0
6706,2014-03-31,1.0
6707,2014-04-01,0.0
6708,2014-04-02,0.0
6709,2014-04-03,0.0
6710,2014-04-04,0.0
6711,2014-04-07,0.0
6712,2014-04-08,0.0
6713,2014-04-09,0.0
6714,2014-04-10,0.0
6715,2014-04-11,0.0
6716,2014-04-14,0.0
6717,2014-04-15,0.0
6718,2014-04-16,0.0
6719,2014-04-17,0.0
6720,2014-04-22,0.0
6721,2014-04-23,0.0
6722,2014-04-24,0.0
6723,2014-04-25,0.0
6724,2014-04-28,1.0
6725,2014-04-29,1.0
6726,2014-04-30,1.0
6727,2014-05-01,1.0
6728,2014-05-02,1.0
6729,2014-05-06,1.0
6730,2014-05-07,1.0
6731,2014-05-08,1.0
6732,2014-05-09,1.0
6733,2014-05-12,1.0
6734,2014-05-13,1.0
6735,2014-05-14,1.0
6736,2014-05-15,1.0
6737,2014-05-16,1.0
6738,2014-05-19,1.0
6739,2014-05-20,1.0
6740,2014-05-21,1.0
6741,2014-05-22,1.0
6742,2014-05-23,1.0
6743,2014-05-27,1.0
6744,2014-05-28,1.0
6745,2014-05-29,1.0
6746,2014-05-30,1.0
6747,2014-06-02,1.0
6748,2014-06-03,1.0
6749,2014-06-04,1.0
6750,2014-06-05,1.0
6751,2014-06-06,1.0
6752,2014-06-09,1.0
6753,2014-06-10,1.0
6754,2014-06-11,1.0
6755,2014-06-12,1.0
6756,2014-06-13,1.0
6757,2014-06-16,1.0
6758,2014-06-17,1.0
6759,2014-06-18,1.0
6760,2014-06-19,1.0
6761,2014-06-20,1.0
6762,2014-06-23,1.0
6763,2014-06-24,1.0
6764,2014-06-25,1.0
6765,2014-06-26,1.0
6766,2014-06-27,1.0
6767,2014-06-30,1.0
6768,2014-07-01,1.0
6769,2014-07-02,1.0
6770,2014-07-03,1.0
6771,2014-07-04,1.0
6772,2014-07-07,1.0
6773,2014-07-08,1.0
6774,2014-07-09,1.0
6775,2014-07-10,1.0
6776,2014-07-11,1.0
6777,2014-07-14,1.0
6778,2014-07-15,1.0
6779,2014-07-16,1.0
6780,2014-07-17,1.0
6781,2014-07-18,1.0
6782,2014-07-21,1.0
6783,2014-07-22,0.0
6784,2014-07-23,1.0
6785,2014-07-24,1.0
6786,2014-07-25,1.0
6787,2014-07-28,1.0
6788,2014-07-29,1.0
6789,2014-07-30,1.0
6790,2014-07-31,1.0
6791,2014-08-01,1.0
6792,2014-08-04,1.0
6793,2014-08-05,1.0
6794,2014-08-06,1.0
6795,2014-08-07,1.0
6796,2014-08-08,1.0
6797,2014-08-11,1.0
6798,2014-08-12,0.0
6799,2014-08-13,0.0
6800,2014-08-14,1.0
6801,2014-08-15,0.0
6802,2014-08-18,0.0
6803,2014-08-19,0.0
6804,2014-08-20,0.0
6805,2014-08-21,0.0
6806,2014-08-22,0.0
6807,2014-08-26,0.0
6808,2014-08-27,0.0
6809,2014-08-28,0.0
6810,2014-08-29,0.0
6811,2014-09-01,0.0
6812,2014-09-02,0.0
6813,2014-09-03,0.0
6814,2014-09-04,0.0
6815,2014-09-05,0.0
6816,2014-09-08,0.0
6817,2014-09-09,0.0
6818,2014-09-10,0.0
6819,2014-09-11,0.0
6820,2014-09-12,0.0
6821,2014-09-15,0.0
6822,2014-09-16,0.0
6823,2014-09-17,0.0
6824,2014-09-18,0.0
6825,2014-09-19,1.0
6826,2014-09-22,1.0
6827,2014-09-23,1.0
6828,2014-09-24,1.0
6829,2014-09-25,1.0
6830,2014-09-26,1.0
6831,2014-09-29,1.0
6832,2014-09-30,1.0
6833,2014-10-01,1.0
6834,2014-10-02,1.0
6835,2014-10-03,1.0
6836,2014-10-06,1.0
6837,2014-10-07,1.0
6838,2014-10-08,1.0
6839,2014-10-09,1.0
6840,2014-10-10,1.0
6841,2014-10-13,1.0
6842,2014-10-14,1.0
6843,2014-10-15,1.0
6844,2014-10-16,1.0
6845,2014-10-17,1.0
6846,2014-10-20,1.0
6847,2014-10-21,1.0
6848,2014-10-22,1.0
6849,2014-10-23,1.0
6850,2014-10-24,1.0
6851,2014-10-27,1.0
6852,2014-10-28,1.0
6853,2014-10-29,1.0
6854,2014-10-30,1.0
6855,2014-10-31,0.0
6856,2014-11-03,0.0
6857,2014-11-04,0.0
6858,2014-11-05,0.0
6859,2014-11-06,0.0
6860,2014-11-07,0.0
6861,2014-11-10,0.0
6862,2014-11-11,0.0
6863,2014-11-12,0.0
6864,2014-11-13,0.0
6865,2014-11-14,0.0
6866,2014-11-17,0.0
6867,2014-11-18,0.0
6868,2014-11-19,0.0
6869,2014-11-20,0.0
6870,2014-11-21,0.0
6871,2014-11-24,0.0
6872,2014-11-25,0.0
6873,2014-11-26,0.0
6874,2014-11-27,0.0
6875,2014-11-28,0.0
6876,2014-12-01,0.0
6877,2014-12-02,0.0
6878,2014-12-03,0.0
6879,2014-12-04,0.0
6880,2014-12-05,0.0
6881,2014-12-08,0.0
6882,2014-12-09,0.0
6883,2014-12-10,0.0
6884,2014-12-11,0.0
6885,2014-12-12,0.0
6886,2014-12-15,0.0
6887,2014-12-16,0.0
6888,2014-12-17,0.0
6889,2014-12-18,0.0
6890,2014-12-19,0.0
6891,2014-12-22,1.0
6892,2014-12-23,0.0
6893,2014-12-24,1.0
6894,2014-12-29,1.0
6895,2014-12-30,1.0
6896,2014-12-31,0.0
6897,2015-01-02,1.0
6898,2015-01-05,1.0
6899,2015-01-06,1.0
6900,2015-01-07,1.0
6901,2015-01-08,1.0
6902,2015-01-09,1.0
6903,2015-01-12,1.0
6904,2015-01-13,1.0
6905,2015-01-14,1.0
6906,2015-01-15,1.0
6907,2015-01-16,0.0
6908,2015-01-19,0.0
6909,2015-01-20,0.0
6910,2015-01-21,0.0
6911,2015-01-22,0.0
6912,2015-01-23,0.0
6913,2015-01-26,0.0
6914,2015-01-27,0.0
6915,2015-01-28,0.0
6916,2015-01-29,0.0
6917,2015-01-30,0.0
6918,2015-02-02,0.0
6919,2015-02-03,0.0
6920,2015-02-04,0.0
6921,2015-02-05,0.0
6922,2015-02-06,0.0
6923,2015-02-09,0.0
6924,2015-02-10,0.0
6925,2015-02-11,0.0
6926,2015-02-12,0.0
6927,2015-02-13,0.0
6928,2015-02-16,0.0
6929,2015-02-17,0.0
6930,2015-02-18,0.0
6931,2015-02-19,0.0
6932,2015-02-20,1.0
6933,2015-02-23,1.0
6934,2015-02-24,0.0
6935,2015-02-25,0.0
6936,2015-02-26,0.0
6937,2015-02-27,0.0
6938,2015-03-02,1.0
6939,2015-03-03,0.0
6940,2015-03-04,0.0
6941,2015-03-05,0.0
6942,2015-03-06,1.0
6943,2015-03-09,1.0
6944,2015-03-10,1.0
6945,2015-03-11,1.0
6946,2015-03-12,1.0
6947,2015-03-13,1.0
6948,2015-03-16,1.0
6949,2015-03-17,1.0
6950,2015-03-18,1.0
6951,2015-03-19,1.0
6952,2015-03-20,1.0
6953,2015-03-23,1.0
6954,2015-03-24,1.0
6955,2015-03-25,1.0
6956,2015-03-26,1.0
6957,2015-03-27,1.0
6958,2015-03-30,1.0
6959,2015-03-31,1.0
6960,2015-04-01,1.0
6961,2015-04-02,1.0
6962,2015-04-07,1.0
6963,2015-04-08,1.0
6964,2015-04-09,1.0
6965,2015-04-10,1.0
6966,2015-04-13,1.0
6967,2015-04-14,1.0
6968,2015-04-15,1.0
6969,2015-04-16,0.0
6970,2015-04-17,0.0
6971,2015-04-20,0.0
6972,2015-04-21,0.0
6973,2015-04-22,0.0
6974,2015-04-23,0.0
6975,2015-04-24,0.0
6976,2015-04-27,0.0
6977,2015-04-28,0.0
6978,2015-04-29,0.0
6979,2015-04-30,0.0
6980,2015-05-01,0.0
6981,2015-05-05,0.0
6982,2015-05-06,0.0
6983,2015-05-07,0.0
6984,2015-05-08,0.0
6985,2015-05-11,0.0
6986,2015-05-12,0.0
6987,2015-05-13,0.0
6988,2015-05-14,0.0
6989,2015-05-15,0.0
6990,2015-05-18,0.0
6991,2015-05-19,0.0
6992,2015-05-20,0.0
6993,2015-05-21,0.0
6994,2015-05-22,0.0
6995,2015-05-26,0.0
6996,2015-05-27,0.0
6997,2015-05-28,0.0
6998,2015-05-29,0.0
6999,2015-06-01,0.0
7000,2015-06-02,0.0
7001,2015-06-03,0.0
7002,2015-06-04,0.0
7003,2015-06-05,0.0
7004,2015-06-08,0.0
7005,2015-06-09,0.0
7006,2015-06-10,0.0
7007,2015-06-11,0.0
7008,2015-06-12,0.0
7009,2015-06-15,0.0
7010,2015-06-16,0.0
7011,2015-06-17,1.0
7012,2015-06-18,1.0
7013,2015-06-19,1.0
7014,2015-06-22,0.0
7015,2015-06-23,0.0
7016,2015-06-24,0.0
7017,2015-06-25,0.0
7018,2015-06-26,0.0
7019,2015-06-29,0.0
7020,2015-06-30,0.0
7021,2015-07-01,0.0
7022,2015-07-02,0.0
7023,2015-07-03,0.0
7024,2015-07-06,0.0
7025,2015-07-07,0.0
7026,2015-07-08,0.0
7027,2015-07-09,0.0
7028,2015-07-10,0.0
7029,2015-07-13,0.0
7030,2015-07-14,0.0
7031,2015-07-15,0.0
7032,2015-07-16,0.0
7033,2015-07-17,0.0
7034,2015-07-20,0.0
7035,2015-07-21,0.0
7036,2015-07-22,0.0
7037,2015-07-23,0.0
7038,2015-07-24,0.0
7039,2015-07-27,0.0
7040,2015-07-28,0.0
7041,2015-07-29,0.0
7042,2015-07-30,0.0
7043,2015-07-31,1.0
7044,2015-08-03,1.0
7045,2015-08-04,0.0
7046,2015-08-05,1.0
7047,2015-08-06,1.0
7048,2015-08-07,1.0
7049,2015-08-10,1.0
7050,2015-08-11,1.0
7051,2015-08-12,1.0
7052,2015-08-13,1.0
7053,2015-08-14,1.0
7054,2015-08-17,1.0
7055,2015-08-18,1.0
7056,2015-08-19,1.0
7057,2015-08-20,1.0
7058,2015-08-21,1.0
7059,2015-08-24,1.0
7060,2015-08-25,1.0
7061,2015-08-26,1.0
7062,2015-08-27,1.0
7063,2015-08-28,0.0
7064,2015-09-01,0.0
7065,2015-09-02,0.0
7066,2015-09-03,0.0
7067,2015-09-04,0.0
7068,2015-09-07,0.0
7069,2015-09-08,0.0
7070,2015-09-09,0.0
7071,2015-09-10,0.0
7072,2015-09-11,0.0
7073,2015-09-14,0.0
7074,2015-09-15,0.0
7075,2015-09-16,0.0
7076,2015-09-17,0.0
7077,2015-09-18,0.0
7078,2015-09-21,0.0
7079,2015-09-22,0.0
7080,2015-09-23,0.0
7081,2015-09-24,0.0
7082,2015-09-25,0.0
7083,2015-09-28,0.0
7084,2015-09-29,0.0
7085,2015-09-30,0.0
7086,2015-10-01,0.0
7087,2015-10-02,0.0
7088,2015-10-05,0.0
7089,2015-10-06,0.0
7090,2015-10-07,0.0
7091,2015-10-08,0.0
7092,2015-10-09,0.0
7093,2015-10-12,0.0
7094,2015-10-13,0.0
7095,2015-10-14,0.0
7096,2015-10-15,0.0
7097,2015-10-16,0.0
7098,2015-10-19,0.0
7099,2015-10-20,0.0
7100,2015-10-21,0.0
7101,2015-10-22,1.0
7102,2015-10-23,0.0
7103,2015-10-26,0.0
7104,2015-10-27,0.0
7105,2015-10-28,0.0
7106,2015-10-29,1.0
7107,2015-10-30,1.0
7108,2015-11-02,0.0
7109,2015-11-03,0.0
7110,2015-11-04,1.0
7111,2015-11-05,0.0
7112,2015-11-06,0.0
7113,2015-11-09,0.0
7114,2015-11-10,0.0
7115,2015-11-11,0.0
7116,2015-11-12,1.0
7117,2015-11-13,1.0
7118,2015-11-16,1.0
7119,2015-11-17,1.0
7120,2015-11-18,1.0
7121,2015-11-19,1.0
7122,2015-11-20,1.0
7123,2015-11-23,1.0
7124,2015-11-24,1.0
7125,2015-11-25,1.0
7126,2015-11-26,1.0
7127,2015-11-27,1.0
7128,2015-11-30,1.0
7129,2015-12-01,1.0
7130,2015-12-02,0.0
7131,2015-12-03,0.0
7132,2015-12-04,0.0
7133,2015-12-07,0.0
7134,2015-12-08,1.0
7135,2015-12-09,0.0
7136,2015-12-10,0.0
7137,2015-12-11,0.0
7138,2015-12-14,0.0
7139,2015-12-15,1.0
7140,2015-12-16,1.0
7141,2015-12-17,0.0
7142,2015-12-18,0.0
7143,2015-12-21,0.0
7144,2015-12-22,0.0
7145,2015-12-23,0.0
7146,2015-12-24,0.0
7147,2015-12-29,0.0
7148,2015-12-30,0.0
7149,2015-12-31,1.0
7150,2016-01-04,1.0
7151,2016-01-05,1.0
7152,2016-01-06,1.0
7153,2016-01-07,1.0
7154,2016-01-08,1.0
7155,2016-01-11,1.0
7156,2016-01-12,1.0
7157,2016-01-13,1.0
7158,2016-01-14,0.0
7159,2016-01-15,1.0
7160,2016-01-18,1.0
7161,2016-01-19,1.0
7162,2016-01-20,1.0
7163,2016-01-21,1.0
7164,2016-01-22,1.0
7165,2016-01-25,1.0
7166,2016-01-26,1.0
7167,2016-01-27,1.0
7168,2016-01-28,1.0
7169,2016-01-29,1.0
7170,2016-02-01,1.0
7171,2016-02-02,1.0
7172,2016-02-03,1.0
7173,2016-02-04,1.0
7174,2016-02-05,1.0
7175,2016-02-08,1.0
7176,2016-02-09,1.0
7177,2016-02-10,1.0
7178,2016-02-11,1.0
7179,2016-02-12,1.0
7180,2016-02-15,1.0
7181,2016-02-16,0.0
7182,2016-02-17,0.0
7183,2016-02-18,0.0
7184,2016-02-19,0.0
7185,2016-02-22,0.0
7186,2016-02-23,0.0
7187,2016-02-24,0.0
7188,2016-02-25,0.0
7189,2016-02-26,0.0
7190,2016-02-29,0.0
7191,2016-03-01,0.0
7192,2016-03-02,0.0
7193,2016-03-03,0.0
7194,2016-03-04,0.0
7195,2016-03-07,0.0
7196,2016-03-08,0.0
7197,2016-03-09,0.0
7198,2016-03-10,0.0
7199,2016-03-11,0.0
7200,2016-03-14,1.0
7201,2016-03-15,1.0
7202,2016-03-16,1.0
7203,2016-03-17,1.0
7204,2016-03-18,1.0
7205,2016-03-21,1.0
7206,2016-03-22,1.0
7207,2016-03-23,1.0
7208,2016-03-24,1.0
7209,2016-03-29,1.0
7210,2016-03-30,1.0
7211,2016-03-31,1.0
7212,2016-04-01,1.0
7213,2016-04-04,1.0
7214,2016-04-05,1.0
7215,2016-04-06,1.0
7216,2016-04-07,1.0
7217,2016-04-08,1.0
7218,2016-04-11,1.0
7219,2016-04-12,1.0
7220,2016-04-13,0.0
7221,2016-04-14,0.0
7222,2016-04-15,0.0
7223,2016-04-18,0.0
7224,2016-04-19,0.0
7225,2016-04-20,0.0
7226,2016-04-21,0.0
7227,2016-04-22,0.0
7228,2016-04-25,0.0
7229,2016-04-26,0.0
7230,2016-04-27,0.0
7231,2016-04-28,0.0
7232,2016-04-29,0.0
7233,2016-05-03,0.0
7234,2016-05-04,0.0
7235,2016-05-05,0.0
7236,2016-05-06,0.0
7237,2016-05-09,1.0
7238,2016-05-10,1.0
7239,2016-05-11,1.0
7240,2016-05-12,1.0
7241,2016-05-13,1.0
7242,2016-05-16,1.0
7243,2016-05-17,1.0
7244,2016-05-18,1.0
7245,2016-05-19,1.0
7246,2016-05-20,1.0
7247,2016-05-23,1.0
7248,2016-05-24,1.0
7249,2016-05-25,1.0
7250,2016-05-26,1.0
7251,2016-05-27,1.0
7252,2016-05-31,1.0
7253,2016-06-01,1.0
7254,2016-06-02,1.0
7255,2016-06-03,1.0
7256,2016-06-06,1.0
7257,2016-06-07,1.0
7258,2016-06-08,1.0
7259,2016-06-09,1.0
7260,2016-06-10,1.0
7261,2016-06-13,1.0
7262,2016-06-14,1.0
7263,2016-06-15,1.0
7264,2016-06-16,1.0
7265,2016-06-17,1.0
7266,2016-06-20,1.0
7267,2016-06-21,1.0
7268,2016-06-22,0.0
7269,2016-06-23,0.0
7270,2016-06-24,0.0
7271,2016-06-27,1.0
7272,2016-06-28,0.0
7273,2016-06-29,0.0
7274,2016-06-30,0.0
7275,2016-07-01,0.0
7276,2016-07-04,0.0
7277,2016-07-05,0.0
7278,2016-07-06,0.0
7279,2016-07-07,0.0
7280,2016-07-08,0.0
7281,2016-07-11,0.0
7282,2016-07-12,0.0
7283,2016-07-13,0.0
7284,2016-07-14,0.0
7285,2016-07-15,0.0
7286,2016-07-18,1.0
7287,2016-07-19,1.0
7288,2016-07-20,1.0
7289,2016-07-21,1.0
7290,2016-07-22,1.0
7291,2016-07-25,1.0
7292,2016-07-26,1.0
7293,2016-07-27,1.0
7294,2016-07-28,1.0
7295,2016-07-29,0.0
7296,2016-08-01,0.0
7297,2016-08-02,0.0
7298,2016-08-03,0.0
7299,2016-08-04,0.0
7300,2016-08-05,0.0
7301,2016-08-08,0.0
7302,2016-08-09,0.0
7303,2016-08-10,0.0
7304,2016-08-11,0.0
7305,2016-08-12,0.0
7306,2016-08-15,0.0
7307,2016-08-16,0.0
7308,2016-08-17,0.0
7309,2016-08-18,0.0
7310,2016-08-19,0.0
7311,2016-08-22,0.0
7312,2016-08-23,0.0
7313,2016-08-24,0.0
7314,2016-08-25,0.0
7315,2016-08-26,1.0
7316,2016-08-30,1.0
7317,2016-08-31,1.0
7318,2016-09-01,1.0
7319,2016-09-02,1.0
7320,2016-09-05,1.0
7321,2016-09-06,1.0
7322,2016-09-07,1.0
7323,2016-09-08,1.0
7324,2016-09-09,1.0
7325,2016-09-12,1.0
7326,2016-09-13,1.0
7327,2016-09-14,1.0
7328,2016-09-15,1.0
7329,2016-09-16,1.0
7330,2016-09-19,1.0
7331,2016-09-20,1.0
7332,2016-09-21,1.0
7333,2016-09-22,0.0
7334,2016-09-23,0.0
7335,2016-09-26,0.0
7336,2016-09-27,1.0
7337,2016-09-28,1.0
7338,2016-09-29,1.0
7339,2016-09-30,1.0
7340,2016-10-03,1.0
7341,2016-10-04,1.0
7342,2016-10-05,1.0
7343,2016-10-06,1.0
7344,2016-10-07,1.0
7345,2016-10-10,1.0
7346,2016-10-11,1.0
7347,2016-10-12,1.0
7348,2016-10-13,1.0
7349,2016-10-14,1.0
7350,2016-10-17,1.0
7351,2016-10-18,1.0
7352,2016-10-19,1.0
7353,2016-10-20,1.0
7354,2016-10-21,1.0
7355,2016-10-24,1.0
7356,2016-10-25,1.0
7357,2016-10-26,1.0
7358,2016-10-27,1.0
7359,2016-10-28,1.0
7360,2016-10-31,1.0
7361,2016-11-01,0.0
7362,2016-11-02,1.0
7363,2016-11-03,0.0
7364,2016-11-04,0.0
7365,2016-11-07,1.0
7366,2016-11-08,0.0
7367,2016-11-09,0.0
7368,2016-11-10,0.0
7369,2016-11-11,1.0
7370,2016-11-14,0.0
7371,2016-11-15,1.0
7372,2016-11-16,1.0
7373,2016-11-17,1.0
7374,2016-11-18,1.0
7375,2016-11-21,0.0
7376,2016-11-22,0.0
7377,2016-11-23,0.0
7378,2016-11-24,0.0
7379,2016-11-25,0.0
7380,2016-11-28,0.0
7381,2016-11-29,0.0
7382,2016-11-30,0.0
7383,2016-12-01,0.0
7384,2016-12-02,0.0
7385,2016-12-05,0.0
7386,2016-12-06,1.0
7387,2016-12-07,1.0
7388,2016-12-08,1.0
7389,2016-12-09,1.0
7390,2016-12-12,1.0
7391,2016-12-13,1.0
7392,2016-12-14,1.0
7393,2016-12-15,1.0
7394,2016-12-16,1.0
7395,2016-12-19,1.0
7396,2016-12-20,1.0
7397,2016-12-21,1.0
7398,2016-12-22,1.0
7399,2016-12-23,1.0
7400,2016-12-28,1.0
7401,2016-12-29,1.0
7402,2016-12-30,1.0
7403,2017-01-03,1.0
7404,2017-01-04,1.0
7405,2017-01-05,1.0
7406,2017-01-06,1.0
7407,2017-01-09,1.0
7408,2017-01-10,1.0
7409,2017-01-11,1.0
7410,2017-01-12,1.0
7411,2017-01-13,1.0
7412,2017-01-16,1.0
7413,2017-01-17,1.0
7414,2017-01-18,1.0
7415,2017-01-19,1.0
7416,2017-01-20,1.0
7417,2017-01-23,1.0
7418,2017-01-24,1.0
7419,2017-01-25,1.0
7420,2017-01-26,1.0
7421,2017-01-27,1.0
7422,2017-01-30,1.0
7423,2017-01-31,1.0
7424,2017-02-01,1.0
7425,2017-02-02,1.0
7426,2017-02-03,1.0
7427,2017-02-06,1.0
7428,2017-02-07,1.0
7429,2017-02-08,1.0
7430,2017-02-09,1.0
7431,2017-02-10,1.0
7432,2017-02-13,0.0
7433,2017-02-14,0.0
7434,2017-02-15,0.0
7435,2017-02-16,1.0
7436,2017-02-17,1.0
7437,2017-02-20,1.0
7438,2017-02-21,1.0
7439,2017-02-22,1.0
7440,2017-02-23,1.0
7441,2017-02-24,1.0
7442,2017-02-27,1.0
7443,2017-02-28,1.0
7444,2017-03-01,1.0
7445,2017-03-02,1.0
7446,2017-03-03,1.0
7447,2017-03-06,1.0
7448,2017-03-07,1.0
7449,2017-03-08,1.0
7450,2017-03-09,1.0
7451,2017-03-10,1.0
7452,2017-03-13,1.0
7453,2017-03-14,1.0
7454,2017-03-15,1.0
7455,2017-03-16,1.0
7456,2017-03-17,0.0
7457,2017-03-20,0.0
7458,2017-03-21,1.0
7459,2017-03-22,1.0
7460,2017-03-23,1.0
7461,2017-03-24,1.0
7462,2017-03-27,1.0
7463,2017-03-28,0.0
7464,2017-03-29,0.0
7465,2017-03-30,0.0
7466,2017-03-31,0.0
7467,2017-04-03,0.0
7468,2017-04-04,0.0
7469,2017-04-05,0.0
7470,2017-04-06,0.0
7471,2017-04-07,0.0
7472,2017-04-10,0.0
7473,2017-04-11,0.0
7474,2017-04-12,1.0
7475,2017-04-13,1.0
7476,2017-04-18,1.0
7477,2017-04-19,1.0
7478,2017-04-20,1.0
7479,2017-04-21,1.0
7480,2017-04-24,1.0
7481,2017-04-25,0.0
7482,2017-04-26,1.0
7483,2017-04-27,1.0
7484,2017-04-28,1.0
7485,2017-05-02,1.0
7486,2017-05-03,1.0
7487,2017-05-04,1.0
7488,2017-05-05,1.0
7489,2017-05-08,1.0
7490,2017-05-09,1.0
7491,2017-05-10,1.0
7492,2017-05-11,1.0
7493,2017-05-12,0.0
7494,2017-05-15,0.0
7495,2017-05-16,0.0
7496,2017-05-17,0.0
7497,2017-05-18,0.0
7498,2017-05-19,0.0
7499,2017-05-22,0.0
7500,2017-05-23,0.0
7501,2017-05-24,0.0
7502,2017-05-25,0.0
7503,2017-05-26,0.0
7504,2017-05-30,0.0
7505,2017-05-31,0.0
7506,2017-06-01,0.0
7507,2017-06-02,0.0
7508,2017-06-05,1.0
7509,2017-06-06,1.0
7510,2017-06-07,1.0
7511,2017-06-08,1.0
7512,2017-06-09,1.0
7513,2017-06-12,1.0
7514,2017-06-13,1.0
7515,2017-06-14,0.0
7516,2017-06-15,1.0
7517,2017-06-16,1.0
7518,2017-06-19,1.0
7519,2017-06-20,1.0
7520,2017-06-21,1.0
7521,2017-06-22,1.0
7522,2017-06-23,1.0
7523,2017-06-26,1.0
7524,2017-06-27,1.0
7525,2017-06-28,1.0
7526,2017-06-29,1.0
7527,2017-06-30,0.0
7528,2017-07-03,0.0
7529,2017-07-04,0.0
7530,2017-07-05,0.0
7531,2017-07-06,0.0
7532,2017-07-07,0.0
7533,2017-07-10,1.0
7534,2017-07-11,1.0
7535,2017-07-12,1.0
7536,2017-07-13,1.0
7537,2017-07-14,1.0
7538,2017-07-17,1.0
7539,2017-07-18,1.0
7540,2017-07-19,1.0
7541,2017-07-20,1.0
7542,2017-07-21,1.0
7543,2017-07-24,1.0
7544,2017-07-25,1.0
7545,2017-07-26,1.0
7546,2017-07-27,1.0
7547,2017-07-28,1.0
7548,2017-07-31,1.0
7549,2017-08-01,1.0
7550,2017-08-02,1.0
7551,2017-08-03,1.0
7552,2017-08-04,1.0
7553,2017-08-07,1.0
7554,2017-08-08,1.0
7555,2017-08-09,1.0
7556,2017-08-10,1.0
7557,2017-08-11,1.0
7558,2017-08-14,1.0
7559,2017-08-15,1.0
7560,2017-08-16,0.0
7561,2017-08-17,0.0
7562,2017-08-18,0.0
7563,2017-08-21,1.0
7564,2017-08-22,1.0
7565,2017-08-23,1.0
7566,2017-08-24,1.0
7567,2017-08-25,1.0
7568,2017-08-29,1.0
7569,2017-08-30,1.0
7570,2017-08-31,1.0
7571,2017-09-01,0.0
7572,2017-09-04,0.0
7573,2017-09-05,1.0
7574,2017-09-06,1.0
7575,2017-09-07,1.0
7576,2017-09-08,1.0
7577,2017-09-11,1.0
7578,2017-09-12,1.0
7579,2017-09-13,1.0
7580,2017-09-14,1.0
7581,2017-09-15,1.0
7582,2017-09-18,1.0
7583,2017-09-19,1.0
7584,2017-09-20,0.0
7585,2017-09-21,0.0
7586,2017-09-22,0.0
7587,2017-09-25,0.0
7588,2017-09-26,1.0
7589,2017-09-27,1.0
7590,2017-09-28,1.0
7591,2017-09-29,1.0
7592,2017-10-02,1.0
7593,2017-10-03,1.0
7594,2017-10-04,1.0
7595,2017-10-05,1.0
7596,2017-10-06,1.0
7597,2017-10-09,1.0
7598,2017-10-10,0.0
7599,2017-10-11,0.0
7600,2017-10-12,0.0
7601,2017-10-13,0.0
7602,2017-10-16,0.0
7603,2017-10-17,0.0
7604,2017-10-18,0.0
7605,2017-10-19,0.0
7606,2017-10-20,0.0
7607,2017-10-23,0.0
7608,2017-10-24,0.0
7609,2017-10-25,0.0
7610,2017-10-26,0.0
7611,2017-10-27,0.0
7612,2017-10-30,0.0
7613,2017-10-31,0.0
7614,2017-11-01,0.0
7615,2017-11-02,0.0
7616,2017-11-03,0.0
7617,2017-11-06,0.0
7618,2017-11-07,0.0
7619,2017-11-08,0.0
7620,2017-11-09,0.0
7621,2017-11-10,0.0
7622,2017-11-13,0.0
7623,2017-11-14,0.0
7624,2017-11-15,0.0
7625,2017-11-16,0.0
7626,2017-11-17,0.0
7627,2017-11-20,0.0
7628,2017-11-21,1.0
7629,2017-11-22,1.0
7630,2017-11-23,1.0
7631,2017-11-24,1.0
7632,2017-11-27,1.0
7633,2017-11-28,1.0
7634,2017-11-29,1.0
7635,2017-11-30,1.0
7636,2017-12-01,1.0
7637,2017-12-04,1.0
7638,2017-12-05,1.0
7639,2017-12-06,1.0
7640,2017-12-07,1.0
7641,2017-12-08,1.0
7642,2017-12-11,1.0
7643,2017-12-12,1.0
7644,2017-12-13,1.0
7645,2017-12-14,1.0
7646,2017-12-15,1.0
7647,2017-12-18,1.0
7648,2017-12-19,1.0
7649,2017-12-20,1.0
7650,2017-12-21,1.0
7651,2017-12-22,1.0
7652,2017-12-27,0.0
7653,2017-12-28,0.0
7654,2017-12-29,0.0
