,Unnamed: 0,LMSNDY
3425,2003-01-02,1.0
3426,2003-01-03,1.0
3427,2003-01-06,1.0
3428,2003-01-07,1.0
3429,2003-01-08,0.0
3430,2003-01-09,0.0
3431,2003-01-10,0.0
3432,2003-01-13,0.0
3433,2003-01-14,1.0
3434,2003-01-15,1.0
3435,2003-01-16,1.0
3436,2003-01-17,1.0
3437,2003-01-20,1.0
3438,2003-01-21,1.0
3439,2003-01-22,1.0
3440,2003-01-23,1.0
3441,2003-01-24,1.0
3442,2003-01-27,1.0
3443,2003-01-28,1.0
3444,2003-01-29,1.0
3445,2003-01-30,1.0
3446,2003-01-31,1.0
3447,2003-02-03,1.0
3448,2003-02-04,1.0
3449,2003-02-05,1.0
3450,2003-02-06,1.0
3451,2003-02-07,1.0
3452,2003-02-10,1.0
3453,2003-02-11,1.0
3454,2003-02-12,0.0
3455,2003-02-13,0.0
3456,2003-02-14,0.0
3457,2003-02-17,0.0
3458,2003-02-18,0.0
3459,2003-02-19,1.0
3460,2003-02-20,0.0
3461,2003-02-21,0.0
3462,2003-02-24,0.0
3463,2003-02-25,0.0
3464,2003-02-26,0.0
3465,2003-02-27,0.0
3466,2003-02-28,0.0
3467,2003-03-03,0.0
3468,2003-03-04,0.0
3469,2003-03-05,0.0
3470,2003-03-06,0.0
3471,2003-03-07,0.0
3472,2003-03-10,1.0
3473,2003-03-11,0.0
3474,2003-03-12,1.0
3475,2003-03-13,0.0
3476,2003-03-14,1.0
3477,2003-03-17,0.0
3478,2003-03-18,0.0
3479,2003-03-19,0.0
3480,2003-03-20,0.0
3481,2003-03-21,0.0
3482,2003-03-24,0.0
3483,2003-03-25,0.0
3484,2003-03-26,0.0
3485,2003-03-27,1.0
3486,2003-03-28,1.0
3487,2003-03-31,1.0
3488,2003-04-01,1.0
3489,2003-04-02,1.0
3490,2003-04-03,1.0
3491,2003-04-04,1.0
3492,2003-04-07,1.0
3493,2003-04-08,1.0
3494,2003-04-09,1.0
3495,2003-04-10,1.0
3496,2003-04-11,1.0
3497,2003-04-14,1.0
3498,2003-04-15,1.0
3499,2003-04-16,1.0
3500,2003-04-17,1.0
3501,2003-04-22,1.0
3502,2003-04-23,1.0
3503,2003-04-24,1.0
3504,2003-04-25,1.0
3505,2003-04-28,1.0
3506,2003-04-29,1.0
3507,2003-04-30,1.0
3508,2003-05-01,1.0
3509,2003-05-02,1.0
3510,2003-05-06,1.0
3511,2003-05-07,0.0
3512,2003-05-08,0.0
3513,2003-05-09,0.0
3514,2003-05-12,0.0
3515,2003-05-13,0.0
3516,2003-05-14,0.0
3517,2003-05-15,0.0
3518,2003-05-16,0.0
3519,2003-05-19,0.0
3520,2003-05-20,0.0
3521,2003-05-21,0.0
3522,2003-05-22,0.0
3523,2003-05-23,0.0
3524,2003-05-27,0.0
3525,2003-05-28,0.0
3526,2003-05-29,0.0
3527,2003-05-30,0.0
3528,2003-06-02,0.0
3529,2003-06-03,0.0
3530,2003-06-04,0.0
3531,2003-06-05,0.0
3532,2003-06-06,0.0
3533,2003-06-09,1.0
3534,2003-06-10,1.0
3535,2003-06-11,1.0
3536,2003-06-12,1.0
3537,2003-06-13,1.0
3538,2003-06-16,1.0
3539,2003-06-17,1.0
3540,2003-06-18,1.0
3541,2003-06-19,0.0
3542,2003-06-20,0.0
3543,2003-06-23,1.0
3544,2003-06-24,1.0
3545,2003-06-25,1.0
3546,2003-06-26,1.0
3547,2003-06-27,1.0
3548,2003-06-30,1.0
3549,2003-07-01,1.0
3550,2003-07-02,1.0
3551,2003-07-03,1.0
3552,2003-07-04,1.0
3553,2003-07-07,0.0
3554,2003-07-08,1.0
3555,2003-07-09,1.0
3556,2003-07-10,1.0
3557,2003-07-11,0.0
3558,2003-07-14,0.0
3559,2003-07-15,1.0
3560,2003-07-16,1.0
3561,2003-07-17,1.0
3562,2003-07-18,1.0
3563,2003-07-21,1.0
3564,2003-07-22,1.0
3565,2003-07-23,1.0
3566,2003-07-24,1.0
3567,2003-07-25,1.0
3568,2003-07-28,1.0
3569,2003-07-29,1.0
3570,2003-07-30,1.0
3571,2003-07-31,1.0
3572,2003-08-01,1.0
3573,2003-08-04,1.0
3574,2003-08-05,1.0
3575,2003-08-06,1.0
3576,2003-08-07,1.0
3577,2003-08-08,1.0
3578,2003-08-11,1.0
3579,2003-08-12,1.0
3580,2003-08-13,1.0
3581,2003-08-14,1.0
3582,2003-08-15,1.0
3583,2003-08-18,1.0
3584,2003-08-19,1.0
3585,2003-08-20,1.0
3586,2003-08-21,1.0
3587,2003-08-22,1.0
3588,2003-08-26,1.0
3589,2003-08-27,1.0
3590,2003-08-28,1.0
3591,2003-08-29,1.0
3592,2003-09-01,1.0
3593,2003-09-02,1.0
3594,2003-09-03,1.0
3595,2003-09-04,1.0
3596,2003-09-05,1.0
3597,2003-09-08,1.0
3598,2003-09-09,1.0
3599,2003-09-10,1.0
3600,2003-09-11,1.0
3601,2003-09-12,1.0
3602,2003-09-15,1.0
3603,2003-09-16,1.0
3604,2003-09-17,1.0
3605,2003-09-18,1.0
3606,2003-09-19,1.0
3607,2003-09-22,1.0
3608,2003-09-23,1.0
3609,2003-09-24,1.0
3610,2003-09-25,1.0
3611,2003-09-26,1.0
3612,2003-09-29,1.0
3613,2003-09-30,1.0
3614,2003-10-01,1.0
3615,2003-10-02,1.0
3616,2003-10-03,1.0
3617,2003-10-06,1.0
3618,2003-10-07,1.0
3619,2003-10-08,1.0
3620,2003-10-09,1.0
3621,2003-10-10,1.0
3622,2003-10-13,0.0
3623,2003-10-14,1.0
3624,2003-10-15,0.0
3625,2003-10-16,0.0
3626,2003-10-17,1.0
3627,2003-10-20,0.0
3628,2003-10-21,1.0
3629,2003-10-22,1.0
3630,2003-10-23,1.0
3631,2003-10-24,1.0
3632,2003-10-27,1.0
3633,2003-10-28,1.0
3634,2003-10-29,1.0
3635,2003-10-30,1.0
3636,2003-10-31,1.0
3637,2003-11-03,1.0
3638,2003-11-04,1.0
3639,2003-11-05,1.0
3640,2003-11-06,1.0
3641,2003-11-07,1.0
3642,2003-11-10,1.0
3643,2003-11-11,1.0
3644,2003-11-12,1.0
3645,2003-11-13,1.0
3646,2003-11-14,1.0
3647,2003-11-17,1.0
3648,2003-11-18,1.0
3649,2003-11-19,1.0
3650,2003-11-20,1.0
3651,2003-11-21,1.0
3652,2003-11-24,1.0
3653,2003-11-25,1.0
3654,2003-11-26,1.0
3655,2003-11-27,1.0
3656,2003-11-28,1.0
3657,2003-12-01,1.0
3658,2003-12-02,1.0
3659,2003-12-03,1.0
3660,2003-12-04,1.0
3661,2003-12-05,1.0
3662,2003-12-08,1.0
3663,2003-12-09,1.0
3664,2003-12-10,1.0
3665,2003-12-11,1.0
3666,2003-12-12,1.0
3667,2003-12-15,1.0
3668,2003-12-16,1.0
3669,2003-12-17,1.0
3670,2003-12-18,1.0
3671,2003-12-19,1.0
3672,2003-12-22,1.0
3673,2003-12-23,0.0
3674,2003-12-24,0.0
3675,2003-12-29,0.0
3676,2003-12-30,0.0
3677,2003-12-31,0.0
3678,2004-01-02,0.0
3679,2004-01-05,0.0
3680,2004-01-06,1.0
3681,2004-01-07,1.0
3682,2004-01-08,0.0
3683,2004-01-09,0.0
3684,2004-01-12,1.0
3685,2004-01-13,1.0
3686,2004-01-14,0.0
3687,2004-01-15,1.0
3688,2004-01-16,1.0
3689,2004-01-19,1.0
3690,2004-01-20,1.0
3691,2004-01-21,1.0
3692,2004-01-22,1.0
3693,2004-01-23,1.0
3694,2004-01-26,1.0
3695,2004-01-27,1.0
3696,2004-01-28,1.0
3697,2004-01-29,1.0
3698,2004-01-30,1.0
3699,2004-02-02,1.0
3700,2004-02-03,1.0
3701,2004-02-04,1.0
3702,2004-02-05,1.0
3703,2004-02-06,1.0
3704,2004-02-09,1.0
3705,2004-02-10,1.0
3706,2004-02-11,1.0
3707,2004-02-12,1.0
3708,2004-02-13,1.0
3709,2004-02-16,1.0
3710,2004-02-17,1.0
3711,2004-02-18,1.0
3712,2004-02-19,1.0
3713,2004-02-20,1.0
3714,2004-02-23,1.0
3715,2004-02-24,1.0
3716,2004-02-25,1.0
3717,2004-02-26,1.0
3718,2004-02-27,1.0
3719,2004-03-01,1.0
3720,2004-03-02,1.0
3721,2004-03-03,1.0
3722,2004-03-04,1.0
3723,2004-03-05,1.0
3724,2004-03-08,1.0
3725,2004-03-09,1.0
3726,2004-03-10,1.0
3727,2004-03-11,1.0
3728,2004-03-12,1.0
3729,2004-03-15,1.0
3730,2004-03-16,1.0
3731,2004-03-17,1.0
3732,2004-03-18,1.0
3733,2004-03-19,1.0
3734,2004-03-22,1.0
3735,2004-03-23,1.0
3736,2004-03-24,1.0
3737,2004-03-25,1.0
3738,2004-03-26,1.0
3739,2004-03-29,1.0
3740,2004-03-30,1.0
3741,2004-03-31,1.0
3742,2004-04-01,0.0
3743,2004-04-02,0.0
3744,2004-04-05,1.0
3745,2004-04-06,0.0
3746,2004-04-07,1.0
3747,2004-04-08,1.0
3748,2004-04-13,1.0
3749,2004-04-14,0.0
3750,2004-04-15,1.0
3751,2004-04-16,1.0
3752,2004-04-19,1.0
3753,2004-04-20,1.0
3754,2004-04-21,1.0
3755,2004-04-22,1.0
3756,2004-04-23,1.0
3757,2004-04-26,1.0
3758,2004-04-27,1.0
3759,2004-04-28,1.0
3760,2004-04-29,1.0
3761,2004-04-30,1.0
3762,2004-05-04,1.0
3763,2004-05-05,1.0
3764,2004-05-06,1.0
3765,2004-05-07,1.0
3766,2004-05-10,1.0
3767,2004-05-11,1.0
3768,2004-05-12,1.0
3769,2004-05-13,0.0
3770,2004-05-14,0.0
3771,2004-05-17,0.0
3772,2004-05-18,0.0
3773,2004-05-19,0.0
3774,2004-05-20,0.0
3775,2004-05-21,0.0
3776,2004-05-24,0.0
3777,2004-05-25,0.0
3778,2004-05-26,0.0
3779,2004-05-27,0.0
3780,2004-05-28,0.0
3781,2004-06-01,0.0
3782,2004-06-02,0.0
3783,2004-06-03,0.0
3784,2004-06-04,0.0
3785,2004-06-07,0.0
3786,2004-06-08,0.0
3787,2004-06-09,0.0
3788,2004-06-10,0.0
3789,2004-06-11,1.0
3790,2004-06-14,1.0
3791,2004-06-15,0.0
3792,2004-06-16,1.0
3793,2004-06-17,1.0
3794,2004-06-18,0.0
3795,2004-06-21,1.0
3796,2004-06-22,1.0
3797,2004-06-23,1.0
3798,2004-06-24,1.0
3799,2004-06-25,0.0
3800,2004-06-28,0.0
3801,2004-06-29,1.0
3802,2004-06-30,0.0
3803,2004-07-01,0.0
3804,2004-07-02,0.0
3805,2004-07-05,0.0
3806,2004-07-06,0.0
3807,2004-07-07,0.0
3808,2004-07-08,1.0
3809,2004-07-09,0.0
3810,2004-07-12,0.0
3811,2004-07-13,0.0
3812,2004-07-14,0.0
3813,2004-07-15,0.0
3814,2004-07-16,0.0
3815,2004-07-19,1.0
3816,2004-07-20,1.0
3817,2004-07-21,1.0
3818,2004-07-22,1.0
3819,2004-07-23,1.0
3820,2004-07-26,1.0
3821,2004-07-27,1.0
3822,2004-07-28,1.0
3823,2004-07-29,0.0
3824,2004-07-30,0.0
3825,2004-08-02,1.0
3826,2004-08-03,1.0
3827,2004-08-04,1.0
3828,2004-08-05,1.0
3829,2004-08-06,0.0
3830,2004-08-09,0.0
3831,2004-08-10,0.0
3832,2004-08-11,0.0
3833,2004-08-12,1.0
3834,2004-08-13,1.0
3835,2004-08-16,0.0
3836,2004-08-17,0.0
3837,2004-08-18,0.0
3838,2004-08-19,0.0
3839,2004-08-20,0.0
3840,2004-08-23,0.0
3841,2004-08-24,0.0
3842,2004-08-25,1.0
3843,2004-08-26,1.0
3844,2004-08-27,1.0
3845,2004-08-31,1.0
3846,2004-09-01,0.0
3847,2004-09-02,1.0
3848,2004-09-03,1.0
3849,2004-09-06,1.0
3850,2004-09-07,1.0
3851,2004-09-08,1.0
3852,2004-09-09,1.0
3853,2004-09-10,1.0
3854,2004-09-13,1.0
3855,2004-09-14,1.0
3856,2004-09-15,0.0
3857,2004-09-16,0.0
3858,2004-09-17,0.0
3859,2004-09-20,0.0
3860,2004-09-21,0.0
3861,2004-09-22,0.0
3862,2004-09-23,0.0
3863,2004-09-24,0.0
3864,2004-09-27,0.0
3865,2004-09-28,1.0
3866,2004-09-29,1.0
3867,2004-09-30,1.0
3868,2004-10-01,0.0
3869,2004-10-04,1.0
3870,2004-10-05,1.0
3871,2004-10-06,1.0
3872,2004-10-07,0.0
3873,2004-10-08,1.0
3874,2004-10-11,0.0
3875,2004-10-12,0.0
3876,2004-10-13,1.0
3877,2004-10-14,1.0
3878,2004-10-15,1.0
3879,2004-10-18,1.0
3880,2004-10-19,1.0
3881,2004-10-20,1.0
3882,2004-10-21,1.0
3883,2004-10-22,1.0
3884,2004-10-25,1.0
3885,2004-10-26,0.0
3886,2004-10-27,0.0
3887,2004-10-28,0.0
3888,2004-10-29,0.0
3889,2004-11-01,0.0
3890,2004-11-02,0.0
3891,2004-11-03,0.0
3892,2004-11-04,0.0
3893,2004-11-05,0.0
3894,2004-11-08,0.0
3895,2004-11-09,0.0
3896,2004-11-10,0.0
3897,2004-11-11,0.0
3898,2004-11-12,0.0
3899,2004-11-15,0.0
3900,2004-11-16,0.0
3901,2004-11-17,0.0
3902,2004-11-18,0.0
3903,2004-11-19,0.0
3904,2004-11-22,0.0
3905,2004-11-23,0.0
3906,2004-11-24,0.0
3907,2004-11-25,0.0
3908,2004-11-26,0.0
3909,2004-11-29,0.0
3910,2004-11-30,0.0
3911,2004-12-01,0.0
3912,2004-12-02,0.0
3913,2004-12-03,0.0
3914,2004-12-06,0.0
3915,2004-12-07,0.0
3916,2004-12-08,0.0
3917,2004-12-09,0.0
3918,2004-12-10,0.0
3919,2004-12-13,0.0
3920,2004-12-14,0.0
3921,2004-12-15,0.0
3922,2004-12-16,0.0
3923,2004-12-17,0.0
3924,2004-12-20,0.0
3925,2004-12-21,0.0
3926,2004-12-22,0.0
3927,2004-12-23,1.0
3928,2004-12-24,1.0
3929,2004-12-29,1.0
3930,2004-12-30,1.0
3931,2004-12-31,1.0
3932,2005-01-04,1.0
3933,2005-01-05,1.0
3934,2005-01-06,1.0
3935,2005-01-07,1.0
3936,2005-01-10,1.0
3937,2005-01-11,1.0
3938,2005-01-12,1.0
3939,2005-01-13,1.0
3940,2005-01-14,1.0
3941,2005-01-17,1.0
3942,2005-01-18,1.0
3943,2005-01-19,1.0
3944,2005-01-20,1.0
3945,2005-01-21,1.0
3946,2005-01-24,1.0
3947,2005-01-25,1.0
3948,2005-01-26,1.0
3949,2005-01-27,1.0
3950,2005-01-28,1.0
3951,2005-01-31,1.0
3952,2005-02-01,1.0
3953,2005-02-02,1.0
3954,2005-02-03,1.0
3955,2005-02-04,1.0
3956,2005-02-07,1.0
3957,2005-02-08,1.0
3958,2005-02-09,1.0
3959,2005-02-10,1.0
3960,2005-02-11,1.0
3961,2005-02-14,1.0
3962,2005-02-15,1.0
3963,2005-02-16,1.0
3964,2005-02-17,1.0
3965,2005-02-18,1.0
3966,2005-02-21,0.0
3967,2005-02-22,1.0
3968,2005-02-23,0.0
3969,2005-02-24,0.0
3970,2005-02-25,0.0
3971,2005-02-28,0.0
3972,2005-03-01,0.0
3973,2005-03-02,0.0
3974,2005-03-03,0.0
3975,2005-03-04,0.0
3976,2005-03-07,0.0
3977,2005-03-08,0.0
3978,2005-03-09,0.0
3979,2005-03-10,0.0
3980,2005-03-11,0.0
3981,2005-03-14,0.0
3982,2005-03-15,0.0
3983,2005-03-16,0.0
3984,2005-03-17,0.0
3985,2005-03-18,0.0
3986,2005-03-21,0.0
3987,2005-03-22,0.0
3988,2005-03-23,0.0
3989,2005-03-24,0.0
3990,2005-03-29,1.0
3991,2005-03-30,1.0
3992,2005-03-31,0.0
3993,2005-04-01,0.0
3994,2005-04-04,0.0
3995,2005-04-05,0.0
3996,2005-04-06,0.0
3997,2005-04-07,0.0
3998,2005-04-08,0.0
3999,2005-04-11,0.0
4000,2005-04-12,0.0
4001,2005-04-13,1.0
4002,2005-04-14,1.0
4003,2005-04-15,0.0
4004,2005-04-18,1.0
4005,2005-04-19,1.0
4006,2005-04-20,0.0
4007,2005-04-21,0.0
4008,2005-04-22,0.0
4009,2005-04-25,0.0
4010,2005-04-26,0.0
4011,2005-04-27,1.0
4012,2005-04-28,1.0
4013,2005-04-29,0.0
4014,2005-05-03,0.0
4015,2005-05-04,0.0
4016,2005-05-05,0.0
4017,2005-05-06,0.0
4018,2005-05-09,0.0
4019,2005-05-10,0.0
4020,2005-05-11,0.0
4021,2005-05-12,0.0
4022,2005-05-13,0.0
4023,2005-05-16,0.0
4024,2005-05-17,0.0
4025,2005-05-18,0.0
4026,2005-05-19,0.0
4027,2005-05-20,0.0
4028,2005-05-23,0.0
4029,2005-05-24,0.0
4030,2005-05-25,0.0
4031,2005-05-26,0.0
4032,2005-05-27,0.0
4033,2005-05-31,0.0
4034,2005-06-01,0.0
4035,2005-06-02,0.0
4036,2005-06-03,0.0
4037,2005-06-06,0.0
4038,2005-06-07,0.0
4039,2005-06-08,0.0
4040,2005-06-09,0.0
4041,2005-06-10,0.0
4042,2005-06-13,0.0
4043,2005-06-14,0.0
4044,2005-06-15,0.0
4045,2005-06-16,0.0
4046,2005-06-17,0.0
4047,2005-06-20,0.0
4048,2005-06-21,0.0
4049,2005-06-22,1.0
4050,2005-06-23,0.0
4051,2005-06-24,0.0
4052,2005-06-27,0.0
4053,2005-06-28,0.0
4054,2005-06-29,0.0
4055,2005-06-30,0.0
4056,2005-07-01,1.0
4057,2005-07-04,1.0
4058,2005-07-05,1.0
4059,2005-07-06,1.0
4060,2005-07-07,1.0
4061,2005-07-08,1.0
4062,2005-07-11,0.0
4063,2005-07-12,0.0
4064,2005-07-13,1.0
4065,2005-07-14,1.0
4066,2005-07-15,0.0
4067,2005-07-18,0.0
4068,2005-07-19,0.0
4069,2005-07-20,0.0
4070,2005-07-21,1.0
4071,2005-07-22,1.0
4072,2005-07-25,1.0
4073,2005-07-26,1.0
4074,2005-07-27,1.0
4075,2005-07-28,1.0
4076,2005-07-29,0.0
4077,2005-08-01,0.0
4078,2005-08-02,0.0
4079,2005-08-03,0.0
4080,2005-08-04,0.0
4081,2005-08-05,0.0
4082,2005-08-08,0.0
4083,2005-08-09,1.0
4084,2005-08-10,0.0
4085,2005-08-11,0.0
4086,2005-08-12,0.0
4087,2005-08-15,0.0
4088,2005-08-16,0.0
4089,2005-08-17,0.0
4090,2005-08-18,0.0
4091,2005-08-19,0.0
4092,2005-08-22,0.0
4093,2005-08-23,0.0
4094,2005-08-24,0.0
4095,2005-08-25,0.0
4096,2005-08-26,0.0
4097,2005-08-30,0.0
4098,2005-08-31,0.0
4099,2005-09-01,0.0
4100,2005-09-02,0.0
4101,2005-09-05,0.0
4102,2005-09-06,0.0
4103,2005-09-07,0.0
4104,2005-09-08,0.0
4105,2005-09-09,0.0
4106,2005-09-12,0.0
4107,2005-09-13,0.0
4108,2005-09-14,0.0
4109,2005-09-15,0.0
4110,2005-09-16,1.0
4111,2005-09-19,1.0
4112,2005-09-20,0.0
4113,2005-09-21,0.0
4114,2005-09-22,0.0
4115,2005-09-23,0.0
4116,2005-09-26,0.0
4117,2005-09-27,0.0
4118,2005-09-28,0.0
4119,2005-09-29,0.0
4120,2005-09-30,0.0
4121,2005-10-03,0.0
4122,2005-10-04,0.0
4123,2005-10-05,0.0
4124,2005-10-06,0.0
4125,2005-10-07,0.0
4126,2005-10-10,0.0
4127,2005-10-11,0.0
4128,2005-10-12,0.0
4129,2005-10-13,0.0
4130,2005-10-14,0.0
4131,2005-10-17,0.0
4132,2005-10-18,0.0
4133,2005-10-19,0.0
4134,2005-10-20,0.0
4135,2005-10-21,0.0
4136,2005-10-24,0.0
4137,2005-10-25,0.0
4138,2005-10-26,0.0
4139,2005-10-27,0.0
4140,2005-10-28,0.0
4141,2005-10-31,0.0
4142,2005-11-01,0.0
4143,2005-11-02,0.0
4144,2005-11-03,1.0
4145,2005-11-04,1.0
4146,2005-11-07,1.0
4147,2005-11-08,1.0
4148,2005-11-09,1.0
4149,2005-11-10,1.0
4150,2005-11-11,1.0
4151,2005-11-14,1.0
4152,2005-11-15,1.0
4153,2005-11-16,1.0
4154,2005-11-17,1.0
4155,2005-11-18,1.0
4156,2005-11-21,1.0
4157,2005-11-22,1.0
4158,2005-11-23,1.0
4159,2005-11-24,1.0
4160,2005-11-25,1.0
4161,2005-11-28,1.0
4162,2005-11-29,1.0
4163,2005-11-30,1.0
4164,2005-12-01,1.0
4165,2005-12-02,1.0
4166,2005-12-05,0.0
4167,2005-12-06,0.0
4168,2005-12-07,0.0
4169,2005-12-08,0.0
4170,2005-12-09,0.0
4171,2005-12-12,0.0
4172,2005-12-13,1.0
4173,2005-12-14,1.0
4174,2005-12-15,1.0
4175,2005-12-16,1.0
4176,2005-12-19,1.0
4177,2005-12-20,1.0
4178,2005-12-21,1.0
4179,2005-12-22,1.0
4180,2005-12-23,1.0
4181,2005-12-28,1.0
4182,2005-12-29,1.0
4183,2005-12-30,1.0
4184,2006-01-03,1.0
4185,2006-01-04,1.0
4186,2006-01-05,1.0
4187,2006-01-06,1.0
4188,2006-01-09,1.0
4189,2006-01-10,1.0
4190,2006-01-11,1.0
4191,2006-01-12,1.0
4192,2006-01-13,1.0
4193,2006-01-16,1.0
4194,2006-01-17,1.0
4195,2006-01-18,1.0
4196,2006-01-19,1.0
4197,2006-01-20,1.0
4198,2006-01-23,1.0
4199,2006-01-24,1.0
4200,2006-01-25,1.0
4201,2006-01-26,1.0
4202,2006-01-27,1.0
4203,2006-01-30,1.0
4204,2006-01-31,1.0
4205,2006-02-01,0.0
4206,2006-02-02,1.0
4207,2006-02-03,1.0
4208,2006-02-06,1.0
4209,2006-02-07,1.0
4210,2006-02-08,1.0
4211,2006-02-09,0.0
4212,2006-02-10,1.0
4213,2006-02-13,1.0
4214,2006-02-14,1.0
4215,2006-02-15,1.0
4216,2006-02-16,1.0
4217,2006-02-17,1.0
4218,2006-02-20,0.0
4219,2006-02-21,0.0
4220,2006-02-22,0.0
4221,2006-02-23,1.0
4222,2006-02-24,1.0
4223,2006-02-27,1.0
4224,2006-02-28,1.0
4225,2006-03-01,1.0
4226,2006-03-02,1.0
4227,2006-03-03,1.0
4228,2006-03-06,1.0
4229,2006-03-07,1.0
4230,2006-03-08,1.0
4231,2006-03-09,1.0
4232,2006-03-10,1.0
4233,2006-03-13,1.0
4234,2006-03-14,1.0
4235,2006-03-15,1.0
4236,2006-03-16,1.0
4237,2006-03-17,1.0
4238,2006-03-20,1.0
4239,2006-03-21,1.0
4240,2006-03-22,1.0
4241,2006-03-23,1.0
4242,2006-03-24,1.0
4243,2006-03-27,1.0
4244,2006-03-28,1.0
4245,2006-03-29,1.0
4246,2006-03-30,1.0
4247,2006-03-31,1.0
4248,2006-04-03,1.0
4249,2006-04-04,1.0
4250,2006-04-05,1.0
4251,2006-04-06,1.0
4252,2006-04-07,1.0
4253,2006-04-10,1.0
4254,2006-04-11,1.0
4255,2006-04-12,1.0
4256,2006-04-13,1.0
4257,2006-04-18,0.0
4258,2006-04-19,0.0
4259,2006-04-20,0.0
4260,2006-04-21,0.0
4261,2006-04-24,0.0
4262,2006-04-25,0.0
4263,2006-04-26,0.0
4264,2006-04-27,0.0
4265,2006-04-28,0.0
4266,2006-05-02,0.0
4267,2006-05-03,0.0
4268,2006-05-04,0.0
4269,2006-05-05,0.0
4270,2006-05-08,0.0
4271,2006-05-09,0.0
4272,2006-05-10,0.0
4273,2006-05-11,0.0
4274,2006-05-12,0.0
4275,2006-05-15,0.0
4276,2006-05-16,0.0
4277,2006-05-17,0.0
4278,2006-05-18,0.0
4279,2006-05-19,0.0
4280,2006-05-22,0.0
4281,2006-05-23,0.0
4282,2006-05-24,0.0
4283,2006-05-25,0.0
4284,2006-05-26,0.0
4285,2006-05-30,0.0
4286,2006-05-31,0.0
4287,2006-06-01,0.0
4288,2006-06-02,0.0
4289,2006-06-05,0.0
4290,2006-06-06,1.0
4291,2006-06-07,1.0
4292,2006-06-08,1.0
4293,2006-06-09,1.0
4294,2006-06-12,1.0
4295,2006-06-13,1.0
4296,2006-06-14,1.0
4297,2006-06-15,1.0
4298,2006-06-16,1.0
4299,2006-06-19,1.0
4300,2006-06-20,1.0
4301,2006-06-21,1.0
4302,2006-06-22,1.0
4303,2006-06-23,1.0
4304,2006-06-26,1.0
4305,2006-06-27,1.0
4306,2006-06-28,1.0
4307,2006-06-29,1.0
4308,2006-06-30,1.0
4309,2006-07-03,1.0
4310,2006-07-04,1.0
4311,2006-07-05,1.0
4312,2006-07-06,0.0
4313,2006-07-07,0.0
4314,2006-07-10,0.0
4315,2006-07-11,0.0
4316,2006-07-12,0.0
4317,2006-07-13,0.0
4318,2006-07-14,0.0
4319,2006-07-17,1.0
4320,2006-07-18,1.0
4321,2006-07-19,1.0
4322,2006-07-20,1.0
4323,2006-07-21,1.0
4324,2006-07-24,1.0
4325,2006-07-25,1.0
4326,2006-07-26,1.0
4327,2006-07-27,1.0
4328,2006-07-28,1.0
4329,2006-07-31,1.0
4330,2006-08-01,1.0
4331,2006-08-02,1.0
4332,2006-08-03,1.0
4333,2006-08-04,1.0
4334,2006-08-07,1.0
4335,2006-08-08,1.0
4336,2006-08-09,1.0
4337,2006-08-10,1.0
4338,2006-08-11,1.0
4339,2006-08-14,1.0
4340,2006-08-15,1.0
4341,2006-08-16,1.0
4342,2006-08-17,1.0
4343,2006-08-18,1.0
4344,2006-08-21,1.0
4345,2006-08-22,1.0
4346,2006-08-23,1.0
4347,2006-08-24,1.0
4348,2006-08-25,1.0
4349,2006-08-29,1.0
4350,2006-08-30,1.0
4351,2006-08-31,1.0
4352,2006-09-01,0.0
4353,2006-09-04,0.0
4354,2006-09-05,0.0
4355,2006-09-06,0.0
4356,2006-09-07,0.0
4357,2006-09-08,1.0
4358,2006-09-11,1.0
4359,2006-09-12,1.0
4360,2006-09-13,1.0
4361,2006-09-14,1.0
4362,2006-09-15,1.0
4363,2006-09-18,1.0
4364,2006-09-19,1.0
4365,2006-09-20,1.0
4366,2006-09-21,1.0
4367,2006-09-22,1.0
4368,2006-09-25,1.0
4369,2006-09-26,1.0
4370,2006-09-27,1.0
4371,2006-09-28,1.0
4372,2006-09-29,1.0
4373,2006-10-02,1.0
4374,2006-10-03,1.0
4375,2006-10-04,1.0
4376,2006-10-05,1.0
4377,2006-10-06,1.0
4378,2006-10-09,1.0
4379,2006-10-10,1.0
4380,2006-10-11,1.0
4381,2006-10-12,1.0
4382,2006-10-13,0.0
4383,2006-10-16,0.0
4384,2006-10-17,0.0
4385,2006-10-18,0.0
4386,2006-10-19,0.0
4387,2006-10-20,0.0
4388,2006-10-23,0.0
4389,2006-10-24,0.0
4390,2006-10-25,0.0
4391,2006-10-26,0.0
4392,2006-10-27,0.0
4393,2006-10-30,1.0
4394,2006-10-31,1.0
4395,2006-11-01,1.0
4396,2006-11-02,1.0
4397,2006-11-03,1.0
4398,2006-11-06,1.0
4399,2006-11-07,1.0
4400,2006-11-08,1.0
4401,2006-11-09,1.0
4402,2006-11-10,1.0
4403,2006-11-13,1.0
4404,2006-11-14,1.0
4405,2006-11-15,1.0
4406,2006-11-16,1.0
4407,2006-11-17,1.0
4408,2006-11-20,1.0
4409,2006-11-21,1.0
4410,2006-11-22,1.0
4411,2006-11-23,1.0
4412,2006-11-24,1.0
4413,2006-11-27,1.0
4414,2006-11-28,1.0
4415,2006-11-29,1.0
4416,2006-11-30,1.0
4417,2006-12-01,1.0
4418,2006-12-04,1.0
4419,2006-12-05,0.0
4420,2006-12-06,0.0
4421,2006-12-07,0.0
4422,2006-12-08,0.0
4423,2006-12-11,0.0
4424,2006-12-12,0.0
4425,2006-12-13,0.0
4426,2006-12-14,0.0
4427,2006-12-15,0.0
4428,2006-12-18,1.0
4429,2006-12-19,1.0
4430,2006-12-20,1.0
4431,2006-12-21,1.0
4432,2006-12-22,1.0
4433,2006-12-27,1.0
4434,2006-12-28,1.0
4435,2006-12-29,1.0
4436,2007-01-02,1.0
4437,2007-01-03,1.0
4438,2007-01-04,1.0
4439,2007-01-05,1.0
4440,2007-01-08,1.0
4441,2007-01-09,1.0
4442,2007-01-10,1.0
4443,2007-01-11,1.0
4444,2007-01-12,1.0
4445,2007-01-15,1.0
4446,2007-01-16,1.0
4447,2007-01-17,1.0
4448,2007-01-18,1.0
4449,2007-01-19,1.0
4450,2007-01-22,1.0
4451,2007-01-23,1.0
4452,2007-01-24,1.0
4453,2007-01-25,1.0
4454,2007-01-26,1.0
4455,2007-01-29,1.0
4456,2007-01-30,1.0
4457,2007-01-31,1.0
4458,2007-02-01,1.0
4459,2007-02-02,1.0
4460,2007-02-05,1.0
4461,2007-02-06,1.0
4462,2007-02-07,1.0
4463,2007-02-08,1.0
4464,2007-02-09,1.0
4465,2007-02-12,1.0
4466,2007-02-13,1.0
4467,2007-02-14,1.0
4468,2007-02-15,1.0
4469,2007-02-16,1.0
4470,2007-02-19,1.0
4471,2007-02-20,1.0
4472,2007-02-21,0.0
4473,2007-02-22,1.0
4474,2007-02-23,1.0
4475,2007-02-26,1.0
4476,2007-02-27,1.0
4477,2007-02-28,1.0
4478,2007-03-01,0.0
4479,2007-03-02,1.0
4480,2007-03-05,1.0
4481,2007-03-06,1.0
4482,2007-03-07,1.0
4483,2007-03-08,1.0
4484,2007-03-09,1.0
4485,2007-03-12,1.0
4486,2007-03-13,1.0
4487,2007-03-14,1.0
4488,2007-03-15,1.0
4489,2007-03-16,1.0
4490,2007-03-19,0.0
4491,2007-03-20,0.0
4492,2007-03-21,0.0
4493,2007-03-22,0.0
4494,2007-03-23,0.0
4495,2007-03-26,0.0
4496,2007-03-27,0.0
4497,2007-03-28,0.0
4498,2007-03-29,1.0
4499,2007-03-30,1.0
4500,2007-04-02,1.0
4501,2007-04-03,1.0
4502,2007-04-04,1.0
4503,2007-04-05,1.0
4504,2007-04-10,1.0
4505,2007-04-11,0.0
4506,2007-04-12,0.0
4507,2007-04-13,0.0
4508,2007-04-16,0.0
4509,2007-04-17,0.0
4510,2007-04-18,1.0
4511,2007-04-19,1.0
4512,2007-04-20,1.0
4513,2007-04-23,1.0
4514,2007-04-24,1.0
4515,2007-04-25,1.0
4516,2007-04-26,1.0
4517,2007-04-27,1.0
4518,2007-04-30,1.0
4519,2007-05-01,1.0
4520,2007-05-02,0.0
4521,2007-05-03,0.0
4522,2007-05-04,0.0
4523,2007-05-08,0.0
4524,2007-05-09,0.0
4525,2007-05-10,0.0
4526,2007-05-11,0.0
4527,2007-05-14,0.0
4528,2007-05-15,0.0
4529,2007-05-16,1.0
4530,2007-05-17,1.0
4531,2007-05-18,1.0
4532,2007-05-21,1.0
4533,2007-05-22,1.0
4534,2007-05-23,1.0
4535,2007-05-24,0.0
4536,2007-05-25,1.0
4537,2007-05-29,1.0
4538,2007-05-30,0.0
4539,2007-05-31,0.0
4540,2007-06-01,1.0
4541,2007-06-04,0.0
4542,2007-06-05,0.0
4543,2007-06-06,1.0
4544,2007-06-07,1.0
4545,2007-06-08,1.0
4546,2007-06-11,1.0
4547,2007-06-12,1.0
4548,2007-06-13,1.0
4549,2007-06-14,0.0
4550,2007-06-15,0.0
4551,2007-06-18,0.0
4552,2007-06-19,0.0
4553,2007-06-20,1.0
4554,2007-06-21,1.0
4555,2007-06-22,1.0
4556,2007-06-25,1.0
4557,2007-06-26,1.0
4558,2007-06-27,1.0
4559,2007-06-28,1.0
4560,2007-06-29,1.0
4561,2007-07-02,1.0
4562,2007-07-03,1.0
4563,2007-07-04,1.0
4564,2007-07-05,1.0
4565,2007-07-06,1.0
4566,2007-07-09,1.0
4567,2007-07-10,1.0
4568,2007-07-11,1.0
4569,2007-07-12,1.0
4570,2007-07-13,1.0
4571,2007-07-16,1.0
4572,2007-07-17,0.0
4573,2007-07-18,0.0
4574,2007-07-19,0.0
4575,2007-07-20,0.0
4576,2007-07-23,0.0
4577,2007-07-24,0.0
4578,2007-07-25,0.0
4579,2007-07-26,0.0
4580,2007-07-27,0.0
4581,2007-07-30,0.0
4582,2007-07-31,0.0
4583,2007-08-01,0.0
4584,2007-08-02,0.0
4585,2007-08-03,0.0
4586,2007-08-06,0.0
4587,2007-08-07,0.0
4588,2007-08-08,0.0
4589,2007-08-09,0.0
4590,2007-08-10,0.0
4591,2007-08-13,0.0
4592,2007-08-14,1.0
4593,2007-08-15,1.0
4594,2007-08-16,1.0
4595,2007-08-17,1.0
4596,2007-08-20,1.0
4597,2007-08-21,1.0
4598,2007-08-22,1.0
4599,2007-08-23,1.0
4600,2007-08-24,1.0
4601,2007-08-28,1.0
4602,2007-08-29,1.0
4603,2007-08-30,1.0
4604,2007-08-31,0.0
4605,2007-09-03,1.0
4606,2007-09-04,1.0
4607,2007-09-05,1.0
4608,2007-09-06,1.0
4609,2007-09-07,1.0
4610,2007-09-10,1.0
4611,2007-09-11,1.0
4612,2007-09-12,1.0
4613,2007-09-13,1.0
4614,2007-09-14,1.0
4615,2007-09-17,1.0
4616,2007-09-18,1.0
4617,2007-09-19,1.0
4618,2007-09-20,1.0
4619,2007-09-21,1.0
4620,2007-09-24,1.0
4621,2007-09-25,1.0
4622,2007-09-26,1.0
4623,2007-09-27,1.0
4624,2007-09-28,1.0
4625,2007-10-01,1.0
4626,2007-10-02,1.0
4627,2007-10-03,1.0
4628,2007-10-04,1.0
4629,2007-10-05,1.0
4630,2007-10-08,1.0
4631,2007-10-09,1.0
4632,2007-10-10,1.0
4633,2007-10-11,1.0
4634,2007-10-12,1.0
4635,2007-10-15,1.0
4636,2007-10-16,1.0
4637,2007-10-17,1.0
4638,2007-10-18,1.0
4639,2007-10-19,1.0
4640,2007-10-22,1.0
4641,2007-10-23,1.0
4642,2007-10-24,0.0
4643,2007-10-25,0.0
4644,2007-10-26,1.0
4645,2007-10-29,0.0
4646,2007-10-30,1.0
4647,2007-10-31,1.0
4648,2007-11-01,1.0
4649,2007-11-02,1.0
4650,2007-11-05,0.0
4651,2007-11-06,0.0
4652,2007-11-07,0.0
4653,2007-11-08,0.0
4654,2007-11-09,0.0
4655,2007-11-12,0.0
4656,2007-11-13,0.0
4657,2007-11-14,0.0
4658,2007-11-15,0.0
4659,2007-11-16,0.0
4660,2007-11-19,0.0
4661,2007-11-20,0.0
4662,2007-11-21,1.0
4663,2007-11-22,0.0
4664,2007-11-23,0.0
4665,2007-11-26,0.0
4666,2007-11-27,0.0
4667,2007-11-28,0.0
4668,2007-11-29,0.0
4669,2007-11-30,0.0
4670,2007-12-03,0.0
4671,2007-12-04,0.0
4672,2007-12-05,1.0
4673,2007-12-06,0.0
4674,2007-12-07,0.0
4675,2007-12-10,0.0
4676,2007-12-11,0.0
4677,2007-12-12,0.0
4678,2007-12-13,1.0
4679,2007-12-14,1.0
4680,2007-12-17,1.0
4681,2007-12-18,1.0
4682,2007-12-19,1.0
4683,2007-12-20,1.0
4684,2007-12-21,1.0
4685,2007-12-27,1.0
4686,2007-12-28,1.0
4687,2007-12-31,1.0
4688,2008-01-02,1.0
4689,2008-01-03,1.0
4690,2008-01-04,1.0
4691,2008-01-07,1.0
4692,2008-01-08,1.0
4693,2008-01-09,1.0
4694,2008-01-10,1.0
4695,2008-01-11,1.0
4696,2008-01-14,1.0
4697,2008-01-15,1.0
4698,2008-01-16,1.0
4699,2008-01-17,1.0
4700,2008-01-18,1.0
4701,2008-01-21,1.0
4702,2008-01-22,1.0
4703,2008-01-23,1.0
4704,2008-01-24,1.0
4705,2008-01-25,1.0
4706,2008-01-28,1.0
4707,2008-01-29,1.0
4708,2008-01-30,1.0
4709,2008-01-31,1.0
4710,2008-02-01,1.0
4711,2008-02-04,1.0
4712,2008-02-05,1.0
4713,2008-02-06,1.0
4714,2008-02-07,1.0
4715,2008-02-08,1.0
4716,2008-02-11,1.0
4717,2008-02-12,1.0
4718,2008-02-13,1.0
4719,2008-02-14,1.0
4720,2008-02-15,1.0
4721,2008-02-18,1.0
4722,2008-02-19,1.0
4723,2008-02-20,1.0
4724,2008-02-21,1.0
4725,2008-02-22,1.0
4726,2008-02-25,1.0
4727,2008-02-26,1.0
4728,2008-02-27,1.0
4729,2008-02-28,1.0
4730,2008-02-29,1.0
4731,2008-03-03,1.0
4732,2008-03-04,1.0
4733,2008-03-05,1.0
4734,2008-03-06,1.0
4735,2008-03-07,1.0
4736,2008-03-10,1.0
4737,2008-03-11,1.0
4738,2008-03-12,1.0
4739,2008-03-13,1.0
4740,2008-03-14,1.0
4741,2008-03-17,1.0
4742,2008-03-18,1.0
4743,2008-03-19,1.0
4744,2008-03-20,1.0
4745,2008-03-25,1.0
4746,2008-03-26,1.0
4747,2008-03-27,1.0
4748,2008-03-28,1.0
4749,2008-03-31,1.0
4750,2008-04-01,1.0
4751,2008-04-02,1.0
4752,2008-04-03,1.0
4753,2008-04-04,1.0
4754,2008-04-07,1.0
4755,2008-04-08,1.0
4756,2008-04-09,1.0
4757,2008-04-10,1.0
4758,2008-04-11,1.0
4759,2008-04-14,1.0
4760,2008-04-15,1.0
4761,2008-04-16,1.0
4762,2008-04-17,1.0
4763,2008-04-18,1.0
4764,2008-04-21,1.0
4765,2008-04-22,1.0
4766,2008-04-23,0.0
4767,2008-04-24,0.0
4768,2008-04-25,1.0
4769,2008-04-28,0.0
4770,2008-04-29,0.0
4771,2008-04-30,0.0
4772,2008-05-01,0.0
4773,2008-05-02,0.0
4774,2008-05-06,0.0
4775,2008-05-07,0.0
4776,2008-05-08,0.0
4777,2008-05-09,0.0
4778,2008-05-12,0.0
4779,2008-05-13,0.0
4780,2008-05-14,0.0
4781,2008-05-15,0.0
4782,2008-05-16,0.0
4783,2008-05-19,0.0
4784,2008-05-20,0.0
4785,2008-05-21,0.0
4786,2008-05-22,0.0
4787,2008-05-23,0.0
4788,2008-05-27,0.0
4789,2008-05-28,0.0
4790,2008-05-29,1.0
4791,2008-05-30,1.0
4792,2008-06-02,1.0
4793,2008-06-03,1.0
4794,2008-06-04,1.0
4795,2008-06-05,1.0
4796,2008-06-06,1.0
4797,2008-06-09,1.0
4798,2008-06-10,1.0
4799,2008-06-11,1.0
4800,2008-06-12,1.0
4801,2008-06-13,1.0
4802,2008-06-16,1.0
4803,2008-06-17,1.0
4804,2008-06-18,1.0
4805,2008-06-19,1.0
4806,2008-06-20,1.0
4807,2008-06-23,1.0
4808,2008-06-24,1.0
4809,2008-06-25,1.0
4810,2008-06-26,0.0
4811,2008-06-27,0.0
4812,2008-06-30,0.0
4813,2008-07-01,0.0
4814,2008-07-02,0.0
4815,2008-07-03,0.0
4816,2008-07-04,0.0
4817,2008-07-07,0.0
4818,2008-07-08,0.0
4819,2008-07-09,0.0
4820,2008-07-10,0.0
4821,2008-07-11,0.0
4822,2008-07-14,0.0
4823,2008-07-15,0.0
4824,2008-07-16,0.0
4825,2008-07-17,0.0
4826,2008-07-18,0.0
4827,2008-07-21,0.0
4828,2008-07-22,0.0
4829,2008-07-23,0.0
4830,2008-07-24,0.0
4831,2008-07-25,0.0
4832,2008-07-28,0.0
4833,2008-07-29,0.0
4834,2008-07-30,0.0
4835,2008-07-31,0.0
4836,2008-08-01,0.0
4837,2008-08-04,0.0
4838,2008-08-05,0.0
4839,2008-08-06,0.0
4840,2008-08-07,0.0
4841,2008-08-08,1.0
4842,2008-08-11,0.0
4843,2008-08-12,1.0
4844,2008-08-13,1.0
4845,2008-08-14,1.0
4846,2008-08-15,1.0
4847,2008-08-18,0.0
4848,2008-08-19,0.0
4849,2008-08-20,0.0
4850,2008-08-21,0.0
4851,2008-08-22,0.0
4852,2008-08-26,0.0
4853,2008-08-27,0.0
4854,2008-08-28,0.0
4855,2008-08-29,0.0
4856,2008-09-01,0.0
4857,2008-09-02,0.0
4858,2008-09-03,0.0
4859,2008-09-04,0.0
4860,2008-09-05,0.0
4861,2008-09-08,0.0
4862,2008-09-09,0.0
4863,2008-09-10,0.0
4864,2008-09-11,0.0
4865,2008-09-12,0.0
4866,2008-09-15,0.0
4867,2008-09-16,0.0
4868,2008-09-17,0.0
4869,2008-09-18,0.0
4870,2008-09-19,0.0
4871,2008-09-22,0.0
4872,2008-09-23,0.0
4873,2008-09-24,0.0
4874,2008-09-25,0.0
4875,2008-09-26,0.0
4876,2008-09-29,0.0
4877,2008-09-30,0.0
4878,2008-10-01,0.0
4879,2008-10-02,0.0
4880,2008-10-03,0.0
4881,2008-10-06,0.0
4882,2008-10-07,0.0
4883,2008-10-08,1.0
4884,2008-10-09,1.0
4885,2008-10-10,1.0
4886,2008-10-13,1.0
4887,2008-10-14,0.0
4888,2008-10-15,0.0
4889,2008-10-16,1.0
4890,2008-10-17,1.0
4891,2008-10-20,1.0
4892,2008-10-21,1.0
4893,2008-10-22,1.0
4894,2008-10-23,0.0
4895,2008-10-24,0.0
4896,2008-10-27,0.0
4897,2008-10-28,0.0
4898,2008-10-29,0.0
4899,2008-10-30,0.0
4900,2008-10-31,0.0
4901,2008-11-03,0.0
4902,2008-11-04,0.0
4903,2008-11-05,0.0
4904,2008-11-06,0.0
4905,2008-11-07,0.0
4906,2008-11-10,0.0
4907,2008-11-11,0.0
4908,2008-11-12,0.0
4909,2008-11-13,0.0
4910,2008-11-14,0.0
4911,2008-11-17,0.0
4912,2008-11-18,0.0
4913,2008-11-19,0.0
4914,2008-11-20,0.0
4915,2008-11-21,0.0
4916,2008-11-24,0.0
4917,2008-11-25,0.0
4918,2008-11-26,0.0
4919,2008-11-27,0.0
4920,2008-11-28,0.0
4921,2008-12-01,0.0
4922,2008-12-02,0.0
4923,2008-12-03,0.0
4924,2008-12-04,1.0
4925,2008-12-05,1.0
4926,2008-12-08,0.0
4927,2008-12-09,0.0
4928,2008-12-10,0.0
4929,2008-12-11,0.0
4930,2008-12-12,0.0
4931,2008-12-15,0.0
4932,2008-12-16,0.0
4933,2008-12-17,1.0
4934,2008-12-18,1.0
4935,2008-12-19,1.0
4936,2008-12-22,1.0
4937,2008-12-23,1.0
4938,2008-12-24,1.0
4939,2008-12-29,1.0
4940,2008-12-30,1.0
4941,2008-12-31,0.0
4942,2009-01-02,0.0
4943,2009-01-05,0.0
4944,2009-01-06,0.0
4945,2009-01-07,0.0
4946,2009-01-08,0.0
4947,2009-01-09,0.0
4948,2009-01-12,0.0
4949,2009-01-13,0.0
4950,2009-01-14,0.0
4951,2009-01-15,1.0
4952,2009-01-16,1.0
4953,2009-01-19,1.0
4954,2009-01-20,0.0
4955,2009-01-21,0.0
4956,2009-01-22,0.0
4957,2009-01-23,0.0
4958,2009-01-26,0.0
4959,2009-01-27,0.0
4960,2009-01-28,0.0
4961,2009-01-29,1.0
4962,2009-01-30,1.0
4963,2009-02-02,1.0
4964,2009-02-03,1.0
4965,2009-02-04,0.0
4966,2009-02-05,1.0
4967,2009-02-06,1.0
4968,2009-02-09,0.0
4969,2009-02-10,1.0
4970,2009-02-11,1.0
4971,2009-02-12,0.0
4972,2009-02-13,0.0
4973,2009-02-16,0.0
4974,2009-02-17,0.0
4975,2009-02-18,0.0
4976,2009-02-19,0.0
4977,2009-02-20,0.0
4978,2009-02-23,0.0
4979,2009-02-24,0.0
4980,2009-02-25,0.0
4981,2009-02-26,0.0
4982,2009-02-27,0.0
4983,2009-03-02,0.0
4984,2009-03-03,0.0
4985,2009-03-04,0.0
4986,2009-03-05,1.0
4987,2009-03-06,0.0
4988,2009-03-09,0.0
4989,2009-03-10,0.0
4990,2009-03-11,1.0
4991,2009-03-12,1.0
4992,2009-03-13,1.0
4993,2009-03-16,1.0
4994,2009-03-17,1.0
4995,2009-03-18,1.0
4996,2009-03-19,1.0
4997,2009-03-20,1.0
4998,2009-03-23,1.0
4999,2009-03-24,1.0
5000,2009-03-25,1.0
5001,2009-03-26,1.0
5002,2009-03-27,1.0
5003,2009-03-30,1.0
5004,2009-03-31,1.0
5005,2009-04-01,1.0
5006,2009-04-02,1.0
5007,2009-04-03,1.0
5008,2009-04-06,1.0
5009,2009-04-07,1.0
5010,2009-04-08,1.0
5011,2009-04-09,1.0
5012,2009-04-14,1.0
5013,2009-04-15,1.0
5014,2009-04-16,1.0
5015,2009-04-17,1.0
5016,2009-04-20,1.0
5017,2009-04-21,1.0
5018,2009-04-22,1.0
5019,2009-04-23,1.0
5020,2009-04-24,1.0
5021,2009-04-27,1.0
5022,2009-04-28,1.0
5023,2009-04-29,1.0
5024,2009-04-30,1.0
5025,2009-05-01,1.0
5026,2009-05-05,1.0
5027,2009-05-06,1.0
5028,2009-05-07,1.0
5029,2009-05-08,1.0
5030,2009-05-11,1.0
5031,2009-05-12,1.0
5032,2009-05-13,1.0
5033,2009-05-14,1.0
5034,2009-05-15,1.0
5035,2009-05-18,1.0
5036,2009-05-19,1.0
5037,2009-05-20,1.0
5038,2009-05-21,1.0
5039,2009-05-22,1.0
5040,2009-05-26,1.0
5041,2009-05-27,1.0
5042,2009-05-28,1.0
5043,2009-05-29,1.0
5044,2009-06-01,0.0
5045,2009-06-02,0.0
5046,2009-06-03,0.0
5047,2009-06-04,0.0
5048,2009-06-05,0.0
5049,2009-06-08,0.0
5050,2009-06-09,0.0
5051,2009-06-10,0.0
5052,2009-06-11,0.0
5053,2009-06-12,0.0
5054,2009-06-15,0.0
5055,2009-06-16,0.0
5056,2009-06-17,0.0
5057,2009-06-18,0.0
5058,2009-06-19,0.0
5059,2009-06-22,0.0
5060,2009-06-23,0.0
5061,2009-06-24,0.0
5062,2009-06-25,0.0
5063,2009-06-26,0.0
5064,2009-06-29,1.0
5065,2009-06-30,1.0
5066,2009-07-01,0.0
5067,2009-07-02,1.0
5068,2009-07-03,0.0
5069,2009-07-06,1.0
5070,2009-07-07,1.0
5071,2009-07-08,1.0
5072,2009-07-09,1.0
5073,2009-07-10,1.0
5074,2009-07-13,1.0
5075,2009-07-14,1.0
5076,2009-07-15,1.0
5077,2009-07-16,1.0
5078,2009-07-17,1.0
5079,2009-07-20,1.0
5080,2009-07-21,1.0
5081,2009-07-22,0.0
5082,2009-07-23,0.0
5083,2009-07-24,0.0
5084,2009-07-27,0.0
5085,2009-07-28,0.0
5086,2009-07-29,0.0
5087,2009-07-30,0.0
5088,2009-07-31,1.0
5089,2009-08-03,0.0
5090,2009-08-04,0.0
5091,2009-08-05,0.0
5092,2009-08-06,0.0
5093,2009-08-07,0.0
5094,2009-08-10,1.0
5095,2009-08-11,1.0
5096,2009-08-12,0.0
5097,2009-08-13,0.0
5098,2009-08-14,0.0
5099,2009-08-17,1.0
5100,2009-08-18,1.0
5101,2009-08-19,1.0
5102,2009-08-20,1.0
5103,2009-08-21,1.0
5104,2009-08-24,1.0
5105,2009-08-25,1.0
5106,2009-08-26,1.0
5107,2009-08-27,1.0
5108,2009-08-28,1.0
5109,2009-09-01,1.0
5110,2009-09-02,1.0
5111,2009-09-03,0.0
5112,2009-09-04,1.0
5113,2009-09-07,0.0
5114,2009-09-08,0.0
5115,2009-09-09,0.0
5116,2009-09-10,1.0
5117,2009-09-11,1.0
5118,2009-09-14,1.0
5119,2009-09-15,1.0
5120,2009-09-16,0.0
5121,2009-09-17,0.0
5122,2009-09-18,0.0
5123,2009-09-21,0.0
5124,2009-09-22,0.0
5125,2009-09-23,0.0
5126,2009-09-24,1.0
5127,2009-09-25,1.0
5128,2009-09-28,1.0
5129,2009-09-29,1.0
5130,2009-09-30,0.0
5131,2009-10-01,1.0
5132,2009-10-02,1.0
5133,2009-10-05,1.0
5134,2009-10-06,0.0
5135,2009-10-07,0.0
5136,2009-10-08,0.0
5137,2009-10-09,0.0
5138,2009-10-12,0.0
5139,2009-10-13,1.0
5140,2009-10-14,1.0
5141,2009-10-15,0.0
5142,2009-10-16,0.0
5143,2009-10-19,1.0
5144,2009-10-20,1.0
5145,2009-10-21,1.0
5146,2009-10-22,0.0
5147,2009-10-23,0.0
5148,2009-10-26,0.0
5149,2009-10-27,0.0
5150,2009-10-28,1.0
5151,2009-10-29,0.0
5152,2009-10-30,1.0
5153,2009-11-02,1.0
5154,2009-11-03,1.0
5155,2009-11-04,1.0
5156,2009-11-05,1.0
5157,2009-11-06,1.0
5158,2009-11-09,1.0
5159,2009-11-10,1.0
5160,2009-11-11,1.0
5161,2009-11-12,1.0
5162,2009-11-13,1.0
5163,2009-11-16,1.0
5164,2009-11-17,1.0
5165,2009-11-18,1.0
5166,2009-11-19,1.0
5167,2009-11-20,1.0
5168,2009-11-23,1.0
5169,2009-11-24,1.0
5170,2009-11-25,1.0
5171,2009-11-26,1.0
5172,2009-11-27,1.0
5173,2009-11-30,1.0
5174,2009-12-01,1.0
5175,2009-12-02,1.0
5176,2009-12-03,1.0
5177,2009-12-04,1.0
5178,2009-12-07,1.0
5179,2009-12-08,1.0
5180,2009-12-09,1.0
5181,2009-12-10,1.0
5182,2009-12-11,1.0
5183,2009-12-14,1.0
5184,2009-12-15,1.0
5185,2009-12-16,1.0
5186,2009-12-17,1.0
5187,2009-12-18,1.0
5188,2009-12-21,1.0
5189,2009-12-22,1.0
5190,2009-12-23,1.0
5191,2009-12-24,1.0
5192,2009-12-29,1.0
5193,2009-12-30,1.0
5194,2009-12-31,1.0
5195,2010-01-04,0.0
5196,2010-01-05,0.0
5197,2010-01-06,0.0
5198,2010-01-07,0.0
5199,2010-01-08,0.0
5200,2010-01-11,0.0
5201,2010-01-12,0.0
5202,2010-01-13,0.0
5203,2010-01-14,0.0
5204,2010-01-15,0.0
5205,2010-01-18,0.0
5206,2010-01-19,0.0
5207,2010-01-20,0.0
5208,2010-01-21,0.0
5209,2010-01-22,0.0
5210,2010-01-25,0.0
5211,2010-01-26,0.0
5212,2010-01-27,0.0
5213,2010-01-28,0.0
5214,2010-01-29,0.0
5215,2010-02-01,1.0
5216,2010-02-02,1.0
5217,2010-02-03,1.0
5218,2010-02-04,1.0
5219,2010-02-05,1.0
5220,2010-02-08,1.0
5221,2010-02-09,1.0
5222,2010-02-10,1.0
5223,2010-02-11,1.0
5224,2010-02-12,1.0
5225,2010-02-15,1.0
5226,2010-02-16,1.0
5227,2010-02-17,1.0
5228,2010-02-18,1.0
5229,2010-02-19,1.0
5230,2010-02-22,1.0
5231,2010-02-23,1.0
5232,2010-02-24,1.0
5233,2010-02-25,1.0
5234,2010-02-26,1.0
5235,2010-03-01,1.0
5236,2010-03-02,1.0
5237,2010-03-03,1.0
5238,2010-03-04,1.0
5239,2010-03-05,1.0
5240,2010-03-08,1.0
5241,2010-03-09,1.0
5242,2010-03-10,1.0
5243,2010-03-11,1.0
5244,2010-03-12,1.0
5245,2010-03-15,1.0
5246,2010-03-16,1.0
5247,2010-03-17,1.0
5248,2010-03-18,1.0
5249,2010-03-19,1.0
5250,2010-03-22,1.0
5251,2010-03-23,1.0
5252,2010-03-24,1.0
5253,2010-03-25,1.0
5254,2010-03-26,1.0
5255,2010-03-29,0.0
5256,2010-03-30,0.0
5257,2010-03-31,0.0
5258,2010-04-01,0.0
5259,2010-04-06,0.0
5260,2010-04-07,0.0
5261,2010-04-08,0.0
5262,2010-04-09,0.0
5263,2010-04-12,0.0
5264,2010-04-13,0.0
5265,2010-04-14,0.0
5266,2010-04-15,0.0
5267,2010-04-16,0.0
5268,2010-04-19,0.0
5269,2010-04-20,0.0
5270,2010-04-21,0.0
5271,2010-04-22,0.0
5272,2010-04-23,0.0
5273,2010-04-26,0.0
5274,2010-04-27,0.0
5275,2010-04-28,0.0
5276,2010-04-29,0.0
5277,2010-04-30,0.0
5278,2010-05-04,0.0
5279,2010-05-05,1.0
5280,2010-05-06,0.0
5281,2010-05-07,0.0
5282,2010-05-10,0.0
5283,2010-05-11,0.0
5284,2010-05-12,0.0
5285,2010-05-13,0.0
5286,2010-05-14,0.0
5287,2010-05-17,1.0
5288,2010-05-18,1.0
5289,2010-05-19,1.0
5290,2010-05-20,1.0
5291,2010-05-21,1.0
5292,2010-05-24,1.0
5293,2010-05-25,1.0
5294,2010-05-26,1.0
5295,2010-05-27,1.0
5296,2010-05-28,1.0
5297,2010-06-01,0.0
5298,2010-06-02,0.0
5299,2010-06-03,0.0
5300,2010-06-04,1.0
5301,2010-06-07,1.0
5302,2010-06-08,1.0
5303,2010-06-09,1.0
5304,2010-06-10,1.0
5305,2010-06-11,1.0
5306,2010-06-14,1.0
5307,2010-06-15,1.0
5308,2010-06-16,1.0
5309,2010-06-17,1.0
5310,2010-06-18,1.0
5311,2010-06-21,1.0
5312,2010-06-22,1.0
5313,2010-06-23,1.0
5314,2010-06-24,1.0
5315,2010-06-25,1.0
5316,2010-06-28,1.0
5317,2010-06-29,1.0
5318,2010-06-30,1.0
5319,2010-07-01,1.0
5320,2010-07-02,1.0
5321,2010-07-05,1.0
5322,2010-07-06,1.0
5323,2010-07-07,1.0
5324,2010-07-08,1.0
5325,2010-07-09,1.0
5326,2010-07-12,1.0
5327,2010-07-13,1.0
5328,2010-07-14,1.0
5329,2010-07-15,1.0
5330,2010-07-16,1.0
5331,2010-07-19,1.0
5332,2010-07-20,1.0
5333,2010-07-21,1.0
5334,2010-07-22,1.0
5335,2010-07-23,1.0
5336,2010-07-26,1.0
5337,2010-07-27,1.0
5338,2010-07-28,1.0
5339,2010-07-29,1.0
5340,2010-07-30,1.0
5341,2010-08-02,1.0
5342,2010-08-03,1.0
5343,2010-08-04,1.0
5344,2010-08-05,1.0
5345,2010-08-06,1.0
5346,2010-08-09,0.0
5347,2010-08-10,1.0
5348,2010-08-11,1.0
5349,2010-08-12,1.0
5350,2010-08-13,1.0
5351,2010-08-16,1.0
5352,2010-08-17,1.0
5353,2010-08-18,1.0
5354,2010-08-19,1.0
5355,2010-08-20,1.0
5356,2010-08-23,1.0
5357,2010-08-24,1.0
5358,2010-08-25,1.0
5359,2010-08-26,1.0
5360,2010-08-27,1.0
5361,2010-08-31,1.0
5362,2010-09-01,1.0
5363,2010-09-02,1.0
5364,2010-09-03,1.0
5365,2010-09-06,1.0
5366,2010-09-07,1.0
5367,2010-09-08,1.0
5368,2010-09-09,1.0
5369,2010-09-10,1.0
5370,2010-09-13,1.0
5371,2010-09-14,1.0
5372,2010-09-15,1.0
5373,2010-09-16,1.0
5374,2010-09-17,1.0
5375,2010-09-20,1.0
5376,2010-09-21,1.0
5377,2010-09-22,1.0
5378,2010-09-23,1.0
5379,2010-09-24,1.0
5380,2010-09-27,1.0
5381,2010-09-28,1.0
5382,2010-09-29,1.0
5383,2010-09-30,1.0
5384,2010-10-01,1.0
5385,2010-10-04,1.0
5386,2010-10-05,0.0
5387,2010-10-06,0.0
5388,2010-10-07,1.0
5389,2010-10-08,1.0
5390,2010-10-11,1.0
5391,2010-10-12,1.0
5392,2010-10-13,1.0
5393,2010-10-14,1.0
5394,2010-10-15,0.0
5395,2010-10-18,0.0
5396,2010-10-19,0.0
5397,2010-10-20,0.0
5398,2010-10-21,0.0
5399,2010-10-22,0.0
5400,2010-10-25,0.0
5401,2010-10-26,0.0
5402,2010-10-27,0.0
5403,2010-10-28,0.0
5404,2010-10-29,0.0
5405,2010-11-01,0.0
5406,2010-11-02,0.0
5407,2010-11-03,0.0
5408,2010-11-04,0.0
5409,2010-11-05,0.0
5410,2010-11-08,0.0
5411,2010-11-09,0.0
5412,2010-11-10,0.0
5413,2010-11-11,0.0
5414,2010-11-12,0.0
5415,2010-11-15,1.0
5416,2010-11-16,1.0
5417,2010-11-17,1.0
5418,2010-11-18,1.0
5419,2010-11-19,1.0
5420,2010-11-22,1.0
5421,2010-11-23,1.0
5422,2010-11-24,1.0
5423,2010-11-25,1.0
5424,2010-11-26,1.0
5425,2010-11-29,1.0
5426,2010-11-30,1.0
5427,2010-12-01,1.0
5428,2010-12-02,1.0
5429,2010-12-03,1.0
5430,2010-12-06,1.0
5431,2010-12-07,1.0
5432,2010-12-08,1.0
5433,2010-12-09,1.0
5434,2010-12-10,1.0
5435,2010-12-13,1.0
5436,2010-12-14,1.0
5437,2010-12-15,1.0
5438,2010-12-16,1.0
5439,2010-12-17,1.0
5440,2010-12-20,1.0
5441,2010-12-21,1.0
5442,2010-12-22,1.0
5443,2010-12-23,1.0
5444,2010-12-24,1.0
5445,2010-12-29,1.0
5446,2010-12-30,1.0
5447,2010-12-31,1.0
5448,2011-01-04,1.0
5449,2011-01-05,1.0
5450,2011-01-06,1.0
5451,2011-01-07,1.0
5452,2011-01-10,1.0
5453,2011-01-11,1.0
5454,2011-01-12,1.0
5455,2011-01-13,1.0
5456,2011-01-14,1.0
5457,2011-01-17,1.0
5458,2011-01-18,1.0
5459,2011-01-19,1.0
5460,2011-01-20,1.0
5461,2011-01-21,1.0
5462,2011-01-24,1.0
5463,2011-01-25,1.0
5464,2011-01-26,1.0
5465,2011-01-27,1.0
5466,2011-01-28,1.0
5467,2011-01-31,1.0
5468,2011-02-01,1.0
5469,2011-02-02,1.0
5470,2011-02-03,1.0
5471,2011-02-04,1.0
5472,2011-02-07,0.0
5473,2011-02-08,0.0
5474,2011-02-09,0.0
5475,2011-02-10,0.0
5476,2011-02-11,0.0
5477,2011-02-14,0.0
5478,2011-02-15,0.0
5479,2011-02-16,0.0
5480,2011-02-17,0.0
5481,2011-02-18,0.0
5482,2011-02-21,0.0
5483,2011-02-22,0.0
5484,2011-02-23,0.0
5485,2011-02-24,1.0
5486,2011-02-25,0.0
5487,2011-02-28,0.0
5488,2011-03-01,0.0
5489,2011-03-02,0.0
5490,2011-03-03,1.0
5491,2011-03-04,0.0
5492,2011-03-07,1.0
5493,2011-03-08,1.0
5494,2011-03-09,1.0
5495,2011-03-10,1.0
5496,2011-03-11,1.0
5497,2011-03-14,1.0
5498,2011-03-15,1.0
5499,2011-03-16,1.0
5500,2011-03-17,1.0
5501,2011-03-18,1.0
5502,2011-03-21,1.0
5503,2011-03-22,1.0
5504,2011-03-23,1.0
5505,2011-03-24,1.0
5506,2011-03-25,1.0
5507,2011-03-28,1.0
5508,2011-03-29,1.0
5509,2011-03-30,1.0
5510,2011-03-31,0.0
5511,2011-04-01,0.0
5512,2011-04-04,0.0
5513,2011-04-05,0.0
5514,2011-04-06,0.0
5515,2011-04-07,0.0
5516,2011-04-08,0.0
5517,2011-04-11,0.0
5518,2011-04-12,0.0
5519,2011-04-13,0.0
5520,2011-04-14,0.0
5521,2011-04-15,0.0
5522,2011-04-18,0.0
5523,2011-04-19,0.0
5524,2011-04-20,0.0
5525,2011-04-21,0.0
5526,2011-04-26,0.0
5527,2011-04-27,0.0
5528,2011-04-28,0.0
5529,2011-05-03,0.0
5530,2011-05-04,0.0
5531,2011-05-05,0.0
5532,2011-05-06,0.0
5533,2011-05-09,0.0
5534,2011-05-10,0.0
5535,2011-05-11,0.0
5536,2011-05-12,0.0
5537,2011-05-13,0.0
5538,2011-05-16,0.0
5539,2011-05-17,0.0
5540,2011-05-18,0.0
5541,2011-05-19,0.0
5542,2011-05-20,0.0
5543,2011-05-23,0.0
5544,2011-05-24,0.0
5545,2011-05-25,0.0
5546,2011-05-26,0.0
5547,2011-05-27,0.0
5548,2011-05-31,0.0
5549,2011-06-01,0.0
5550,2011-06-02,0.0
5551,2011-06-03,0.0
5552,2011-06-06,0.0
5553,2011-06-07,1.0
5554,2011-06-08,1.0
5555,2011-06-09,1.0
5556,2011-06-10,1.0
5557,2011-06-13,1.0
5558,2011-06-14,1.0
5559,2011-06-15,1.0
5560,2011-06-16,1.0
5561,2011-06-17,1.0
5562,2011-06-20,1.0
5563,2011-06-21,1.0
5564,2011-06-22,1.0
5565,2011-06-23,1.0
5566,2011-06-24,1.0
5567,2011-06-27,1.0
5568,2011-06-28,1.0
5569,2011-06-29,1.0
5570,2011-06-30,1.0
5571,2011-07-01,1.0
5572,2011-07-04,1.0
5573,2011-07-05,1.0
5574,2011-07-06,0.0
5575,2011-07-07,0.0
5576,2011-07-08,0.0
5577,2011-07-11,0.0
5578,2011-07-12,0.0
5579,2011-07-13,0.0
5580,2011-07-14,0.0
5581,2011-07-15,0.0
5582,2011-07-18,0.0
5583,2011-07-19,0.0
5584,2011-07-20,0.0
5585,2011-07-21,0.0
5586,2011-07-22,0.0
5587,2011-07-25,0.0
5588,2011-07-26,0.0
5589,2011-07-27,0.0
5590,2011-07-28,0.0
5591,2011-07-29,0.0
5592,2011-08-01,0.0
5593,2011-08-02,0.0
5594,2011-08-03,0.0
5595,2011-08-04,0.0
5596,2011-08-05,0.0
5597,2011-08-08,1.0
5598,2011-08-09,1.0
5599,2011-08-10,1.0
5600,2011-08-11,0.0
5601,2011-08-12,0.0
5602,2011-08-15,0.0
5603,2011-08-16,0.0
5604,2011-08-17,0.0
5605,2011-08-18,1.0
5606,2011-08-19,0.0
5607,2011-08-22,0.0
5608,2011-08-23,0.0
5609,2011-08-24,0.0
5610,2011-08-25,0.0
5611,2011-08-26,0.0
5612,2011-08-30,0.0
5613,2011-08-31,0.0
5614,2011-09-01,0.0
5615,2011-09-02,0.0
5616,2011-09-05,0.0
5617,2011-09-06,0.0
5618,2011-09-07,0.0
5619,2011-09-08,0.0
5620,2011-09-09,0.0
5621,2011-09-12,0.0
5622,2011-09-13,0.0
5623,2011-09-14,0.0
5624,2011-09-15,0.0
5625,2011-09-16,0.0
5626,2011-09-19,0.0
5627,2011-09-20,0.0
5628,2011-09-21,1.0
5629,2011-09-22,1.0
5630,2011-09-23,1.0
5631,2011-09-26,1.0
5632,2011-09-27,1.0
5633,2011-09-28,1.0
5634,2011-09-29,1.0
5635,2011-09-30,1.0
5636,2011-10-03,1.0
5637,2011-10-04,1.0
5638,2011-10-05,1.0
5639,2011-10-06,0.0
5640,2011-10-07,0.0
5641,2011-10-10,0.0
5642,2011-10-11,0.0
5643,2011-10-12,0.0
5644,2011-10-13,0.0
5645,2011-10-14,1.0
5646,2011-10-17,0.0
5647,2011-10-18,0.0
5648,2011-10-19,0.0
5649,2011-10-20,1.0
5650,2011-10-21,0.0
5651,2011-10-24,0.0
5652,2011-10-25,0.0
5653,2011-10-26,0.0
5654,2011-10-27,0.0
5655,2011-10-28,0.0
5656,2011-10-31,0.0
5657,2011-11-01,0.0
5658,2011-11-02,0.0
5659,2011-11-03,0.0
5660,2011-11-04,0.0
5661,2011-11-07,0.0
5662,2011-11-08,0.0
5663,2011-11-09,0.0
5664,2011-11-10,0.0
5665,2011-11-11,0.0
5666,2011-11-14,0.0
5667,2011-11-15,0.0
5668,2011-11-16,0.0
5669,2011-11-17,0.0
5670,2011-11-18,0.0
5671,2011-11-21,0.0
5672,2011-11-22,0.0
5673,2011-11-23,0.0
5674,2011-11-24,0.0
5675,2011-11-25,0.0
5676,2011-11-28,0.0
5677,2011-11-29,0.0
5678,2011-11-30,0.0
5679,2011-12-01,0.0
5680,2011-12-02,0.0
5681,2011-12-05,0.0
5682,2011-12-06,0.0
5683,2011-12-07,0.0
5684,2011-12-08,1.0
5685,2011-12-09,1.0
5686,2011-12-12,1.0
5687,2011-12-13,1.0
5688,2011-12-14,1.0
5689,2011-12-15,1.0
5690,2011-12-16,1.0
5691,2011-12-19,1.0
5692,2011-12-20,1.0
5693,2011-12-21,1.0
5694,2011-12-22,1.0
5695,2011-12-23,1.0
5696,2011-12-28,1.0
5697,2011-12-29,1.0
5698,2011-12-30,1.0
5699,2012-01-03,1.0
5700,2012-01-04,1.0
5701,2012-01-05,1.0
5702,2012-01-06,1.0
5703,2012-01-09,1.0
5704,2012-01-10,1.0
5705,2012-01-11,1.0
5706,2012-01-12,1.0
5707,2012-01-13,1.0
5708,2012-01-16,1.0
5709,2012-01-17,1.0
5710,2012-01-18,1.0
5711,2012-01-19,1.0
5712,2012-01-20,1.0
5713,2012-01-23,1.0
5714,2012-01-24,1.0
5715,2012-01-25,1.0
5716,2012-01-26,1.0
5717,2012-01-27,0.0
5718,2012-01-30,0.0
5719,2012-01-31,0.0
5720,2012-02-01,0.0
5721,2012-02-02,0.0
5722,2012-02-03,0.0
5723,2012-02-06,0.0
5724,2012-02-07,0.0
5725,2012-02-08,0.0
5726,2012-02-09,0.0
5727,2012-02-10,0.0
5728,2012-02-13,0.0
5729,2012-02-14,0.0
5730,2012-02-15,0.0
5731,2012-02-16,0.0
5732,2012-02-17,0.0
5733,2012-02-20,1.0
5734,2012-02-21,0.0
5735,2012-02-22,0.0
5736,2012-02-23,0.0
5737,2012-02-24,0.0
5738,2012-02-27,0.0
5739,2012-02-28,0.0
5740,2012-02-29,0.0
5741,2012-03-01,0.0
5742,2012-03-02,0.0
5743,2012-03-05,1.0
5744,2012-03-06,1.0
5745,2012-03-07,1.0
5746,2012-03-08,1.0
5747,2012-03-09,0.0
5748,2012-03-12,0.0
5749,2012-03-13,0.0
5750,2012-03-14,0.0
5751,2012-03-15,0.0
5752,2012-03-16,0.0
5753,2012-03-19,0.0
5754,2012-03-20,0.0
5755,2012-03-21,0.0
5756,2012-03-22,0.0
5757,2012-03-23,0.0
5758,2012-03-26,0.0
5759,2012-03-27,0.0
5760,2012-03-28,1.0
5761,2012-03-29,1.0
5762,2012-03-30,0.0
5763,2012-04-02,0.0
5764,2012-04-03,0.0
5765,2012-04-04,0.0
5766,2012-04-05,0.0
5767,2012-04-10,0.0
5768,2012-04-11,0.0
5769,2012-04-12,0.0
5770,2012-04-13,0.0
5771,2012-04-16,0.0
5772,2012-04-17,0.0
5773,2012-04-18,0.0
5774,2012-04-19,0.0
5775,2012-04-20,0.0
5776,2012-04-23,0.0
5777,2012-04-24,0.0
5778,2012-04-25,0.0
5779,2012-04-26,0.0
5780,2012-04-27,0.0
5781,2012-04-30,0.0
5782,2012-05-01,0.0
5783,2012-05-02,0.0
5784,2012-05-03,0.0
5785,2012-05-04,0.0
5786,2012-05-08,0.0
5787,2012-05-09,0.0
5788,2012-05-10,0.0
5789,2012-05-11,0.0
5790,2012-05-14,0.0
5791,2012-05-15,0.0
5792,2012-05-16,1.0
5793,2012-05-17,1.0
5794,2012-05-18,0.0
5795,2012-05-21,0.0
5796,2012-05-22,0.0
5797,2012-05-23,0.0
5798,2012-05-24,0.0
5799,2012-05-25,0.0
5800,2012-05-28,0.0
5801,2012-05-29,0.0
5802,2012-05-30,0.0
5803,2012-05-31,0.0
5804,2012-06-01,0.0
5805,2012-06-06,0.0
5806,2012-06-07,0.0
5807,2012-06-08,0.0
5808,2012-06-11,0.0
5809,2012-06-12,0.0
5810,2012-06-13,0.0
5811,2012-06-14,0.0
5812,2012-06-15,0.0
5813,2012-06-18,0.0
5814,2012-06-19,0.0
5815,2012-06-20,0.0
5816,2012-06-21,1.0
5817,2012-06-22,1.0
5818,2012-06-25,0.0
5819,2012-06-26,0.0
5820,2012-06-27,0.0
5821,2012-06-28,0.0
5822,2012-06-29,0.0
5823,2012-07-02,0.0
5824,2012-07-03,0.0
5825,2012-07-04,0.0
5826,2012-07-05,0.0
5827,2012-07-06,0.0
5828,2012-07-09,0.0
5829,2012-07-10,0.0
5830,2012-07-11,0.0
5831,2012-07-12,0.0
5832,2012-07-13,0.0
5833,2012-07-16,0.0
5834,2012-07-17,0.0
5835,2012-07-18,0.0
5836,2012-07-19,0.0
5837,2012-07-20,0.0
5838,2012-07-23,1.0
5839,2012-07-24,1.0
5840,2012-07-25,1.0
5841,2012-07-26,1.0
5842,2012-07-27,1.0
5843,2012-07-30,1.0
5844,2012-07-31,1.0
5845,2012-08-01,1.0
5846,2012-08-02,1.0
5847,2012-08-03,1.0
5848,2012-08-06,1.0
5849,2012-08-07,1.0
5850,2012-08-08,1.0
5851,2012-08-09,1.0
5852,2012-08-10,1.0
5853,2012-08-13,1.0
5854,2012-08-14,1.0
5855,2012-08-15,1.0
5856,2012-08-16,1.0
5857,2012-08-17,1.0
5858,2012-08-20,1.0
5859,2012-08-21,1.0
5860,2012-08-22,1.0
5861,2012-08-23,1.0
5862,2012-08-24,0.0
5863,2012-08-28,1.0
5864,2012-08-29,1.0
5865,2012-08-30,1.0
5866,2012-08-31,1.0
5867,2012-09-03,1.0
5868,2012-09-04,1.0
5869,2012-09-05,1.0
5870,2012-09-06,1.0
5871,2012-09-07,1.0
5872,2012-09-10,1.0
5873,2012-09-11,1.0
5874,2012-09-12,1.0
5875,2012-09-13,1.0
5876,2012-09-14,0.0
5877,2012-09-17,0.0
5878,2012-09-18,0.0
5879,2012-09-19,1.0
5880,2012-09-20,1.0
5881,2012-09-21,1.0
5882,2012-09-24,0.0
5883,2012-09-25,0.0
5884,2012-09-26,0.0
5885,2012-09-27,0.0
5886,2012-09-28,0.0
5887,2012-10-01,0.0
5888,2012-10-02,0.0
5889,2012-10-03,0.0
5890,2012-10-04,0.0
5891,2012-10-05,0.0
5892,2012-10-08,0.0
5893,2012-10-09,0.0
5894,2012-10-10,0.0
5895,2012-10-11,0.0
5896,2012-10-12,0.0
5897,2012-10-15,0.0
5898,2012-10-16,0.0
5899,2012-10-17,0.0
5900,2012-10-18,0.0
5901,2012-10-19,0.0
5902,2012-10-22,1.0
5903,2012-10-23,1.0
5904,2012-10-24,1.0
5905,2012-10-25,1.0
5906,2012-10-26,1.0
5907,2012-10-29,1.0
5908,2012-10-30,1.0
5909,2012-10-31,1.0
5910,2012-11-01,1.0
5911,2012-11-02,1.0
5912,2012-11-05,1.0
5913,2012-11-06,1.0
5914,2012-11-07,1.0
5915,2012-11-08,1.0
5916,2012-11-09,1.0
5917,2012-11-12,1.0
5918,2012-11-13,1.0
5919,2012-11-14,1.0
5920,2012-11-15,1.0
5921,2012-11-16,1.0
5922,2012-11-19,1.0
5923,2012-11-20,1.0
5924,2012-11-21,1.0
5925,2012-11-22,1.0
5926,2012-11-23,1.0
5927,2012-11-26,1.0
5928,2012-11-27,1.0
5929,2012-11-28,1.0
5930,2012-11-29,1.0
5931,2012-11-30,1.0
5932,2012-12-03,1.0
5933,2012-12-04,1.0
5934,2012-12-05,1.0
5935,2012-12-06,1.0
5936,2012-12-07,1.0
5937,2012-12-10,1.0
5938,2012-12-11,1.0
5939,2012-12-12,1.0
5940,2012-12-13,1.0
5941,2012-12-14,1.0
5942,2012-12-17,1.0
5943,2012-12-18,1.0
5944,2012-12-19,1.0
5945,2012-12-20,1.0
5946,2012-12-21,1.0
5947,2012-12-24,1.0
5948,2012-12-27,1.0
5949,2012-12-28,1.0
5950,2012-12-31,1.0
5951,2013-01-02,1.0
5952,2013-01-03,1.0
5953,2013-01-04,1.0
5954,2013-01-07,1.0
5955,2013-01-08,1.0
5956,2013-01-09,1.0
5957,2013-01-10,1.0
5958,2013-01-11,0.0
5959,2013-01-14,1.0
5960,2013-01-15,0.0
5961,2013-01-16,0.0
5962,2013-01-17,0.0
5963,2013-01-18,0.0
5964,2013-01-21,0.0
5965,2013-01-22,0.0
5966,2013-01-23,0.0
5967,2013-01-24,0.0
5968,2013-01-25,0.0
5969,2013-01-28,0.0
5970,2013-01-29,0.0
5971,2013-01-30,0.0
5972,2013-01-31,0.0
5973,2013-02-01,0.0
5974,2013-02-04,0.0
5975,2013-02-05,0.0
5976,2013-02-06,0.0
5977,2013-02-07,0.0
5978,2013-02-08,0.0
5979,2013-02-11,0.0
5980,2013-02-12,0.0
5981,2013-02-13,0.0
5982,2013-02-14,0.0
5983,2013-02-15,0.0
5984,2013-02-18,0.0
5985,2013-02-19,0.0
5986,2013-02-20,0.0
5987,2013-02-21,0.0
5988,2013-02-22,0.0
5989,2013-02-25,1.0
5990,2013-02-26,0.0
5991,2013-02-27,0.0
5992,2013-02-28,0.0
5993,2013-03-01,0.0
5994,2013-03-04,0.0
5995,2013-03-05,0.0
5996,2013-03-06,0.0
5997,2013-03-07,0.0
5998,2013-03-08,0.0
5999,2013-03-11,0.0
6000,2013-03-12,0.0
6001,2013-03-13,0.0
6002,2013-03-14,0.0
6003,2013-03-15,0.0
6004,2013-03-18,0.0
6005,2013-03-19,0.0
6006,2013-03-20,0.0
6007,2013-03-21,0.0
6008,2013-03-22,0.0
6009,2013-03-25,0.0
6010,2013-03-26,0.0
6011,2013-03-27,0.0
6012,2013-03-28,0.0
6013,2013-04-02,0.0
6014,2013-04-03,0.0
6015,2013-04-04,0.0
6016,2013-04-05,0.0
6017,2013-04-08,0.0
6018,2013-04-09,0.0
6019,2013-04-10,0.0
6020,2013-04-11,0.0
6021,2013-04-12,0.0
6022,2013-04-15,0.0
6023,2013-04-16,0.0
6024,2013-04-17,1.0
6025,2013-04-18,1.0
6026,2013-04-19,1.0
6027,2013-04-22,1.0
6028,2013-04-23,1.0
6029,2013-04-24,1.0
6030,2013-04-25,0.0
6031,2013-04-26,1.0
6032,2013-04-29,1.0
6033,2013-04-30,1.0
6034,2013-05-01,1.0
6035,2013-05-02,1.0
6036,2013-05-03,1.0
6037,2013-05-07,1.0
6038,2013-05-08,1.0
6039,2013-05-09,1.0
6040,2013-05-10,1.0
6041,2013-05-13,0.0
6042,2013-05-14,0.0
6043,2013-05-15,0.0
6044,2013-05-16,0.0
6045,2013-05-17,0.0
6046,2013-05-20,0.0
6047,2013-05-21,0.0
6048,2013-05-22,0.0
6049,2013-05-23,0.0
6050,2013-05-24,0.0
6051,2013-05-28,0.0
6052,2013-05-29,0.0
6053,2013-05-30,0.0
6054,2013-05-31,0.0
6055,2013-06-03,0.0
6056,2013-06-04,0.0
6057,2013-06-05,0.0
6058,2013-06-06,0.0
6059,2013-06-07,0.0
6060,2013-06-10,0.0
6061,2013-06-11,0.0
6062,2013-06-12,0.0
6063,2013-06-13,0.0
6064,2013-06-14,0.0
6065,2013-06-17,0.0
6066,2013-06-18,0.0
6067,2013-06-19,0.0
6068,2013-06-20,1.0
6069,2013-06-21,0.0
6070,2013-06-24,0.0
6071,2013-06-25,0.0
6072,2013-06-26,0.0
6073,2013-06-27,0.0
6074,2013-06-28,0.0
6075,2013-07-01,0.0
6076,2013-07-02,0.0
6077,2013-07-03,1.0
6078,2013-07-04,1.0
6079,2013-07-05,1.0
6080,2013-07-08,1.0
6081,2013-07-09,1.0
6082,2013-07-10,1.0
6083,2013-07-11,1.0
6084,2013-07-12,1.0
6085,2013-07-15,1.0
6086,2013-07-16,1.0
6087,2013-07-17,1.0
6088,2013-07-18,1.0
6089,2013-07-19,1.0
6090,2013-07-22,1.0
6091,2013-07-23,1.0
6092,2013-07-24,1.0
6093,2013-07-25,1.0
6094,2013-07-26,1.0
6095,2013-07-29,1.0
6096,2013-07-30,1.0
6097,2013-07-31,1.0
6098,2013-08-01,1.0
6099,2013-08-02,1.0
6100,2013-08-05,1.0
6101,2013-08-06,1.0
6102,2013-08-07,1.0
6103,2013-08-08,1.0
6104,2013-08-09,1.0
6105,2013-08-12,1.0
6106,2013-08-13,1.0
6107,2013-08-14,1.0
6108,2013-08-15,1.0
6109,2013-08-16,1.0
6110,2013-08-19,1.0
6111,2013-08-20,1.0
6112,2013-08-21,1.0
6113,2013-08-22,1.0
6114,2013-08-23,1.0
6115,2013-08-27,1.0
6116,2013-08-28,1.0
6117,2013-08-29,1.0
6118,2013-08-30,1.0
6119,2013-09-02,1.0
6120,2013-09-03,1.0
6121,2013-09-04,1.0
6122,2013-09-05,1.0
6123,2013-09-06,1.0
6124,2013-09-09,1.0
6125,2013-09-10,1.0
6126,2013-09-11,1.0
6127,2013-09-12,1.0
6128,2013-09-13,1.0
6129,2013-09-16,1.0
6130,2013-09-17,1.0
6131,2013-09-18,1.0
6132,2013-09-19,0.0
6133,2013-09-20,0.0
6134,2013-09-23,0.0
6135,2013-09-24,1.0
6136,2013-09-25,0.0
6137,2013-09-26,0.0
6138,2013-09-27,0.0
6139,2013-09-30,0.0
6140,2013-10-01,1.0
6141,2013-10-02,1.0
6142,2013-10-03,1.0
6143,2013-10-04,0.0
6144,2013-10-07,0.0
6145,2013-10-08,0.0
6146,2013-10-09,0.0
6147,2013-10-10,0.0
6148,2013-10-11,0.0
6149,2013-10-14,0.0
6150,2013-10-15,0.0
6151,2013-10-16,0.0
6152,2013-10-17,1.0
6153,2013-10-18,1.0
6154,2013-10-21,1.0
6155,2013-10-22,0.0
6156,2013-10-23,1.0
6157,2013-10-24,1.0
6158,2013-10-25,0.0
6159,2013-10-28,0.0
6160,2013-10-29,0.0
6161,2013-10-30,0.0
6162,2013-10-31,0.0
6163,2013-11-01,0.0
6164,2013-11-04,0.0
6165,2013-11-05,0.0
6166,2013-11-06,0.0
6167,2013-11-07,1.0
6168,2013-11-08,1.0
6169,2013-11-11,1.0
6170,2013-11-12,0.0
6171,2013-11-13,0.0
6172,2013-11-14,0.0
6173,2013-11-15,0.0
6174,2013-11-18,0.0
6175,2013-11-19,0.0
6176,2013-11-20,1.0
6177,2013-11-21,0.0
6178,2013-11-22,1.0
6179,2013-11-25,0.0
6180,2013-11-26,1.0
6181,2013-11-27,1.0
6182,2013-11-28,1.0
6183,2013-11-29,0.0
6184,2013-12-02,0.0
6185,2013-12-03,0.0
6186,2013-12-04,0.0
6187,2013-12-05,0.0
6188,2013-12-06,0.0
6189,2013-12-09,0.0
6190,2013-12-10,0.0
6191,2013-12-11,0.0
6192,2013-12-12,0.0
6193,2013-12-13,0.0
6194,2013-12-16,0.0
6195,2013-12-17,0.0
6196,2013-12-18,0.0
6197,2013-12-19,0.0
6198,2013-12-20,0.0
6199,2013-12-23,0.0
6200,2013-12-24,0.0
6201,2013-12-27,0.0
6202,2013-12-30,0.0
6203,2013-12-31,0.0
6204,2014-01-02,1.0
6205,2014-01-03,1.0
6206,2014-01-06,1.0
6207,2014-01-07,1.0
6208,2014-01-08,1.0
6209,2014-01-09,1.0
6210,2014-01-10,1.0
6211,2014-01-13,1.0
6212,2014-01-14,0.0
6213,2014-01-15,1.0
6214,2014-01-16,1.0
6215,2014-01-17,1.0
6216,2014-01-20,1.0
6217,2014-01-21,1.0
6218,2014-01-22,1.0
6219,2014-01-23,1.0
6220,2014-01-24,1.0
6221,2014-01-27,1.0
6222,2014-01-28,1.0
6223,2014-01-29,1.0
6224,2014-01-30,1.0
6225,2014-01-31,1.0
6226,2014-02-03,1.0
6227,2014-02-04,1.0
6228,2014-02-05,1.0
6229,2014-02-06,1.0
6230,2014-02-07,1.0
6231,2014-02-10,1.0
6232,2014-02-11,1.0
6233,2014-02-12,1.0
6234,2014-02-13,1.0
6235,2014-02-14,0.0
6236,2014-02-17,0.0
6237,2014-02-18,0.0
6238,2014-02-19,0.0
6239,2014-02-20,0.0
6240,2014-02-21,0.0
6241,2014-02-24,0.0
6242,2014-02-25,0.0
6243,2014-02-26,0.0
6244,2014-02-27,0.0
6245,2014-02-28,0.0
6246,2014-03-03,0.0
6247,2014-03-04,0.0
6248,2014-03-05,0.0
6249,2014-03-06,0.0
6250,2014-03-07,1.0
6251,2014-03-10,1.0
6252,2014-03-11,1.0
6253,2014-03-12,1.0
6254,2014-03-13,1.0
6255,2014-03-14,1.0
6256,2014-03-17,1.0
6257,2014-03-18,1.0
6258,2014-03-19,1.0
6259,2014-03-20,1.0
6260,2014-03-21,1.0
6261,2014-03-24,1.0
6262,2014-03-25,1.0
6263,2014-03-26,1.0
6264,2014-03-27,1.0
6265,2014-03-28,1.0
6266,2014-03-31,1.0
6267,2014-04-01,0.0
6268,2014-04-02,1.0
6269,2014-04-03,1.0
6270,2014-04-04,0.0
6271,2014-04-07,1.0
6272,2014-04-08,1.0
6273,2014-04-09,0.0
6274,2014-04-10,1.0
6275,2014-04-11,1.0
6276,2014-04-14,0.0
6277,2014-04-15,0.0
6278,2014-04-16,0.0
6279,2014-04-17,0.0
6280,2014-04-22,0.0
6281,2014-04-23,0.0
6282,2014-04-24,0.0
6283,2014-04-25,0.0
6284,2014-04-28,0.0
6285,2014-04-29,1.0
6286,2014-04-30,1.0
6287,2014-05-01,1.0
6288,2014-05-02,1.0
6289,2014-05-06,0.0
6290,2014-05-07,1.0
6291,2014-05-08,0.0
6292,2014-05-09,0.0
6293,2014-05-12,0.0
6294,2014-05-13,0.0
6295,2014-05-14,0.0
6296,2014-05-15,0.0
6297,2014-05-16,0.0
6298,2014-05-19,0.0
6299,2014-05-20,0.0
6300,2014-05-21,0.0
6301,2014-05-22,0.0
6302,2014-05-23,0.0
6303,2014-05-27,0.0
6304,2014-05-28,0.0
6305,2014-05-29,0.0
6306,2014-05-30,0.0
6307,2014-06-02,0.0
6308,2014-06-03,0.0
6309,2014-06-04,0.0
6310,2014-06-05,0.0
6311,2014-06-06,0.0
6312,2014-06-09,0.0
6313,2014-06-10,0.0
6314,2014-06-11,0.0
6315,2014-06-12,0.0
6316,2014-06-13,0.0
6317,2014-06-16,0.0
6318,2014-06-17,0.0
6319,2014-06-18,0.0
6320,2014-06-19,0.0
6321,2014-06-20,0.0
6322,2014-06-23,0.0
6323,2014-06-24,0.0
6324,2014-06-25,0.0
6325,2014-06-26,0.0
6326,2014-06-27,1.0
6327,2014-06-30,1.0
6328,2014-07-01,1.0
6329,2014-07-02,0.0
6330,2014-07-03,0.0
6331,2014-07-04,0.0
6332,2014-07-07,0.0
6333,2014-07-08,0.0
6334,2014-07-09,0.0
6335,2014-07-10,1.0
6336,2014-07-11,1.0
6337,2014-07-14,1.0
6338,2014-07-15,1.0
6339,2014-07-16,1.0
6340,2014-07-17,1.0
6341,2014-07-18,1.0
6342,2014-07-21,1.0
6343,2014-07-22,1.0
6344,2014-07-23,1.0
6345,2014-07-24,0.0
6346,2014-07-25,0.0
6347,2014-07-28,0.0
6348,2014-07-29,0.0
6349,2014-07-30,0.0
6350,2014-07-31,0.0
6351,2014-08-01,0.0
6352,2014-08-04,0.0
6353,2014-08-05,0.0
6354,2014-08-06,0.0
6355,2014-08-07,0.0
6356,2014-08-08,0.0
6357,2014-08-11,0.0
6358,2014-08-12,0.0
6359,2014-08-13,0.0
6360,2014-08-14,0.0
6361,2014-08-15,0.0
6362,2014-08-18,0.0
6363,2014-08-19,0.0
6364,2014-08-20,0.0
6365,2014-08-21,0.0
6366,2014-08-22,0.0
6367,2014-08-26,0.0
6368,2014-08-27,0.0
6369,2014-08-28,0.0
6370,2014-08-29,0.0
6371,2014-09-01,0.0
6372,2014-09-02,0.0
6373,2014-09-03,0.0
6374,2014-09-04,0.0
6375,2014-09-05,0.0
6376,2014-09-08,0.0
6377,2014-09-09,0.0
6378,2014-09-10,0.0
6379,2014-09-11,0.0
6380,2014-09-12,0.0
6381,2014-09-15,0.0
6382,2014-09-16,0.0
6383,2014-09-17,0.0
6384,2014-09-18,0.0
6385,2014-09-19,0.0
6386,2014-09-22,0.0
6387,2014-09-23,0.0
6388,2014-09-24,0.0
6389,2014-09-25,0.0
6390,2014-09-26,0.0
6391,2014-09-29,0.0
6392,2014-09-30,0.0
6393,2014-10-01,0.0
6394,2014-10-02,0.0
6395,2014-10-03,0.0
6396,2014-10-06,0.0
6397,2014-10-07,0.0
6398,2014-10-08,0.0
6399,2014-10-09,0.0
6400,2014-10-10,1.0
6401,2014-10-13,0.0
6402,2014-10-14,1.0
6403,2014-10-15,1.0
6404,2014-10-16,1.0
6405,2014-10-17,1.0
6406,2014-10-20,1.0
6407,2014-10-21,1.0
6408,2014-10-22,1.0
6409,2014-10-23,1.0
6410,2014-10-24,1.0
6411,2014-10-27,1.0
6412,2014-10-28,1.0
6413,2014-10-29,1.0
6414,2014-10-30,1.0
6415,2014-10-31,1.0
6416,2014-11-03,1.0
6417,2014-11-04,1.0
6418,2014-11-05,1.0
6419,2014-11-06,1.0
6420,2014-11-07,0.0
6421,2014-11-10,1.0
6422,2014-11-11,1.0
6423,2014-11-12,1.0
6424,2014-11-13,1.0
6425,2014-11-14,1.0
6426,2014-11-17,1.0
6427,2014-11-18,1.0
6428,2014-11-19,0.0
6429,2014-11-20,0.0
6430,2014-11-21,0.0
6431,2014-11-24,0.0
6432,2014-11-25,0.0
6433,2014-11-26,0.0
6434,2014-11-27,0.0
6435,2014-11-28,0.0
6436,2014-12-01,0.0
6437,2014-12-02,0.0
6438,2014-12-03,0.0
6439,2014-12-04,0.0
6440,2014-12-05,0.0
6441,2014-12-08,0.0
6442,2014-12-09,0.0
6443,2014-12-10,0.0
6444,2014-12-11,0.0
6445,2014-12-12,0.0
6446,2014-12-15,0.0
6447,2014-12-16,0.0
6448,2014-12-17,0.0
6449,2014-12-18,1.0
6450,2014-12-19,1.0
6451,2014-12-22,1.0
6452,2014-12-23,1.0
6453,2014-12-24,1.0
6454,2014-12-29,0.0
6455,2014-12-30,0.0
6456,2014-12-31,0.0
6457,2015-01-02,0.0
6458,2015-01-05,0.0
6459,2015-01-06,0.0
6460,2015-01-07,0.0
6461,2015-01-08,0.0
6462,2015-01-09,0.0
6463,2015-01-12,0.0
6464,2015-01-13,0.0
6465,2015-01-14,0.0
6466,2015-01-15,0.0
6467,2015-01-16,0.0
6468,2015-01-19,0.0
6469,2015-01-20,0.0
6470,2015-01-21,0.0
6471,2015-01-22,0.0
6472,2015-01-23,0.0
6473,2015-01-26,0.0
6474,2015-01-27,0.0
6475,2015-01-28,0.0
6476,2015-01-29,0.0
6477,2015-01-30,0.0
6478,2015-02-02,0.0
6479,2015-02-03,0.0
6480,2015-02-04,0.0
6481,2015-02-05,0.0
6482,2015-02-06,0.0
6483,2015-02-09,0.0
6484,2015-02-10,0.0
6485,2015-02-11,0.0
6486,2015-02-12,0.0
6487,2015-02-13,0.0
6488,2015-02-16,0.0
6489,2015-02-17,0.0
6490,2015-02-18,0.0
6491,2015-02-19,0.0
6492,2015-02-20,0.0
6493,2015-02-23,0.0
6494,2015-02-24,0.0
6495,2015-02-25,0.0
6496,2015-02-26,0.0
6497,2015-02-27,0.0
6498,2015-03-02,0.0
6499,2015-03-03,0.0
6500,2015-03-04,0.0
6501,2015-03-05,0.0
6502,2015-03-06,0.0
6503,2015-03-09,0.0
6504,2015-03-10,0.0
6505,2015-03-11,0.0
6506,2015-03-12,0.0
6507,2015-03-13,0.0
6508,2015-03-16,0.0
6509,2015-03-17,0.0
6510,2015-03-18,0.0
6511,2015-03-19,0.0
6512,2015-03-20,0.0
6513,2015-03-23,0.0
6514,2015-03-24,0.0
6515,2015-03-25,0.0
6516,2015-03-26,0.0
6517,2015-03-27,0.0
6518,2015-03-30,0.0
6519,2015-03-31,0.0
6520,2015-04-01,0.0
6521,2015-04-02,0.0
6522,2015-04-07,0.0
6523,2015-04-08,0.0
6524,2015-04-09,0.0
6525,2015-04-10,0.0
6526,2015-04-13,0.0
6527,2015-04-14,0.0
6528,2015-04-15,1.0
6529,2015-04-16,1.0
6530,2015-04-17,1.0
6531,2015-04-20,1.0
6532,2015-04-21,1.0
6533,2015-04-22,1.0
6534,2015-04-23,1.0
6535,2015-04-24,0.0
6536,2015-04-27,0.0
6537,2015-04-28,0.0
6538,2015-04-29,0.0
6539,2015-04-30,0.0
6540,2015-05-01,0.0
6541,2015-05-05,0.0
6542,2015-05-06,0.0
6543,2015-05-07,0.0
6544,2015-05-08,0.0
6545,2015-05-11,0.0
6546,2015-05-12,0.0
6547,2015-05-13,0.0
6548,2015-05-14,0.0
6549,2015-05-15,0.0
6550,2015-05-18,0.0
6551,2015-05-19,0.0
6552,2015-05-20,0.0
6553,2015-05-21,0.0
6554,2015-05-22,0.0
6555,2015-05-26,0.0
6556,2015-05-27,0.0
6557,2015-05-28,0.0
6558,2015-05-29,0.0
6559,2015-06-01,0.0
6560,2015-06-02,0.0
6561,2015-06-03,0.0
6562,2015-06-04,0.0
6563,2015-06-05,0.0
6564,2015-06-08,0.0
6565,2015-06-09,0.0
6566,2015-06-10,0.0
6567,2015-06-11,0.0
6568,2015-06-12,0.0
6569,2015-06-15,0.0
6570,2015-06-16,1.0
6571,2015-06-17,0.0
6572,2015-06-18,0.0
6573,2015-06-19,1.0
6574,2015-06-22,1.0
6575,2015-06-23,1.0
6576,2015-06-24,0.0
6577,2015-06-25,1.0
6578,2015-06-26,1.0
6579,2015-06-29,1.0
6580,2015-06-30,1.0
6581,2015-07-01,1.0
6582,2015-07-02,1.0
6583,2015-07-03,1.0
6584,2015-07-06,1.0
6585,2015-07-07,1.0
6586,2015-07-08,1.0
6587,2015-07-09,1.0
6588,2015-07-10,1.0
6589,2015-07-13,1.0
6590,2015-07-14,1.0
6591,2015-07-15,1.0
6592,2015-07-16,0.0
6593,2015-07-17,0.0
6594,2015-07-20,1.0
6595,2015-07-21,1.0
6596,2015-07-22,1.0
6597,2015-07-23,1.0
6598,2015-07-24,0.0
6599,2015-07-27,0.0
6600,2015-07-28,0.0
6601,2015-07-29,0.0
6602,2015-07-30,0.0
6603,2015-07-31,0.0
6604,2015-08-03,0.0
6605,2015-08-04,0.0
6606,2015-08-05,0.0
6607,2015-08-06,0.0
6608,2015-08-07,0.0
6609,2015-08-10,0.0
6610,2015-08-11,0.0
6611,2015-08-12,1.0
6612,2015-08-13,1.0
6613,2015-08-14,1.0
6614,2015-08-17,1.0
6615,2015-08-18,1.0
6616,2015-08-19,1.0
6617,2015-08-20,0.0
6618,2015-08-21,1.0
6619,2015-08-24,1.0
6620,2015-08-25,1.0
6621,2015-08-26,1.0
6622,2015-08-27,1.0
6623,2015-08-28,1.0
6624,2015-09-01,1.0
6625,2015-09-02,1.0
6626,2015-09-03,1.0
6627,2015-09-04,1.0
6628,2015-09-07,1.0
6629,2015-09-08,1.0
6630,2015-09-09,1.0
6631,2015-09-10,1.0
6632,2015-09-11,1.0
6633,2015-09-14,1.0
6634,2015-09-15,1.0
6635,2015-09-16,1.0
6636,2015-09-17,1.0
6637,2015-09-18,1.0
6638,2015-09-21,1.0
6639,2015-09-22,1.0
6640,2015-09-23,1.0
6641,2015-09-24,1.0
6642,2015-09-25,1.0
6643,2015-09-28,0.0
6644,2015-09-29,0.0
6645,2015-09-30,0.0
6646,2015-10-01,0.0
6647,2015-10-02,0.0
6648,2015-10-05,0.0
6649,2015-10-06,0.0
6650,2015-10-07,0.0
6651,2015-10-08,0.0
6652,2015-10-09,0.0
6653,2015-10-12,0.0
6654,2015-10-13,0.0
6655,2015-10-14,0.0
6656,2015-10-15,0.0
6657,2015-10-16,0.0
6658,2015-10-19,0.0
6659,2015-10-20,0.0
6660,2015-10-21,0.0
6661,2015-10-22,0.0
6662,2015-10-23,0.0
6663,2015-10-26,0.0
6664,2015-10-27,0.0
6665,2015-10-28,0.0
6666,2015-10-29,0.0
6667,2015-10-30,1.0
6668,2015-11-02,1.0
6669,2015-11-03,1.0
6670,2015-11-04,1.0
6671,2015-11-05,1.0
6672,2015-11-06,1.0
6673,2015-11-09,1.0
6674,2015-11-10,0.0
6675,2015-11-11,0.0
6676,2015-11-12,0.0
6677,2015-11-13,0.0
6678,2015-11-16,0.0
6679,2015-11-17,0.0
6680,2015-11-18,1.0
6681,2015-11-19,0.0
6682,2015-11-20,1.0
6683,2015-11-23,1.0
6684,2015-11-24,1.0
6685,2015-11-25,0.0
6686,2015-11-26,0.0
6687,2015-11-27,0.0
6688,2015-11-30,0.0
6689,2015-12-01,0.0
6690,2015-12-02,0.0
6691,2015-12-03,0.0
6692,2015-12-04,0.0
6693,2015-12-07,0.0
6694,2015-12-08,0.0
6695,2015-12-09,0.0
6696,2015-12-10,0.0
6697,2015-12-11,0.0
6698,2015-12-14,0.0
6699,2015-12-15,0.0
6700,2015-12-16,0.0
6701,2015-12-17,0.0
6702,2015-12-18,0.0
6703,2015-12-21,0.0
6704,2015-12-22,0.0
6705,2015-12-23,0.0
6706,2015-12-24,0.0
6707,2015-12-29,0.0
6708,2015-12-30,0.0
6709,2015-12-31,1.0
6710,2016-01-04,1.0
6711,2016-01-05,1.0
6712,2016-01-06,1.0
6713,2016-01-07,1.0
6714,2016-01-08,1.0
6715,2016-01-11,1.0
6716,2016-01-12,1.0
6717,2016-01-13,1.0
6718,2016-01-14,1.0
6719,2016-01-15,1.0
6720,2016-01-18,1.0
6721,2016-01-19,1.0
6722,2016-01-20,1.0
6723,2016-01-21,1.0
6724,2016-01-22,1.0
6725,2016-01-25,1.0
6726,2016-01-26,1.0
6727,2016-01-27,1.0
6728,2016-01-28,1.0
6729,2016-01-29,1.0
6730,2016-02-01,1.0
6731,2016-02-02,1.0
6732,2016-02-03,1.0
6733,2016-02-04,1.0
6734,2016-02-05,1.0
6735,2016-02-08,1.0
6736,2016-02-09,1.0
6737,2016-02-10,1.0
6738,2016-02-11,1.0
6739,2016-02-12,1.0
6740,2016-02-15,1.0
6741,2016-02-16,1.0
6742,2016-02-17,1.0
6743,2016-02-18,1.0
6744,2016-02-19,1.0
6745,2016-02-22,1.0
6746,2016-02-23,1.0
6747,2016-02-24,1.0
6748,2016-02-25,1.0
6749,2016-02-26,1.0
6750,2016-02-29,1.0
6751,2016-03-01,1.0
6752,2016-03-02,1.0
6753,2016-03-03,1.0
6754,2016-03-04,0.0
6755,2016-03-07,0.0
6756,2016-03-08,1.0
6757,2016-03-09,1.0
6758,2016-03-10,1.0
6759,2016-03-11,1.0
6760,2016-03-14,1.0
6761,2016-03-15,1.0
6762,2016-03-16,1.0
6763,2016-03-17,1.0
6764,2016-03-18,1.0
6765,2016-03-21,1.0
6766,2016-03-22,0.0
6767,2016-03-23,1.0
6768,2016-03-24,1.0
6769,2016-03-29,1.0
6770,2016-03-30,1.0
6771,2016-03-31,1.0
6772,2016-04-01,1.0
6773,2016-04-04,1.0
6774,2016-04-05,1.0
6775,2016-04-06,1.0
6776,2016-04-07,1.0
6777,2016-04-08,1.0
6778,2016-04-11,1.0
6779,2016-04-12,1.0
6780,2016-04-13,0.0
6781,2016-04-14,0.0
6782,2016-04-15,0.0
6783,2016-04-18,0.0
6784,2016-04-19,0.0
6785,2016-04-20,0.0
6786,2016-04-21,0.0
6787,2016-04-22,0.0
6788,2016-04-25,0.0
6789,2016-04-26,0.0
6790,2016-04-27,0.0
6791,2016-04-28,0.0
6792,2016-04-29,0.0
6793,2016-05-03,0.0
6794,2016-05-04,0.0
6795,2016-05-05,0.0
6796,2016-05-06,0.0
6797,2016-05-09,0.0
6798,2016-05-10,0.0
6799,2016-05-11,0.0
6800,2016-05-12,1.0
6801,2016-05-13,1.0
6802,2016-05-16,1.0
6803,2016-05-17,1.0
6804,2016-05-18,1.0
6805,2016-05-19,1.0
6806,2016-05-20,1.0
6807,2016-05-23,1.0
6808,2016-05-24,1.0
6809,2016-05-25,1.0
6810,2016-05-26,1.0
6811,2016-05-27,1.0
6812,2016-05-31,1.0
6813,2016-06-01,1.0
6814,2016-06-02,1.0
6815,2016-06-03,1.0
6816,2016-06-06,1.0
6817,2016-06-07,1.0
6818,2016-06-08,1.0
6819,2016-06-09,1.0
6820,2016-06-10,1.0
6821,2016-06-13,1.0
6822,2016-06-14,1.0
6823,2016-06-15,1.0
6824,2016-06-16,1.0
6825,2016-06-17,1.0
6826,2016-06-20,1.0
6827,2016-06-21,1.0
6828,2016-06-22,1.0
6829,2016-06-23,1.0
6830,2016-06-24,1.0
6831,2016-06-27,1.0
6832,2016-06-28,1.0
6833,2016-06-29,1.0
6834,2016-06-30,1.0
6835,2016-07-01,1.0
6836,2016-07-04,0.0
6837,2016-07-05,1.0
6838,2016-07-06,1.0
6839,2016-07-07,1.0
6840,2016-07-08,1.0
6841,2016-07-11,1.0
6842,2016-07-12,1.0
6843,2016-07-13,1.0
6844,2016-07-14,1.0
6845,2016-07-15,1.0
6846,2016-07-18,1.0
6847,2016-07-19,1.0
6848,2016-07-20,1.0
6849,2016-07-21,1.0
6850,2016-07-22,1.0
6851,2016-07-25,1.0
6852,2016-07-26,1.0
6853,2016-07-27,1.0
6854,2016-07-28,1.0
6855,2016-07-29,1.0
6856,2016-08-01,1.0
6857,2016-08-02,1.0
6858,2016-08-03,1.0
6859,2016-08-04,1.0
6860,2016-08-05,1.0
6861,2016-08-08,1.0
6862,2016-08-09,1.0
6863,2016-08-10,1.0
6864,2016-08-11,1.0
6865,2016-08-12,1.0
6866,2016-08-15,1.0
6867,2016-08-16,1.0
6868,2016-08-17,1.0
6869,2016-08-18,1.0
6870,2016-08-19,1.0
6871,2016-08-22,1.0
6872,2016-08-23,1.0
6873,2016-08-24,1.0
6874,2016-08-25,1.0
6875,2016-08-26,1.0
6876,2016-08-30,1.0
6877,2016-08-31,1.0
6878,2016-09-01,1.0
6879,2016-09-02,1.0
6880,2016-09-05,1.0
6881,2016-09-06,1.0
6882,2016-09-07,1.0
6883,2016-09-08,1.0
6884,2016-09-09,1.0
6885,2016-09-12,1.0
6886,2016-09-13,1.0
6887,2016-09-14,1.0
6888,2016-09-15,1.0
6889,2016-09-16,1.0
6890,2016-09-19,1.0
6891,2016-09-20,1.0
6892,2016-09-21,1.0
6893,2016-09-22,1.0
6894,2016-09-23,1.0
6895,2016-09-26,1.0
6896,2016-09-27,1.0
6897,2016-09-28,1.0
6898,2016-09-29,1.0
6899,2016-09-30,1.0
6900,2016-10-03,1.0
6901,2016-10-04,1.0
6902,2016-10-05,1.0
6903,2016-10-06,1.0
6904,2016-10-07,1.0
6905,2016-10-10,1.0
6906,2016-10-11,1.0
6907,2016-10-12,1.0
6908,2016-10-13,1.0
6909,2016-10-14,1.0
6910,2016-10-17,1.0
6911,2016-10-18,1.0
6912,2016-10-19,1.0
6913,2016-10-20,1.0
6914,2016-10-21,1.0
6915,2016-10-24,1.0
6916,2016-10-25,1.0
6917,2016-10-26,1.0
6918,2016-10-27,1.0
6919,2016-10-28,1.0
6920,2016-10-31,1.0
6921,2016-11-01,0.0
6922,2016-11-02,1.0
6923,2016-11-03,1.0
6924,2016-11-04,0.0
6925,2016-11-07,0.0
6926,2016-11-08,0.0
6927,2016-11-09,0.0
6928,2016-11-10,0.0
6929,2016-11-11,0.0
6930,2016-11-14,1.0
6931,2016-11-15,1.0
6932,2016-11-16,1.0
6933,2016-11-17,1.0
6934,2016-11-18,1.0
6935,2016-11-21,1.0
6936,2016-11-22,0.0
6937,2016-11-23,0.0
6938,2016-11-24,0.0
6939,2016-11-25,1.0
6940,2016-11-28,0.0
6941,2016-11-29,1.0
6942,2016-11-30,0.0
6943,2016-12-01,0.0
6944,2016-12-02,0.0
6945,2016-12-05,0.0
6946,2016-12-06,0.0
6947,2016-12-07,0.0
6948,2016-12-08,1.0
6949,2016-12-09,1.0
6950,2016-12-12,0.0
6951,2016-12-13,0.0
6952,2016-12-14,0.0
6953,2016-12-15,0.0
6954,2016-12-16,0.0
6955,2016-12-19,0.0
6956,2016-12-20,0.0
6957,2016-12-21,0.0
6958,2016-12-22,0.0
6959,2016-12-23,0.0
6960,2016-12-28,0.0
6961,2016-12-29,0.0
6962,2016-12-30,0.0
6963,2017-01-03,0.0
6964,2017-01-04,0.0
6965,2017-01-05,0.0
6966,2017-01-06,0.0
6967,2017-01-09,0.0
6968,2017-01-10,0.0
6969,2017-01-11,0.0
6970,2017-01-12,0.0
6971,2017-01-13,0.0
6972,2017-01-16,0.0
6973,2017-01-17,0.0
6974,2017-01-18,0.0
6975,2017-01-19,0.0
6976,2017-01-20,0.0
6977,2017-01-23,0.0
6978,2017-01-24,0.0
6979,2017-01-25,0.0
6980,2017-01-26,0.0
6981,2017-01-27,0.0
6982,2017-01-30,0.0
6983,2017-01-31,0.0
6984,2017-02-01,0.0
6985,2017-02-02,0.0
6986,2017-02-03,0.0
6987,2017-02-06,1.0
6988,2017-02-07,1.0
6989,2017-02-08,1.0
6990,2017-02-09,1.0
6991,2017-02-10,0.0
6992,2017-02-13,0.0
6993,2017-02-14,1.0
6994,2017-02-15,1.0
6995,2017-02-16,1.0
6996,2017-02-17,1.0
6997,2017-02-20,1.0
6998,2017-02-21,1.0
6999,2017-02-22,1.0
7000,2017-02-23,1.0
7001,2017-02-24,1.0
7002,2017-02-27,1.0
7003,2017-02-28,1.0
7004,2017-03-01,1.0
7005,2017-03-02,1.0
7006,2017-03-03,1.0
7007,2017-03-06,1.0
7008,2017-03-07,1.0
7009,2017-03-08,1.0
7010,2017-03-09,1.0
7011,2017-03-10,1.0
7012,2017-03-13,1.0
7013,2017-03-14,0.0
7014,2017-03-15,0.0
7015,2017-03-16,0.0
7016,2017-03-17,0.0
7017,2017-03-20,0.0
7018,2017-03-21,0.0
7019,2017-03-22,0.0
7020,2017-03-23,0.0
7021,2017-03-24,0.0
7022,2017-03-27,1.0
7023,2017-03-28,0.0
7024,2017-03-29,0.0
7025,2017-03-30,0.0
7026,2017-03-31,0.0
7027,2017-04-03,0.0
7028,2017-04-04,0.0
7029,2017-04-05,0.0
7030,2017-04-06,0.0
7031,2017-04-07,0.0
7032,2017-04-10,0.0
7033,2017-04-11,0.0
7034,2017-04-12,1.0
7035,2017-04-13,1.0
7036,2017-04-18,1.0
7037,2017-04-19,1.0
7038,2017-04-20,1.0
7039,2017-04-21,1.0
7040,2017-04-24,1.0
7041,2017-04-25,1.0
7042,2017-04-26,1.0
7043,2017-04-27,1.0
7044,2017-04-28,1.0
7045,2017-05-02,1.0
7046,2017-05-03,1.0
7047,2017-05-04,1.0
7048,2017-05-05,1.0
7049,2017-05-08,0.0
7050,2017-05-09,0.0
7051,2017-05-10,0.0
7052,2017-05-11,0.0
7053,2017-05-12,0.0
7054,2017-05-15,0.0
7055,2017-05-16,0.0
7056,2017-05-17,0.0
7057,2017-05-18,0.0
7058,2017-05-19,0.0
7059,2017-05-22,0.0
7060,2017-05-23,0.0
7061,2017-05-24,0.0
7062,2017-05-25,0.0
7063,2017-05-26,0.0
7064,2017-05-30,0.0
7065,2017-05-31,0.0
7066,2017-06-01,0.0
7067,2017-06-02,0.0
7068,2017-06-05,1.0
7069,2017-06-06,1.0
7070,2017-06-07,1.0
7071,2017-06-08,1.0
7072,2017-06-09,1.0
7073,2017-06-12,1.0
7074,2017-06-13,1.0
7075,2017-06-14,1.0
7076,2017-06-15,1.0
7077,2017-06-16,1.0
7078,2017-06-19,1.0
7079,2017-06-20,1.0
7080,2017-06-21,1.0
7081,2017-06-22,1.0
7082,2017-06-23,1.0
7083,2017-06-26,1.0
7084,2017-06-27,1.0
7085,2017-06-28,1.0
7086,2017-06-29,1.0
7087,2017-06-30,1.0
7088,2017-07-03,1.0
7089,2017-07-04,1.0
7090,2017-07-05,1.0
7091,2017-07-06,1.0
7092,2017-07-07,1.0
7093,2017-07-10,1.0
7094,2017-07-11,1.0
7095,2017-07-12,1.0
7096,2017-07-13,1.0
7097,2017-07-14,1.0
7098,2017-07-17,1.0
7099,2017-07-18,1.0
7100,2017-07-19,0.0
7101,2017-07-20,1.0
7102,2017-07-21,0.0
7103,2017-07-24,1.0
7104,2017-07-25,0.0
7105,2017-07-26,1.0
7106,2017-07-27,0.0
7107,2017-07-28,0.0
7108,2017-07-31,0.0
7109,2017-08-01,1.0
7110,2017-08-02,1.0
7111,2017-08-03,1.0
7112,2017-08-04,1.0
7113,2017-08-07,1.0
7114,2017-08-08,1.0
7115,2017-08-09,1.0
7116,2017-08-10,1.0
7117,2017-08-11,1.0
7118,2017-08-14,1.0
7119,2017-08-15,1.0
7120,2017-08-16,1.0
7121,2017-08-17,1.0
7122,2017-08-18,1.0
7123,2017-08-21,1.0
7124,2017-08-22,1.0
7125,2017-08-23,0.0
7126,2017-08-24,1.0
7127,2017-08-25,1.0
7128,2017-08-29,1.0
7129,2017-08-30,1.0
7130,2017-08-31,0.0
7131,2017-09-01,1.0
7132,2017-09-04,0.0
7133,2017-09-05,1.0
7134,2017-09-06,1.0
7135,2017-09-07,1.0
7136,2017-09-08,0.0
7137,2017-09-11,1.0
7138,2017-09-12,1.0
7139,2017-09-13,1.0
7140,2017-09-14,1.0
7141,2017-09-15,1.0
7142,2017-09-18,0.0
7143,2017-09-19,0.0
7144,2017-09-20,0.0
7145,2017-09-21,0.0
7146,2017-09-22,0.0
7147,2017-09-25,0.0
7148,2017-09-26,0.0
7149,2017-09-27,0.0
7150,2017-09-28,0.0
7151,2017-09-29,0.0
7152,2017-10-02,0.0
7153,2017-10-03,0.0
7154,2017-10-04,0.0
7155,2017-10-05,0.0
7156,2017-10-06,0.0
7157,2017-10-09,0.0
7158,2017-10-10,0.0
7159,2017-10-11,0.0
7160,2017-10-12,0.0
7161,2017-10-13,0.0
7162,2017-10-16,0.0
7163,2017-10-17,0.0
7164,2017-10-18,0.0
7165,2017-10-19,0.0
7166,2017-10-20,0.0
7167,2017-10-23,0.0
7168,2017-10-24,0.0
7169,2017-10-25,0.0
7170,2017-10-26,0.0
7171,2017-10-27,0.0
7172,2017-10-30,1.0
7173,2017-10-31,1.0
7174,2017-11-01,1.0
7175,2017-11-02,0.0
7176,2017-11-03,0.0
7177,2017-11-06,1.0
7178,2017-11-07,0.0
7179,2017-11-08,0.0
7180,2017-11-09,0.0
7181,2017-11-10,1.0
7182,2017-11-13,0.0
7183,2017-11-14,0.0
7184,2017-11-15,0.0
7185,2017-11-16,0.0
7186,2017-11-17,0.0
7187,2017-11-20,0.0
7188,2017-11-21,1.0
7189,2017-11-22,1.0
7190,2017-11-23,0.0
7191,2017-11-24,1.0
7192,2017-11-27,1.0
7193,2017-11-28,1.0
7194,2017-11-29,1.0
7195,2017-11-30,1.0
7196,2017-12-01,1.0
7197,2017-12-04,1.0
7198,2017-12-05,1.0
7199,2017-12-06,1.0
7200,2017-12-07,1.0
7201,2017-12-08,1.0
7202,2017-12-11,1.0
7203,2017-12-12,1.0
7204,2017-12-13,1.0
7205,2017-12-14,1.0
7206,2017-12-15,1.0
7207,2017-12-18,1.0
7208,2017-12-19,1.0
7209,2017-12-20,1.0
7210,2017-12-21,1.0
7211,2017-12-22,1.0
7212,2017-12-27,1.0
7213,2017-12-28,1.0
7214,2017-12-29,1.0
