,Index,LMCADS03
0,2003-12-11,724
1,2003-12-12,777
2,2003-12-15,1164
3,2003-12-16,813
4,2003-12-17,764
5,2003-12-18,713
6,2003-12-19,876
7,2003-12-22,629
8,2003-12-23,393
9,2003-12-26,546
10,2003-12-29,465
11,2003-12-30,575
12,2003-12-31,580
13,2004-01-02,957
14,2004-01-05,1053
15,2004-01-06,1519
16,2004-01-07,1698
17,2004-01-08,1126
18,2004-01-09,1126
19,2004-01-12,1482
20,2004-01-13,1559
21,2004-01-14,1850
22,2004-01-15,1293
23,2004-01-16,689
24,2004-01-20,1130
25,2004-01-21,1036
26,2004-01-22,513
27,2004-01-29,1288
28,2004-01-30,1193
29,2004-02-02,1364
30,2004-02-03,1100
31,2004-02-04,1176
32,2004-02-05,1215
33,2004-02-06,1058
34,2004-02-09,2041
35,2004-02-10,1336
36,2004-02-11,1714
37,2004-02-12,1067
38,2004-02-13,2648
39,2004-02-17,2659
40,2004-02-18,2023
41,2004-02-19,1769
42,2004-02-20,994
43,2004-02-23,1006
44,2004-02-24,2739
45,2004-02-25,2275
46,2004-02-26,1329
47,2004-02-27,1416
48,2004-03-01,1835
49,2004-03-02,2263
50,2004-03-03,1900
51,2004-03-04,1296
52,2004-03-05,1924
53,2004-03-08,1833
54,2004-03-09,1324
55,2004-03-10,2001
56,2004-03-11,1893
57,2004-03-12,1175
58,2004-03-15,1212
59,2004-03-16,1211
60,2004-03-17,1351
61,2004-03-18,1190
62,2004-03-19,1146
63,2004-03-22,2247
64,2004-03-23,1139
65,2004-03-24,1655
66,2004-03-25,1080
67,2004-03-26,683
68,2004-03-29,1129
69,2004-03-30,1642
70,2004-03-31,1804
71,2004-04-01,1220
72,2004-04-02,1990
73,2004-04-05,1368
74,2004-04-06,1517
75,2004-04-07,1136
76,2004-04-12,1074
77,2004-04-13,1057
78,2004-04-14,1111
79,2004-04-15,1396
80,2004-04-16,1086
81,2004-04-19,1849
82,2004-04-20,3904
83,2004-04-21,1379
84,2004-04-22,1068
85,2004-04-23,1194
86,2004-04-26,625
87,2004-04-27,2122
88,2004-04-28,1107
89,2004-04-29,901
90,2004-05-03,890
91,2004-05-04,1251
92,2004-05-05,1679
93,2004-05-06,1050
94,2004-05-07,2356
95,2004-05-10,1522
96,2004-05-11,1348
97,2004-05-12,1117
98,2004-05-13,1163
99,2004-05-14,1826
100,2004-05-17,1167
101,2004-05-18,2062
102,2004-05-19,1608
103,2004-05-20,2101
104,2004-05-21,1252
105,2004-05-24,1273
106,2004-05-25,2006
107,2004-05-26,1972
108,2004-05-27,870
109,2004-05-28,1615
110,2004-06-01,1328
111,2004-06-02,1403
112,2004-06-03,1526
113,2004-06-04,1519
114,2004-06-07,1834
115,2004-06-08,2272
116,2004-06-09,2439
117,2004-06-10,849
118,2004-06-11,1194
119,2004-06-14,1999
120,2004-06-15,1364
121,2004-06-16,1406
122,2004-06-17,1589
123,2004-06-18,648
124,2004-06-21,1498
125,2004-06-22,1402
126,2004-06-23,1526
127,2004-06-24,1343
128,2004-06-25,1139
129,2004-06-28,1911
130,2004-06-29,3390
131,2004-06-30,2297
132,2004-07-01,1137
133,2004-07-02,1744
134,2004-07-06,2943
135,2004-07-07,2378
136,2004-07-08,1863
137,2004-07-09,1554
138,2004-07-12,1384
139,2004-07-13,1670
140,2004-07-14,1103
141,2004-07-15,1596
142,2004-07-16,1929
143,2004-07-19,2092
144,2004-07-20,1154
145,2004-07-21,1114
146,2004-07-22,2750
147,2004-07-23,1821
148,2004-07-26,2047
149,2004-07-27,2976
150,2004-07-28,2012
151,2004-07-29,1722
152,2004-07-30,1475
153,2004-08-02,1702
154,2004-08-03,1805
155,2004-08-04,2658
156,2004-08-05,1509
157,2004-08-06,3930
158,2004-08-09,1675
159,2004-08-10,2174
160,2004-08-11,1284
161,2004-08-12,2907
162,2004-08-13,2888
163,2004-08-16,1358
164,2004-08-17,2795
165,2004-08-18,1684
166,2004-08-19,2347
167,2004-08-20,2164
168,2004-08-23,2073
169,2004-08-24,2380
170,2004-08-25,1515
171,2004-08-26,2119
172,2004-08-30,1055
173,2004-08-31,1374
174,2004-09-01,508
175,2004-09-02,771
176,2004-09-03,1963
177,2004-09-07,1398
178,2004-09-08,1525
179,2004-09-09,3452
180,2004-09-10,1159
181,2004-09-13,1973
182,2004-09-14,1432
183,2004-09-15,4463
184,2004-09-16,2001
185,2004-09-17,1115
186,2004-09-20,2714
187,2004-09-21,2767
188,2004-09-22,1483
189,2004-09-23,2185
190,2004-09-24,2233
191,2004-09-27,873
192,2004-09-28,1726
193,2004-09-29,2115
194,2004-09-30,1810
195,2004-10-01,1774
196,2004-10-04,1237
197,2004-10-05,2366
198,2004-10-06,1765
199,2004-10-07,1925
200,2004-10-08,2257
201,2004-10-11,2022
202,2004-10-12,6112
203,2004-10-13,6703
204,2004-10-14,3722
205,2004-10-15,2374
206,2004-10-18,2545
207,2004-10-19,2743
208,2004-10-20,1487
209,2004-10-21,1438
210,2004-10-22,1715
211,2004-10-25,1576
212,2004-10-26,1271
213,2004-10-27,3538
214,2004-10-28,3763
215,2004-10-29,1238
216,2004-11-01,1136
217,2004-11-02,1222
218,2004-11-03,1689
219,2004-11-04,2250
220,2004-11-05,2387
221,2004-11-08,2139
222,2004-11-09,1646
223,2004-11-10,1608
224,2004-11-11,2088
225,2004-11-12,1566
226,2004-11-15,1832
227,2004-11-16,2158
228,2004-11-17,3418
229,2004-11-18,1479
230,2004-11-19,1874
231,2004-11-22,1846
232,2004-11-23,1029
233,2004-11-24,2500
234,2004-11-26,2036
235,2004-11-29,2366
236,2004-11-30,2306
237,2004-12-01,4130
238,2004-12-02,3297
239,2004-12-03,1283
240,2004-12-06,2939
241,2004-12-07,5377
242,2004-12-08,3043
243,2004-12-09,1450
244,2004-12-10,1961
245,2004-12-13,1448
246,2004-12-14,2941
247,2004-12-15,1617
248,2004-12-16,977
249,2004-12-17,1004
250,2004-12-20,2259
251,2004-12-21,3516
252,2004-12-22,913
253,2004-12-28,950
254,2004-12-29,1211
255,2004-12-30,911
256,2005-01-03,7751
257,2005-01-04,5687
258,2005-01-05,3499
259,2005-01-06,2587
260,2005-01-07,2217
261,2005-01-10,1413
262,2005-01-11,1868
263,2005-01-12,1337
264,2005-01-13,1210
265,2005-01-14,2436
266,2005-01-18,1137
267,2005-01-19,1047
268,2005-01-20,1840
269,2005-01-21,1656
270,2005-01-24,2149
271,2005-01-25,1849
272,2005-01-26,1564
273,2005-01-27,1707
274,2005-01-28,1158
275,2005-01-31,2645
276,2005-02-01,2286
277,2005-02-02,3050
278,2005-02-03,1739
279,2005-02-04,1955
280,2005-02-07,974
281,2005-02-08,1243
282,2005-02-09,4523
283,2005-02-10,2027
284,2005-02-11,1749
285,2005-02-14,3751
286,2005-02-15,3011
287,2005-02-16,3948
288,2005-02-17,1178
289,2005-02-18,2493
290,2005-02-22,1808
291,2005-02-23,2781
292,2005-02-24,2959
293,2005-02-25,2885
294,2005-02-28,1843
295,2005-03-01,4422
296,2005-03-02,1736
297,2005-03-03,1343
298,2005-03-04,1485
299,2005-03-07,3622
300,2005-03-08,2309
301,2005-03-09,3320
302,2005-03-10,3614
303,2005-03-11,1808
304,2005-03-14,2734
305,2005-03-15,3426
306,2005-03-16,1645
307,2005-03-17,2362
308,2005-03-18,1884
309,2005-03-21,2860
310,2005-03-22,5714
311,2005-03-23,2418
312,2005-03-28,2005
313,2005-03-29,1952
314,2005-03-30,4250
315,2005-03-31,2792
316,2005-04-01,2144
317,2005-04-04,2809
318,2005-04-05,2680
319,2005-04-06,1273
320,2005-04-07,1836
321,2005-04-08,2905
322,2005-04-11,2363
323,2005-04-12,5240
324,2005-04-13,7760
325,2005-04-14,4002
326,2005-04-15,3960
327,2005-04-18,3181
328,2005-04-19,3775
329,2005-04-20,4207
330,2005-04-21,2550
331,2005-04-22,2777
332,2005-04-25,3204
333,2005-04-26,4500
334,2005-04-27,7558
335,2005-04-28,3366
336,2005-05-02,4909
337,2005-05-03,8731
338,2005-05-04,4426
339,2005-05-05,6528
340,2005-05-06,5854
341,2005-05-09,3837
342,2005-05-10,5994
343,2005-05-11,16149
344,2005-05-12,12239
345,2005-05-13,10132
346,2005-05-16,7456
347,2005-05-17,9590
348,2005-05-18,6035
349,2005-05-19,6213
350,2005-05-20,5230
351,2005-05-23,4865
352,2005-05-24,3808
353,2005-05-25,6807
354,2005-05-26,3223
355,2005-05-27,5607
356,2005-05-31,7651
357,2005-06-01,9859
358,2005-06-02,12676
359,2005-06-03,7735
360,2005-06-06,7970
361,2005-06-07,7684
362,2005-06-08,5644
363,2005-06-09,6316
364,2005-06-10,4270
365,2005-06-13,5762
366,2005-06-14,5893
367,2005-06-15,8548
368,2005-06-16,7387
369,2005-06-17,6503
370,2005-06-20,6430
371,2005-06-21,7058
372,2005-06-22,7902
373,2005-06-23,4516
374,2005-06-24,2567
375,2005-06-27,3532
376,2005-06-28,6405
377,2005-06-29,7276
378,2005-06-30,4041
379,2005-07-01,3638
380,2005-07-05,6454
381,2005-07-06,3933
382,2005-07-07,4701
383,2005-07-08,5430
384,2005-07-11,3906
385,2005-07-12,4010
386,2005-07-13,6207
387,2005-07-14,3090
388,2005-07-15,6153
389,2005-07-18,5850
390,2005-07-19,4031
391,2005-07-20,5850
392,2005-07-21,6175
393,2005-07-22,4390
394,2005-07-25,4371
395,2005-07-26,6025
396,2005-07-27,5877
397,2005-07-28,5179
398,2005-07-29,4909
399,2005-08-01,3661
400,2005-08-02,3939
401,2005-08-03,3880
402,2005-08-04,4838
403,2005-08-05,3775
404,2005-08-08,8677
405,2005-08-09,8713
406,2005-08-10,6327
407,2005-08-11,7057
408,2005-08-12,3691
409,2005-08-15,6249
410,2005-08-16,9180
411,2005-08-17,5179
412,2005-08-18,5635
413,2005-08-19,3873
414,2005-08-22,3344
415,2005-08-23,4813
416,2005-08-24,4552
417,2005-08-25,4633
418,2005-08-29,3954
419,2005-08-30,6771
420,2005-08-31,6834
421,2005-09-01,2691
422,2005-09-02,6317
423,2005-09-06,6153
424,2005-09-07,7694
425,2005-09-08,10625
426,2005-09-09,6428
427,2005-09-12,6215
428,2005-09-13,7110
429,2005-09-14,8446
430,2005-09-15,6910
431,2005-09-16,9026
432,2005-09-19,8467
433,2005-09-20,8205
434,2005-09-21,5365
435,2005-09-22,6084
436,2005-09-23,5554
437,2005-09-26,5248
438,2005-09-27,5995
439,2005-09-28,5072
440,2005-09-29,5530
441,2005-09-30,5337
442,2005-10-03,3890
443,2005-10-04,3941
444,2005-10-05,4275
445,2005-10-06,4839
446,2005-10-07,4168
447,2005-10-10,4488
448,2005-10-11,5647
449,2005-10-12,8115
450,2005-10-13,10295
451,2005-10-14,5935
452,2005-10-17,5562
453,2005-10-18,6217
454,2005-10-19,7298
455,2005-10-20,12870
456,2005-10-21,6389
457,2005-10-24,6414
458,2005-10-25,6150
459,2005-10-26,5717
460,2005-10-27,4656
461,2005-10-28,4155
462,2005-10-31,6345
463,2005-11-01,3635
464,2005-11-02,4424
465,2005-11-03,4900
466,2005-11-04,4995
467,2005-11-07,4396
468,2005-11-08,4705
469,2005-11-09,6026
470,2005-11-10,5312
471,2005-11-11,5683
472,2005-11-14,6176
473,2005-11-15,5931
474,2005-11-16,4321
475,2005-11-17,7153
476,2005-11-18,5034
477,2005-11-21,8413
478,2005-11-22,4813
479,2005-11-23,3490
480,2005-11-25,3748
481,2005-11-28,5002
482,2005-11-29,5250
483,2005-11-30,8049
484,2005-12-01,7529
485,2005-12-02,3960
486,2005-12-05,4022
487,2005-12-06,5938
488,2005-12-07,4406
489,2005-12-08,3385
490,2005-12-09,5298
491,2005-12-12,5363
492,2005-12-13,5253
493,2005-12-14,4536
494,2005-12-15,4920
495,2005-12-16,3415
496,2005-12-19,2550
497,2005-12-20,3407
498,2005-12-21,3435
499,2005-12-22,3427
500,2005-12-27,2764
501,2005-12-28,3770
502,2005-12-29,3499
503,2005-12-30,5456
504,2006-01-03,8017
505,2006-01-04,6561
506,2006-01-05,9464
507,2006-01-06,4791
508,2006-01-09,5415
509,2006-01-10,4325
510,2006-01-11,6236
511,2006-01-12,2678
512,2006-01-13,4621
513,2006-01-17,7286
514,2006-01-18,6934
515,2006-01-19,5767
516,2006-01-20,3872
517,2006-01-23,6180
518,2006-01-25,4614
519,2006-01-26,4780
520,2006-01-27,3310
521,2006-01-30,4759
522,2006-01-31,6516
523,2006-02-01,7058
524,2006-02-02,5674
525,2006-02-03,3824
526,2006-02-06,8363
527,2006-02-07,9991
528,2006-02-08,4322
529,2006-02-09,5807
530,2006-02-10,9794
531,2006-02-13,4886
532,2006-02-14,7874
533,2006-02-15,8692
534,2006-02-16,2278
535,2006-02-17,4677
536,2006-02-21,6201
537,2006-02-22,5495
538,2006-02-23,5281
539,2006-02-24,10171
540,2006-02-27,8159
541,2006-02-28,6270
542,2006-03-01,7350
543,2006-03-02,4356
544,2006-03-03,5139
545,2006-03-06,7470
546,2006-03-07,8952
547,2006-03-08,9324
548,2006-03-09,5759
549,2006-03-10,4510
550,2006-03-13,4654
551,2006-03-14,6104
552,2006-03-15,6272
553,2006-03-16,9813
554,2006-03-17,4620
555,2006-03-20,4827
556,2006-03-21,4780
557,2006-03-22,5861
558,2006-03-23,5145
559,2006-03-24,4117
560,2006-03-27,4123
561,2006-03-28,5622
562,2006-03-29,3902
563,2006-03-30,7860
564,2006-03-31,5264
565,2006-04-03,8137
566,2006-04-04,6473
567,2006-04-05,6523
568,2006-04-06,8569
569,2006-04-07,6682
570,2006-04-10,6258
571,2006-04-11,8235
572,2006-04-12,5262
573,2006-04-17,7453
574,2006-04-20,8321
575,2006-05-18,1376
576,2006-05-22,1
577,2006-05-25,1153
578,2006-06-01,2321
579,2006-06-05,2
580,2006-06-08,1213
581,2006-06-09,4903
582,2006-06-12,5305
583,2006-06-13,7392
584,2006-06-14,4868
585,2006-06-15,6862
586,2006-06-16,5081
587,2006-06-19,3345
588,2006-06-20,5996
589,2006-06-21,2516
590,2006-06-22,5689
591,2006-06-23,3472
592,2006-06-26,2830
593,2006-06-27,3752
594,2006-06-28,3688
595,2006-06-29,2958
596,2006-07-06,1935
597,2006-07-13,1008
598,2006-07-17,5818
599,2006-07-20,1521
600,2006-07-24,2
601,2006-07-27,611
602,2006-08-03,1489
603,2006-08-10,1143
604,2006-08-14,1450
605,2006-08-17,2347
606,2006-08-23,1020
607,2006-08-24,1689
608,2006-08-30,1235
609,2006-09-12,44
610,2006-09-19,19679
611,2006-09-25,1442
612,2006-09-26,2385
613,2006-10-02,503
614,2006-10-05,1386
615,2006-10-12,1198
616,2006-10-16,8758
617,2006-10-19,1074
618,2006-10-23,200
619,2006-10-26,1445
620,2006-10-30,79
621,2006-11-02,1703
622,2006-11-09,1141
623,2006-11-16,2091
624,2006-11-20,7530
625,2006-11-23,867
626,2006-11-27,30
627,2006-11-28,1636
628,2006-11-29,1601
629,2006-11-30,2952
630,2006-12-01,1327
631,2006-12-04,1158
632,2006-12-05,2778
633,2006-12-06,1291
634,2006-12-07,1638
635,2006-12-08,1399
636,2006-12-11,945
637,2006-12-12,1464
638,2006-12-13,1607
639,2006-12-14,2060
640,2006-12-15,1911
641,2006-12-18,1910
642,2006-12-19,2388
643,2006-12-20,1991
644,2006-12-21,11841
645,2006-12-22,1325
646,2006-12-27,797
647,2006-12-28,885
648,2006-12-29,1438
649,2007-01-02,1135
650,2007-01-03,3193
651,2007-01-04,2095
652,2007-01-05,1956
653,2007-01-08,2481
654,2007-01-09,3329
655,2007-01-10,4285
656,2007-01-11,1869
657,2007-01-12,1073
658,2007-01-15,1106
659,2007-01-16,2660
660,2007-01-17,1493
661,2007-01-18,8773
662,2007-01-19,2341
663,2007-01-22,1730
664,2007-01-23,2149
665,2007-01-24,1548
666,2007-01-25,1801
667,2007-01-26,2365
668,2007-01-29,1820
669,2007-01-30,2066
670,2007-01-31,2195
671,2007-02-01,1332
672,2007-02-02,2118
673,2007-02-05,1277
674,2007-02-06,1552
675,2007-02-07,2029
676,2007-02-08,2494
677,2007-02-09,2953
678,2007-02-12,997
679,2007-02-13,3189
680,2007-02-14,3311
681,2007-02-15,2431
682,2007-02-16,8850
683,2007-02-19,806
684,2007-02-20,1819
685,2007-02-21,2839
686,2007-02-22,2762
687,2007-02-23,1816
688,2007-02-26,1435
689,2007-02-27,1996
690,2007-02-28,3912
691,2007-03-01,2754
692,2007-03-02,3308
693,2007-03-05,1333
694,2007-03-06,1275
695,2007-03-07,2670
696,2007-03-08,1992
697,2007-03-09,2591
698,2007-03-12,1486
699,2007-03-13,1316
700,2007-03-14,1675
701,2007-03-15,2461
702,2007-03-16,2355
703,2007-03-19,2056
704,2007-03-20,10617
705,2007-03-21,1069
706,2007-03-22,1381
707,2007-03-23,1983
708,2007-03-26,2260
709,2007-03-27,1860
710,2007-03-28,2072
711,2007-03-29,987
712,2007-03-30,2415
713,2007-04-02,1988
714,2007-04-03,2997
715,2007-04-04,2400
716,2007-04-10,1886
717,2007-04-11,1709
718,2007-04-12,2234
719,2007-04-13,1527
720,2007-04-16,1613
721,2007-04-17,2232
722,2007-04-18,9700
723,2007-04-19,1802
724,2007-04-20,1247
725,2007-04-23,1172
726,2007-04-24,1583
727,2007-04-25,1427
728,2007-04-26,2422
729,2007-04-27,2337
730,2007-04-30,991
731,2007-05-01,1866
732,2007-05-02,1190
733,2007-05-03,1757
734,2007-05-04,2797
735,2007-05-08,1082
736,2007-05-09,1336
737,2007-05-10,1757
738,2007-05-11,2605
739,2007-05-14,1572
740,2007-05-15,7056
741,2007-05-16,1611
742,2007-05-17,2988
743,2007-05-18,3792
744,2007-05-21,1163
745,2007-05-22,1239
746,2007-05-23,1506
747,2007-05-24,7005
748,2007-05-25,7101
749,2007-05-29,1120
750,2007-05-30,1134
751,2007-05-31,1233
752,2007-06-01,3004
753,2007-06-04,1328
754,2007-06-05,1285
755,2007-06-06,1628
756,2007-06-07,1192
757,2007-06-08,3029
758,2007-06-11,1347
759,2007-06-12,1790
760,2007-06-13,1845
761,2007-06-14,2728
762,2007-06-15,4398
763,2007-06-18,2381
764,2007-06-19,16394
765,2007-06-20,1193
766,2007-06-21,905
767,2007-06-22,1592
768,2007-06-25,1328
769,2007-06-26,1223
770,2007-06-27,1469
771,2007-06-28,2241
772,2007-06-29,3848
773,2007-07-02,2221
774,2007-07-03,1804
775,2007-07-04,1626
776,2007-07-05,2518
777,2007-07-06,2547
778,2007-07-09,1506
779,2007-07-10,1818
780,2007-07-11,1132
781,2007-07-12,1986
782,2007-07-13,2680
783,2007-07-16,957
784,2007-07-17,9334
785,2007-07-18,1061
786,2007-07-19,1549
787,2007-07-20,2777
788,2007-07-23,2110
789,2007-07-24,1789
790,2007-07-25,1406
791,2007-07-26,2226
792,2007-07-27,2539
793,2007-07-30,1688
794,2007-07-31,2411
795,2007-08-01,2762
796,2007-08-02,1314
797,2007-08-03,2591
798,2007-08-06,1799
799,2007-08-07,1289
800,2007-08-08,1782
801,2007-08-09,2670
802,2007-08-10,3520
803,2007-08-13,1839
804,2007-08-14,1518
805,2007-08-15,3283
806,2007-08-16,4669
807,2007-08-17,6027
808,2007-08-20,2324
809,2007-08-21,10002
810,2007-08-22,1484
811,2007-08-23,2550
812,2007-08-24,2076
813,2007-08-28,1242
814,2007-08-29,1890
815,2007-08-30,1525
816,2007-08-31,2639
817,2007-09-03,1423
818,2007-09-04,1992
819,2007-09-05,2192
820,2007-09-06,2042
821,2007-09-07,1991
822,2007-09-10,1209
823,2007-09-11,2486
824,2007-09-12,1808
825,2007-09-13,1132
826,2007-09-14,1452
827,2007-09-17,1259
828,2007-09-18,1295
829,2007-09-19,15097
830,2007-09-20,2604
831,2007-09-21,2092
832,2007-09-24,1383
833,2007-09-25,3418
834,2007-09-26,4150
835,2007-09-27,4729
836,2007-09-28,2234
837,2007-10-01,1422
838,2007-10-02,2296
839,2007-10-03,1616
840,2007-10-04,1399
841,2007-10-05,1814
842,2007-10-08,1727
843,2007-10-09,1170
844,2007-10-10,1421
845,2007-10-12,2854
846,2007-10-15,1754
847,2007-10-16,8564
848,2007-10-17,2386
849,2007-10-18,1691
850,2007-10-19,2087
851,2007-10-22,1689
852,2007-10-23,2147
853,2007-10-24,2674
854,2007-10-25,1180
855,2007-10-29,1982
856,2007-10-30,3166
857,2007-10-31,1483
858,2007-11-01,2632
859,2007-11-02,3492
860,2007-11-05,1345
861,2007-11-06,1521
862,2007-11-07,2092
863,2007-11-08,2520
864,2007-11-09,3695
865,2007-11-12,2863
866,2007-11-13,1926
867,2007-11-14,2478
868,2007-11-15,3438
869,2007-11-16,4938
870,2007-11-19,3608
871,2007-11-20,9215
872,2007-11-21,2927
873,2007-11-22,2283
874,2007-11-23,2114
875,2007-11-26,1531
876,2007-11-27,1588
877,2007-11-28,1339
878,2007-11-29,2033
879,2007-11-30,3719
880,2007-12-03,1784
881,2007-12-04,2421
882,2007-12-05,1560
883,2007-12-06,2447
884,2007-12-07,2137
885,2007-12-10,2274
886,2007-12-11,1431
887,2007-12-12,2173
888,2007-12-13,2115
889,2007-12-14,1426
890,2007-12-17,1888
891,2007-12-18,1674
892,2007-12-19,11122
893,2007-12-20,1452
894,2007-12-27,1444
895,2007-12-28,1612
896,2007-12-31,1659
897,2008-01-02,2340
898,2008-01-03,2280
899,2008-01-04,2147
900,2008-01-07,1441
901,2008-01-08,2843
902,2008-01-09,2130
903,2008-01-10,2289
904,2008-01-11,1701
905,2008-01-14,2081
906,2008-01-15,2494
907,2008-01-16,8075
908,2008-01-17,2103
909,2008-01-18,2221
910,2008-01-21,3090
911,2008-01-22,3213
912,2008-01-23,2727
913,2008-01-24,2258
914,2008-01-25,1868
915,2008-01-28,1745
916,2008-01-29,3105
917,2008-01-30,1686
918,2008-01-31,3885
919,2008-02-01,1557
920,2008-02-04,2415
921,2008-02-05,3945
922,2008-02-06,4235
923,2008-02-07,3702
924,2008-02-08,2862
925,2008-02-11,2639
926,2008-02-12,3220
927,2008-02-13,1927
928,2008-02-14,1816
929,2008-02-15,1513
930,2008-02-18,1894
931,2008-02-19,4275
932,2008-02-20,1891
933,2008-02-21,14831
934,2008-02-22,2037
935,2008-02-25,2319
936,2008-02-26,3243
937,2008-02-27,3699
938,2008-02-28,4390
939,2008-02-29,2225
940,2008-03-03,1607
941,2008-03-04,1682
942,2008-03-05,3232
943,2008-03-06,2175
944,2008-03-07,3169
945,2008-03-10,2065
946,2008-03-11,1860
947,2008-03-12,2066
948,2008-03-13,1882
949,2008-03-14,2163
950,2008-03-17,3407
951,2008-03-18,12664
952,2008-03-19,1754
953,2008-03-25,2213
954,2008-03-26,1613
955,2008-03-27,2544
956,2008-03-28,3224
957,2008-03-31,1588
958,2008-04-01,2222
959,2008-04-02,3115
960,2008-04-03,1639
961,2008-04-04,2299
962,2008-04-07,3809
963,2008-04-08,1499
964,2008-04-09,2165
965,2008-04-10,1500
966,2008-04-11,977
967,2008-04-14,1462
968,2008-04-15,1521
969,2008-04-16,12037
970,2008-04-17,2035
971,2008-04-18,1520
972,2008-04-21,1036
973,2008-04-22,2036
974,2008-04-23,1506
975,2008-04-24,1397
976,2008-04-25,1706
977,2008-04-28,1535
978,2008-04-29,1478
979,2008-04-30,2278
980,2008-05-01,2676
981,2008-05-02,2870
982,2008-05-06,1498
983,2008-05-07,1166
984,2008-05-08,1706
985,2008-05-09,2324
986,2008-05-12,1762
987,2008-05-13,1455
988,2008-05-14,1575
989,2008-05-15,2275
990,2008-05-16,3271
991,2008-05-19,1431
992,2008-05-20,7906
993,2008-05-21,1256
994,2008-05-22,1951
995,2008-05-23,2809
996,2008-05-27,923
997,2008-05-28,1631
998,2008-05-29,2687
999,2008-05-30,3135
1000,2008-06-02,1693
1001,2008-06-03,1416
1002,2008-06-04,2055
1003,2008-06-05,1531
1004,2008-06-06,2222
1005,2008-06-09,789
1006,2008-06-10,1733
1007,2008-06-11,1515
1008,2008-06-12,2026
1009,2008-06-13,3071
1010,2008-06-16,2909
1011,2008-06-17,13119
1012,2008-06-18,2755
1013,2008-06-19,1916
1014,2008-06-20,2855
1015,2008-06-23,1638
1016,2008-06-24,1063
1017,2008-06-25,1519
1018,2008-06-26,2157
1019,2008-06-27,3130
1020,2008-06-30,1937
1021,2008-07-01,1382
1022,2008-07-02,2432
1023,2008-07-03,1771
1024,2008-07-04,2554
1025,2008-07-07,1536
1026,2008-07-08,2894
1027,2008-07-09,1930
1028,2008-07-10,1976
1029,2008-07-11,2679
1030,2008-07-14,1327
1031,2008-07-15,8409
1032,2008-07-16,2103
1033,2008-07-17,1966
1034,2008-07-18,2439
1035,2008-07-21,1056
1036,2008-07-22,1869
1037,2008-07-23,1677
1038,2008-07-24,2327
1039,2008-07-25,2999
1040,2008-07-28,1022
1041,2008-07-29,1239
1042,2008-07-30,2351
1043,2008-07-31,2109
1044,2008-08-01,3206
1045,2008-08-04,3800
1046,2008-08-05,2858
1047,2008-08-06,2374
1048,2008-08-07,1466
1049,2008-08-08,2914
1050,2008-08-11,2007
1051,2008-08-12,3531
1052,2008-08-13,5072
1053,2008-08-14,3305
1054,2008-08-15,3794
1055,2008-08-18,1381
1056,2008-08-19,9755
1057,2008-08-20,1793
1058,2008-08-21,2822
1059,2008-08-22,3585
1060,2008-08-26,1701
1061,2008-08-27,1462
1062,2008-08-28,2338
1063,2008-08-29,3285
1064,2008-09-01,2246
1065,2008-09-02,3826
1066,2008-09-03,1659
1067,2008-09-04,2445
1068,2008-09-05,5808
1069,2008-09-08,2084
1070,2008-09-09,3229
1071,2008-09-10,3451
1072,2008-09-11,2845
1073,2008-09-12,3130
1074,2008-09-15,2685
1075,2008-09-16,2651
1076,2008-09-17,21474
1077,2008-09-18,3323
1078,2008-09-19,3159
1079,2008-09-22,2268
1080,2008-09-23,2621
1081,2008-09-24,1773
1082,2008-09-25,3541
1083,2008-09-26,1893
1084,2008-09-29,3908
1085,2008-09-30,2644
1086,2008-10-01,3592
1087,2008-10-02,5702
1088,2008-10-03,6423
1089,2008-10-06,3524
1090,2008-10-07,3315
1091,2008-10-08,2876
1092,2008-10-09,2345
1093,2008-10-10,4031
1094,2008-10-13,2922
1095,2008-10-14,2331
1096,2008-10-15,2249
1097,2008-10-16,3345
1098,2008-10-17,3421
1099,2008-10-20,1265
1100,2008-10-21,11444
1101,2008-10-22,3356
1102,2008-10-23,2868
1103,2008-10-24,3349
1104,2008-10-27,3293
1105,2008-10-28,2490
1106,2008-10-29,4717
1107,2008-10-30,2277
1108,2008-10-31,4341
1109,2008-11-03,2190
1110,2008-11-04,2464
1111,2008-11-05,3408
1112,2008-11-06,2755
1113,2008-11-07,3540
1114,2008-11-10,2700
1115,2008-11-11,2981
1116,2008-11-12,2106
1117,2008-11-13,1935
1118,2008-11-14,2704
1119,2008-11-17,1343
1120,2008-11-18,5793
1121,2008-11-19,1722
1122,2008-11-20,1860
1123,2008-11-21,3442
1124,2008-11-24,3552
1125,2008-11-25,2379
1126,2008-11-26,2157
1127,2008-11-27,1389
1128,2008-11-28,2899
1129,2008-12-01,1663
1130,2008-12-02,2781
1131,2008-12-03,2426
1132,2008-12-04,2227
1133,2008-12-05,2604
1134,2008-12-08,2069
1135,2008-12-09,2932
1136,2008-12-10,2307
1137,2008-12-11,1603
1138,2008-12-12,2717
1139,2008-12-15,1394
1140,2008-12-16,2104
1141,2008-12-17,1600
1142,2008-12-18,13082
1143,2008-12-19,1620
1144,2008-12-22,1122
1145,2008-12-23,1917
1146,2008-12-24,970
1147,2008-12-29,1293
1148,2008-12-30,1733
1149,2008-12-31,1992
1150,2009-01-02,1935
1151,2009-01-05,2049
1152,2009-01-06,2947
1153,2009-01-07,2917
1154,2009-01-08,2481
1155,2009-01-09,3850
1156,2009-01-12,6217
1157,2009-01-13,3499
1158,2009-01-14,4866
1159,2009-01-15,6487
1160,2009-01-16,1767
1161,2009-01-19,1279
1162,2009-01-20,2262
1163,2009-01-21,2732
1164,2009-01-22,4013
1165,2009-01-23,2639
1166,2009-01-26,4340
1167,2009-01-27,4699
1168,2009-01-28,1575
1169,2009-01-29,2564
1170,2009-01-30,1899
1171,2009-02-02,1492
1172,2009-02-03,1940
1173,2009-02-04,3942
1174,2009-02-05,4074
1175,2009-02-06,4094
1176,2009-02-09,2221
1177,2009-02-10,1818
1178,2009-02-11,2102
1179,2009-02-13,1490
1180,2009-02-16,1403
1181,2009-02-17,2984
1182,2009-02-18,3573
1183,2009-02-19,1395
1184,2009-02-20,13959
1185,2009-02-23,1631
1186,2009-02-24,2227
1187,2009-02-25,3780
1188,2009-02-26,4901
1189,2009-02-27,2393
1190,2009-03-02,1232
1191,2009-03-03,2422
1192,2009-03-04,4249
1193,2009-03-05,2635
1194,2009-03-06,3256
1195,2009-03-09,2394
1196,2009-03-10,2557
1197,2009-03-11,2161
1198,2009-03-12,2079
1199,2009-03-13,2215
1200,2009-03-16,3475
1201,2009-03-17,8961
1202,2009-03-18,2419
1203,2009-03-19,3855
1204,2009-03-20,5189
1205,2009-03-23,2329
1206,2009-03-24,2336
1207,2009-03-25,1650
1208,2009-03-26,2231
1209,2009-03-27,2346
1210,2009-03-30,1892
1211,2009-03-31,4087
1212,2009-04-01,2396
1213,2009-04-02,6037
1214,2009-04-03,2999
1215,2009-04-06,3872
1216,2009-04-07,1625
1217,2009-04-08,1425
1218,2009-04-09,2968
1219,2009-04-14,4300
1220,2009-04-15,9634
1221,2009-04-16,2126
1222,2009-04-17,2407
1223,2009-04-20,1981
1224,2009-04-21,2318
1225,2009-04-22,2319
1226,2009-04-23,2089
1227,2009-04-24,1599
1228,2009-04-27,1536
1229,2009-04-28,2868
1230,2009-04-29,2878
1231,2009-04-30,1920
1232,2009-05-01,1855
1233,2009-05-05,1205
1234,2009-05-06,2170
1235,2009-05-07,1507
1236,2009-05-08,2441
1237,2009-05-11,1666
1238,2009-05-12,1426
1239,2009-05-13,2146
1240,2009-05-14,2191
1241,2009-05-15,2833
1242,2009-05-18,2081
1243,2009-05-19,7700
1244,2009-05-20,1367
1245,2009-05-21,1854
1246,2009-05-22,1837
1247,2009-05-26,2337
1248,2009-05-27,1523
1249,2009-05-28,3356
1250,2009-05-29,5191
1251,2009-06-01,2389
1252,2009-06-02,2019
1253,2009-06-03,3528
1254,2009-06-04,2217
1255,2009-06-05,3197
1256,2009-06-08,1303
1257,2009-06-09,1921
1258,2009-06-10,2498
1259,2009-06-11,2253
1260,2009-06-12,2263
1261,2009-06-15,2315
1262,2009-06-16,11357
1263,2009-06-17,1778
1264,2009-06-18,1345
1265,2009-06-19,2307
1266,2009-06-22,2123
1267,2009-06-23,2041
1268,2009-06-24,2135
1269,2009-06-25,2434
1270,2009-06-26,3147
1271,2009-06-29,2258
1272,2009-06-30,2653
1273,2009-07-01,2449
1274,2009-07-02,2834
1275,2009-07-03,3207
1276,2009-07-06,2089
1277,2009-07-07,1349
1278,2009-07-08,2837
1279,2009-07-09,3078
1280,2009-07-10,4429
1281,2009-07-13,1515
1282,2009-07-14,2238
1283,2009-07-15,3251
1284,2009-07-16,2935
1285,2009-07-17,4560
1286,2009-07-20,2342
1287,2009-07-21,7744
1288,2009-07-22,2611
1289,2009-07-23,2376
1290,2009-07-24,2586
1291,2009-07-27,1628
1292,2009-07-28,1894
1293,2009-07-29,2138
1294,2009-07-30,1877
1295,2009-07-31,3779
1296,2009-08-03,2471
1297,2009-08-04,2003
1298,2009-08-05,2127
1299,2009-08-06,2437
1300,2009-08-07,3670
1301,2009-08-10,2383
1302,2009-08-11,1732
1303,2009-08-12,3337
1304,2009-08-13,2541
1305,2009-08-14,4107
1306,2009-08-17,3254
1307,2009-08-18,6783
1308,2009-08-19,2485
1309,2009-08-20,1673
1310,2009-08-21,4374
1311,2009-08-24,1773
1312,2009-08-25,1363
1313,2009-08-26,1728
1314,2009-08-27,1868
1315,2009-08-28,3451
1316,2009-09-01,1801
1317,2009-09-02,2177
1318,2009-09-03,1561
1319,2009-09-04,1291
1320,2009-09-07,465
1321,2009-09-08,2751
1322,2009-09-09,1481
1323,2009-09-10,1842
1324,2009-09-11,1902
1325,2009-09-14,2985
1326,2009-09-15,1102
1327,2009-09-16,18460
1328,2009-09-17,2010
1329,2009-09-18,2181
1330,2009-09-21,2385
1331,2009-09-22,1482
1332,2009-09-23,1933
1333,2009-09-24,3275
1334,2009-09-25,5215
1335,2009-09-28,1939
1336,2009-09-29,2298
1337,2009-09-30,2585
1338,2009-10-01,1727
1339,2009-10-02,2872
1340,2009-10-05,1359
1341,2009-10-06,2209
1342,2009-10-07,2051
1343,2009-10-08,2526
1344,2009-10-09,3349
1345,2009-10-12,959
1346,2009-10-13,2154
1347,2009-10-14,1868
1348,2009-10-15,1919
1349,2009-10-16,2623
1350,2009-10-19,3093
1351,2009-10-20,14881
1352,2009-10-21,3917
1353,2009-10-22,2405
1354,2009-10-23,3601
1355,2009-10-26,2205
1356,2009-10-27,1894
1357,2009-10-28,1834
1358,2009-10-29,2161
1359,2009-10-30,3540
1360,2009-11-02,1346
1361,2009-11-03,1605
1362,2009-11-04,1661
1363,2009-11-05,1390
1364,2009-11-06,2282
1365,2009-11-09,1618
1366,2009-11-10,1790
1367,2009-11-11,2156
1368,2009-11-12,2189
1369,2009-11-13,2590
1370,2009-11-16,3852
1371,2009-11-17,9727
1372,2009-11-18,1740
1373,2009-11-19,1974
1374,2009-11-20,2918
1375,2009-11-23,1774
1376,2009-11-24,1662
1377,2009-11-25,1614
1378,2009-11-26,3338
1379,2009-11-27,5821
1380,2009-11-30,5141
1381,2009-12-01,2393
1382,2009-12-02,3217
1383,2009-12-03,1943
1384,2009-12-04,2279
1385,2009-12-07,1486
1386,2009-12-08,5631
1387,2009-12-09,2297
1388,2009-12-10,1932
1389,2009-12-11,1609
1390,2009-12-14,1999
1391,2009-12-15,2504
1392,2009-12-16,1820
1393,2009-12-17,28260
1394,2009-12-18,2001
1395,2009-12-21,1211
1396,2009-12-22,1501
1397,2009-12-23,1683
1398,2009-12-24,1749
1399,2009-12-29,2155
1400,2009-12-30,1625
1401,2009-12-31,1953
1402,2010-01-04,1898
1403,2010-01-05,2541
1404,2010-01-06,3872
1405,2010-01-07,3198
1406,2010-01-08,2210
1407,2010-01-11,2941
1408,2010-01-12,5307
1409,2010-01-13,3220
1410,2010-01-14,1980
1411,2010-01-15,1602
1412,2010-01-18,1370
1413,2010-01-19,2220
1414,2010-01-20,3199
1415,2010-01-21,12457
1416,2010-01-22,4112
1417,2010-01-25,2347
1418,2010-01-26,4515
1419,2010-01-27,4698
1420,2010-01-28,5067
1421,2010-01-29,3984
1422,2010-02-01,3521
1423,2010-02-02,3774
1424,2010-02-03,5562
1425,2010-02-04,6379
1426,2010-02-05,2650
1427,2010-02-08,2636
1428,2010-02-09,2346
1429,2010-02-10,3738
1430,2010-02-11,3690
1431,2010-02-12,2430
1432,2010-02-15,1142
1433,2010-02-16,3180
1434,2010-02-17,6212
1435,2010-02-18,2235
1436,2010-02-19,10853
1437,2010-02-22,2588
1438,2010-02-23,3894
1439,2010-02-24,5558
1440,2010-02-25,2599
1441,2010-02-26,2995
1442,2010-03-01,8806
1443,2010-03-02,3646
1444,2010-03-03,4564
1445,2010-03-04,2141
1446,2010-03-05,3072
1447,2010-03-08,2082
1448,2010-03-09,1875
1449,2010-03-10,2139
1450,2010-03-11,1505
1451,2010-03-12,2603
1452,2010-03-15,2657
1453,2010-03-16,12719
1454,2010-03-17,1459
1455,2010-03-18,981
1456,2010-03-19,1547
1457,2010-03-22,2332
1458,2010-03-23,1558
1459,2010-03-24,1858
1460,2010-03-25,1345
1461,2010-03-26,3544
1462,2010-03-29,3355
1463,2010-03-30,3081
1464,2010-03-31,5198
1465,2010-04-01,1450
1466,2010-04-06,2048
1467,2010-04-07,1769
1468,2010-04-08,1369
1469,2010-04-09,2351
1470,2010-04-12,2266
1471,2010-04-13,1763
1472,2010-04-14,1726
1473,2010-04-15,1428
1474,2010-04-16,2625
1475,2010-04-19,2731
1476,2010-04-20,1995
1477,2010-04-21,14324
1478,2010-04-22,2645
1479,2010-04-23,2498
1480,2010-04-26,1751
1481,2010-04-27,2640
1482,2010-04-28,2944
1483,2010-04-29,2308
1484,2010-04-30,2833
1485,2010-05-04,4559
1486,2010-05-05,4306
1487,2010-05-06,3657
1488,2010-05-07,4097
1489,2010-05-10,2823
1490,2010-05-11,2449
1491,2010-05-12,2210
1492,2010-05-13,1659
1493,2010-05-14,2560
1494,2010-05-17,5176
1495,2010-05-18,6987
1496,2010-05-19,2779
1497,2010-05-20,3106
1498,2010-05-21,3675
1499,2010-05-24,2922
1500,2010-05-25,1966
1501,2010-05-26,2201
1502,2010-05-27,2121
1503,2010-05-28,2712
1504,2010-06-01,2444
1505,2010-06-02,3144
1506,2010-06-03,3308
1507,2010-06-04,4821
1508,2010-06-07,2772
1509,2010-06-08,2309
1510,2010-06-09,2236
1511,2010-06-10,2877
1512,2010-06-11,3600
1513,2010-06-14,1608
1514,2010-06-15,13894
1515,2010-06-16,2010
1516,2010-06-17,2236
1517,2010-06-18,2789
1518,2010-06-21,1674
1519,2010-06-22,1831
1520,2010-06-23,1368
1521,2010-06-24,3236
1522,2010-06-25,3830
1523,2010-06-28,2392
1524,2010-06-29,3557
1525,2010-06-30,2644
1526,2010-07-01,2984
1527,2010-07-02,3515
1528,2010-07-05,671
1529,2010-07-06,1968
1530,2010-07-07,2496
1531,2010-07-08,1778
1532,2010-07-09,2319
1533,2010-07-12,1518
1534,2010-07-13,1694
1535,2010-07-14,1545
1536,2010-07-15,1251
1537,2010-07-16,2631
1538,2010-07-19,2059
1539,2010-07-20,7276
1540,2010-07-21,3087
1541,2010-07-22,5029
1542,2010-07-23,5555
1543,2010-07-26,3162
1544,2010-07-27,2568
1545,2010-07-28,2150
1546,2010-07-29,1603
1547,2010-07-30,3113
1548,2010-08-02,3429
1549,2010-08-03,2565
1550,2010-08-04,2617
1551,2010-08-05,2997
1552,2010-08-06,3983
1553,2010-08-09,1287
1554,2010-08-10,2422
1555,2010-08-11,1757
1556,2010-08-12,2336
1557,2010-08-13,2568
1558,2010-08-16,2519
1559,2010-08-17,6754
1560,2010-08-18,2069
1561,2010-08-19,2285
1562,2010-08-20,3078
1563,2010-08-23,1521
1564,2010-08-24,2752
1565,2010-08-25,2818
1566,2010-08-26,2770
1567,2010-08-27,3671
1568,2010-08-31,2830
1569,2010-09-01,3299
1570,2010-09-02,1304
1571,2010-09-03,2355
1572,2010-09-06,1393
1573,2010-09-07,2690
1574,2010-09-08,2525
1575,2010-09-09,2886
1576,2010-09-10,2470
1577,2010-09-13,1466
1578,2010-09-14,1403
1579,2010-09-15,36375
1580,2010-09-16,1928
1581,2010-09-17,2616
1582,2010-09-20,1762
1583,2010-09-21,1507
1584,2010-09-22,1773
1585,2010-09-23,2284
1586,2010-09-24,3144
1587,2010-09-27,1393
1588,2010-09-28,3116
1589,2010-09-29,4936
1590,2010-09-30,2980
1591,2010-10-01,2272
1592,2010-10-04,1511
1593,2010-10-05,5290
1594,2010-10-06,2143
1595,2010-10-07,3094
1596,2010-10-08,4346
1597,2010-10-11,2298
1598,2010-10-12,2562
1599,2010-10-13,2904
1600,2010-10-14,1886
1601,2010-10-15,2249
1602,2010-10-18,1986
1603,2010-10-19,13942
1604,2010-10-20,1938
1605,2010-10-21,2159
1606,2010-10-22,2901
1607,2010-10-25,2081
1608,2010-10-26,2491
1609,2010-10-27,3208
1610,2010-10-28,2665
1611,2010-10-29,4124
1612,2010-11-01,2281
1613,2010-11-02,1880
1614,2010-11-03,1998
1615,2010-11-04,4314
1616,2010-11-05,5467
1617,2010-11-08,1492
1618,2010-11-09,2941
1619,2010-11-10,2480
1620,2010-11-11,2375
1621,2010-11-12,3691
1622,2010-11-15,2530
1623,2010-11-16,8706
1624,2010-11-17,2876
1625,2010-11-18,2334
1626,2010-11-19,3064
1627,2010-11-22,1740
1628,2010-11-23,2473
1629,2010-11-24,2669
1630,2010-11-25,1342
1631,2010-11-26,2105
1632,2010-11-29,2574
1633,2010-11-30,3971
1634,2010-12-01,3414
1635,2010-12-02,3131
1636,2010-12-03,2819
1637,2010-12-06,2302
1638,2010-12-07,5492
1639,2010-12-08,3654
1640,2010-12-09,3106
1641,2010-12-10,5661
1642,2010-12-13,2584
1643,2010-12-14,3447
1644,2010-12-15,2073
1645,2010-12-16,38382
1646,2010-12-17,2097
1647,2010-12-20,1728
1648,2010-12-21,2822
1649,2010-12-22,2772
1650,2010-12-23,2285
1651,2010-12-24,1044
1652,2010-12-29,1512
1653,2010-12-30,2616
1654,2010-12-31,2696
1655,2011-01-04,3476
1656,2011-01-05,2992
1657,2011-01-06,2591
1658,2011-01-07,3241
1659,2011-01-10,1860
1660,2011-01-11,2775
1661,2011-01-12,2902
1662,2011-01-13,2847
1663,2011-01-14,2335
1664,2011-01-17,1928
1665,2011-01-18,2551
1666,2011-01-19,3606
1667,2011-01-20,7768
1668,2011-01-21,2153
1669,2011-01-24,2385
1670,2011-01-25,4300
1671,2011-01-26,5067
1672,2011-01-27,2514
1673,2011-01-28,2341
1674,2011-01-31,3836
1675,2011-02-01,3451
1676,2011-02-02,3725
1677,2011-02-03,4246
1678,2011-02-04,2622
1679,2011-02-07,1455
1680,2011-02-08,2326
1681,2011-02-09,2537
1682,2011-02-10,3013
1683,2011-02-11,1574
1684,2011-02-14,2861
1685,2011-02-15,1959
1686,2011-02-16,3669
1687,2011-02-17,2623
1688,2011-02-18,16889
1689,2011-02-21,1756
1690,2011-02-22,3000
1691,2011-02-23,5789
1692,2011-02-24,2646
1693,2011-02-25,3802
1694,2011-02-28,2421
1695,2011-03-01,3706
1696,2011-03-02,2681
1697,2011-03-03,2755
1698,2011-03-04,3644
1699,2011-03-07,2833
1700,2011-03-08,3856
1701,2011-03-09,4218
1702,2011-03-10,3264
1703,2011-03-11,4917
1704,2011-03-14,2635
1705,2011-03-15,18007
1706,2011-03-16,2598
1707,2011-03-17,4108
1708,2011-03-18,4542
1709,2011-03-21,1892
1710,2011-03-22,1592
1711,2011-03-23,2518
1712,2011-03-24,2274
1713,2011-03-25,3239
1714,2011-03-28,1864
1715,2011-03-29,1690
1716,2011-03-30,2957
1717,2011-03-31,3939
1718,2011-04-01,3880
1719,2011-04-04,1470
1720,2011-04-05,2578
1721,2011-04-06,2761
1722,2011-04-07,2854
1723,2011-04-08,4200
1724,2011-04-11,2371
1725,2011-04-12,3630
1726,2011-04-13,3798
1727,2011-04-14,2910
1728,2011-04-15,2449
1729,2011-04-18,4295
1730,2011-04-19,2420
1731,2011-04-20,14358
1732,2011-04-21,3593
1733,2011-04-26,2065
1734,2011-04-27,2021
1735,2011-04-28,2723
1736,2011-05-03,2398
1737,2011-05-04,3634
1738,2011-05-05,5812
1739,2011-05-06,7365
1740,2011-05-09,2309
1741,2011-05-10,1936
1742,2011-05-11,3064
1743,2011-05-12,3031
1744,2011-05-13,4391
1745,2011-05-16,2128
1746,2011-05-17,7768
1747,2011-05-18,2294
1748,2011-05-19,2394
1749,2011-05-20,2641
1750,2011-05-23,2323
1751,2011-05-24,1640
1752,2011-05-25,2587
1753,2011-05-26,2373
1754,2011-05-27,4260
1755,2011-05-31,2389
1756,2011-06-01,2179
1757,2011-06-02,2674
1758,2011-06-03,4014
1759,2011-06-06,1331
1760,2011-06-07,1417
1761,2011-06-08,2361
1762,2011-06-09,1133
1763,2011-06-10,3666
1764,2011-06-13,1963
1765,2011-06-14,3202
1766,2011-06-15,2262
1767,2011-06-16,2308
1768,2011-06-17,2840
1769,2011-06-20,2852
1770,2011-06-21,18803
1771,2011-06-22,1472
1772,2011-06-23,2089
1773,2011-06-24,3694
1774,2011-06-27,2243
1775,2011-06-28,1375
1776,2011-06-29,5174
1777,2011-06-30,3750
1778,2011-07-01,4799
1779,2011-07-04,2190
1780,2011-07-05,3015
1781,2011-07-06,2524
1782,2011-07-07,4467
1783,2011-07-08,4825
1784,2011-07-11,2575
1785,2011-07-12,2351
1786,2011-07-13,3020
1787,2011-07-14,2034
1788,2011-07-15,2495
1789,2011-07-18,1587
1790,2011-07-19,15073
1791,2011-07-20,1635
1792,2011-07-21,1992
1793,2011-07-22,2958
1794,2011-07-25,1562
1795,2011-07-26,2430
1796,2011-07-27,1909
1797,2011-07-28,2846
1798,2011-07-29,2949
1799,2011-08-01,3082
1800,2011-08-02,2900
1801,2011-08-03,4356
1802,2011-08-04,5426
1803,2011-08-05,9262
1804,2011-08-08,5576
1805,2011-08-09,3750
1806,2011-08-10,3648
1807,2011-08-11,4448
1808,2011-08-12,4373
1809,2011-08-15,1716
1810,2011-08-16,10020
1811,2011-08-17,1549
1812,2011-08-18,2368
1813,2011-08-19,3977
1814,2011-08-22,1727
1815,2011-08-23,2185
1816,2011-08-24,2419
1817,2011-08-25,4036
1818,2011-08-26,5130
1819,2011-08-30,2836
1820,2011-08-31,3856
1821,2011-09-01,2395
1822,2011-09-02,1688
1823,2011-09-05,2749
1824,2011-09-06,1981
1825,2011-09-07,2608
1826,2011-09-08,2049
1827,2011-09-09,3621
1828,2011-09-12,3541
1829,2011-09-13,2471
1830,2011-09-14,2632
1831,2011-09-15,3197
1832,2011-09-16,2671
1833,2011-09-19,4468
1834,2011-09-20,3198
1835,2011-09-21,23885
1836,2011-09-22,5628
1837,2011-09-23,7143
1838,2011-09-26,5005
1839,2011-09-27,7811
1840,2011-09-28,7771
1841,2011-09-29,3743
1842,2011-09-30,5215
1843,2011-10-03,2058
1844,2011-10-04,2924
1845,2011-10-05,2433
1846,2011-10-06,2800
1847,2011-10-07,5486
1848,2011-10-10,2270
1849,2011-10-11,3109
1850,2011-10-12,2957
1851,2011-10-13,3022
1852,2011-10-14,3260
1853,2011-10-17,2919
1854,2011-10-18,10653
1855,2011-10-19,2125
1856,2011-10-20,4468
1857,2011-10-21,6440
1858,2011-10-24,3336
1859,2011-10-25,3293
1860,2011-10-26,4232
1861,2011-10-27,5637
1862,2011-10-28,7661
1863,2011-10-31,3718
1864,2011-11-01,3062
1865,2011-11-02,4197
1866,2011-11-03,2890
1867,2011-11-04,3240
1868,2011-11-07,2166
1869,2011-11-08,2022
1870,2011-11-09,3581
1871,2011-11-10,2103
1872,2011-11-11,3254
1873,2011-11-14,2531
1874,2011-11-15,11734
1875,2011-11-16,1453
1876,2011-11-17,2728
1877,2011-11-18,3235
1878,2011-11-21,2280
1879,2011-11-22,2426
1880,2011-11-23,4585
1881,2011-11-24,1581
1882,2011-11-25,2830
1883,2011-11-28,2765
1884,2011-11-29,2229
1885,2011-11-30,5083
1886,2011-12-01,3095
1887,2011-12-02,3768
1888,2011-12-05,2616
1889,2011-12-06,2433
1890,2011-12-07,3149
1891,2011-12-08,2145
1892,2011-12-09,2449
1893,2011-12-12,1918
1894,2011-12-13,2248
1895,2011-12-14,5107
1896,2011-12-15,2307
1897,2011-12-16,1974
1898,2011-12-19,1821
1899,2011-12-20,1771
1900,2011-12-21,19885
1901,2011-12-22,1362
1902,2011-12-23,1860
1903,2011-12-28,2444
1904,2011-12-29,1355
1905,2011-12-30,2640
1906,2012-01-03,2279
1907,2012-01-04,2354
1908,2012-01-05,2391
1909,2012-01-06,3006
1910,2012-01-09,1702
1911,2012-01-10,3314
1912,2012-01-11,2444
1913,2012-01-12,4596
1914,2012-01-13,3519
1915,2012-01-16,2060
1916,2012-01-17,2772
1917,2012-01-18,11068
1918,2012-01-19,2602
1919,2012-01-20,2369
1920,2012-01-23,2495
1921,2012-01-24,1563
1922,2012-01-25,1720
1923,2012-01-26,3263
1924,2012-01-27,2916
1925,2012-01-30,2775
1926,2012-01-31,4678
1927,2012-02-01,3559
1928,2012-02-02,2049
1929,2012-02-03,2583
1930,2012-02-06,1699
1931,2012-02-07,3334
1932,2012-02-08,4314
1933,2012-02-09,3326
1934,2012-02-10,5098
1935,2012-02-13,2202
1936,2012-02-14,4627
1937,2012-02-15,2663
1938,2012-02-16,16510
1939,2012-02-17,2785
1940,2012-02-20,1901
1941,2012-02-21,3662
1942,2012-02-22,2794
1943,2012-02-23,1845
1944,2012-02-24,2531
1945,2012-02-27,1688
1946,2012-02-28,2280
1947,2012-02-29,3362
1948,2012-03-01,3552
1949,2012-03-02,3457
1950,2012-03-05,2356
1951,2012-03-06,5776
1952,2012-03-07,3468
1953,2012-03-08,2838
1954,2012-03-09,4619
1955,2012-03-12,1303
1956,2012-03-13,2364
1957,2012-03-14,2814
1958,2012-03-15,2406
1959,2012-03-16,4169
1960,2012-03-19,3103
1961,2012-03-20,17959
1962,2012-03-21,1584
1963,2012-03-22,2830
1964,2012-03-23,3792
1965,2012-03-26,3787
1966,2012-03-27,2253
1967,2012-03-28,3272
1968,2012-03-29,2837
1969,2012-03-30,3671
1970,2012-04-02,5380
1971,2012-04-03,1622
1972,2012-04-04,3060
1973,2012-04-05,3628
1974,2012-04-10,4500
1975,2012-04-11,2212
1976,2012-04-12,3301
1977,2012-04-13,2857
1978,2012-04-16,3637
1979,2012-04-17,4483
1980,2012-04-18,9663
1981,2012-04-19,1806
1982,2012-04-20,3588
1983,2012-04-23,3366
1984,2012-04-24,3566
1985,2012-04-25,3636
1986,2012-04-26,3588
1987,2012-04-27,4304
1988,2012-04-30,2831
1989,2012-05-01,1578
1990,2012-05-02,3441
1991,2012-05-03,2290
1992,2012-05-04,3391
1993,2012-05-08,2645
1994,2012-05-09,3218
1995,2012-05-10,3099
1996,2012-05-11,3655
1997,2012-05-14,3982
1998,2012-05-15,9643
1999,2012-05-16,2909
2000,2012-05-17,2115
2001,2012-05-18,2659
2002,2012-05-21,2760
2003,2012-05-22,2398
2004,2012-05-23,3407
2005,2012-05-24,2327
2006,2012-05-25,2621
2007,2012-05-28,1299
2008,2012-05-29,2151
2009,2012-05-30,3466
2010,2012-05-31,2674
2011,2012-06-01,5573
2012,2012-06-06,2934
2013,2012-06-07,2923
2014,2012-06-08,4266
2015,2012-06-11,2731
2016,2012-06-12,1807
2017,2012-06-13,1854
2018,2012-06-14,1969
2019,2012-06-15,3314
2020,2012-06-18,1758
2021,2012-06-19,14133
2022,2012-06-20,2283
2023,2012-06-21,3005
2024,2012-06-22,3918
2025,2012-06-25,2550
2026,2012-06-26,1337
2027,2012-06-27,2183
2028,2012-06-28,2465
2029,2012-06-29,6540
2030,2012-07-02,3524
2031,2012-07-03,4584
2032,2012-07-04,1986
2033,2012-07-05,2242
2034,2012-07-06,3860
2035,2012-07-09,1639
2036,2012-07-10,1742
2037,2012-07-11,1731
2038,2012-07-12,1672
2039,2012-07-13,3054
2040,2012-07-16,1391
2041,2012-07-17,6613
2042,2012-07-18,1287
2043,2012-07-19,4709
2044,2012-07-20,5927
2045,2012-07-23,3570
2046,2012-07-24,2440
2047,2012-07-25,2330
2048,2012-07-26,3058
2049,2012-07-27,4723
2050,2012-07-30,1347
2051,2012-07-31,2470
2052,2012-08-01,1937
2053,2012-08-02,5139
2054,2012-08-03,6179
2055,2012-08-06,2103
2056,2012-08-07,4438
2057,2012-08-08,2812
2058,2012-08-09,1444
2059,2012-08-10,2727
2060,2012-08-13,1765
2061,2012-08-14,1397
2062,2012-08-15,1991
2063,2012-08-16,1140
2064,2012-08-17,2957
2065,2012-08-20,1741
2066,2012-08-21,10130
2067,2012-08-22,2843
2068,2012-08-23,3902
2069,2012-08-24,4005
2070,2012-08-28,1965
2071,2012-08-29,1681
2072,2012-08-30,1611
2073,2012-08-31,2709
2074,2012-09-03,2177
2075,2012-09-04,1604
2076,2012-09-05,3928
2077,2012-09-06,2987
2078,2012-09-07,7028
2079,2012-09-10,4979
2080,2012-09-11,2135
2081,2012-09-12,3798
2082,2012-09-13,4049
2083,2012-09-14,3772
2084,2012-09-17,3075
2085,2012-09-18,3411
2086,2012-09-19,33834
2087,2012-09-20,3999
2088,2012-09-21,2859
2089,2012-09-24,2910
2090,2012-09-25,2875
2091,2012-09-26,3857
2092,2012-09-27,5363
2093,2012-09-28,2579
2094,2012-10-01,3145
2095,2012-10-02,3750
2096,2012-10-03,1751
2097,2012-10-04,1411
2098,2012-10-05,2451
2099,2012-10-08,2533
2100,2012-10-09,2016
2101,2012-10-10,2041
2102,2012-10-11,1877
2103,2012-10-12,3181
2104,2012-10-15,2522
2105,2012-10-16,10136
2106,2012-10-17,2753
2107,2012-10-18,1406
2108,2012-10-19,3076
2109,2012-10-22,2961
2110,2012-10-23,3613
2111,2012-10-24,2839
2112,2012-10-25,1900
2113,2012-10-26,2530
2114,2012-10-29,2599
2115,2012-10-30,2754
2116,2012-10-31,2407
2117,2012-11-01,2267
2118,2012-11-02,3273
2119,2012-11-05,2842
2120,2012-11-06,1692
2121,2012-11-07,3231
2122,2012-11-08,2498
2123,2012-11-09,3954
2124,2012-11-12,2166
2125,2012-11-13,3866
2126,2012-11-14,1967
2127,2012-11-15,1613
2128,2012-11-16,2982
2129,2012-11-19,3423
2130,2012-11-20,9135
2131,2012-11-21,2717
2132,2012-11-22,1441
2133,2012-11-23,1977
2134,2012-11-26,2439
2135,2012-11-27,1274
2136,2012-11-28,2178
2137,2012-11-29,4738
2138,2012-11-30,6295
2139,2012-12-03,2501
2140,2012-12-04,4685
2141,2012-12-05,2407
2142,2012-12-06,2483
2143,2012-12-07,2770
2144,2012-12-10,2627
2145,2012-12-11,3815
2146,2012-12-12,2573
2147,2012-12-13,1949
2148,2012-12-14,1753
2149,2012-12-17,2763
2150,2012-12-18,3682
2151,2012-12-19,1994
2152,2012-12-20,30611
2153,2012-12-21,3662
2154,2012-12-24,1300
2155,2012-12-27,1545
2156,2012-12-28,1713
2157,2012-12-31,2443
2158,2013-01-02,3613
2159,2013-01-03,2112
2160,2013-01-04,2057
2161,2013-01-07,2631
2162,2013-01-08,4387
2163,2013-01-09,1939
2164,2013-01-10,2263
2165,2013-01-11,2713
2166,2013-01-14,2722
2167,2013-01-15,4903
2168,2013-01-16,2528
2169,2013-01-17,12747
2170,2013-01-18,2081
2171,2013-01-21,992
2172,2013-01-22,2490
2173,2013-01-23,2291
2174,2013-01-24,2481
2175,2013-01-25,2760
2176,2013-01-28,1684
2177,2013-01-29,2989
2178,2013-01-30,4036
2179,2013-01-31,5659
2180,2013-02-01,4093
2181,2013-02-04,2827
2182,2013-02-05,2050
2183,2013-02-06,3420
2184,2013-02-07,4279
2185,2013-02-08,2528
2186,2013-02-11,1430
2187,2013-02-12,1986
2188,2013-02-13,3025
2189,2013-02-14,1630
2190,2013-02-15,16218
2191,2013-02-18,2621
2192,2013-02-19,2890
2193,2013-02-20,6355
2194,2013-02-21,4735
2195,2013-02-22,3585
2196,2013-02-25,3529
2197,2013-02-26,3043
2198,2013-02-27,3843
2199,2013-02-28,6516
2200,2013-03-01,4270
2201,2013-03-04,3767
2202,2013-03-05,2491
2203,2013-03-06,2840
2204,2013-03-07,2712
2205,2013-03-08,3361
2206,2013-03-11,2564
2207,2013-03-12,4686
2208,2013-03-13,3585
2209,2013-03-14,2755
2210,2013-03-15,4518
2211,2013-03-18,5289
2212,2013-03-19,14928
2213,2013-03-20,3403
2214,2013-03-21,3221
2215,2013-03-22,3834
2216,2013-03-25,1722
2217,2013-03-26,2532
2218,2013-03-27,2433
2219,2013-03-28,3885
2220,2013-04-02,4125
2221,2013-04-03,2960
2222,2013-04-04,3162
2223,2013-04-05,3789
2224,2013-04-08,2159
2225,2013-04-09,3060
2226,2013-04-10,1559
2227,2013-04-11,3255
2228,2013-04-12,4040
2229,2013-04-15,6248
2230,2013-04-16,3535
2231,2013-04-17,14206
2232,2013-04-18,4718
2233,2013-04-19,6206
2234,2013-04-22,5328
2235,2013-04-23,4813
2236,2013-04-24,3482
2237,2013-04-25,3659
2238,2013-04-26,2144
2239,2013-04-29,2745
2240,2013-04-30,2624
2241,2013-05-01,5242
2242,2013-05-02,4229
2243,2013-05-03,10715
2244,2013-05-07,3620
2245,2013-05-08,5214
2246,2013-05-09,3418
2247,2013-05-10,3277
2248,2013-05-13,2773
2249,2013-05-14,2729
2250,2013-05-15,3642
2251,2013-05-16,2918
2252,2013-05-17,3755
2253,2013-05-20,2348
2254,2013-05-21,14705
2255,2013-05-22,4572
2256,2013-05-23,4406
2257,2013-05-24,4825
2258,2013-05-28,2413
2259,2013-05-29,2980
2260,2013-05-30,1970
2261,2013-05-31,3428
2262,2013-06-03,3546
2263,2013-06-04,3707
2264,2013-06-05,3703
2265,2013-06-06,4563
2266,2013-06-07,6045
2267,2013-06-10,2678
2268,2013-06-11,4399
2269,2013-06-12,3175
2270,2013-06-13,4768
2271,2013-06-14,5953
2272,2013-06-17,2535
2273,2013-06-18,18687
2274,2013-06-19,3359
2275,2013-06-20,5697
2276,2013-06-21,6475
2277,2013-06-24,3833
2278,2013-06-25,3776
2279,2013-06-26,3829
2280,2013-06-27,3436
2281,2013-06-28,5253
2282,2013-07-01,4625
2283,2013-07-02,2900
2284,2013-07-03,2783
2285,2013-07-04,2562
2286,2013-07-05,4400
2287,2013-07-08,1991
2288,2013-07-09,3131
2289,2013-07-10,2881
2290,2013-07-11,4617
2291,2013-07-12,4006
2292,2013-07-15,2727
2293,2013-07-16,10482
2294,2013-07-17,3735
2295,2013-07-18,2412
2296,2013-07-19,3613
2297,2013-07-22,3651
2298,2013-07-23,3298
2299,2013-07-24,3445
2300,2013-07-25,2497
2301,2013-07-26,5487
2302,2013-07-29,2473
2303,2013-07-30,3520
2304,2013-07-31,4069
2305,2013-08-01,4214
2306,2013-08-02,8034
2307,2013-08-05,1890
2308,2013-08-06,2963
2309,2013-08-07,3030
2310,2013-08-08,5950
2311,2013-08-09,6353
2312,2013-08-12,3378
2313,2013-08-13,3397
2314,2013-08-14,3401
2315,2013-08-15,2989
2316,2013-08-16,4483
2317,2013-08-19,3467
2318,2013-08-20,12205
2319,2013-08-21,2309
2320,2013-08-22,2613
2321,2013-08-23,3466
2322,2013-08-27,4201
2323,2013-08-28,3548
2324,2013-08-29,6185
2325,2013-08-30,7572
2326,2013-09-02,3837
2327,2013-09-03,3011
2328,2013-09-04,3720
2329,2013-09-05,2735
2330,2013-09-06,3062
2331,2013-09-09,1732
2332,2013-09-10,2454
2333,2013-09-11,1964
2334,2013-09-12,5134
2335,2013-09-13,2649
2336,2013-09-16,2187
2337,2013-09-17,1739
2338,2013-09-18,27587
2339,2013-09-19,3525
2340,2013-09-20,2745
2341,2013-09-23,3242
2342,2013-09-24,2902
2343,2013-09-25,3259
2344,2013-09-26,3155
2345,2013-09-27,3983
2346,2013-09-30,2304
2347,2013-10-01,3668
2348,2013-10-02,3269
2349,2013-10-03,3038
2350,2013-10-04,3155
2351,2013-10-07,1689
2352,2013-10-08,2001
2353,2013-10-09,4980
2354,2013-10-10,3376
2355,2013-10-11,4563
2356,2013-10-14,2987
2357,2013-10-15,12053
2358,2013-10-16,2462
2359,2013-10-17,2829
2360,2013-10-18,4099
2361,2013-10-21,1522
2362,2013-10-22,5044
2363,2013-10-23,5579
2364,2013-10-24,3240
2365,2013-10-25,4954
2366,2013-10-28,1764
2367,2013-10-29,3744
2368,2013-10-30,4760
2369,2013-10-31,2486
2370,2013-11-01,3024
2371,2013-11-04,5651
2372,2013-11-05,2581
2373,2013-11-06,2749
2374,2013-11-07,2825
2375,2013-11-08,3632
2376,2013-11-11,1876
2377,2013-11-12,4309
2378,2013-11-13,5139
2379,2013-11-14,3239
2380,2013-11-15,4369
2381,2013-11-18,2336
2382,2013-11-19,14516
2383,2013-11-20,1333
2384,2013-11-21,2214
2385,2013-11-22,4202
2386,2013-11-25,2603
2387,2013-11-26,1550
2388,2013-11-27,2047
2389,2013-11-28,1833
2390,2013-11-29,3458
2391,2013-12-02,2945
2392,2013-12-03,3525
2393,2013-12-04,5321
2394,2013-12-05,4406
2395,2013-12-06,3074
2396,2013-12-09,1711
2397,2013-12-10,4323
2398,2013-12-11,4413
2399,2013-12-12,4133
2400,2013-12-13,4091
2401,2013-12-16,3498
2402,2013-12-17,5272
2403,2013-12-18,3227
2404,2013-12-19,34526
2405,2013-12-20,3082
2406,2013-12-23,2652
2407,2013-12-24,3374
2408,2013-12-27,3965
2409,2013-12-30,2254
2410,2013-12-31,2760
2411,2014-01-02,2654
2412,2014-01-03,2403
2413,2014-01-06,2786
2414,2014-01-07,3669
2415,2014-01-08,2193
2416,2014-01-09,3122
2417,2014-01-10,4152
2418,2014-01-13,3292
2419,2014-01-14,4540
2420,2014-01-15,3196
2421,2014-01-16,13861
2422,2014-01-17,3048
2423,2014-01-20,1183
2424,2014-01-21,2848
2425,2014-01-22,3506
2426,2014-01-23,3624
2427,2014-01-24,4432
2428,2014-01-27,3352
2429,2014-01-28,4877
2430,2014-01-29,4106
2431,2014-01-30,3255
2432,2014-01-31,4220
2433,2014-02-03,1840
2434,2014-02-04,2534
2435,2014-02-05,4083
2436,2014-02-06,4210
2437,2014-02-07,2552
2438,2014-02-10,2329
2439,2014-02-11,3372
2440,2014-02-12,4918
2441,2014-02-13,3033
2442,2014-02-14,2665
2443,2014-02-17,2627
2444,2014-02-18,2697
2445,2014-02-19,4910
2446,2014-02-20,2937
2447,2014-02-21,14906
2448,2014-02-24,4829
2449,2014-02-25,3263
2450,2014-02-26,4999
2451,2014-02-27,5564
2452,2014-02-28,2791
2453,2014-03-03,2506
2454,2014-03-04,3462
2455,2014-03-05,2361
2456,2014-03-06,1905
2457,2014-03-07,7740
2458,2014-03-10,6890
2459,2014-03-11,5570
2460,2014-03-12,6885
2461,2014-03-13,4032
2462,2014-03-14,6120
2463,2014-03-17,3962
2464,2014-03-18,18273
2465,2014-03-19,5625
2466,2014-03-20,3923
2467,2014-03-21,3699
2468,2014-03-24,2965
2469,2014-03-25,4347
2470,2014-03-26,3581
2471,2014-03-27,3641
2472,2014-03-28,6101
2473,2014-03-31,3285
2474,2014-04-01,2069
2475,2014-04-02,5534
2476,2014-04-03,2768
2477,2014-04-04,3115
2478,2014-04-07,4141
2479,2014-04-08,2356
2480,2014-04-09,3843
2481,2014-04-10,3492
2482,2014-04-11,3867
2483,2014-04-14,2125
2484,2014-04-15,4590
2485,2014-04-16,20040
2486,2014-04-17,2498
2487,2014-04-22,3157
2488,2014-04-23,2658
2489,2014-04-24,7244
2490,2014-04-25,3425
2491,2014-04-28,3470
2492,2014-04-29,3663
2493,2014-04-30,5196
2494,2014-05-01,9121
2495,2014-05-02,5492
2496,2014-05-06,2826
2497,2014-05-07,3668
2498,2014-05-08,3936
2499,2014-05-09,6013
2500,2014-05-12,8130
2501,2014-05-13,4286
2502,2014-05-14,3767
2503,2014-05-15,3073
2504,2014-05-19,4240
2505,2014-05-20,15895
2506,2014-05-21,5048
2507,2014-05-22,3093
2508,2014-05-23,5051
2509,2014-05-27,3005
2510,2014-05-28,2968
2511,2014-05-29,3878
2512,2014-05-30,4878
2513,2014-06-02,3564
2514,2014-06-03,3555
2515,2014-06-04,5662
2516,2014-06-05,3492
2517,2014-06-06,6862
2518,2014-06-09,3387
2519,2014-06-10,2462
2520,2014-06-11,3876
2521,2014-06-12,3767
2522,2014-06-13,5392
2523,2014-06-16,4157
2524,2014-06-17,18303
2525,2014-06-18,3776
2526,2014-06-19,2516
2527,2014-06-20,6724
2528,2014-06-23,3479
2529,2014-06-24,5683
2530,2014-06-25,3750
2531,2014-06-26,5292
2532,2014-06-27,6334
2533,2014-06-30,4398
2534,2014-07-01,3604
2535,2014-07-02,5871
2536,2014-07-03,3152
2537,2014-07-04,3204
2538,2014-07-07,2833
2539,2014-07-08,4200
2540,2014-07-09,3683
2541,2014-07-10,4342
2542,2014-07-11,6864
2543,2014-07-14,3245
2544,2014-07-15,27590
2545,2014-07-16,4774
2546,2014-07-17,3078
2547,2014-07-18,4432
2548,2014-07-21,2398
2549,2014-07-22,2091
2550,2014-07-23,2382
2551,2014-07-24,4830
2552,2014-07-25,5354
2553,2014-07-28,2781
2554,2014-07-29,3629
2555,2014-07-30,2503
2556,2014-07-31,2638
2557,2014-08-01,2986
2558,2014-08-04,3505
2559,2014-08-05,3356
2560,2014-08-06,5484
2561,2014-08-07,3506
2562,2014-08-08,4620
2563,2014-08-11,2577
2564,2014-08-12,3442
2565,2014-08-13,4106
2566,2014-08-14,3873
2567,2014-08-15,4499
2568,2014-08-18,3506
2569,2014-08-19,12427
2570,2014-08-20,4906
2571,2014-08-21,2653
2572,2014-08-22,4843
2573,2014-08-26,2669
2574,2014-08-27,2806
2575,2014-08-28,3641
2576,2014-08-29,4662
2577,2014-09-01,1760
2578,2014-09-02,3056
2579,2014-09-03,4186
2580,2014-09-04,3438
2581,2014-09-05,2642
2582,2014-09-08,3066
2583,2014-09-09,6007
2584,2014-09-10,3210
2585,2014-09-11,4031
2586,2014-09-12,2832
2587,2014-09-15,2559
2588,2014-09-16,5518
2589,2014-09-17,32508
2590,2014-09-18,3099
2591,2014-09-19,2303
2592,2014-09-22,4805
2593,2014-09-23,3435
2594,2014-09-24,3763
2595,2014-09-25,5776
2596,2014-09-26,2650
2597,2014-09-29,4526
2598,2014-09-30,3662
2599,2014-10-01,3267
2600,2014-10-02,6063
2601,2014-10-03,7020
2602,2014-10-06,1869
2603,2014-10-07,1924
2604,2014-10-08,3581
2605,2014-10-09,4137
2606,2014-10-10,6302
2607,2014-10-13,4746
2608,2014-10-14,6657
2609,2014-10-15,7165
2610,2014-10-16,5949
2611,2014-10-17,7278
2612,2014-10-20,3074
2613,2014-10-21,19016
2614,2014-10-22,2958
2615,2014-10-23,3049
2616,2014-10-24,4996
2617,2014-10-27,4404
2618,2014-10-28,4049
2619,2014-10-29,3625
2620,2014-10-30,3294
2621,2014-10-31,4645
2622,2014-11-03,2479
2623,2014-11-04,4484
2624,2014-11-05,4376
2625,2014-11-06,2497
2626,2014-11-07,3820
2627,2014-11-10,2720
2628,2014-11-11,3177
2629,2014-11-12,3186
2630,2014-11-13,3305
2631,2014-11-14,3758
2632,2014-11-17,2521
2633,2014-11-18,17515
2634,2014-11-19,4537
2635,2014-11-20,3237
2636,2014-11-21,5649
2637,2014-11-24,3439
2638,2014-11-25,5428
2639,2014-11-26,4555
2640,2014-11-27,3167
2641,2014-11-28,7721
2642,2014-12-01,7839
2643,2014-12-02,9313
2644,2014-12-03,3288
2645,2014-12-04,4574
2646,2014-12-05,3627
2647,2014-12-08,3214
2648,2014-12-09,6591
2649,2014-12-10,3435
2650,2014-12-11,2863
2651,2014-12-12,3513
2652,2014-12-15,3070
2653,2014-12-16,5478
2654,2014-12-17,3042
2655,2014-12-18,20157
2656,2014-12-19,2784
2657,2014-12-22,2080
2658,2014-12-23,3351
2659,2014-12-24,1551
2660,2014-12-29,3410
2661,2014-12-30,3315
2662,2014-12-31,2244
2663,2015-01-02,2016
2664,2015-01-05,4909
2665,2015-01-06,5673
2666,2015-01-07,6454
2667,2015-01-08,3179
2668,2015-01-09,2945
2669,2015-01-12,4771
2670,2015-01-13,6452
2671,2015-01-14,8413
2672,2015-01-15,15858
2673,2015-01-16,3886
2674,2015-01-19,3456
2675,2015-01-20,4935
2676,2015-01-21,4094
2677,2015-01-22,2554
2678,2015-01-23,4416
2679,2015-01-26,7385
2680,2015-01-27,8634
2681,2015-01-28,3543
2682,2015-01-29,3579
2683,2015-01-30,5271
2684,2015-02-02,3824
2685,2015-02-03,6434
2686,2015-02-04,9555
2687,2015-02-05,10939
2688,2015-02-06,4107
2689,2015-02-09,2821
2690,2015-02-10,3465
2691,2015-02-11,5351
2692,2015-02-12,5174
2693,2015-02-13,2723
2694,2015-02-16,2273
2695,2015-02-17,3026
2696,2015-02-18,4956
2697,2015-02-19,2163
2698,2015-02-20,23356
2699,2015-02-23,3038
2700,2015-02-24,6172
2701,2015-02-25,7203
2702,2015-02-26,11915
2703,2015-02-27,3740
2704,2015-03-02,3613
2705,2015-03-03,4666
2706,2015-03-04,3026
2707,2015-03-05,2767
2708,2015-03-06,5705
2709,2015-03-09,6504
2710,2015-03-10,3073
2711,2015-03-11,4549
2712,2015-03-12,4597
2713,2015-03-13,5672
2714,2015-03-16,2696
2715,2015-03-17,28724
2716,2015-03-18,8755
2717,2015-03-19,9116
2718,2015-03-20,14548
2719,2015-03-23,5406
2720,2015-03-24,4409
2721,2015-03-25,3198
2722,2015-03-26,5201
2723,2015-03-27,6480
2724,2015-03-30,3719
2725,2015-03-31,7710
2726,2015-04-01,4088
2727,2015-04-02,4019
2728,2015-04-07,3675
2729,2015-04-08,3491
2730,2015-04-09,3862
2731,2015-04-10,3689
2732,2015-04-13,3411
2733,2015-04-14,4925
2734,2015-04-15,30782
2735,2015-04-16,5840
2736,2015-04-17,2713
2737,2015-04-20,5127
2738,2015-04-21,3752
2739,2015-04-22,4501
2740,2015-04-23,4719
2741,2015-04-24,4833
2742,2015-04-27,2423
2743,2015-04-28,3037
2744,2015-04-29,3962
2745,2015-04-30,7377
2746,2015-05-01,3850
2747,2015-05-05,4642
2748,2015-05-06,3689
2749,2015-05-07,3102
2750,2015-05-08,3300
2751,2015-05-11,2825
2752,2015-05-12,4271
2753,2015-05-13,3351
2754,2015-05-14,3044
2755,2015-05-15,3297
2756,2015-05-18,2637
2757,2015-05-19,16443
2758,2015-05-20,2819
2759,2015-05-21,2823
2760,2015-05-22,3392
2761,2015-05-26,2680
2762,2015-05-27,3958
2763,2015-05-28,3204
2764,2015-05-29,7424
2765,2015-06-01,2582
2766,2015-06-02,3779
2767,2015-06-03,3771
2768,2015-06-04,3778
2769,2015-06-05,5525
2770,2015-06-08,2271
2771,2015-06-09,3591
2772,2015-06-10,3629
2773,2015-06-11,4429
2774,2015-06-12,5532
2775,2015-06-15,3879
2776,2015-06-16,21465
2777,2015-06-17,2507
2778,2015-06-18,3804
2779,2015-06-19,5366
2780,2015-06-22,1959
2781,2015-06-23,2686
2782,2015-06-24,3415
2783,2015-06-25,1942
2784,2015-06-26,3979
2785,2015-06-29,3766
2786,2015-06-30,2624
2787,2015-07-01,2803
2788,2015-07-02,2095
2789,2015-07-03,3218
2790,2015-07-06,3958
2791,2015-07-07,8565
2792,2015-07-08,6032
2793,2015-07-09,3957
2794,2015-07-10,3884
2795,2015-07-13,2236
2796,2015-07-14,2713
2797,2015-07-15,3432
2798,2015-07-16,2725
2799,2015-07-17,3215
2800,2015-07-20,1720
2801,2015-07-21,14757
2802,2015-07-22,2810
2803,2015-07-23,4163
2804,2015-07-24,4401
2805,2015-07-27,3049
2806,2015-07-28,3026
2807,2015-07-29,2428
2808,2015-07-30,1996
2809,2015-07-31,3058
2810,2015-08-03,2812
2811,2015-08-04,2954
2812,2015-08-05,2612
2813,2015-08-06,2340
2814,2015-08-07,3160
2815,2015-08-10,2951
2816,2015-08-11,5408
2817,2015-08-12,6478
2818,2015-08-13,2148
2819,2015-08-14,3139
2820,2015-08-17,2072
2821,2015-08-18,15110
2822,2015-08-19,3076
2823,2015-08-20,4234
2824,2015-08-21,4652
2825,2015-08-24,5009
2826,2015-08-25,4030
2827,2015-08-26,4230
2828,2015-08-27,6318
2829,2015-08-28,7464
2830,2015-09-01,3797
2831,2015-09-02,3553
2832,2015-09-03,4153
2833,2015-09-04,2699
2834,2015-09-07,2454
2835,2015-09-08,5899
2836,2015-09-09,3812
2837,2015-09-10,2780
2838,2015-09-11,3615
2839,2015-09-14,2802
2840,2015-09-15,3512
2841,2015-09-16,23346
2842,2015-09-17,2625
2843,2015-09-18,4574
2844,2015-09-21,2470
2845,2015-09-22,6659
2846,2015-09-23,3926
2847,2015-09-24,3103
2848,2015-09-25,3446
2849,2015-09-28,3794
2850,2015-09-29,4114
2851,2015-09-30,5528
2852,2015-10-01,3096
2853,2015-10-02,3917
2854,2015-10-05,2569
2855,2015-10-06,2798
2856,2015-10-07,2626
2857,2015-10-08,2660
2858,2015-10-09,6292
2859,2015-10-12,2860
2860,2015-10-13,2248
2861,2015-10-14,3710
2862,2015-10-15,2869
2863,2015-10-16,3195
2864,2015-10-19,2497
2865,2015-10-20,18333
2866,2015-10-21,3073
2867,2015-10-22,3736
2868,2015-10-23,3811
2869,2015-10-26,1780
2870,2015-10-27,2120
2871,2015-10-28,3044
2872,2015-10-29,3693
2873,2015-10-30,4673
2874,2015-11-02,3126
2875,2015-11-03,3318
2876,2015-11-04,2869
2877,2015-11-05,6072
2878,2015-11-06,7605
2879,2015-11-09,1922
2880,2015-11-10,4106
2881,2015-11-11,2549
2882,2015-11-12,3642
2883,2015-11-13,4918
2884,2015-11-16,4197
2885,2015-11-17,15695
2886,2015-11-18,3200
2887,2015-11-19,2777
2888,2015-11-20,3716
2889,2015-11-23,4628
2890,2015-11-24,4233
2891,2015-11-25,3097
2892,2015-11-26,4054
2893,2015-11-27,5549
2894,2015-11-30,2969
2895,2015-12-01,3075
2896,2015-12-02,3952
2897,2015-12-03,3855
2898,2015-12-04,3127
2899,2015-12-07,2645
2900,2015-12-08,3329
2901,2015-12-09,3039
2902,2015-12-10,1641
2903,2015-12-11,3972
2904,2015-12-14,2932
2905,2015-12-15,5038
2906,2015-12-16,27415
2907,2015-12-17,3156
2908,2015-12-18,4453
2909,2015-12-21,2658
2910,2015-12-22,2542
2911,2015-12-23,2329
2912,2015-12-24,1618
2913,2015-12-29,2757
2914,2015-12-30,1670
2915,2015-12-31,2129
2916,2016-01-04,5294
2917,2016-01-05,2560
2918,2016-01-06,2550
2919,2016-01-07,5567
2920,2016-01-08,3162
2921,2016-01-11,4601
2922,2016-01-12,5962
2923,2016-01-13,4113
2924,2016-01-14,4451
2925,2016-01-15,4002
2926,2016-01-18,3085
2927,2016-01-19,2834
2928,2016-01-20,15431
2929,2016-01-21,2761
2930,2016-01-22,3119
2931,2016-01-25,2982
2932,2016-01-26,5620
2933,2016-01-27,4706
2934,2016-01-28,2578
2935,2016-01-29,2727
2936,2016-02-01,2109
2937,2016-02-03,6629
2938,2016-02-04,5626
2939,2016-02-05,2927
2940,2016-02-08,2090
2941,2016-02-09,6164
2942,2016-02-10,3535
2943,2016-02-11,2724
2944,2016-02-12,2744
2945,2016-02-15,4484
2946,2016-02-16,5569
2947,2016-02-17,2374
2948,2016-02-18,21914
2949,2016-02-19,2352
2950,2016-02-22,2968
2951,2016-02-23,3620
2952,2016-02-24,3424
2953,2016-02-25,3341
2954,2016-02-26,6139
2955,2016-02-29,3682
2956,2016-03-01,4744
2957,2016-03-02,4843
2958,2016-03-03,4614
2959,2016-03-04,7338
2960,2016-03-07,4094
2961,2016-03-08,7666
2962,2016-03-09,7107
2963,2016-03-10,3660
2964,2016-03-11,5426
2965,2016-03-14,3811
2966,2016-03-15,30746
2967,2016-03-16,3560
2968,2016-03-17,3283
2969,2016-03-18,5629
2970,2016-03-21,2890
2971,2016-03-22,2525
2972,2016-03-23,3735
2973,2016-03-24,3248
2974,2016-03-29,3624
2975,2016-03-30,5098
2976,2016-03-31,5510
2977,2016-04-01,3738
2978,2016-04-04,2266
2979,2016-04-05,4986
2980,2016-04-06,2896
2981,2016-04-07,4453
2982,2016-04-08,3020
2983,2016-04-11,2762
2984,2016-04-12,4314
2985,2016-04-13,4034
2986,2016-04-14,2460
2987,2016-04-15,2117
2988,2016-04-18,3295
2989,2016-04-19,4254
2990,2016-04-20,21686
2991,2016-04-21,4174
2992,2016-04-22,4561
2993,2016-04-25,2887
2994,2016-04-26,3369
2995,2016-04-27,2985
2996,2016-04-28,2429
2997,2016-04-29,3116
2998,2016-05-03,3829
2999,2016-05-04,3421
3000,2016-05-05,3327
3001,2016-05-06,5967
3002,2016-05-09,4849
3003,2016-05-10,2960
3004,2016-05-11,3816
3005,2016-05-12,6007
3006,2016-05-13,5907
3007,2016-05-16,3785
3008,2016-05-17,19599
3009,2016-05-18,3490
3010,2016-05-19,3569
3011,2016-05-20,5499
3012,2016-05-23,3165
3013,2016-05-24,3280
3014,2016-05-25,4535
3015,2016-05-26,3954
3016,2016-05-27,4970
3017,2016-05-31,2287
3018,2016-06-01,6209
3019,2016-06-02,3469
3020,2016-06-03,7001
3021,2016-06-06,3003
3022,2016-06-07,8001
3023,2016-06-08,4209
3024,2016-06-09,5464
3025,2016-06-10,6264
3026,2016-06-13,4351
3027,2016-06-14,2309
3028,2016-06-15,5262
3029,2016-06-16,5211
3030,2016-06-17,5443
3031,2016-06-20,4735
3032,2016-06-21,33967
3033,2016-06-22,4121
3034,2016-06-23,5886
3035,2016-06-24,9274
3036,2016-06-27,3406
3037,2016-06-28,4116
3038,2016-06-29,3488
3039,2016-06-30,2992
3040,2016-07-01,5312
3041,2016-07-04,3794
3042,2016-07-05,6760
3043,2016-07-06,4918
3044,2016-07-07,3286
3045,2016-07-08,4031
3046,2016-07-11,2315
3047,2016-07-12,4908
3048,2016-07-13,7137
3049,2016-07-14,2635
3050,2016-07-15,3812
3051,2016-07-18,3321
3052,2016-07-19,21583
3053,2016-07-20,2636
3054,2016-07-21,3095
3055,2016-07-22,4672
3056,2016-07-25,3007
3057,2016-07-26,3352
3058,2016-07-27,2409
3059,2016-07-28,1931
3060,2016-07-29,2828
3061,2016-08-01,3393
3062,2016-08-02,3467
3063,2016-08-03,3839
3064,2016-08-04,3862
3065,2016-08-05,4595
3066,2016-08-08,2560
3067,2016-08-09,2435
3068,2016-08-10,4677
3069,2016-08-11,2328
3070,2016-08-12,4205
3071,2016-08-15,2418
3072,2016-08-16,15347
3073,2016-08-17,2267
3074,2016-08-18,3069
3075,2016-08-19,3685
3076,2016-08-22,4141
3077,2016-08-23,6016
3078,2016-08-24,4657
3079,2016-08-25,6510
3080,2016-08-26,8132
3081,2016-08-30,4339
3082,2016-08-31,5233
3083,2016-09-01,3357
3084,2016-09-02,3423
3085,2016-09-05,2398
3086,2016-09-06,2943
3087,2016-09-07,3484
3088,2016-09-08,3117
3089,2016-09-09,3578
3090,2016-09-12,6085
3091,2016-09-13,4384
3092,2016-09-14,5178
3093,2016-09-15,3410
3094,2016-09-16,3556
3095,2016-09-19,3386
3096,2016-09-20,3825
3097,2016-09-21,39860
3098,2016-09-22,3956
3099,2016-09-23,2847
3100,2016-09-26,4109
3101,2016-09-27,6954
3102,2016-09-28,7956
3103,2016-09-29,4438
3104,2016-09-30,4764
3105,2016-10-03,3695
3106,2016-10-04,2284
3107,2016-10-05,2369
3108,2016-10-06,2608
3109,2016-10-07,4126
3110,2016-10-10,2899
3111,2016-10-11,2647
3112,2016-10-12,2326
3113,2016-10-13,6878
3114,2016-10-14,7655
3115,2016-10-17,3327
3116,2016-10-18,27769
3117,2016-10-19,4392
3118,2016-10-20,3617
3119,2016-10-21,5185
3120,2016-10-24,3642
3121,2016-10-25,5990
3122,2016-10-26,3429
3123,2016-10-27,3803
3124,2016-10-28,7999
3125,2016-10-31,4527
3126,2016-11-01,5543
3127,2016-11-02,4310
3128,2016-11-03,5308
3129,2016-11-04,7861
3130,2016-11-07,4835
3131,2016-11-08,7714
3132,2016-11-09,6759
3133,2016-11-10,6676
3134,2016-11-11,8836
3135,2016-11-14,3798
3136,2016-11-15,29472
3137,2016-11-16,2866
3138,2016-11-17,2626
3139,2016-11-18,3587
3140,2016-11-21,2083
3141,2016-11-22,2847
3142,2016-11-23,3455
3143,2016-11-24,6367
3144,2016-11-25,7422
3145,2016-11-28,3393
3146,2016-11-29,6290
3147,2016-11-30,7836
3148,2016-12-01,2499
3149,2016-12-02,2774
3150,2016-12-05,3084
3151,2016-12-06,3920
3152,2016-12-07,2890
3153,2016-12-08,3448
3154,2016-12-09,2158
3155,2016-12-12,2594
3156,2016-12-13,3511
3157,2016-12-14,1515
3158,2016-12-15,52510
3159,2016-12-16,2328
3160,2016-12-19,4649
3161,2016-12-20,5726
3162,2016-12-21,1747
3163,2016-12-22,2757
3164,2016-12-23,1607
3165,2016-12-28,1790
3166,2016-12-29,1905
3167,2016-12-30,1700
3168,2017-01-03,2451
3169,2017-01-04,3259
3170,2017-01-05,2939
3171,2017-01-06,2825
3172,2017-01-09,2826
3173,2017-01-10,3931
3174,2017-01-11,1545
3175,2017-01-12,2735
3176,2017-01-13,3120
3177,2017-01-16,2504
3178,2017-01-17,3500
3179,2017-01-18,4431
3180,2017-01-19,21687
3181,2017-01-20,2916
3182,2017-01-23,2054
3183,2017-01-24,3666
3184,2017-01-25,2849
3185,2017-01-26,2546
3186,2017-01-27,1996
3187,2017-01-30,2292
3188,2017-01-31,4839
3189,2017-02-01,2321
3190,2017-02-02,4039
3191,2017-02-03,5622
3192,2017-02-06,3259
3193,2017-02-07,3166
3194,2017-02-08,3889
3195,2017-02-09,2269
3196,2017-02-10,5635
3197,2017-02-13,4344
3198,2017-02-14,4361
3199,2017-02-15,5545
3200,2017-02-16,3801
3201,2017-02-17,30703
3202,2017-02-20,1903
3203,2017-02-21,2814
3204,2017-02-22,3740
3205,2017-02-23,4101
3206,2017-02-24,3472
3207,2017-02-27,1829
3208,2017-02-28,2279
3209,2017-03-01,3337
3210,2017-03-02,3601
3211,2017-03-03,4573
3212,2017-03-06,3800
3213,2017-03-07,4370
3214,2017-03-08,3860
3215,2017-03-09,3831
3216,2017-03-10,4986
3217,2017-03-13,2850
3218,2017-03-14,2194
3219,2017-03-15,1927
3220,2017-03-16,2428
3221,2017-03-17,3265
3222,2017-03-20,2130
3223,2017-03-21,38441
3224,2017-03-22,2271
3225,2017-03-23,3849
3226,2017-03-24,4419
3227,2017-03-27,3297
3228,2017-03-28,4549
3229,2017-03-29,3589
3230,2017-03-30,3646
3231,2017-03-31,5367
3232,2017-04-03,2451
3233,2017-04-04,4829
3234,2017-04-05,6057
3235,2017-04-06,1568
3236,2017-04-07,3687
3237,2017-04-10,2577
3238,2017-04-11,5366
3239,2017-04-12,7028
3240,2017-04-13,4290
3241,2017-04-18,4714
3242,2017-04-19,26284
3243,2017-04-20,2413
3244,2017-04-21,2473
3245,2017-04-24,2077
3246,2017-04-25,2353
3247,2017-04-26,3050
3248,2017-04-27,4719
3249,2017-04-28,5324
3250,2017-05-02,7829
3251,2017-05-03,6449
3252,2017-05-04,5683
3253,2017-05-05,7094
3254,2017-05-08,1840
3255,2017-05-09,2264
3256,2017-05-10,1870
3257,2017-05-11,1840
3258,2017-05-12,3254
3259,2017-05-15,2414
3260,2017-05-16,20750
3261,2017-05-17,4085
3262,2017-05-18,4168
3263,2017-05-19,5371
3264,2017-05-22,3332
3265,2017-05-24,2306
3266,2017-05-25,4262
3267,2017-05-26,5484
3268,2017-05-30,1750
3269,2017-05-31,3476
3270,2017-06-01,2633
3271,2017-06-02,4082
3272,2017-06-05,3068
3273,2017-06-06,4039
3274,2017-06-07,2824
3275,2017-06-08,6684
3276,2017-06-09,9489
3277,2017-06-12,3609
3278,2017-06-13,3233
3279,2017-06-14,2639
3280,2017-06-15,3333
3281,2017-06-16,4714
3282,2017-06-19,2721
3283,2017-06-20,44504
3284,2017-06-21,3339
3285,2017-06-22,4056
3286,2017-06-23,6094
3287,2017-06-26,2649
3288,2017-06-27,3486
3289,2017-06-28,1846
3290,2017-06-29,4014
3291,2017-06-30,5605
3292,2017-07-03,3274
3293,2017-07-04,2535
3294,2017-07-05,3011
3295,2017-07-06,3847
3296,2017-07-07,6928
3297,2017-07-10,3089
3298,2017-07-11,2983
3299,2017-07-12,2897
3300,2017-07-13,3411
3301,2017-07-14,4089
3302,2017-07-17,5039
3303,2017-07-18,28120
3304,2017-07-19,2120
3305,2017-07-20,2988
3306,2017-07-21,3837
3307,2017-07-24,3157
3308,2017-07-25,7463
3309,2017-07-26,6773
3310,2017-07-27,3531
3311,2017-07-28,5047
3312,2017-07-31,3806
3313,2017-08-01,3810
3314,2017-08-02,2863
3315,2017-08-03,2363
3316,2017-08-04,3521
3317,2017-08-07,3483
3318,2017-08-08,4928
3319,2017-08-09,3613
3320,2017-08-10,4357
3321,2017-08-11,5159
3322,2017-08-14,3144
3323,2017-08-15,24294
3324,2017-08-16,3703
3325,2017-08-17,3813
3326,2017-08-18,5017
3327,2017-08-21,2504
3328,2017-08-22,3957
3329,2017-08-23,2098
3330,2017-08-24,4312
3331,2017-08-25,4792
3332,2017-08-29,3449
3333,2017-08-30,1718
3334,2017-08-31,3222
3335,2017-09-01,2082
3336,2017-09-04,2730
3337,2017-09-05,3585
3338,2017-09-06,4238
3339,2017-09-07,3669
3340,2017-09-08,4358
3341,2017-09-11,3292
3342,2017-09-12,3703
3343,2017-09-13,4707
3344,2017-09-14,5538
3345,2017-09-15,2736
3346,2017-09-18,3042
3347,2017-09-19,2584
3348,2017-09-20,59596
3349,2017-09-21,2708
3350,2017-09-22,2002
3351,2017-09-25,2416
3352,2017-09-26,4214
3353,2017-09-27,4602
3354,2017-09-28,3399
3355,2017-09-29,4027
3356,2017-10-02,1771
3357,2017-10-03,2595
3358,2017-10-04,2207
3359,2017-10-05,3559
3360,2017-10-06,3866
3361,2017-10-09,3092
3362,2017-10-10,3843
3363,2017-10-11,3723
3364,2017-10-12,2997
3365,2017-10-13,4669
3366,2017-10-16,5012
3367,2017-10-17,24421
3368,2017-10-18,2622
3369,2017-10-19,2173
3370,2017-10-20,2382
3371,2017-10-23,1907
3372,2017-10-24,2687
3373,2017-10-25,2886
3374,2017-10-26,2694
3375,2017-10-27,4286
3376,2017-10-30,2144
3377,2017-10-31,2586
3378,2017-11-01,3392
3379,2017-11-02,3406
3380,2017-11-03,4503
3381,2017-11-06,2231
3382,2017-11-07,2928
3383,2017-11-08,2186
3384,2017-11-09,2210
3385,2017-11-10,2966
3386,2017-11-13,3070
3387,2017-11-14,3720
3388,2017-11-15,2511
3389,2017-11-16,1688
3390,2017-11-17,2288
3391,2017-11-20,2629
3392,2017-11-21,22829
3393,2017-11-22,2217
3394,2017-11-23,1842
3395,2017-11-24,3146
3396,2017-11-27,2551
3397,2017-11-28,3457
3398,2017-11-29,5394
3399,2017-11-30,6479
3400,2017-12-01,2851
3401,2017-12-04,1774
3402,2017-12-05,8524
3403,2017-12-06,4372
3404,2017-12-07,1975
3405,2017-12-08,1737
3406,2017-12-11,2394
3407,2017-12-12,3789
3408,2017-12-13,2282
3409,2017-12-14,3410
3410,2017-12-15,5191
3411,2017-12-18,2872
3412,2017-12-19,5311
3413,2017-12-20,4692
3414,2017-12-21,57970
3415,2017-12-22,3116
3416,2017-12-27,4268
3417,2017-12-28,3870
3418,2017-12-29,1498
