,Index,LMNIDS03
0,2003-12-11,126
1,2003-12-12,136
2,2003-12-15,45
3,2003-12-16,167
4,2003-12-17,210
5,2003-12-18,73
6,2003-12-19,77
7,2003-12-22,131
8,2003-12-23,117
9,2003-12-26,70
10,2003-12-29,46
11,2003-12-30,19
12,2003-12-31,10
13,2004-01-02,43
14,2004-01-05,240
15,2004-01-06,229
16,2004-01-07,377
17,2004-01-08,77
18,2004-01-09,77
19,2004-01-12,128
20,2004-01-13,79
21,2004-01-14,242
22,2004-01-15,104
23,2004-01-16,96
24,2004-01-20,122
25,2004-01-21,65
26,2004-01-22,46
27,2004-01-28,71
28,2004-01-29,56
29,2004-01-30,293
30,2004-02-02,103
31,2004-02-03,56
32,2004-02-04,83
33,2004-02-05,109
34,2004-02-06,111
35,2004-02-09,159
36,2004-02-10,146
37,2004-02-11,91
38,2004-02-12,82
39,2004-02-13,55
40,2004-02-17,47
41,2004-02-18,63
42,2004-02-19,237
43,2004-02-20,354
44,2004-02-23,242
45,2004-02-24,125
46,2004-02-25,74
47,2004-02-26,43
48,2004-02-27,193
49,2004-03-01,155
50,2004-03-02,174
51,2004-03-03,363
52,2004-03-04,140
53,2004-03-05,68
54,2004-03-08,85
55,2004-03-09,54
56,2004-03-10,152
57,2004-03-11,175
58,2004-03-12,265
59,2004-03-15,135
60,2004-03-16,178
61,2004-03-17,78
62,2004-03-18,50
63,2004-03-19,129
64,2004-03-22,138
65,2004-03-23,129
66,2004-03-24,86
67,2004-03-25,44
68,2004-03-26,84
69,2004-03-29,166
70,2004-03-30,244
71,2004-03-31,430
72,2004-04-01,179
73,2004-04-02,139
74,2004-04-05,203
75,2004-04-06,78
76,2004-04-07,72
77,2004-04-12,204
78,2004-04-13,176
79,2004-04-14,255
80,2004-04-15,321
81,2004-04-16,116
82,2004-04-19,243
83,2004-04-20,184
84,2004-04-21,211
85,2004-04-22,289
86,2004-04-23,60
87,2004-04-26,197
88,2004-04-27,168
89,2004-04-28,60
90,2004-04-29,159
91,2004-05-03,123
92,2004-05-04,115
93,2004-05-05,272
94,2004-05-06,48
95,2004-05-07,144
96,2004-05-10,122
97,2004-05-11,109
98,2004-05-12,165
99,2004-05-13,151
100,2004-05-14,93
101,2004-05-17,306
102,2004-05-18,242
103,2004-05-19,95
104,2004-05-20,342
105,2004-05-21,165
106,2004-05-24,167
107,2004-05-25,162
108,2004-05-26,157
109,2004-05-27,152
110,2004-05-28,376
111,2004-06-01,153
112,2004-06-02,151
113,2004-06-03,232
114,2004-06-04,127
115,2004-06-07,50
116,2004-06-08,163
117,2004-06-09,145
118,2004-06-10,177
119,2004-06-11,406
120,2004-06-14,145
121,2004-06-15,89
122,2004-06-16,428
123,2004-06-17,773
124,2004-06-18,320
125,2004-06-21,432
126,2004-06-22,354
127,2004-06-23,187
128,2004-06-24,113
129,2004-06-25,102
130,2004-06-28,288
131,2004-06-29,399
132,2004-06-30,264
133,2004-07-01,322
134,2004-07-02,205
135,2004-07-06,298
136,2004-07-07,289
137,2004-07-08,109
138,2004-07-09,215
139,2004-07-12,237
140,2004-07-13,120
141,2004-07-14,139
142,2004-07-15,246
143,2004-07-16,70
144,2004-07-19,208
145,2004-07-20,103
146,2004-07-21,145
147,2004-07-22,770
148,2004-07-23,239
149,2004-07-26,257
150,2004-07-27,289
151,2004-07-28,152
152,2004-07-29,269
153,2004-07-30,197
154,2004-08-02,182
155,2004-08-03,226
156,2004-08-04,320
157,2004-08-05,296
158,2004-08-06,292
159,2004-08-09,176
160,2004-08-10,155
161,2004-08-11,189
162,2004-08-12,89
163,2004-08-13,358
164,2004-08-16,339
165,2004-08-17,241
166,2004-08-18,255
167,2004-08-19,154
168,2004-08-20,272
169,2004-08-23,101
170,2004-08-24,73
171,2004-08-25,679
172,2004-08-26,686
173,2004-08-30,235
174,2004-08-31,157
175,2004-09-01,156
176,2004-09-02,137
177,2004-09-03,201
178,2004-09-07,242
179,2004-09-08,359
180,2004-09-09,172
181,2004-09-10,145
182,2004-09-13,325
183,2004-09-14,520
184,2004-09-15,204
185,2004-09-16,260
186,2004-09-17,239
187,2004-09-20,402
188,2004-09-21,940
189,2004-09-22,633
190,2004-09-23,374
191,2004-09-24,185
192,2004-09-27,91
193,2004-09-28,186
194,2004-09-29,557
195,2004-09-30,788
196,2004-10-01,160
197,2004-10-04,149
198,2004-10-05,425
199,2004-10-06,672
200,2004-10-07,552
201,2004-10-08,194
202,2004-10-11,414
203,2004-10-12,1512
204,2004-10-13,1110
205,2004-10-14,587
206,2004-10-15,255
207,2004-10-18,474
208,2004-10-19,261
209,2004-10-20,254
210,2004-10-21,171
211,2004-10-22,99
212,2004-10-25,557
213,2004-10-26,327
214,2004-10-27,292
215,2004-10-28,244
216,2004-10-29,184
217,2004-11-01,111
218,2004-11-02,155
219,2004-11-03,319
220,2004-11-04,308
221,2004-11-05,209
222,2004-11-08,353
223,2004-11-09,160
224,2004-11-10,127
225,2004-11-11,263
226,2004-11-12,143
227,2004-11-15,309
228,2004-11-16,156
229,2004-11-17,319
230,2004-11-18,344
231,2004-11-19,269
232,2004-11-22,235
233,2004-11-23,193
234,2004-11-24,253
235,2004-11-26,118
236,2004-11-29,124
237,2004-11-30,163
238,2004-12-01,730
239,2004-12-02,878
240,2004-12-03,436
241,2004-12-06,316
242,2004-12-07,852
243,2004-12-08,361
244,2004-12-09,383
245,2004-12-10,352
246,2004-12-13,222
247,2004-12-14,345
248,2004-12-15,231
249,2004-12-16,119
250,2004-12-17,1010
251,2004-12-20,838
252,2004-12-21,610
253,2004-12-22,73
254,2004-12-28,351
255,2004-12-29,414
256,2004-12-30,122
257,2005-01-03,728
258,2005-01-04,407
259,2005-01-05,325
260,2005-01-06,731
261,2005-01-07,207
262,2005-01-10,182
263,2005-01-11,208
264,2005-01-12,239
265,2005-01-13,103
266,2005-01-14,178
267,2005-01-18,259
268,2005-01-19,349
269,2005-01-20,414
270,2005-01-21,214
271,2005-01-24,241
272,2005-01-25,399
273,2005-01-26,190
274,2005-01-27,435
275,2005-01-28,199
276,2005-01-31,306
277,2005-02-01,227
278,2005-02-02,509
279,2005-02-03,283
280,2005-02-04,125
281,2005-02-07,638
282,2005-02-08,620
283,2005-02-09,449
284,2005-02-10,624
285,2005-02-11,328
286,2005-02-14,538
287,2005-02-15,588
288,2005-02-16,248
289,2005-02-17,186
290,2005-02-18,712
291,2005-02-22,587
292,2005-02-23,364
293,2005-02-24,327
294,2005-02-25,349
295,2005-02-28,620
296,2005-03-01,830
297,2005-03-02,350
298,2005-03-03,359
299,2005-03-04,180
300,2005-03-07,433
301,2005-03-08,243
302,2005-03-09,324
303,2005-03-10,689
304,2005-03-11,188
305,2005-03-14,361
306,2005-03-15,351
307,2005-03-16,149
308,2005-03-17,228
309,2005-03-18,148
310,2005-03-21,252
311,2005-03-22,543
312,2005-03-23,251
313,2005-03-28,383
314,2005-03-29,283
315,2005-03-30,167
316,2005-03-31,332
317,2005-04-01,401
318,2005-04-04,231
319,2005-04-05,327
320,2005-04-06,296
321,2005-04-07,164
322,2005-04-08,108
323,2005-04-11,377
324,2005-04-12,807
325,2005-04-13,731
326,2005-04-14,292
327,2005-04-15,629
328,2005-04-18,254
329,2005-04-19,567
330,2005-04-20,217
331,2005-04-21,164
332,2005-04-22,209
333,2005-04-25,309
334,2005-04-26,519
335,2005-04-27,680
336,2005-04-28,1012
337,2005-05-02,1229
338,2005-05-03,489
339,2005-05-04,538
340,2005-05-05,477
341,2005-05-06,795
342,2005-05-09,1495
343,2005-05-10,991
344,2005-05-11,1435
345,2005-05-12,994
346,2005-05-13,1665
347,2005-05-16,540
348,2005-05-17,946
349,2005-05-18,630
350,2005-05-19,410
351,2005-05-20,302
352,2005-05-23,796
353,2005-05-24,377
354,2005-05-25,692
355,2005-05-26,537
356,2005-05-27,1024
357,2005-05-31,478
358,2005-06-01,1303
359,2005-06-02,1242
360,2005-06-03,392
361,2005-06-06,577
362,2005-06-07,1551
363,2005-06-08,820
364,2005-06-09,621
365,2005-06-10,729
366,2005-06-13,622
367,2005-06-14,771
368,2005-06-15,308
369,2005-06-16,788
370,2005-06-17,394
371,2005-06-20,1677
372,2005-06-21,1608
373,2005-06-22,2852
374,2005-06-23,2580
375,2005-06-24,1251
376,2005-06-27,1814
377,2005-06-28,850
378,2005-06-29,663
379,2005-06-30,1033
380,2005-07-01,543
381,2005-07-05,954
382,2005-07-06,738
383,2005-07-07,479
384,2005-07-08,652
385,2005-07-11,1083
386,2005-07-12,893
387,2005-07-13,516
388,2005-07-14,366
389,2005-07-15,565
390,2005-07-18,1355
391,2005-07-19,1283
392,2005-07-20,822
393,2005-07-21,616
394,2005-07-22,526
395,2005-07-25,578
396,2005-07-26,475
397,2005-07-27,1729
398,2005-07-28,662
399,2005-07-29,740
400,2005-08-01,549
401,2005-08-02,881
402,2005-08-03,943
403,2005-08-04,588
404,2005-08-05,867
405,2005-08-08,474
406,2005-08-09,1344
407,2005-08-10,844
408,2005-08-11,2495
409,2005-08-12,1125
410,2005-08-15,937
411,2005-08-16,1048
412,2005-08-17,672
413,2005-08-18,854
414,2005-08-19,564
415,2005-08-22,738
416,2005-08-23,729
417,2005-08-24,400
418,2005-08-25,620
419,2005-08-29,540
420,2005-08-30,789
421,2005-08-31,1234
422,2005-09-01,386
423,2005-09-02,844
424,2005-09-06,1817
425,2005-09-07,1294
426,2005-09-08,662
427,2005-09-09,587
428,2005-09-12,781
429,2005-09-13,2155
430,2005-09-14,3923
431,2005-09-15,3043
432,2005-09-16,1091
433,2005-09-19,1009
434,2005-09-20,587
435,2005-09-21,529
436,2005-09-22,856
437,2005-09-23,744
438,2005-09-26,612
439,2005-09-27,665
440,2005-09-28,447
441,2005-09-29,383
442,2005-09-30,547
443,2005-10-03,853
444,2005-10-04,510
445,2005-10-05,258
446,2005-10-06,709
447,2005-10-07,2085
448,2005-10-10,1210
449,2005-10-11,738
450,2005-10-12,1583
451,2005-10-13,1248
452,2005-10-14,1686
453,2005-10-17,1095
454,2005-10-18,1336
455,2005-10-19,1192
456,2005-10-20,1002
457,2005-10-21,548
458,2005-10-24,1351
459,2005-10-25,695
460,2005-10-26,1292
461,2005-10-27,1115
462,2005-10-28,767
463,2005-10-31,1167
464,2005-11-01,656
465,2005-11-02,665
466,2005-11-03,520
467,2005-11-04,1238
468,2005-11-07,1070
469,2005-11-08,455
470,2005-11-09,621
471,2005-11-10,305
472,2005-11-11,795
473,2005-11-14,713
474,2005-11-15,838
475,2005-11-16,1189
476,2005-11-17,1120
477,2005-11-18,2749
478,2005-11-21,887
479,2005-11-22,1303
480,2005-11-23,724
481,2005-11-25,463
482,2005-11-28,511
483,2005-11-29,1351
484,2005-11-30,840
485,2005-12-01,718
486,2005-12-02,1377
487,2005-12-05,818
488,2005-12-06,780
489,2005-12-07,3153
490,2005-12-08,1438
491,2005-12-09,744
492,2005-12-12,621
493,2005-12-13,1187
494,2005-12-14,837
495,2005-12-15,777
496,2005-12-16,476
497,2005-12-19,798
498,2005-12-20,491
499,2005-12-21,286
500,2005-12-22,425
501,2005-12-27,489
502,2005-12-28,677
503,2005-12-29,1360
504,2005-12-30,1031
505,2006-01-03,1098
506,2006-01-04,943
507,2006-01-05,1122
508,2006-01-06,2075
509,2006-01-09,1403
510,2006-01-10,1860
511,2006-01-11,1375
512,2006-01-12,370
513,2006-01-13,910
514,2006-01-17,1109
515,2006-01-18,1177
516,2006-01-19,835
517,2006-01-20,624
518,2006-01-23,983
519,2006-01-25,1704
520,2006-01-26,2086
521,2006-01-27,812
522,2006-01-30,904
523,2006-01-31,1361
524,2006-02-01,973
525,2006-02-02,524
526,2006-02-03,511
527,2006-02-06,1666
528,2006-02-07,820
529,2006-02-08,2734
530,2006-02-09,1334
531,2006-02-10,1321
532,2006-02-13,1250
533,2006-02-14,1308
534,2006-02-15,2782
535,2006-02-16,695
536,2006-02-17,435
537,2006-02-21,730
538,2006-02-22,1006
539,2006-02-23,638
540,2006-02-24,665
541,2006-02-27,1399
542,2006-02-28,591
543,2006-03-01,2141
544,2006-03-02,968
545,2006-03-03,996
546,2006-03-06,1491
547,2006-03-07,3406
548,2006-03-08,954
549,2006-03-09,1009
550,2006-03-10,823
551,2006-03-13,554
552,2006-03-14,405
553,2006-03-15,552
554,2006-03-16,831
555,2006-03-17,692
556,2006-03-20,857
557,2006-03-21,652
558,2006-03-22,2821
559,2006-03-23,1581
560,2006-03-24,599
561,2006-03-27,875
562,2006-03-28,573
563,2006-03-29,2019
564,2006-03-30,1300
565,2006-03-31,2822
566,2006-04-03,1954
567,2006-04-04,3033
568,2006-04-05,2024
569,2006-04-06,1527
570,2006-04-07,1728
571,2006-04-10,1544
572,2006-04-11,1206
573,2006-04-12,987
574,2006-04-17,1252
575,2006-04-20,2111
576,2006-05-18,421
577,2006-05-25,373
578,2006-06-01,812
579,2006-06-08,518
580,2006-06-09,1232
581,2006-06-12,1006
582,2006-06-13,1955
583,2006-06-14,1644
584,2006-06-15,1004
585,2006-06-16,1010
586,2006-06-19,358
587,2006-06-20,527
588,2006-06-21,973
589,2006-06-22,450
590,2006-06-23,542
591,2006-06-26,502
592,2006-06-27,526
593,2006-06-28,743
594,2006-06-29,400
595,2006-07-06,595
596,2006-07-13,384
597,2006-07-17,2383
598,2006-07-20,238
599,2006-07-27,237
600,2006-08-03,405
601,2006-08-10,317
602,2006-08-14,236
603,2006-08-17,158
604,2006-08-23,233
605,2006-08-24,385
606,2006-08-30,521
607,2006-09-19,2665
608,2006-09-25,402
609,2006-09-26,426
610,2006-10-02,77
611,2006-10-05,152
612,2006-10-09,117
613,2006-10-12,510
614,2006-10-16,7056
615,2006-10-19,198
616,2006-10-23,4
617,2006-10-26,247
618,2006-11-02,467
619,2006-11-09,198
620,2006-11-16,168
621,2006-11-20,1468
622,2006-11-23,325
623,2006-11-28,323
624,2006-11-29,437
625,2006-11-30,585
626,2006-12-01,408
627,2006-12-04,267
628,2006-12-05,463
629,2006-12-06,352
630,2006-12-07,311
631,2006-12-08,438
632,2006-12-11,307
633,2006-12-12,879
634,2006-12-13,291
635,2006-12-14,489
636,2006-12-15,311
637,2006-12-18,355
638,2006-12-19,684
639,2006-12-20,301
640,2006-12-21,7705
641,2006-12-22,271
642,2006-12-27,221
643,2006-12-28,143
644,2006-12-29,263
645,2007-01-02,363
646,2007-01-03,679
647,2007-01-04,661
648,2007-01-05,573
649,2007-01-08,758
650,2007-01-09,1095
651,2007-01-10,1277
652,2007-01-11,577
653,2007-01-12,663
654,2007-01-15,229
655,2007-01-16,594
656,2007-01-17,833
657,2007-01-18,2380
658,2007-01-19,295
659,2007-01-22,333
660,2007-01-23,427
661,2007-01-24,286
662,2007-01-25,226
663,2007-01-26,277
664,2007-01-29,283
665,2007-01-30,553
666,2007-01-31,747
667,2007-02-01,320
668,2007-02-02,415
669,2007-02-05,534
670,2007-02-06,288
671,2007-02-07,363
672,2007-02-08,572
673,2007-02-09,286
674,2007-02-12,298
675,2007-02-13,169
676,2007-02-14,438
677,2007-02-15,329
678,2007-02-16,4108
679,2007-02-19,251
680,2007-02-20,514
681,2007-02-21,664
682,2007-02-22,249
683,2007-02-23,481
684,2007-02-26,271
685,2007-02-27,299
686,2007-02-28,416
687,2007-03-01,283
688,2007-03-02,327
689,2007-03-05,459
690,2007-03-06,500
691,2007-03-07,375
692,2007-03-08,345
693,2007-03-09,424
694,2007-03-12,241
695,2007-03-13,409
696,2007-03-14,355
697,2007-03-15,256
698,2007-03-16,392
699,2007-03-19,446
700,2007-03-20,2745
701,2007-03-21,506
702,2007-03-22,339
703,2007-03-23,609
704,2007-03-26,495
705,2007-03-27,294
706,2007-03-28,211
707,2007-03-29,265
708,2007-03-30,541
709,2007-04-02,284
710,2007-04-03,350
711,2007-04-04,370
712,2007-04-10,302
713,2007-04-11,242
714,2007-04-12,408
715,2007-04-13,145
716,2007-04-16,217
717,2007-04-17,232
718,2007-04-18,3957
719,2007-04-19,235
720,2007-04-20,301
721,2007-04-23,264
722,2007-04-24,336
723,2007-04-25,303
724,2007-04-26,299
725,2007-04-27,382
726,2007-04-30,329
727,2007-05-01,100
728,2007-05-02,153
729,2007-05-03,223
730,2007-05-04,755
731,2007-05-08,294
732,2007-05-09,475
733,2007-05-10,309
734,2007-05-11,236
735,2007-05-14,218
736,2007-05-15,1700
737,2007-05-16,265
738,2007-05-17,585
739,2007-05-18,549
740,2007-05-21,181
741,2007-05-22,329
742,2007-05-23,792
743,2007-05-24,417
744,2007-05-25,443
745,2007-05-29,431
746,2007-05-30,413
747,2007-05-31,591
748,2007-06-01,775
749,2007-06-04,511
750,2007-06-05,311
751,2007-06-06,223
752,2007-06-07,462
753,2007-06-08,792
754,2007-06-11,273
755,2007-06-12,686
756,2007-06-13,587
757,2007-06-14,762
758,2007-06-15,701
759,2007-06-18,417
760,2007-06-19,4612
761,2007-06-20,817
762,2007-06-21,297
763,2007-06-22,593
764,2007-06-25,388
765,2007-06-26,301
766,2007-06-27,374
767,2007-06-28,245
768,2007-06-29,675
769,2007-07-02,354
770,2007-07-03,379
771,2007-07-04,147
772,2007-07-05,265
773,2007-07-06,428
774,2007-07-09,302
775,2007-07-10,683
776,2007-07-11,321
777,2007-07-12,281
778,2007-07-13,388
779,2007-07-16,364
780,2007-07-17,1395
781,2007-07-18,472
782,2007-07-19,514
783,2007-07-20,766
784,2007-07-23,390
785,2007-07-24,344
786,2007-07-25,286
787,2007-07-26,430
788,2007-07-27,520
789,2007-07-30,305
790,2007-07-31,561
791,2007-08-01,589
792,2007-08-02,458
793,2007-08-03,637
794,2007-08-06,396
795,2007-08-07,554
796,2007-08-08,898
797,2007-08-09,1071
798,2007-08-10,1709
799,2007-08-13,634
800,2007-08-14,477
801,2007-08-15,548
802,2007-08-16,436
803,2007-08-17,662
804,2007-08-20,241
805,2007-08-21,4669
806,2007-08-22,441
807,2007-08-23,663
808,2007-08-24,814
809,2007-08-28,281
810,2007-08-29,277
811,2007-08-30,425
812,2007-08-31,993
813,2007-09-03,201
814,2007-09-04,463
815,2007-09-05,434
816,2007-09-06,333
817,2007-09-07,302
818,2007-09-10,422
819,2007-09-11,233
820,2007-09-12,514
821,2007-09-13,268
822,2007-09-14,293
823,2007-09-17,299
824,2007-09-18,692
825,2007-09-19,3489
826,2007-09-20,568
827,2007-09-21,354
828,2007-09-24,202
829,2007-09-25,341
830,2007-09-26,594
831,2007-09-27,804
832,2007-09-28,531
833,2007-10-01,399
834,2007-10-02,582
835,2007-10-03,293
836,2007-10-04,410
837,2007-10-05,619
838,2007-10-08,422
839,2007-10-09,198
840,2007-10-10,262
841,2007-10-12,821
842,2007-10-15,433
843,2007-10-16,4519
844,2007-10-17,418
845,2007-10-18,401
846,2007-10-19,746
847,2007-10-22,301
848,2007-10-23,395
849,2007-10-24,460
850,2007-10-25,400
851,2007-10-29,236
852,2007-10-30,258
853,2007-10-31,611
854,2007-11-01,505
855,2007-11-02,818
856,2007-11-05,699
857,2007-11-06,405
858,2007-11-07,383
859,2007-11-08,414
860,2007-11-09,1072
861,2007-11-12,382
862,2007-11-13,273
863,2007-11-14,456
864,2007-11-15,497
865,2007-11-16,887
866,2007-11-19,659
867,2007-11-20,1468
868,2007-11-21,460
869,2007-11-22,358
870,2007-11-23,454
871,2007-11-26,268
872,2007-11-27,324
873,2007-11-28,428
874,2007-11-29,539
875,2007-11-30,749
876,2007-12-03,465
877,2007-12-04,581
878,2007-12-05,379
879,2007-12-06,750
880,2007-12-07,438
881,2007-12-10,359
882,2007-12-11,530
883,2007-12-12,405
884,2007-12-13,185
885,2007-12-14,258
886,2007-12-17,240
887,2007-12-18,241
888,2007-12-19,6930
889,2007-12-20,197
890,2007-12-27,328
891,2007-12-28,245
892,2007-12-31,292
893,2008-01-02,431
894,2008-01-03,543
895,2008-01-04,508
896,2008-01-07,357
897,2008-01-08,613
898,2008-01-09,788
899,2008-01-10,804
900,2008-01-11,816
901,2008-01-14,584
902,2008-01-15,596
903,2008-01-16,1292
904,2008-01-17,306
905,2008-01-18,441
906,2008-01-21,445
907,2008-01-22,546
908,2008-01-23,412
909,2008-01-24,372
910,2008-01-25,327
911,2008-01-28,191
912,2008-01-29,285
913,2008-01-30,390
914,2008-01-31,540
915,2008-02-01,409
916,2008-02-04,663
917,2008-02-05,1134
918,2008-02-06,1421
919,2008-02-07,895
920,2008-02-08,821
921,2008-02-11,412
922,2008-02-12,595
923,2008-02-13,306
924,2008-02-14,358
925,2008-02-15,319
926,2008-02-18,226
927,2008-02-19,550
928,2008-02-20,506
929,2008-02-21,5509
930,2008-02-22,364
931,2008-02-25,381
932,2008-02-26,528
933,2008-02-27,969
934,2008-02-28,928
935,2008-02-29,774
936,2008-03-03,770
937,2008-03-04,758
938,2008-03-05,698
939,2008-03-06,580
940,2008-03-07,894
941,2008-03-10,569
942,2008-03-11,865
943,2008-03-12,271
944,2008-03-13,330
945,2008-03-14,433
946,2008-03-17,566
947,2008-03-18,4349
948,2008-03-19,480
949,2008-03-25,529
950,2008-03-26,382
951,2008-03-27,694
952,2008-03-28,759
953,2008-03-31,375
954,2008-04-01,503
955,2008-04-02,833
956,2008-04-03,272
957,2008-04-04,220
958,2008-04-07,358
959,2008-04-08,340
960,2008-04-09,353
961,2008-04-10,412
962,2008-04-11,227
963,2008-04-14,340
964,2008-04-15,333
965,2008-04-16,5682
966,2008-04-17,293
967,2008-04-18,248
968,2008-04-21,967
969,2008-04-22,410
970,2008-04-23,266
971,2008-04-24,471
972,2008-04-25,401
973,2008-04-28,148
974,2008-04-29,422
975,2008-04-30,443
976,2008-05-01,598
977,2008-05-02,964
978,2008-05-06,303
979,2008-05-07,237
980,2008-05-08,506
981,2008-05-09,789
982,2008-05-12,515
983,2008-05-13,366
984,2008-05-14,391
985,2008-05-15,517
986,2008-05-16,1044
987,2008-05-19,328
988,2008-05-20,2002
989,2008-05-21,605
990,2008-05-22,1155
991,2008-05-23,1522
992,2008-05-27,974
993,2008-05-28,595
994,2008-05-29,872
995,2008-05-30,1742
996,2008-06-02,567
997,2008-06-03,791
998,2008-06-04,835
999,2008-06-05,529
1000,2008-06-06,865
1001,2008-06-09,535
1002,2008-06-10,960
1003,2008-06-11,667
1004,2008-06-12,943
1005,2008-06-13,977
1006,2008-06-16,488
1007,2008-06-17,6688
1008,2008-06-18,725
1009,2008-06-19,473
1010,2008-06-20,534
1011,2008-06-23,460
1012,2008-06-24,595
1013,2008-06-25,430
1014,2008-06-26,530
1015,2008-06-27,938
1016,2008-06-30,571
1017,2008-07-01,409
1018,2008-07-02,701
1019,2008-07-03,656
1020,2008-07-04,840
1021,2008-07-07,579
1022,2008-07-08,576
1023,2008-07-09,565
1024,2008-07-10,619
1025,2008-07-11,822
1026,2008-07-14,357
1027,2008-07-15,2446
1028,2008-07-16,400
1029,2008-07-17,506
1030,2008-07-18,763
1031,2008-07-21,334
1032,2008-07-22,480
1033,2008-07-23,685
1034,2008-07-24,809
1035,2008-07-25,1161
1036,2008-07-28,506
1037,2008-07-29,630
1038,2008-07-30,516
1039,2008-07-31,517
1040,2008-08-01,778
1041,2008-08-04,455
1042,2008-08-05,746
1043,2008-08-06,560
1044,2008-08-07,741
1045,2008-08-08,889
1046,2008-08-11,502
1047,2008-08-12,729
1048,2008-08-13,996
1049,2008-08-14,624
1050,2008-08-15,917
1051,2008-08-18,393
1052,2008-08-19,7531
1053,2008-08-20,573
1054,2008-08-21,1160
1055,2008-08-22,1336
1056,2008-08-26,525
1057,2008-08-27,647
1058,2008-08-28,838
1059,2008-08-29,1272
1060,2008-09-01,378
1061,2008-09-02,490
1062,2008-09-03,319
1063,2008-09-04,676
1064,2008-09-05,818
1065,2008-09-08,226
1066,2008-09-09,360
1067,2008-09-10,422
1068,2008-09-11,575
1069,2008-09-12,532
1070,2008-09-15,747
1071,2008-09-16,990
1072,2008-09-17,5652
1073,2008-09-18,1019
1074,2008-09-19,432
1075,2008-09-22,620
1076,2008-09-23,570
1077,2008-09-24,584
1078,2008-09-25,928
1079,2008-09-26,537
1080,2008-09-29,913
1081,2008-09-30,607
1082,2008-10-01,278
1083,2008-10-02,530
1084,2008-10-03,632
1085,2008-10-06,636
1086,2008-10-07,769
1087,2008-10-08,952
1088,2008-10-09,683
1089,2008-10-10,1795
1090,2008-10-13,671
1091,2008-10-14,621
1092,2008-10-15,727
1093,2008-10-16,539
1094,2008-10-17,807
1095,2008-10-20,576
1096,2008-10-21,7395
1097,2008-10-22,684
1098,2008-10-23,636
1099,2008-10-24,1646
1100,2008-10-27,825
1101,2008-10-28,1209
1102,2008-10-29,1079
1103,2008-10-30,657
1104,2008-10-31,1007
1105,2008-11-03,701
1106,2008-11-04,551
1107,2008-11-05,399
1108,2008-11-06,406
1109,2008-11-07,788
1110,2008-11-10,444
1111,2008-11-11,332
1112,2008-11-12,385
1113,2008-11-13,402
1114,2008-11-14,612
1115,2008-11-17,407
1116,2008-11-18,2943
1117,2008-11-19,524
1118,2008-11-20,530
1119,2008-11-21,656
1120,2008-11-24,355
1121,2008-11-25,361
1122,2008-11-26,450
1123,2008-11-27,225
1124,2008-11-28,553
1125,2008-12-01,444
1126,2008-12-02,707
1127,2008-12-03,664
1128,2008-12-04,570
1129,2008-12-05,685
1130,2008-12-08,427
1131,2008-12-09,562
1132,2008-12-10,1005
1133,2008-12-11,930
1134,2008-12-12,705
1135,2008-12-15,344
1136,2008-12-16,844
1137,2008-12-17,600
1138,2008-12-18,6837
1139,2008-12-19,745
1140,2008-12-22,348
1141,2008-12-23,590
1142,2008-12-24,159
1143,2008-12-29,250
1144,2008-12-30,544
1145,2008-12-31,665
1146,2009-01-02,1657
1147,2009-01-05,946
1148,2009-01-06,2153
1149,2009-01-07,928
1150,2009-01-08,1057
1151,2009-01-09,935
1152,2009-01-12,1865
1153,2009-01-13,2270
1154,2009-01-14,2356
1155,2009-01-15,2986
1156,2009-01-16,591
1157,2009-01-19,445
1158,2009-01-20,1007
1159,2009-01-21,498
1160,2009-01-22,473
1161,2009-01-23,918
1162,2009-01-26,517
1163,2009-01-27,710
1164,2009-01-28,584
1165,2009-01-29,648
1166,2009-01-30,884
1167,2009-02-02,313
1168,2009-02-03,391
1169,2009-02-04,651
1170,2009-02-05,870
1171,2009-02-06,387
1172,2009-02-09,426
1173,2009-02-10,546
1174,2009-02-11,908
1175,2009-02-13,371
1176,2009-02-16,440
1177,2009-02-17,550
1178,2009-02-18,1080
1179,2009-02-19,624
1180,2009-02-20,6104
1181,2009-02-23,270
1182,2009-02-24,520
1183,2009-02-25,831
1184,2009-02-26,1010
1185,2009-02-27,533
1186,2009-03-02,311
1187,2009-03-03,393
1188,2009-03-04,471
1189,2009-03-05,477
1190,2009-03-06,716
1191,2009-03-09,275
1192,2009-03-10,639
1193,2009-03-11,289
1194,2009-03-12,506
1195,2009-03-13,802
1196,2009-03-16,758
1197,2009-03-17,4624
1198,2009-03-18,426
1199,2009-03-19,507
1200,2009-03-20,832
1201,2009-03-23,300
1202,2009-03-24,457
1203,2009-03-25,523
1204,2009-03-26,515
1205,2009-03-27,581
1206,2009-03-30,288
1207,2009-03-31,1038
1208,2009-04-01,663
1209,2009-04-02,1372
1210,2009-04-03,945
1211,2009-04-06,920
1212,2009-04-07,1031
1213,2009-04-08,523
1214,2009-04-09,719
1215,2009-04-14,1097
1216,2009-04-15,8698
1217,2009-04-16,655
1218,2009-04-17,701
1219,2009-04-20,697
1220,2009-04-21,632
1221,2009-04-22,504
1222,2009-04-23,401
1223,2009-04-24,385
1224,2009-04-27,349
1225,2009-04-28,774
1226,2009-04-29,809
1227,2009-04-30,814
1228,2009-05-01,810
1229,2009-05-05,1070
1230,2009-05-06,1200
1231,2009-05-07,993
1232,2009-05-08,1384
1233,2009-05-11,672
1234,2009-05-12,648
1235,2009-05-13,714
1236,2009-05-14,608
1237,2009-05-15,1488
1238,2009-05-18,751
1239,2009-05-19,6314
1240,2009-05-20,567
1241,2009-05-21,651
1242,2009-05-22,1040
1243,2009-05-26,971
1244,2009-05-27,816
1245,2009-05-28,930
1246,2009-05-29,1521
1247,2009-06-01,1245
1248,2009-06-02,919
1249,2009-06-03,599
1250,2009-06-04,1163
1251,2009-06-05,1487
1252,2009-06-08,678
1253,2009-06-09,693
1254,2009-06-10,1084
1255,2009-06-11,938
1256,2009-06-12,1146
1257,2009-06-15,1173
1258,2009-06-16,9890
1259,2009-06-17,865
1260,2009-06-18,592
1261,2009-06-19,843
1262,2009-06-22,589
1263,2009-06-23,732
1264,2009-06-24,894
1265,2009-06-25,708
1266,2009-06-26,1324
1267,2009-06-29,651
1268,2009-06-30,864
1269,2009-07-01,1006
1270,2009-07-02,1678
1271,2009-07-03,1900
1272,2009-07-06,742
1273,2009-07-07,1182
1274,2009-07-08,693
1275,2009-07-09,649
1276,2009-07-10,1061
1277,2009-07-13,808
1278,2009-07-14,682
1279,2009-07-15,944
1280,2009-07-16,966
1281,2009-07-17,1034
1282,2009-07-20,562
1283,2009-07-21,4904
1284,2009-07-22,479
1285,2009-07-23,521
1286,2009-07-24,1582
1287,2009-07-27,630
1288,2009-07-28,743
1289,2009-07-29,829
1290,2009-07-30,1404
1291,2009-07-31,1895
1292,2009-08-03,792
1293,2009-08-04,1189
1294,2009-08-05,1107
1295,2009-08-06,863
1296,2009-08-07,1282
1297,2009-08-10,710
1298,2009-08-11,733
1299,2009-08-12,1042
1300,2009-08-13,1438
1301,2009-08-14,2125
1302,2009-08-17,805
1303,2009-08-18,8979
1304,2009-08-19,826
1305,2009-08-20,539
1306,2009-08-21,885
1307,2009-08-24,711
1308,2009-08-25,609
1309,2009-08-26,921
1310,2009-08-27,1149
1311,2009-08-28,1529
1312,2009-09-01,744
1313,2009-09-02,529
1314,2009-09-03,406
1315,2009-09-04,642
1316,2009-09-07,181
1317,2009-09-08,911
1318,2009-09-09,520
1319,2009-09-10,732
1320,2009-09-11,727
1321,2009-09-14,603
1322,2009-09-15,899
1323,2009-09-16,6775
1324,2009-09-17,504
1325,2009-09-18,393
1326,2009-09-21,390
1327,2009-09-22,729
1328,2009-09-23,1271
1329,2009-09-24,790
1330,2009-09-25,993
1331,2009-09-28,438
1332,2009-09-29,697
1333,2009-09-30,1147
1334,2009-10-01,690
1335,2009-10-02,1020
1336,2009-10-05,571
1337,2009-10-06,714
1338,2009-10-07,875
1339,2009-10-08,1274
1340,2009-10-09,1174
1341,2009-10-12,452
1342,2009-10-13,1004
1343,2009-10-14,326
1344,2009-10-15,639
1345,2009-10-16,691
1346,2009-10-19,412
1347,2009-10-20,11012
1348,2009-10-21,1052
1349,2009-10-22,636
1350,2009-10-23,714
1351,2009-10-26,551
1352,2009-10-27,615
1353,2009-10-28,1081
1354,2009-10-29,647
1355,2009-10-30,738
1356,2009-11-02,888
1357,2009-11-03,798
1358,2009-11-04,720
1359,2009-11-05,597
1360,2009-11-06,1099
1361,2009-11-09,621
1362,2009-11-10,1206
1363,2009-11-11,678
1364,2009-11-12,1125
1365,2009-11-13,1406
1366,2009-11-16,577
1367,2009-11-17,4183
1368,2009-11-18,600
1369,2009-11-19,612
1370,2009-11-20,1013
1371,2009-11-23,498
1372,2009-11-24,655
1373,2009-11-25,560
1374,2009-11-26,423
1375,2009-11-27,1196
1376,2009-11-30,1627
1377,2009-12-01,619
1378,2009-12-02,657
1379,2009-12-03,832
1380,2009-12-04,676
1381,2009-12-07,687
1382,2009-12-08,1045
1383,2009-12-09,1335
1384,2009-12-10,818
1385,2009-12-11,686
1386,2009-12-14,485
1387,2009-12-15,612
1388,2009-12-16,1052
1389,2009-12-17,13201
1390,2009-12-18,526
1391,2009-12-21,1287
1392,2009-12-22,1239
1393,2009-12-23,700
1394,2009-12-24,526
1395,2009-12-29,855
1396,2009-12-30,716
1397,2009-12-31,547
1398,2010-01-04,629
1399,2010-01-05,913
1400,2010-01-06,1397
1401,2010-01-07,544
1402,2010-01-08,827
1403,2010-01-11,619
1404,2010-01-12,1262
1405,2010-01-13,926
1406,2010-01-14,780
1407,2010-01-15,556
1408,2010-01-18,564
1409,2010-01-19,1321
1410,2010-01-20,707
1411,2010-01-21,3582
1412,2010-01-22,1227
1413,2010-01-25,454
1414,2010-01-26,923
1415,2010-01-27,864
1416,2010-01-28,1238
1417,2010-01-29,1598
1418,2010-02-01,994
1419,2010-02-02,450
1420,2010-02-03,828
1421,2010-02-04,2070
1422,2010-02-05,1139
1423,2010-02-08,841
1424,2010-02-09,743
1425,2010-02-10,1198
1426,2010-02-11,711
1427,2010-02-12,1417
1428,2010-02-15,1131
1429,2010-02-16,1252
1430,2010-02-17,2384
1431,2010-02-18,937
1432,2010-02-19,11408
1433,2010-02-22,1129
1434,2010-02-23,778
1435,2010-02-24,1470
1436,2010-02-25,652
1437,2010-02-26,789
1438,2010-03-01,789
1439,2010-03-02,986
1440,2010-03-03,1192
1441,2010-03-04,690
1442,2010-03-05,944
1443,2010-03-08,487
1444,2010-03-09,918
1445,2010-03-10,1034
1446,2010-03-11,601
1447,2010-03-12,943
1448,2010-03-15,495
1449,2010-03-16,8208
1450,2010-03-17,815
1451,2010-03-18,582
1452,2010-03-19,1290
1453,2010-03-22,423
1454,2010-03-23,907
1455,2010-03-24,938
1456,2010-03-25,787
1457,2010-03-26,1141
1458,2010-03-29,665
1459,2010-03-30,423
1460,2010-03-31,1669
1461,2010-04-01,787
1462,2010-04-06,890
1463,2010-04-07,984
1464,2010-04-08,585
1465,2010-04-09,700
1466,2010-04-12,505
1467,2010-04-13,1035
1468,2010-04-14,732
1469,2010-04-15,794
1470,2010-04-16,886
1471,2010-04-19,716
1472,2010-04-20,887
1473,2010-04-21,9202
1474,2010-04-22,605
1475,2010-04-23,516
1476,2010-04-26,330
1477,2010-04-27,912
1478,2010-04-28,1192
1479,2010-04-29,674
1480,2010-04-30,791
1481,2010-05-04,1058
1482,2010-05-05,1666
1483,2010-05-06,1102
1484,2010-05-07,1249
1485,2010-05-10,957
1486,2010-05-11,726
1487,2010-05-12,697
1488,2010-05-13,501
1489,2010-05-14,1176
1490,2010-05-17,966
1491,2010-05-18,3513
1492,2010-05-19,633
1493,2010-05-20,584
1494,2010-05-21,910
1495,2010-05-24,588
1496,2010-05-25,784
1497,2010-05-26,589
1498,2010-05-27,619
1499,2010-05-28,895
1500,2010-06-01,1164
1501,2010-06-02,916
1502,2010-06-03,960
1503,2010-06-04,1330
1504,2010-06-07,586
1505,2010-06-08,1416
1506,2010-06-09,897
1507,2010-06-10,703
1508,2010-06-11,1094
1509,2010-06-14,775
1510,2010-06-15,11056
1511,2010-06-16,457
1512,2010-06-17,369
1513,2010-06-18,642
1514,2010-06-21,540
1515,2010-06-22,676
1516,2010-06-23,446
1517,2010-06-24,331
1518,2010-06-25,801
1519,2010-06-28,601
1520,2010-06-29,883
1521,2010-06-30,836
1522,2010-07-01,756
1523,2010-07-02,1026
1524,2010-07-05,485
1525,2010-07-06,499
1526,2010-07-07,611
1527,2010-07-08,539
1528,2010-07-09,855
1529,2010-07-12,404
1530,2010-07-13,930
1531,2010-07-14,707
1532,2010-07-15,378
1533,2010-07-16,872
1534,2010-07-19,778
1535,2010-07-20,4765
1536,2010-07-21,697
1537,2010-07-22,1290
1538,2010-07-23,2234
1539,2010-07-26,680
1540,2010-07-27,744
1541,2010-07-28,443
1542,2010-07-29,717
1543,2010-07-30,1105
1544,2010-08-02,885
1545,2010-08-03,507
1546,2010-08-04,420
1547,2010-08-05,746
1548,2010-08-06,896
1549,2010-08-09,896
1550,2010-08-10,1083
1551,2010-08-11,610
1552,2010-08-12,857
1553,2010-08-13,1077
1554,2010-08-16,308
1555,2010-08-17,11323
1556,2010-08-18,485
1557,2010-08-19,678
1558,2010-08-20,779
1559,2010-08-23,584
1560,2010-08-24,750
1561,2010-08-25,1457
1562,2010-08-26,1861
1563,2010-08-27,1592
1564,2010-08-31,799
1565,2010-09-01,579
1566,2010-09-02,656
1567,2010-09-03,537
1568,2010-09-06,465
1569,2010-09-07,725
1570,2010-09-08,1177
1571,2010-09-09,1165
1572,2010-09-10,1106
1573,2010-09-13,467
1574,2010-09-14,528
1575,2010-09-15,7436
1576,2010-09-16,687
1577,2010-09-17,505
1578,2010-09-20,413
1579,2010-09-21,796
1580,2010-09-22,495
1581,2010-09-23,534
1582,2010-09-24,387
1583,2010-09-27,409
1584,2010-09-28,642
1585,2010-09-29,1045
1586,2010-09-30,685
1587,2010-10-01,613
1588,2010-10-04,924
1589,2010-10-05,694
1590,2010-10-06,1028
1591,2010-10-07,590
1592,2010-10-08,791
1593,2010-10-11,537
1594,2010-10-12,879
1595,2010-10-13,452
1596,2010-10-14,526
1597,2010-10-15,962
1598,2010-10-18,503
1599,2010-10-19,14245
1600,2010-10-20,616
1601,2010-10-21,634
1602,2010-10-22,1011
1603,2010-10-25,367
1604,2010-10-26,715
1605,2010-10-27,734
1606,2010-10-28,377
1607,2010-10-29,734
1608,2010-11-01,549
1609,2010-11-02,556
1610,2010-11-03,635
1611,2010-11-04,828
1612,2010-11-05,1168
1613,2010-11-08,542
1614,2010-11-09,595
1615,2010-11-10,517
1616,2010-11-11,417
1617,2010-11-12,1669
1618,2010-11-15,1259
1619,2010-11-16,4930
1620,2010-11-17,687
1621,2010-11-18,635
1622,2010-11-19,747
1623,2010-11-22,514
1624,2010-11-23,611
1625,2010-11-24,762
1626,2010-11-25,428
1627,2010-11-26,577
1628,2010-11-29,579
1629,2010-11-30,902
1630,2010-12-01,804
1631,2010-12-02,1032
1632,2010-12-03,309
1633,2010-12-06,443
1634,2010-12-07,1172
1635,2010-12-08,828
1636,2010-12-09,535
1637,2010-12-10,678
1638,2010-12-13,893
1639,2010-12-14,1331
1640,2010-12-15,1062
1641,2010-12-16,11376
1642,2010-12-17,826
1643,2010-12-20,947
1644,2010-12-21,1176
1645,2010-12-22,665
1646,2010-12-23,590
1647,2010-12-24,197
1648,2010-12-29,604
1649,2010-12-30,420
1650,2010-12-31,905
1651,2011-01-04,753
1652,2011-01-05,775
1653,2011-01-06,578
1654,2011-01-07,460
1655,2011-01-10,720
1656,2011-01-11,1183
1657,2011-01-12,1700
1658,2011-01-13,1045
1659,2011-01-14,1355
1660,2011-01-17,558
1661,2011-01-18,1608
1662,2011-01-19,838
1663,2011-01-20,4858
1664,2011-01-21,806
1665,2011-01-24,633
1666,2011-01-25,1103
1667,2011-01-26,1508
1668,2011-01-27,1271
1669,2011-01-28,987
1670,2011-01-31,1460
1671,2011-02-01,1243
1672,2011-02-02,1337
1673,2011-02-03,1762
1674,2011-02-04,921
1675,2011-02-07,1546
1676,2011-02-08,761
1677,2011-02-09,861
1678,2011-02-10,1048
1679,2011-02-11,748
1680,2011-02-14,1259
1681,2011-02-15,768
1682,2011-02-16,972
1683,2011-02-17,823
1684,2011-02-18,13468
1685,2011-02-21,691
1686,2011-02-22,967
1687,2011-02-23,1498
1688,2011-02-24,1463
1689,2011-02-25,943
1690,2011-02-28,955
1691,2011-03-01,774
1692,2011-03-02,737
1693,2011-03-03,771
1694,2011-03-04,1372
1695,2011-03-07,1269
1696,2011-03-08,1039
1697,2011-03-09,782
1698,2011-03-10,1586
1699,2011-03-11,2291
1700,2011-03-14,555
1701,2011-03-15,9519
1702,2011-03-16,522
1703,2011-03-17,1005
1704,2011-03-18,1328
1705,2011-03-21,321
1706,2011-03-22,753
1707,2011-03-23,468
1708,2011-03-24,622
1709,2011-03-25,765
1710,2011-03-28,673
1711,2011-03-29,641
1712,2011-03-30,614
1713,2011-03-31,1033
1714,2011-04-01,1514
1715,2011-04-04,675
1716,2011-04-05,1750
1717,2011-04-06,1370
1718,2011-04-07,1540
1719,2011-04-08,1092
1720,2011-04-11,733
1721,2011-04-12,1201
1722,2011-04-13,986
1723,2011-04-14,856
1724,2011-04-15,671
1725,2011-04-18,733
1726,2011-04-19,903
1727,2011-04-20,9149
1728,2011-04-21,823
1729,2011-04-26,482
1730,2011-04-27,446
1731,2011-04-28,776
1732,2011-05-03,1084
1733,2011-05-04,760
1734,2011-05-05,2176
1735,2011-05-06,2595
1736,2011-05-09,825
1737,2011-05-10,607
1738,2011-05-11,767
1739,2011-05-12,1226
1740,2011-05-13,1432
1741,2011-05-16,728
1742,2011-05-17,4650
1743,2011-05-18,1193
1744,2011-05-19,1660
1745,2011-05-20,1939
1746,2011-05-23,2010
1747,2011-05-24,452
1748,2011-05-25,1175
1749,2011-05-26,822
1750,2011-05-27,1395
1751,2011-05-31,593
1752,2011-06-01,511
1753,2011-06-02,756
1754,2011-06-03,986
1755,2011-06-06,389
1756,2011-06-07,558
1757,2011-06-08,862
1758,2011-06-09,689
1759,2011-06-10,1061
1760,2011-06-13,992
1761,2011-06-14,1340
1762,2011-06-15,635
1763,2011-06-16,721
1764,2011-06-17,1126
1765,2011-06-20,901
1766,2011-06-21,10535
1767,2011-06-22,420
1768,2011-06-23,700
1769,2011-06-24,803
1770,2011-06-27,527
1771,2011-06-28,704
1772,2011-06-29,889
1773,2011-06-30,1373
1774,2011-07-01,1496
1775,2011-07-04,218
1776,2011-07-05,570
1777,2011-07-06,523
1778,2011-07-07,939
1779,2011-07-08,1491
1780,2011-07-11,864
1781,2011-07-12,660
1782,2011-07-13,1015
1783,2011-07-14,398
1784,2011-07-15,912
1785,2011-07-18,759
1786,2011-07-19,3684
1787,2011-07-20,705
1788,2011-07-21,796
1789,2011-07-22,1029
1790,2011-07-25,549
1791,2011-07-26,727
1792,2011-07-27,647
1793,2011-07-28,509
1794,2011-07-29,1159
1795,2011-08-01,973
1796,2011-08-02,600
1797,2011-08-03,938
1798,2011-08-04,1125
1799,2011-08-05,2502
1800,2011-08-08,1512
1801,2011-08-09,1508
1802,2011-08-10,1211
1803,2011-08-11,839
1804,2011-08-12,1067
1805,2011-08-15,759
1806,2011-08-16,7334
1807,2011-08-17,521
1808,2011-08-18,661
1809,2011-08-19,989
1810,2011-08-22,761
1811,2011-08-23,1020
1812,2011-08-24,1033
1813,2011-08-25,1226
1814,2011-08-26,1915
1815,2011-08-30,816
1816,2011-08-31,1384
1817,2011-09-01,715
1818,2011-09-02,937
1819,2011-09-05,796
1820,2011-09-06,760
1821,2011-09-07,1204
1822,2011-09-08,714
1823,2011-09-09,541
1824,2011-09-12,672
1825,2011-09-13,887
1826,2011-09-14,680
1827,2011-09-15,754
1828,2011-09-16,621
1829,2011-09-19,719
1830,2011-09-20,727
1831,2011-09-21,9760
1832,2011-09-22,2079
1833,2011-09-23,2314
1834,2011-09-26,1796
1835,2011-09-27,2494
1836,2011-09-28,2579
1837,2011-09-29,779
1838,2011-09-30,812
1839,2011-10-03,1601
1840,2011-10-04,899
1841,2011-10-05,621
1842,2011-10-06,617
1843,2011-10-07,864
1844,2011-10-10,512
1845,2011-10-11,785
1846,2011-10-12,728
1847,2011-10-13,1064
1848,2011-10-14,1308
1849,2011-10-17,529
1850,2011-10-18,8662
1851,2011-10-19,677
1852,2011-10-20,780
1853,2011-10-21,947
1854,2011-10-24,1615
1855,2011-10-25,925
1856,2011-10-26,944
1857,2011-10-27,880
1858,2011-10-28,1082
1859,2011-10-31,419
1860,2011-11-01,1457
1861,2011-11-02,934
1862,2011-11-03,856
1863,2011-11-04,1414
1864,2011-11-07,431
1865,2011-11-08,891
1866,2011-11-09,750
1867,2011-11-10,512
1868,2011-11-11,831
1869,2011-11-14,1013
1870,2011-11-15,6560
1871,2011-11-16,585
1872,2011-11-17,661
1873,2011-11-18,864
1874,2011-11-21,798
1875,2011-11-22,527
1876,2011-11-23,1053
1877,2011-11-24,466
1878,2011-11-25,657
1879,2011-11-28,598
1880,2011-11-29,582
1881,2011-11-30,1636
1882,2011-12-01,1020
1883,2011-12-02,1160
1884,2011-12-05,1550
1885,2011-12-06,1261
1886,2011-12-07,934
1887,2011-12-08,889
1888,2011-12-09,813
1889,2011-12-12,731
1890,2011-12-13,454
1891,2011-12-14,820
1892,2011-12-15,814
1893,2011-12-16,1151
1894,2011-12-19,810
1895,2011-12-20,1255
1896,2011-12-21,12130
1897,2011-12-22,592
1898,2011-12-23,628
1899,2011-12-28,794
1900,2011-12-29,535
1901,2011-12-30,867
1902,2012-01-03,660
1903,2012-01-04,810
1904,2012-01-05,575
1905,2012-01-06,1164
1906,2012-01-09,836
1907,2012-01-10,1879
1908,2012-01-11,1012
1909,2012-01-12,1819
1910,2012-01-13,911
1911,2012-01-16,604
1912,2012-01-17,661
1913,2012-01-18,4527
1914,2012-01-19,1337
1915,2012-01-20,958
1916,2012-01-23,808
1917,2012-01-24,804
1918,2012-01-25,1050
1919,2012-01-26,1248
1920,2012-01-27,971
1921,2012-01-30,806
1922,2012-01-31,1163
1923,2012-02-01,1140
1924,2012-02-02,1027
1925,2012-02-03,940
1926,2012-02-06,1038
1927,2012-02-07,1411
1928,2012-02-08,1880
1929,2012-02-09,1042
1930,2012-02-10,1433
1931,2012-02-13,1829
1932,2012-02-14,1900
1933,2012-02-15,1411
1934,2012-02-16,11889
1935,2012-02-17,1404
1936,2012-02-20,573
1937,2012-02-21,1004
1938,2012-02-22,865
1939,2012-02-23,808
1940,2012-02-24,665
1941,2012-02-27,540
1942,2012-02-28,1033
1943,2012-02-29,1797
1944,2012-03-01,967
1945,2012-03-02,1587
1946,2012-03-05,1074
1947,2012-03-06,1402
1948,2012-03-07,765
1949,2012-03-08,1185
1950,2012-03-09,1608
1951,2012-03-12,895
1952,2012-03-13,707
1953,2012-03-14,537
1954,2012-03-15,686
1955,2012-03-16,751
1956,2012-03-19,791
1957,2012-03-20,8219
1958,2012-03-21,807
1959,2012-03-22,1010
1960,2012-03-23,1885
1961,2012-03-26,562
1962,2012-03-27,1457
1963,2012-03-28,1244
1964,2012-03-29,1387
1965,2012-03-30,2562
1966,2012-04-02,987
1967,2012-04-03,1159
1968,2012-04-04,1438
1969,2012-04-05,1725
1970,2012-04-10,628
1971,2012-04-11,607
1972,2012-04-12,996
1973,2012-04-13,712
1974,2012-04-16,1235
1975,2012-04-17,834
1976,2012-04-18,12360
1977,2012-04-19,1191
1978,2012-04-20,627
1979,2012-04-23,1023
1980,2012-04-24,1130
1981,2012-04-25,841
1982,2012-04-26,1548
1983,2012-04-27,1000
1984,2012-04-30,1139
1985,2012-05-01,1215
1986,2012-05-02,1545
1987,2012-05-03,1037
1988,2012-05-04,1932
1989,2012-05-08,1048
1990,2012-05-09,978
1991,2012-05-10,1026
1992,2012-05-11,1096
1993,2012-05-14,841
1994,2012-05-15,5651
1995,2012-05-16,1142
1996,2012-05-17,967
1997,2012-05-18,1392
1998,2012-05-21,731
1999,2012-05-22,685
2000,2012-05-23,762
2001,2012-05-24,628
2002,2012-05-25,1079
2003,2012-05-28,447
2004,2012-05-29,1316
2005,2012-05-30,1375
2006,2012-05-31,670
2007,2012-06-01,911
2008,2012-06-06,1327
2009,2012-06-07,1487
2010,2012-06-08,2457
2011,2012-06-11,1526
2012,2012-06-12,1145
2013,2012-06-13,440
2014,2012-06-14,914
2015,2012-06-15,1252
2016,2012-06-18,651
2017,2012-06-19,11522
2018,2012-06-20,1048
2019,2012-06-21,1204
2020,2012-06-22,1386
2021,2012-06-25,665
2022,2012-06-26,828
2023,2012-06-27,631
2024,2012-06-28,1217
2025,2012-06-29,1318
2026,2012-07-02,696
2027,2012-07-03,1613
2028,2012-07-04,796
2029,2012-07-05,1437
2030,2012-07-06,2308
2031,2012-07-09,862
2032,2012-07-10,1063
2033,2012-07-11,1176
2034,2012-07-12,1543
2035,2012-07-13,2048
2036,2012-07-16,866
2037,2012-07-17,8339
2038,2012-07-18,713
2039,2012-07-19,804
2040,2012-07-20,983
2041,2012-07-23,1111
2042,2012-07-24,1043
2043,2012-07-25,1109
2044,2012-07-26,850
2045,2012-07-27,1074
2046,2012-07-30,1318
2047,2012-07-31,1149
2048,2012-08-01,1240
2049,2012-08-02,1125
2050,2012-08-03,1638
2051,2012-08-06,813
2052,2012-08-07,535
2053,2012-08-08,684
2054,2012-08-09,784
2055,2012-08-10,1249
2056,2012-08-13,1633
2057,2012-08-14,871
2058,2012-08-15,867
2059,2012-08-16,798
2060,2012-08-17,1586
2061,2012-08-20,559
2062,2012-08-21,15414
2063,2012-08-22,924
2064,2012-08-23,1850
2065,2012-08-24,2494
2066,2012-08-28,1017
2067,2012-08-29,1061
2068,2012-08-30,1788
2069,2012-08-31,2547
2070,2012-09-03,1027
2071,2012-09-04,1159
2072,2012-09-05,1032
2073,2012-09-06,928
2074,2012-09-07,2191
2075,2012-09-10,1881
2076,2012-09-11,1435
2077,2012-09-12,1179
2078,2012-09-13,1149
2079,2012-09-14,2004
2080,2012-09-17,2049
2081,2012-09-18,1801
2082,2012-09-19,10267
2083,2012-09-20,1672
2084,2012-09-21,891
2085,2012-09-24,968
2086,2012-09-25,1641
2087,2012-09-26,1866
2088,2012-09-27,1881
2089,2012-09-28,1255
2090,2012-10-01,1679
2091,2012-10-02,2357
2092,2012-10-03,801
2093,2012-10-04,760
2094,2012-10-05,1415
2095,2012-10-08,711
2096,2012-10-09,1037
2097,2012-10-10,1533
2098,2012-10-11,1252
2099,2012-10-12,3112
2100,2012-10-15,1019
2101,2012-10-16,13636
2102,2012-10-17,994
2103,2012-10-18,1416
2104,2012-10-19,1813
2105,2012-10-22,1432
2106,2012-10-23,1150
2107,2012-10-24,756
2108,2012-10-25,1127
2109,2012-10-26,1537
2110,2012-10-29,1178
2111,2012-10-30,661
2112,2012-10-31,1277
2113,2012-11-01,1161
2114,2012-11-02,1522
2115,2012-11-05,1075
2116,2012-11-06,860
2117,2012-11-07,790
2118,2012-11-08,599
2119,2012-11-09,944
2120,2012-11-12,587
2121,2012-11-13,1330
2122,2012-11-14,764
2123,2012-11-15,1162
2124,2012-11-16,1740
2125,2012-11-19,1448
2126,2012-11-20,5536
2127,2012-11-21,1098
2128,2012-11-22,1310
2129,2012-11-23,1702
2130,2012-11-26,1084
2131,2012-11-27,1583
2132,2012-11-28,1974
2133,2012-11-29,2725
2134,2012-11-30,3979
2135,2012-12-03,1540
2136,2012-12-04,2061
2137,2012-12-05,1093
2138,2012-12-06,1064
2139,2012-12-07,978
2140,2012-12-10,1717
2141,2012-12-11,2009
2142,2012-12-12,824
2143,2012-12-13,979
2144,2012-12-14,863
2145,2012-12-17,784
2146,2012-12-18,906
2147,2012-12-19,1414
2148,2012-12-20,22478
2149,2012-12-21,1066
2150,2012-12-24,608
2151,2012-12-27,841
2152,2012-12-28,1174
2153,2012-12-31,1328
2154,2013-01-02,862
2155,2013-01-03,882
2156,2013-01-04,1228
2157,2013-01-07,790
2158,2013-01-08,1257
2159,2013-01-09,723
2160,2013-01-10,1506
2161,2013-01-11,1025
2162,2013-01-14,1225
2163,2013-01-15,1618
2164,2013-01-16,1007
2165,2013-01-17,5766
2166,2013-01-18,649
2167,2013-01-21,827
2168,2013-01-22,1410
2169,2013-01-23,647
2170,2013-01-24,1028
2171,2013-01-25,999
2172,2013-01-28,1472
2173,2013-01-29,2480
2174,2013-01-30,1972
2175,2013-01-31,2806
2176,2013-02-01,1283
2177,2013-02-04,782
2178,2013-02-05,1074
2179,2013-02-06,1742
2180,2013-02-07,2068
2181,2013-02-08,876
2182,2013-02-11,682
2183,2013-02-12,620
2184,2013-02-13,1585
2185,2013-02-14,488
2186,2013-02-15,15127
2187,2013-02-18,1320
2188,2013-02-19,1562
2189,2013-02-20,2829
2190,2013-02-21,1977
2191,2013-02-22,1351
2192,2013-02-25,1556
2193,2013-02-26,1527
2194,2013-02-27,1920
2195,2013-02-28,2554
2196,2013-03-01,1401
2197,2013-03-04,926
2198,2013-03-05,865
2199,2013-03-06,1021
2200,2013-03-07,551
2201,2013-03-08,817
2202,2013-03-11,1199
2203,2013-03-12,1165
2204,2013-03-13,654
2205,2013-03-14,969
2206,2013-03-15,1852
2207,2013-03-18,1662
2208,2013-03-19,7647
2209,2013-03-20,799
2210,2013-03-21,1322
2211,2013-03-22,1987
2212,2013-03-25,559
2213,2013-03-26,811
2214,2013-03-27,725
2215,2013-03-28,1059
2216,2013-04-02,1981
2217,2013-04-03,1851
2218,2013-04-04,1214
2219,2013-04-05,1467
2220,2013-04-08,728
2221,2013-04-09,764
2222,2013-04-10,1027
2223,2013-04-11,804
2224,2013-04-12,1692
2225,2013-04-15,1907
2226,2013-04-16,1332
2227,2013-04-17,15713
2228,2013-04-18,1049
2229,2013-04-19,1377
2230,2013-04-22,974
2231,2013-04-23,959
2232,2013-04-24,1340
2233,2013-04-25,1147
2234,2013-04-26,850
2235,2013-04-29,727
2236,2013-04-30,1503
2237,2013-05-01,1469
2238,2013-05-02,1778
2239,2013-05-03,1928
2240,2013-05-07,1130
2241,2013-05-08,1386
2242,2013-05-09,958
2243,2013-05-10,1323
2244,2013-05-13,648
2245,2013-05-14,1110
2246,2013-05-15,938
2247,2013-05-16,815
2248,2013-05-17,1668
2249,2013-05-20,970
2250,2013-05-21,5699
2251,2013-05-22,1097
2252,2013-05-23,841
2253,2013-05-24,1385
2254,2013-05-28,858
2255,2013-05-29,925
2256,2013-05-30,923
2257,2013-05-31,1100
2258,2013-06-03,1601
2259,2013-06-04,1461
2260,2013-06-05,1149
2261,2013-06-06,836
2262,2013-06-07,1330
2263,2013-06-10,785
2264,2013-06-11,1765
2265,2013-06-12,1338
2266,2013-06-13,1454
2267,2013-06-14,1800
2268,2013-06-17,929
2269,2013-06-18,14793
2270,2013-06-19,1350
2271,2013-06-20,1166
2272,2013-06-21,1821
2273,2013-06-24,1281
2274,2013-06-25,1173
2275,2013-06-26,1815
2276,2013-06-27,994
2277,2013-06-28,1472
2278,2013-07-01,1019
2279,2013-07-02,897
2280,2013-07-03,780
2281,2013-07-04,514
2282,2013-07-05,2441
2283,2013-07-08,1047
2284,2013-07-09,988
2285,2013-07-10,833
2286,2013-07-11,1267
2287,2013-07-12,1869
2288,2013-07-15,1275
2289,2013-07-16,7911
2290,2013-07-17,1798
2291,2013-07-18,762
2292,2013-07-19,1293
2293,2013-07-22,1141
2294,2013-07-23,644
2295,2013-07-24,1011
2296,2013-07-25,956
2297,2013-07-26,1412
2298,2013-07-29,534
2299,2013-07-30,1692
2300,2013-07-31,1081
2301,2013-08-01,1060
2302,2013-08-02,1826
2303,2013-08-05,651
2304,2013-08-06,891
2305,2013-08-07,880
2306,2013-08-08,1510
2307,2013-08-09,2755
2308,2013-08-12,1539
2309,2013-08-13,1470
2310,2013-08-14,797
2311,2013-08-15,888
2312,2013-08-16,1593
2313,2013-08-19,709
2314,2013-08-20,15937
2315,2013-08-21,1136
2316,2013-08-22,1166
2317,2013-08-23,1632
2318,2013-08-27,800
2319,2013-08-28,1063
2320,2013-08-29,1470
2321,2013-08-30,2467
2322,2013-09-02,909
2323,2013-09-03,1136
2324,2013-09-04,940
2325,2013-09-05,695
2326,2013-09-06,1192
2327,2013-09-09,861
2328,2013-09-10,1324
2329,2013-09-11,862
2330,2013-09-12,1016
2331,2013-09-13,1041
2332,2013-09-16,1064
2333,2013-09-17,691
2334,2013-09-18,14470
2335,2013-09-19,1356
2336,2013-09-20,833
2337,2013-09-23,984
2338,2013-09-24,1355
2339,2013-09-25,1913
2340,2013-09-26,1050
2341,2013-09-27,1286
2342,2013-09-30,1162
2343,2013-10-01,751
2344,2013-10-02,1611
2345,2013-10-03,1134
2346,2013-10-04,2240
2347,2013-10-07,1079
2348,2013-10-08,1047
2349,2013-10-09,713
2350,2013-10-10,843
2351,2013-10-11,1521
2352,2013-10-14,1307
2353,2013-10-15,14875
2354,2013-10-16,949
2355,2013-10-17,779
2356,2013-10-18,1691
2357,2013-10-21,1478
2358,2013-10-22,1968
2359,2013-10-23,1730
2360,2013-10-24,1032
2361,2013-10-25,1595
2362,2013-10-28,858
2363,2013-10-29,578
2364,2013-10-30,913
2365,2013-10-31,886
2366,2013-11-01,1386
2367,2013-11-04,1029
2368,2013-11-05,1058
2369,2013-11-06,1251
2370,2013-11-07,1211
2371,2013-11-08,2538
2372,2013-11-11,1515
2373,2013-11-12,2135
2374,2013-11-13,2763
2375,2013-11-14,1635
2376,2013-11-15,2107
2377,2013-11-18,1548
2378,2013-11-19,9591
2379,2013-11-20,1172
2380,2013-11-21,1055
2381,2013-11-22,1811
2382,2013-11-25,547
2383,2013-11-26,1004
2384,2013-11-27,1513
2385,2013-11-28,861
2386,2013-11-29,1153
2387,2013-12-02,1025
2388,2013-12-03,1443
2389,2013-12-04,1498
2390,2013-12-05,1018
2391,2013-12-06,1071
2392,2013-12-09,1384
2393,2013-12-10,2467
2394,2013-12-11,1584
2395,2013-12-12,1444
2396,2013-12-13,928
2397,2013-12-16,1189
2398,2013-12-17,1609
2399,2013-12-18,745
2400,2013-12-19,22251
2401,2013-12-20,1287
2402,2013-12-23,1109
2403,2013-12-24,1241
2404,2013-12-27,859
2405,2013-12-30,712
2406,2013-12-31,1151
2407,2014-01-02,1282
2408,2014-01-03,1085
2409,2014-01-06,1484
2410,2014-01-07,2652
2411,2014-01-08,1345
2412,2014-01-09,1986
2413,2014-01-10,1515
2414,2014-01-13,1769
2415,2014-01-14,2022
2416,2014-01-15,2341
2417,2014-01-16,8340
2418,2014-01-17,1649
2419,2014-01-20,1504
2420,2014-01-21,2057
2421,2014-01-22,2652
2422,2014-01-23,1390
2423,2014-01-24,1309
2424,2014-01-27,1827
2425,2014-01-28,2272
2426,2014-01-29,2153
2427,2014-01-30,1523
2428,2014-01-31,2693
2429,2014-02-03,892
2430,2014-02-04,1662
2431,2014-02-05,2416
2432,2014-02-06,2766
2433,2014-02-07,1980
2434,2014-02-10,1607
2435,2014-02-11,925
2436,2014-02-12,1739
2437,2014-02-13,1434
2438,2014-02-14,1016
2439,2014-02-17,997
2440,2014-02-18,1314
2441,2014-02-19,2514
2442,2014-02-20,1162
2443,2014-02-21,18034
2444,2014-02-24,1488
2445,2014-02-25,1067
2446,2014-02-26,1617
2447,2014-02-27,2114
2448,2014-02-28,2662
2449,2014-03-03,1687
2450,2014-03-04,1995
2451,2014-03-05,1826
2452,2014-03-06,2733
2453,2014-03-07,4523
2454,2014-03-10,2098
2455,2014-03-11,5226
2456,2014-03-12,4193
2457,2014-03-13,1389
2458,2014-03-14,3126
2459,2014-03-17,1718
2460,2014-03-18,29750
2461,2014-03-19,1533
2462,2014-03-20,2577
2463,2014-03-21,3114
2464,2014-03-24,846
2465,2014-03-25,1016
2466,2014-03-26,1733
2467,2014-03-27,1635
2468,2014-03-28,2081
2469,2014-03-31,897
2470,2014-04-01,1174
2471,2014-04-02,1296
2472,2014-04-03,1415
2473,2014-04-04,1377
2474,2014-04-07,2450
2475,2014-04-08,1714
2476,2014-04-09,1114
2477,2014-04-10,3330
2478,2014-04-11,1741
2479,2014-04-14,1919
2480,2014-04-15,1743
2481,2014-04-16,23158
2482,2014-04-17,1396
2483,2014-04-22,1965
2484,2014-04-23,2273
2485,2014-04-24,1828
2486,2014-04-25,1525
2487,2014-04-28,2153
2488,2014-04-29,1569
2489,2014-04-30,1968
2490,2014-05-01,1461
2491,2014-05-02,2179
2492,2014-05-06,1642
2493,2014-05-07,2067
2494,2014-05-08,3472
2495,2014-05-09,7566
2496,2014-05-12,2967
2497,2014-05-13,2921
2498,2014-05-14,3291
2499,2014-05-15,5629
2500,2014-05-19,4288
2501,2014-05-20,10881
2502,2014-05-21,1143
2503,2014-05-22,1271
2504,2014-05-23,1465
2505,2014-05-27,1098
2506,2014-05-28,1193
2507,2014-05-29,2370
2508,2014-05-30,2471
2509,2014-06-02,1171
2510,2014-06-03,1645
2511,2014-06-04,1501
2512,2014-06-05,1059
2513,2014-06-06,2234
2514,2014-06-09,811
2515,2014-06-10,1235
2516,2014-06-11,1763
2517,2014-06-12,2380
2518,2014-06-13,2785
2519,2014-06-16,1344
2520,2014-06-17,31589
2521,2014-06-18,1764
2522,2014-06-19,1193
2523,2014-06-20,1771
2524,2014-06-23,711
2525,2014-06-24,1025
2526,2014-06-25,1144
2527,2014-06-26,1490
2528,2014-06-27,2103
2529,2014-06-30,1515
2530,2014-07-01,1537
2531,2014-07-02,2179
2532,2014-07-03,1436
2533,2014-07-04,2057
2534,2014-07-07,1502
2535,2014-07-08,1149
2536,2014-07-09,887
2537,2014-07-10,1101
2538,2014-07-11,1630
2539,2014-07-14,1090
2540,2014-07-15,8534
2541,2014-07-16,709
2542,2014-07-17,842
2543,2014-07-18,2065
2544,2014-07-21,1076
2545,2014-07-22,1311
2546,2014-07-23,922
2547,2014-07-24,1279
2548,2014-07-25,1880
2549,2014-07-28,1413
2550,2014-07-29,1355
2551,2014-07-30,837
2552,2014-07-31,1714
2553,2014-08-01,2341
2554,2014-08-04,1280
2555,2014-08-05,1107
2556,2014-08-06,1745
2557,2014-08-07,2200
2558,2014-08-08,2173
2559,2014-08-11,1111
2560,2014-08-12,1675
2561,2014-08-13,1422
2562,2014-08-14,1071
2563,2014-08-15,1366
2564,2014-08-18,1648
2565,2014-08-19,21430
2566,2014-08-20,2101
2567,2014-08-21,1400
2568,2014-08-22,1870
2569,2014-08-26,1445
2570,2014-08-27,1450
2571,2014-08-28,2215
2572,2014-08-29,2498
2573,2014-09-01,885
2574,2014-09-02,1404
2575,2014-09-03,2894
2576,2014-09-04,2730
2577,2014-09-05,1615
2578,2014-09-08,2349
2579,2014-09-09,2295
2580,2014-09-10,1327
2581,2014-09-11,2116
2582,2014-09-12,1412
2583,2014-09-15,2505
2584,2014-09-16,1974
2585,2014-09-17,28221
2586,2014-09-18,974
2587,2014-09-19,1048
2588,2014-09-22,2403
2589,2014-09-23,1464
2590,2014-09-24,1523
2591,2014-09-25,1878
2592,2014-09-26,1794
2593,2014-09-29,2710
2594,2014-09-30,2561
2595,2014-10-01,1574
2596,2014-10-02,2026
2597,2014-10-03,2289
2598,2014-10-06,1556
2599,2014-10-07,1201
2600,2014-10-08,1387
2601,2014-10-09,1061
2602,2014-10-10,1735
2603,2014-10-13,559
2604,2014-10-14,1212
2605,2014-10-15,2063
2606,2014-10-16,2073
2607,2014-10-17,2572
2608,2014-10-20,1963
2609,2014-10-21,21645
2610,2014-10-22,1435
2611,2014-10-23,1370
2612,2014-10-24,1915
2613,2014-10-27,1581
2614,2014-10-28,2479
2615,2014-10-29,1465
2616,2014-10-30,898
2617,2014-10-31,2069
2618,2014-11-03,1082
2619,2014-11-04,1488
2620,2014-11-05,2253
2621,2014-11-06,894
2622,2014-11-07,1650
2623,2014-11-10,1070
2624,2014-11-11,1111
2625,2014-11-12,1199
2626,2014-11-13,979
2627,2014-11-14,1519
2628,2014-11-17,958
2629,2014-11-18,11247
2630,2014-11-19,2167
2631,2014-11-20,1812
2632,2014-11-21,3484
2633,2014-11-24,1479
2634,2014-11-25,2573
2635,2014-11-26,1238
2636,2014-11-27,1221
2637,2014-11-28,2722
2638,2014-12-01,1938
2639,2014-12-02,2306
2640,2014-12-03,1785
2641,2014-12-04,1799
2642,2014-12-05,1555
2643,2014-12-08,1396
2644,2014-12-09,2568
2645,2014-12-10,1583
2646,2014-12-11,1804
2647,2014-12-12,1114
2648,2014-12-15,2256
2649,2014-12-16,2852
2650,2014-12-17,3521
2651,2014-12-18,33792
2652,2014-12-19,1321
2653,2014-12-22,1238
2654,2014-12-23,1920
2655,2014-12-24,1046
2656,2014-12-29,1707
2657,2014-12-30,2457
2658,2014-12-31,949
2659,2015-01-02,1086
2660,2015-01-05,1764
2661,2015-01-06,2274
2662,2015-01-07,2954
2663,2015-01-08,1262
2664,2015-01-09,1248
2665,2015-01-12,1090
2666,2015-01-13,2773
2667,2015-01-14,3306
2668,2015-01-15,9462
2669,2015-01-16,1125
2670,2015-01-19,1509
2671,2015-01-20,2658
2672,2015-01-21,1418
2673,2015-01-22,1871
2674,2015-01-23,1914
2675,2015-01-26,1731
2676,2015-01-27,2480
2677,2015-01-28,1675
2678,2015-01-29,1093
2679,2015-01-30,1731
2680,2015-02-02,1588
2681,2015-02-03,1796
2682,2015-02-04,2251
2683,2015-02-05,2757
2684,2015-02-06,1086
2685,2015-02-09,889
2686,2015-02-10,2909
2687,2015-02-11,3860
2688,2015-02-12,1688
2689,2015-02-13,1404
2690,2015-02-16,1179
2691,2015-02-17,1803
2692,2015-02-18,2334
2693,2015-02-19,1434
2694,2015-02-20,20440
2695,2015-02-23,972
2696,2015-02-24,1298
2697,2015-02-25,1966
2698,2015-02-26,3000
2699,2015-02-27,2393
2700,2015-03-02,2105
2701,2015-03-03,2089
2702,2015-03-04,1961
2703,2015-03-05,2274
2704,2015-03-06,3123
2705,2015-03-09,1806
2706,2015-03-10,1475
2707,2015-03-11,1860
2708,2015-03-12,1634
2709,2015-03-13,3006
2710,2015-03-16,1286
2711,2015-03-17,23403
2712,2015-03-18,2732
2713,2015-03-19,1551
2714,2015-03-20,3116
2715,2015-03-23,1132
2716,2015-03-24,2134
2717,2015-03-25,2209
2718,2015-03-26,2173
2719,2015-03-27,3548
2720,2015-03-30,2713
2721,2015-03-31,5216
2722,2015-04-01,2653
2723,2015-04-02,2338
2724,2015-04-07,2864
2725,2015-04-08,1856
2726,2015-04-09,2163
2727,2015-04-10,2544
2728,2015-04-13,2520
2729,2015-04-14,2384
2730,2015-04-15,20319
2731,2015-04-16,1834
2732,2015-04-17,1331
2733,2015-04-20,1942
2734,2015-04-21,1469
2735,2015-04-22,863
2736,2015-04-23,1579
2737,2015-04-24,2382
2738,2015-04-27,2322
2739,2015-04-28,2360
2740,2015-04-29,1461
2741,2015-04-30,2392
2742,2015-05-01,1764
2743,2015-05-05,3025
2744,2015-05-06,2357
2745,2015-05-07,2177
2746,2015-05-08,2881
2747,2015-05-11,1864
2748,2015-05-12,1383
2749,2015-05-13,1803
2750,2015-05-14,1647
2751,2015-05-15,2248
2752,2015-05-18,1112
2753,2015-05-19,14660
2754,2015-05-20,1360
2755,2015-05-21,2111
2756,2015-05-22,3817
2757,2015-05-26,2396
2758,2015-05-27,2072
2759,2015-05-28,2000
2760,2015-05-29,3011
2761,2015-06-01,2147
2762,2015-06-02,2041
2763,2015-06-03,1677
2764,2015-06-04,1978
2765,2015-06-05,2878
2766,2015-06-08,2401
2767,2015-06-09,1867
2768,2015-06-10,2747
2769,2015-06-11,1860
2770,2015-06-12,2908
2771,2015-06-15,1834
2772,2015-06-16,22290
2773,2015-06-17,1484
2774,2015-06-18,1402
2775,2015-06-19,2300
2776,2015-06-22,1565
2777,2015-06-23,2170
2778,2015-06-24,1987
2779,2015-06-25,1362
2780,2015-06-26,2258
2781,2015-06-29,2502
2782,2015-06-30,2465
2783,2015-07-01,1831
2784,2015-07-02,1513
2785,2015-07-03,2073
2786,2015-07-06,1980
2787,2015-07-07,3116
2788,2015-07-08,2874
2789,2015-07-09,2157
2790,2015-07-10,2454
2791,2015-07-13,2078
2792,2015-07-14,1625
2793,2015-07-15,2072
2794,2015-07-16,1082
2795,2015-07-17,1634
2796,2015-07-20,1127
2797,2015-07-21,14997
2798,2015-07-22,1395
2799,2015-07-23,997
2800,2015-07-24,1973
2801,2015-07-27,1641
2802,2015-07-28,1357
2803,2015-07-29,1644
2804,2015-07-30,1667
2805,2015-07-31,2699
2806,2015-08-03,1890
2807,2015-08-04,1979
2808,2015-08-05,1649
2809,2015-08-06,946
2810,2015-08-07,2093
2811,2015-08-10,1806
2812,2015-08-11,2427
2813,2015-08-12,5245
2814,2015-08-13,2213
2815,2015-08-14,2691
2816,2015-08-17,1807
2817,2015-08-18,18777
2818,2015-08-19,1534
2819,2015-08-20,1198
2820,2015-08-21,2424
2821,2015-08-24,2824
2822,2015-08-25,1728
2823,2015-08-26,1877
2824,2015-08-27,3375
2825,2015-08-28,3996
2826,2015-09-01,1533
2827,2015-09-02,1724
2828,2015-09-03,1891
2829,2015-09-04,1372
2830,2015-09-07,900
2831,2015-09-08,1905
2832,2015-09-09,1751
2833,2015-09-10,2277
2834,2015-09-11,1397
2835,2015-09-14,2977
2836,2015-09-15,2287
2837,2015-09-16,27199
2838,2015-09-17,2179
2839,2015-09-18,6177
2840,2015-09-21,2257
2841,2015-09-22,1512
2842,2015-09-23,2391
2843,2015-09-24,1765
2844,2015-09-25,2702
2845,2015-09-28,1327
2846,2015-09-29,2024
2847,2015-09-30,2801
2848,2015-10-01,1634
2849,2015-10-02,2725
2850,2015-10-05,1559
2851,2015-10-06,2157
2852,2015-10-07,1309
2853,2015-10-08,1520
2854,2015-10-09,3583
2855,2015-10-12,1735
2856,2015-10-13,1145
2857,2015-10-14,1321
2858,2015-10-15,1496
2859,2015-10-16,1873
2860,2015-10-19,1837
2861,2015-10-20,18233
2862,2015-10-21,1386
2863,2015-10-22,1199
2864,2015-10-23,2053
2865,2015-10-26,1624
2866,2015-10-27,1048
2867,2015-10-28,1493
2868,2015-10-29,2548
2869,2015-10-30,4367
2870,2015-11-02,1597
2871,2015-11-03,2151
2872,2015-11-04,2226
2873,2015-11-05,2642
2874,2015-11-06,3546
2875,2015-11-09,2072
2876,2015-11-10,2432
2877,2015-11-11,1929
2878,2015-11-12,2180
2879,2015-11-13,3671
2880,2015-11-16,1517
2881,2015-11-17,14860
2882,2015-11-18,2394
2883,2015-11-19,1374
2884,2015-11-20,3187
2885,2015-11-23,1787
2886,2015-11-24,2048
2887,2015-11-25,1915
2888,2015-11-26,2005
2889,2015-11-27,3174
2890,2015-11-30,1689
2891,2015-12-01,3882
2892,2015-12-02,1814
2893,2015-12-03,1423
2894,2015-12-04,2063
2895,2015-12-07,2178
2896,2015-12-08,1974
2897,2015-12-09,1508
2898,2015-12-10,1944
2899,2015-12-11,1924
2900,2015-12-14,2303
2901,2015-12-15,3035
2902,2015-12-16,31042
2903,2015-12-17,1767
2904,2015-12-18,2236
2905,2015-12-21,1793
2906,2015-12-22,2443
2907,2015-12-23,1879
2908,2015-12-24,1970
2909,2015-12-29,1970
2910,2015-12-30,2120
2911,2015-12-31,1975
2912,2016-01-04,2461
2913,2016-01-05,1180
2914,2016-01-06,3019
2915,2016-01-07,2005
2916,2016-01-08,2356
2917,2016-01-11,1965
2918,2016-01-12,1505
2919,2016-01-13,2359
2920,2016-01-14,2521
2921,2016-01-15,2106
2922,2016-01-18,1266
2923,2016-01-19,1793
2924,2016-01-20,21924
2925,2016-01-21,1573
2926,2016-01-22,1835
2927,2016-01-25,1287
2928,2016-01-26,1603
2929,2016-01-27,1934
2930,2016-01-28,2430
2931,2016-01-29,1641
2932,2016-02-01,2373
2933,2016-02-03,3656
2934,2016-02-04,1935
2935,2016-02-05,3122
2936,2016-02-08,1928
2937,2016-02-09,2567
2938,2016-02-10,2217
2939,2016-02-11,2325
2940,2016-02-12,1788
2941,2016-02-15,3906
2942,2016-02-16,4939
2943,2016-02-17,2676
2944,2016-02-18,34599
2945,2016-02-19,3361
2946,2016-02-22,2137
2947,2016-02-23,2640
2948,2016-02-24,1806
2949,2016-02-25,2562
2950,2016-02-26,1633
2951,2016-02-29,1609
2952,2016-03-01,2234
2953,2016-03-02,2888
2954,2016-03-03,3221
2955,2016-03-04,3875
2956,2016-03-07,3395
2957,2016-03-08,3294
2958,2016-03-09,2274
2959,2016-03-10,2130
2960,2016-03-11,2799
2961,2016-03-14,2618
2962,2016-03-15,25287
2963,2016-03-16,2397
2964,2016-03-17,3135
2965,2016-03-18,3700
2966,2016-03-21,1595
2967,2016-03-22,1598
2968,2016-03-23,1824
2969,2016-03-24,1867
2970,2016-03-29,1461
2971,2016-03-30,2584
2972,2016-03-31,3901
2973,2016-04-01,1553
2974,2016-04-04,1167
2975,2016-04-05,2770
2976,2016-04-06,2065
2977,2016-04-07,1859
2978,2016-04-08,2537
2979,2016-04-11,1453
2980,2016-04-12,3551
2981,2016-04-13,4680
2982,2016-04-14,2136
2983,2016-04-15,2161
2984,2016-04-18,2962
2985,2016-04-19,2296
2986,2016-04-20,28244
2987,2016-04-21,2879
2988,2016-04-22,1514
2989,2016-04-25,1148
2990,2016-04-26,1109
2991,2016-04-27,1736
2992,2016-04-28,2057
2993,2016-04-29,2317
2994,2016-05-03,4029
2995,2016-05-04,1199
2996,2016-05-05,2175
2997,2016-05-06,2618
2998,2016-05-09,2622
2999,2016-05-10,2104
3000,2016-05-11,2324
3001,2016-05-12,1686
3002,2016-05-13,2777
3003,2016-05-16,1211
3004,2016-05-17,18355
3005,2016-05-18,1934
3006,2016-05-19,2114
3007,2016-05-20,3139
3008,2016-05-23,2044
3009,2016-05-24,2152
3010,2016-05-25,1910
3011,2016-05-26,1919
3012,2016-05-27,2222
3013,2016-05-31,2457
3014,2016-06-01,2272
3015,2016-06-02,2229
3016,2016-06-03,3280
3017,2016-06-06,1876
3018,2016-06-07,2247
3019,2016-06-08,3713
3020,2016-06-09,1521
3021,2016-06-10,2030
3022,2016-06-13,2448
3023,2016-06-14,1674
3024,2016-06-15,1907
3025,2016-06-16,2746
3026,2016-06-17,2932
3027,2016-06-20,2468
3028,2016-06-21,37432
3029,2016-06-22,1396
3030,2016-06-23,1447
3031,2016-06-24,2842
3032,2016-06-27,1374
3033,2016-06-28,3173
3034,2016-06-29,2301
3035,2016-06-30,2127
3036,2016-07-01,4666
3037,2016-07-04,3718
3038,2016-07-05,2366
3039,2016-07-06,2296
3040,2016-07-07,2869
3041,2016-07-08,3563
3042,2016-07-11,2602
3043,2016-07-12,2879
3044,2016-07-13,2710
3045,2016-07-14,2423
3046,2016-07-15,3052
3047,2016-07-18,2107
3048,2016-07-19,19413
3049,2016-07-20,2512
3050,2016-07-21,2423
3051,2016-07-22,3209
3052,2016-07-25,1895
3053,2016-07-26,2121
3054,2016-07-27,1570
3055,2016-07-28,2395
3056,2016-07-29,2623
3057,2016-08-01,1308
3058,2016-08-02,3394
3059,2016-08-03,2037
3060,2016-08-04,1604
3061,2016-08-05,2225
3062,2016-08-08,1042
3063,2016-08-09,1261
3064,2016-08-10,2284
3065,2016-08-11,1161
3066,2016-08-12,2233
3067,2016-08-15,1603
3068,2016-08-16,30805
3069,2016-08-17,1880
3070,2016-08-18,890
3071,2016-08-19,1542
3072,2016-08-22,1749
3073,2016-08-23,1251
3074,2016-08-24,1686
3075,2016-08-25,3131
3076,2016-08-26,4185
3077,2016-08-30,2173
3078,2016-08-31,3279
3079,2016-09-01,2203
3080,2016-09-02,1537
3081,2016-09-05,1064
3082,2016-09-06,2082
3083,2016-09-07,2004
3084,2016-09-08,2278
3085,2016-09-09,2456
3086,2016-09-12,1808
3087,2016-09-13,1822
3088,2016-09-14,1716
3089,2016-09-15,1380
3090,2016-09-16,1922
3091,2016-09-19,2496
3092,2016-09-20,1752
3093,2016-09-21,41095
3094,2016-09-22,3267
3095,2016-09-23,2216
3096,2016-09-26,2194
3097,2016-09-27,4874
3098,2016-09-28,5809
3099,2016-09-29,2676
3100,2016-09-30,1630
3101,2016-10-03,2205
3102,2016-10-04,2866
3103,2016-10-05,1929
3104,2016-10-06,1966
3105,2016-10-07,2856
3106,2016-10-10,2013
3107,2016-10-11,2212
3108,2016-10-12,1962
3109,2016-10-13,1821
3110,2016-10-14,2192
3111,2016-10-17,2403
3112,2016-10-18,27314
3113,2016-10-19,1582
3114,2016-10-20,2220
3115,2016-10-21,3812
3116,2016-10-24,1978
3117,2016-10-25,2589
3118,2016-10-26,1567
3119,2016-10-27,1894
3120,2016-10-28,2678
3121,2016-10-31,1832
3122,2016-11-01,2344
3123,2016-11-02,1755
3124,2016-11-03,1571
3125,2016-11-04,2099
3126,2016-11-07,4195
3127,2016-11-08,3269
3128,2016-11-09,5407
3129,2016-11-10,5727
3130,2016-11-11,7796
3131,2016-11-14,1664
3132,2016-11-15,20267
3133,2016-11-16,2038
3134,2016-11-17,1685
3135,2016-11-18,2823
3136,2016-11-21,1970
3137,2016-11-22,1362
3138,2016-11-23,1168
3139,2016-11-24,1654
3140,2016-11-25,2524
3141,2016-11-28,2683
3142,2016-11-29,3870
3143,2016-11-30,4415
3144,2016-12-01,1339
3145,2016-12-02,1883
3146,2016-12-05,2083
3147,2016-12-06,2271
3148,2016-12-07,2795
3149,2016-12-08,2052
3150,2016-12-09,1993
3151,2016-12-12,1568
3152,2016-12-13,2145
3153,2016-12-14,1629
3154,2016-12-15,49353
3155,2016-12-16,1684
3156,2016-12-19,2787
3157,2016-12-20,3349
3158,2016-12-21,1561
3159,2016-12-22,1838
3160,2016-12-23,1591
3161,2016-12-28,3199
3162,2016-12-29,2310
3163,2016-12-30,2113
3164,2017-01-03,2673
3165,2017-01-04,2252
3166,2017-01-05,2563
3167,2017-01-06,1137
3168,2017-01-09,1589
3169,2017-01-10,2978
3170,2017-01-11,4576
3171,2017-01-12,6496
3172,2017-01-13,2343
3173,2017-01-16,3008
3174,2017-01-17,4100
3175,2017-01-18,4448
3176,2017-01-19,17240
3177,2017-01-20,2941
3178,2017-01-23,4357
3179,2017-01-24,5491
3180,2017-01-25,2306
3181,2017-01-26,2608
3182,2017-01-27,1312
3183,2017-01-30,1488
3184,2017-01-31,2432
3185,2017-02-01,2678
3186,2017-02-02,4816
3187,2017-02-03,3474
3188,2017-02-06,2171
3189,2017-02-07,2616
3190,2017-02-08,3074
3191,2017-02-09,2031
3192,2017-02-10,3288
3193,2017-02-13,2248
3194,2017-02-14,2699
3195,2017-02-15,3545
3196,2017-02-16,1814
3197,2017-02-17,38604
3198,2017-02-20,1382
3199,2017-02-21,1904
3200,2017-02-22,3841
3201,2017-02-23,2381
3202,2017-02-24,1871
3203,2017-02-27,1797
3204,2017-02-28,1830
3205,2017-03-01,1416
3206,2017-03-02,2181
3207,2017-03-03,2073
3208,2017-03-06,1183
3209,2017-03-07,2502
3210,2017-03-08,3422
3211,2017-03-09,2208
3212,2017-03-10,3900
3213,2017-03-13,1407
3214,2017-03-14,1568
3215,2017-03-15,1389
3216,2017-03-16,2271
3217,2017-03-17,2562
3218,2017-03-20,1434
3219,2017-03-21,26001
3220,2017-03-22,2074
3221,2017-03-23,1477
3222,2017-03-24,2247
3223,2017-03-27,2242
3224,2017-03-28,1878
3225,2017-03-29,1691
3226,2017-03-30,2598
3227,2017-03-31,3519
3228,2017-04-03,1717
3229,2017-04-04,1335
3230,2017-04-05,3893
3231,2017-04-06,3403
3232,2017-04-07,1484
3233,2017-04-10,1648
3234,2017-04-11,3710
3235,2017-04-12,3193
3236,2017-04-13,1655
3237,2017-04-18,2491
3238,2017-04-19,31195
3239,2017-04-20,3533
3240,2017-04-21,2260
3241,2017-04-24,2246
3242,2017-04-25,2261
3243,2017-04-26,1613
3244,2017-04-27,1344
3245,2017-04-28,1956
3246,2017-05-02,1461
3247,2017-05-03,2640
3248,2017-05-04,3323
3249,2017-05-05,4234
3250,2017-05-08,1789
3251,2017-05-09,2432
3252,2017-05-10,1718
3253,2017-05-11,1789
3254,2017-05-12,2487
3255,2017-05-15,3694
3256,2017-05-16,15409
3257,2017-05-17,1764
3258,2017-05-18,1606
3259,2017-05-19,2857
3260,2017-05-22,1483
3261,2017-05-24,1810
3262,2017-05-25,2477
3263,2017-05-26,2838
3264,2017-05-30,1070
3265,2017-05-31,1907
3266,2017-06-01,2838
3267,2017-06-02,3308
3268,2017-06-05,1331
3269,2017-06-06,1974
3270,2017-06-07,2337
3271,2017-06-08,2642
3272,2017-06-09,3388
3273,2017-06-12,2368
3274,2017-06-13,2445
3275,2017-06-14,2436
3276,2017-06-15,1769
3277,2017-06-16,1949
3278,2017-06-19,3218
3279,2017-06-20,31667
3280,2017-06-21,1394
3281,2017-06-22,1537
3282,2017-06-23,2586
3283,2017-06-26,1620
3284,2017-06-27,2816
3285,2017-06-28,2935
3286,2017-06-29,2860
3287,2017-06-30,2318
3288,2017-07-03,1776
3289,2017-07-04,2244
3290,2017-07-05,1754
3291,2017-07-06,2634
3292,2017-07-07,4772
3293,2017-07-10,2647
3294,2017-07-11,2022
3295,2017-07-12,2243
3296,2017-07-13,1885
3297,2017-07-14,4316
3298,2017-07-17,2542
3299,2017-07-18,15576
3300,2017-07-19,2428
3301,2017-07-20,2077
3302,2017-07-21,2906
3303,2017-07-24,2318
3304,2017-07-25,4110
3305,2017-07-26,3271
3306,2017-07-27,3838
3307,2017-07-28,3826
3308,2017-07-31,2592
3309,2017-08-01,2826
3310,2017-08-02,3202
3311,2017-08-03,2493
3312,2017-08-04,3066
3313,2017-08-07,1865
3314,2017-08-08,2969
3315,2017-08-09,3483
3316,2017-08-10,2326
3317,2017-08-11,2904
3318,2017-08-14,3252
3319,2017-08-15,27960
3320,2017-08-16,2747
3321,2017-08-17,2274
3322,2017-08-18,3822
3323,2017-08-21,2329
3324,2017-08-22,2265
3325,2017-08-23,2115
3326,2017-08-24,3239
3327,2017-08-25,3884
3328,2017-08-29,2794
3329,2017-08-30,2143
3330,2017-08-31,2696
3331,2017-09-01,2145
3332,2017-09-04,1687
3333,2017-09-05,2313
3334,2017-09-06,1953
3335,2017-09-07,1420
3336,2017-09-08,4465
3337,2017-09-11,2667
3338,2017-09-12,2085
3339,2017-09-13,3489
3340,2017-09-14,3107
3341,2017-09-15,2449
3342,2017-09-18,1566
3343,2017-09-19,1577
3344,2017-09-20,34189
3345,2017-09-21,2477
3346,2017-09-22,2976
3347,2017-09-25,1644
3348,2017-09-26,3426
3349,2017-09-27,4032
3350,2017-09-28,1971
3351,2017-09-29,2265
3352,2017-10-02,1876
3353,2017-10-03,2181
3354,2017-10-04,1717
3355,2017-10-05,1131
3356,2017-10-06,1743
3357,2017-10-09,2790
3358,2017-10-10,2595
3359,2017-10-11,2781
3360,2017-10-12,2416
3361,2017-10-13,3854
3362,2017-10-16,3798
3363,2017-10-17,31797
3364,2017-10-18,2322
3365,2017-10-19,1358
3366,2017-10-20,2640
3367,2017-10-23,1468
3368,2017-10-24,1368
3369,2017-10-25,1002
3370,2017-10-26,1812
3371,2017-10-27,2789
3372,2017-10-30,1447
3373,2017-10-31,3218
3374,2017-11-01,3730
3375,2017-11-02,2858
3376,2017-11-03,3811
3377,2017-11-06,3874
3378,2017-11-07,2315
3379,2017-11-08,2700
3380,2017-11-09,1745
3381,2017-11-10,3231
3382,2017-11-13,2778
3383,2017-11-14,2210
3384,2017-11-15,3080
3385,2017-11-16,2329
3386,2017-11-17,2697
3387,2017-11-20,1492
3388,2017-11-21,15643
3389,2017-11-22,2138
3390,2017-11-23,2384
3391,2017-11-24,2731
3392,2017-11-27,1520
3393,2017-11-28,1565
3394,2017-11-29,2356
3395,2017-11-30,3966
3396,2017-12-01,3091
3397,2017-12-04,2769
3398,2017-12-05,4532
3399,2017-12-06,2708
3400,2017-12-07,2241
3401,2017-12-08,2464
3402,2017-12-11,2261
3403,2017-12-12,2831
3404,2017-12-13,1235
3405,2017-12-14,1623
3406,2017-12-15,3873
3407,2017-12-18,2126
3408,2017-12-19,3012
3409,2017-12-20,3068
3410,2017-12-21,36574
3411,2017-12-22,2289
3412,2017-12-27,1546
3413,2017-12-28,1684
3414,2017-12-29,2601
