,Index,LMSNDS03
0,2003-12-11,34
1,2003-12-12,45
2,2003-12-15,47
3,2003-12-16,41
4,2003-12-17,60
5,2003-12-18,51
6,2003-12-19,171
7,2003-12-22,7
8,2003-12-23,15
9,2003-12-26,14
10,2003-12-29,15
11,2003-12-30,37
12,2003-12-31,24
13,2004-01-02,82
14,2004-01-05,42
15,2004-01-06,142
16,2004-01-07,33
17,2004-01-08,80
18,2004-01-09,80
19,2004-01-12,65
20,2004-01-13,62
21,2004-01-14,16
22,2004-01-15,46
23,2004-01-16,77
24,2004-01-20,13
25,2004-01-21,1
26,2004-01-22,70
27,2004-01-28,61
28,2004-01-29,44
29,2004-01-30,16
30,2004-02-02,25
31,2004-02-03,5
32,2004-02-04,40
33,2004-02-05,33
34,2004-02-06,42
35,2004-02-09,26
36,2004-02-10,28
37,2004-02-11,39
38,2004-02-12,49
39,2004-02-13,98
40,2004-02-17,34
41,2004-02-18,66
42,2004-02-19,14
43,2004-02-20,212
44,2004-02-23,2
45,2004-02-24,59
46,2004-02-25,70
47,2004-02-26,7
48,2004-02-27,100
49,2004-03-01,43
50,2004-03-02,85
51,2004-03-03,73
52,2004-03-04,109
53,2004-03-05,24
54,2004-03-08,102
55,2004-03-09,43
56,2004-03-10,26
57,2004-03-11,11
58,2004-03-12,31
59,2004-03-15,54
60,2004-03-16,102
61,2004-03-17,12
62,2004-03-18,61
63,2004-03-19,62
64,2004-03-22,95
65,2004-03-23,138
66,2004-03-24,117
67,2004-03-25,55
68,2004-03-26,11
69,2004-03-29,82
70,2004-03-30,43
71,2004-03-31,201
72,2004-04-01,39
73,2004-04-02,118
74,2004-04-05,92
75,2004-04-06,91
76,2004-04-07,276
77,2004-04-12,56
78,2004-04-13,94
79,2004-04-14,62
80,2004-04-15,54
81,2004-04-16,35
82,2004-04-19,54
83,2004-04-20,156
84,2004-04-21,80
85,2004-04-22,123
86,2004-04-23,26
87,2004-04-26,47
88,2004-04-27,93
89,2004-04-28,15
90,2004-04-29,53
91,2004-05-03,76
92,2004-05-04,30
93,2004-05-05,145
94,2004-05-06,94
95,2004-05-07,101
96,2004-05-10,44
97,2004-05-11,46
98,2004-05-12,22
99,2004-05-13,41
100,2004-05-14,42
101,2004-05-17,59
102,2004-05-18,32
103,2004-05-19,200
104,2004-05-20,104
105,2004-05-21,22
106,2004-05-24,88
107,2004-05-25,117
108,2004-05-26,104
109,2004-05-27,61
110,2004-05-28,117
111,2004-06-01,49
112,2004-06-02,30
113,2004-06-03,102
114,2004-06-04,64
115,2004-06-07,51
116,2004-06-08,63
117,2004-06-09,169
118,2004-06-10,117
119,2004-06-11,183
120,2004-06-14,99
121,2004-06-15,17
122,2004-06-16,73
123,2004-06-17,111
124,2004-06-18,81
125,2004-06-21,326
126,2004-06-22,81
127,2004-06-23,36
128,2004-06-24,39
129,2004-06-25,19
130,2004-06-28,87
131,2004-06-29,45
132,2004-06-30,28
133,2004-07-01,20
134,2004-07-02,73
135,2004-07-06,44
136,2004-07-07,243
137,2004-07-08,43
138,2004-07-09,91
139,2004-07-12,75
140,2004-07-13,17
141,2004-07-14,64
142,2004-07-15,118
143,2004-07-16,112
144,2004-07-19,64
145,2004-07-20,126
146,2004-07-21,105
147,2004-07-22,308
148,2004-07-23,67
149,2004-07-26,94
150,2004-07-27,13
151,2004-07-28,19
152,2004-07-29,92
153,2004-07-30,110
154,2004-08-02,45
155,2004-08-03,121
156,2004-08-04,71
157,2004-08-05,33
158,2004-08-06,53
159,2004-08-09,84
160,2004-08-10,43
161,2004-08-11,31
162,2004-08-12,46
163,2004-08-13,306
164,2004-08-16,108
165,2004-08-17,170
166,2004-08-18,176
167,2004-08-19,114
168,2004-08-20,72
169,2004-08-23,82
170,2004-08-24,48
171,2004-08-25,236
172,2004-08-26,110
173,2004-08-30,72
174,2004-08-31,32
175,2004-09-01,112
176,2004-09-02,251
177,2004-09-03,61
178,2004-09-07,43
179,2004-09-08,10
180,2004-09-09,99
181,2004-09-10,122
182,2004-09-13,43
183,2004-09-14,126
184,2004-09-15,36
185,2004-09-16,81
186,2004-09-17,54
187,2004-09-20,40
188,2004-09-21,130
189,2004-09-22,37
190,2004-09-23,37
191,2004-09-24,38
192,2004-09-27,16
193,2004-09-28,11
194,2004-09-29,74
195,2004-09-30,287
196,2004-10-01,63
197,2004-10-04,11
198,2004-10-05,90
199,2004-10-06,144
200,2004-10-07,135
201,2004-10-08,80
202,2004-10-11,38
203,2004-10-12,715
204,2004-10-13,185
205,2004-10-14,108
206,2004-10-15,49
207,2004-10-18,80
208,2004-10-19,33
209,2004-10-20,21
210,2004-10-21,26
211,2004-10-22,5
212,2004-10-25,56
213,2004-10-26,65
214,2004-10-27,91
215,2004-10-28,30
216,2004-10-29,82
217,2004-11-01,50
218,2004-11-02,22
219,2004-11-03,23
220,2004-11-04,71
221,2004-11-05,45
222,2004-11-08,37
223,2004-11-09,17
224,2004-11-11,12
225,2004-11-12,2
226,2004-11-15,15
227,2004-11-16,46
228,2004-11-17,42
229,2004-11-18,35
230,2004-11-19,69
231,2004-11-22,41
232,2004-11-23,66
233,2004-11-24,82
234,2004-11-26,35
235,2004-11-29,64
236,2004-11-30,78
237,2004-12-01,73
238,2004-12-02,21
239,2004-12-03,64
240,2004-12-06,9
241,2004-12-07,150
242,2004-12-08,84
243,2004-12-09,35
244,2004-12-10,123
245,2004-12-13,7
246,2004-12-14,23
247,2004-12-15,28
248,2004-12-16,8
249,2004-12-17,38
250,2004-12-20,46
251,2004-12-21,76
252,2004-12-22,128
253,2004-12-28,185
254,2004-12-29,88
255,2004-12-30,26
256,2005-01-03,88
257,2005-01-04,128
258,2005-01-05,156
259,2005-01-06,114
260,2005-01-07,151
261,2005-01-10,30
262,2005-01-11,28
263,2005-01-12,77
264,2005-01-13,17
265,2005-01-14,82
266,2005-01-18,160
267,2005-01-19,64
268,2005-01-20,27
269,2005-01-21,183
270,2005-01-24,24
271,2005-01-25,79
272,2005-01-26,75
273,2005-01-27,55
274,2005-01-28,25
275,2005-01-31,26
276,2005-02-01,21
277,2005-02-02,17
278,2005-02-03,79
279,2005-02-04,10
280,2005-02-07,5
281,2005-02-08,4
282,2005-02-09,23
283,2005-02-10,37
284,2005-02-11,50
285,2005-02-14,39
286,2005-02-15,40
287,2005-02-16,40
288,2005-02-17,127
289,2005-02-18,51
290,2005-02-22,93
291,2005-02-23,287
292,2005-02-24,3
293,2005-02-25,58
294,2005-02-28,80
295,2005-03-01,54
296,2005-03-02,87
297,2005-03-03,47
298,2005-03-04,21
299,2005-03-07,67
300,2005-03-08,68
301,2005-03-09,58
302,2005-03-10,113
303,2005-03-11,45
304,2005-03-14,30
305,2005-03-15,100
306,2005-03-16,13
307,2005-03-17,64
308,2005-03-18,19
309,2005-03-21,249
310,2005-03-22,57
311,2005-03-23,154
312,2005-03-28,40
313,2005-03-29,217
314,2005-03-30,52
315,2005-03-31,68
316,2005-04-01,100
317,2005-04-04,23
318,2005-04-05,12
319,2005-04-07,44
320,2005-04-08,38
321,2005-04-11,45
322,2005-04-12,71
323,2005-04-13,106
324,2005-04-14,21
325,2005-04-15,9
326,2005-04-18,86
327,2005-04-19,16
328,2005-04-20,33
329,2005-04-21,37
330,2005-04-22,35
331,2005-04-25,65
332,2005-04-26,48
333,2005-04-27,129
334,2005-04-28,125
335,2005-05-02,198
336,2005-05-03,90
337,2005-05-04,65
338,2005-05-05,200
339,2005-05-06,181
340,2005-05-09,291
341,2005-05-10,144
342,2005-05-11,183
343,2005-05-12,456
344,2005-05-13,222
345,2005-05-16,199
346,2005-05-17,109
347,2005-05-18,153
348,2005-05-19,102
349,2005-05-20,112
350,2005-05-23,291
351,2005-05-24,117
352,2005-05-25,85
353,2005-05-26,137
354,2005-05-27,308
355,2005-05-31,804
356,2005-06-01,254
357,2005-06-02,332
358,2005-06-03,296
359,2005-06-06,85
360,2005-06-07,335
361,2005-06-08,264
362,2005-06-09,188
363,2005-06-10,137
364,2005-06-13,129
365,2005-06-14,210
366,2005-06-15,148
367,2005-06-16,166
368,2005-06-17,296
369,2005-06-20,234
370,2005-06-21,295
371,2005-06-22,365
372,2005-06-23,321
373,2005-06-24,185
374,2005-06-27,236
375,2005-06-28,49
376,2005-06-29,98
377,2005-06-30,42
378,2005-07-01,196
379,2005-07-05,163
380,2005-07-06,105
381,2005-07-07,259
382,2005-07-08,90
383,2005-07-11,255
384,2005-07-12,669
385,2005-07-13,1155
386,2005-07-14,1139
387,2005-07-15,263
388,2005-07-18,349
389,2005-07-19,85
390,2005-07-20,78
391,2005-07-21,62
392,2005-07-22,118
393,2005-07-25,148
394,2005-07-26,486
395,2005-07-27,289
396,2005-07-28,536
397,2005-07-29,218
398,2005-08-01,517
399,2005-08-02,346
400,2005-08-03,177
401,2005-08-04,88
402,2005-08-05,122
403,2005-08-08,833
404,2005-08-09,213
405,2005-08-10,615
406,2005-08-11,781
407,2005-08-12,446
408,2005-08-15,369
409,2005-08-16,489
410,2005-08-17,438
411,2005-08-18,386
412,2005-08-19,566
413,2005-08-22,377
414,2005-08-23,318
415,2005-08-24,217
416,2005-08-25,183
417,2005-08-29,206
418,2005-08-30,171
419,2005-08-31,316
420,2005-09-01,68
421,2005-09-02,97
422,2005-09-06,117
423,2005-09-07,220
424,2005-09-08,433
425,2005-09-09,246
426,2005-09-12,422
427,2005-09-13,154
428,2005-09-14,343
429,2005-09-15,360
430,2005-09-16,177
431,2005-09-19,293
432,2005-09-20,241
433,2005-09-21,307
434,2005-09-22,1426
435,2005-09-23,219
436,2005-09-26,206
437,2005-09-27,195
438,2005-09-28,309
439,2005-09-29,85
440,2005-09-30,101
441,2005-10-03,94
442,2005-10-04,125
443,2005-10-05,224
444,2005-10-06,248
445,2005-10-07,156
446,2005-10-10,243
447,2005-10-11,53
448,2005-10-12,219
449,2005-10-13,182
450,2005-10-14,354
451,2005-10-17,285
452,2005-10-18,476
453,2005-10-19,297
454,2005-10-20,183
455,2005-10-21,184
456,2005-10-24,266
457,2005-10-25,135
458,2005-10-26,179
459,2005-10-27,259
460,2005-10-28,315
461,2005-10-31,484
462,2005-11-01,136
463,2005-11-02,367
464,2005-11-03,222
465,2005-11-04,254
466,2005-11-07,80
467,2005-11-08,240
468,2005-11-09,154
469,2005-11-10,68
470,2005-11-11,309
471,2005-11-14,326
472,2005-11-15,160
473,2005-11-16,74
474,2005-11-17,437
475,2005-11-18,224
476,2005-11-21,166
477,2005-11-22,397
478,2005-11-23,160
479,2005-11-25,330
480,2005-11-28,161
481,2005-11-29,290
482,2005-11-30,1393
483,2005-12-01,984
484,2005-12-02,1457
485,2005-12-05,440
486,2005-12-06,284
487,2005-12-07,546
488,2005-12-08,362
489,2005-12-09,637
490,2005-12-12,301
491,2005-12-13,369
492,2005-12-14,198
493,2005-12-15,111
494,2005-12-16,222
495,2005-12-19,277
496,2005-12-20,188
497,2005-12-21,198
498,2005-12-22,72
499,2005-12-27,169
500,2005-12-28,184
501,2005-12-29,73
502,2005-12-30,239
503,2006-01-03,258
504,2006-01-04,148
505,2006-01-05,292
506,2006-01-06,313
507,2006-01-09,293
508,2006-01-10,121
509,2006-01-11,128
510,2006-01-12,723
511,2006-01-13,212
512,2006-01-17,325
513,2006-01-18,111
514,2006-01-19,133
515,2006-01-20,589
516,2006-01-23,492
517,2006-01-24,595
518,2006-01-25,307
519,2006-01-26,893
520,2006-01-27,142
521,2006-01-30,736
522,2006-01-31,448
523,2006-02-01,381
524,2006-02-02,300
525,2006-02-03,419
526,2006-02-06,507
527,2006-02-07,294
528,2006-02-08,351
529,2006-02-09,111
530,2006-02-10,193
531,2006-02-13,153
532,2006-02-14,291
533,2006-02-15,530
534,2006-02-16,427
535,2006-02-17,675
536,2006-02-21,149
537,2006-02-22,139
538,2006-02-23,141
539,2006-02-24,289
540,2006-02-27,159
541,2006-02-28,236
542,2006-03-01,661
543,2006-03-02,458
544,2006-03-03,237
545,2006-03-06,295
546,2006-03-07,436
547,2006-03-08,112
548,2006-03-09,228
549,2006-03-10,191
550,2006-03-13,119
551,2006-03-14,259
552,2006-03-15,224
553,2006-03-16,414
554,2006-03-17,298
555,2006-03-20,158
556,2006-03-21,198
557,2006-03-22,570
558,2006-03-23,658
559,2006-03-24,209
560,2006-03-27,195
561,2006-03-28,289
562,2006-03-29,167
563,2006-03-30,243
564,2006-03-31,433
565,2006-04-03,194
566,2006-04-04,293
567,2006-04-05,145
568,2006-04-06,284
569,2006-04-07,277
570,2006-04-10,411
571,2006-04-11,237
572,2006-04-12,478
573,2006-04-17,411
574,2006-04-20,501
575,2006-05-18,298
576,2006-05-25,119
577,2006-06-01,232
578,2006-06-08,114
579,2006-06-09,168
580,2006-06-12,117
581,2006-06-13,211
582,2006-06-14,100
583,2006-06-15,123
584,2006-06-16,151
585,2006-06-19,52
586,2006-06-20,162
587,2006-06-21,103
588,2006-06-22,62
589,2006-06-23,128
590,2006-06-26,211
591,2006-06-27,144
592,2006-06-28,120
593,2006-06-29,97
594,2006-07-06,143
595,2006-07-13,130
596,2006-07-17,1248
597,2006-07-20,175
598,2006-07-27,109
599,2006-07-31,4
600,2006-08-03,109
601,2006-08-07,2
602,2006-08-10,110
603,2006-08-14,169
604,2006-08-17,106
605,2006-08-23,182
606,2006-08-24,210
607,2006-08-30,351
608,2006-09-05,1
609,2006-09-19,2548
610,2006-09-25,149
611,2006-09-26,382
612,2006-10-05,337
613,2006-10-12,256
614,2006-10-16,1650
615,2006-10-19,163
616,2006-10-26,90
617,2006-11-02,186
618,2006-11-09,133
619,2006-11-16,134
620,2006-11-20,725
621,2006-11-23,110
622,2006-11-28,390
623,2006-11-29,574
624,2006-11-30,719
625,2006-12-01,218
626,2006-12-04,137
627,2006-12-05,229
628,2006-12-06,204
629,2006-12-07,139
630,2006-12-08,237
631,2006-12-11,178
632,2006-12-12,244
633,2006-12-13,140
634,2006-12-14,148
635,2006-12-15,129
636,2006-12-18,80
637,2006-12-19,138
638,2006-12-20,211
639,2006-12-21,1811
640,2006-12-22,109
641,2006-12-27,156
642,2006-12-28,154
643,2006-12-29,149
644,2007-01-02,138
645,2007-01-03,239
646,2007-01-04,221
647,2007-01-05,192
648,2007-01-08,244
649,2007-01-09,373
650,2007-01-10,420
651,2007-01-11,131
652,2007-01-12,127
653,2007-01-15,81
654,2007-01-16,479
655,2007-01-17,213
656,2007-01-18,1233
657,2007-01-19,250
658,2007-01-22,242
659,2007-01-23,452
660,2007-01-24,152
661,2007-01-25,70
662,2007-01-26,103
663,2007-01-29,153
664,2007-01-30,193
665,2007-01-31,291
666,2007-02-01,324
667,2007-02-02,152
668,2007-02-05,312
669,2007-02-06,165
670,2007-02-07,224
671,2007-02-08,325
672,2007-02-09,216
673,2007-02-12,202
674,2007-02-13,139
675,2007-02-14,221
676,2007-02-15,493
677,2007-02-16,1027
678,2007-02-19,95
679,2007-02-20,199
680,2007-02-21,267
681,2007-02-22,220
682,2007-02-23,240
683,2007-02-26,121
684,2007-02-27,235
685,2007-02-28,286
686,2007-03-01,146
687,2007-03-02,222
688,2007-03-05,139
689,2007-03-06,134
690,2007-03-07,132
691,2007-03-08,299
692,2007-03-09,256
693,2007-03-12,59
694,2007-03-13,106
695,2007-03-14,238
696,2007-03-15,193
697,2007-03-16,280
698,2007-03-19,263
699,2007-03-20,1427
700,2007-03-21,120
701,2007-03-22,144
702,2007-03-23,317
703,2007-03-26,89
704,2007-03-27,88
705,2007-03-28,339
706,2007-03-29,353
707,2007-03-30,363
708,2007-04-02,136
709,2007-04-03,135
710,2007-04-04,175
711,2007-04-10,126
712,2007-04-11,161
713,2007-04-12,174
714,2007-04-13,113
715,2007-04-16,121
716,2007-04-17,233
717,2007-04-18,1539
718,2007-04-19,186
719,2007-04-20,92
720,2007-04-23,83
721,2007-04-24,139
722,2007-04-25,65
723,2007-04-26,279
724,2007-04-27,339
725,2007-04-30,140
726,2007-05-01,243
727,2007-05-02,224
728,2007-05-03,92
729,2007-05-04,176
730,2007-05-08,236
731,2007-05-09,216
732,2007-05-10,138
733,2007-05-11,194
734,2007-05-14,141
735,2007-05-15,988
736,2007-05-16,93
737,2007-05-17,145
738,2007-05-18,166
739,2007-05-21,130
740,2007-05-22,89
741,2007-05-23,207
742,2007-05-24,43
743,2007-05-25,129
744,2007-05-29,64
745,2007-05-30,121
746,2007-05-31,178
747,2007-06-01,303
748,2007-06-04,72
749,2007-06-05,159
750,2007-06-06,112
751,2007-06-07,165
752,2007-06-08,228
753,2007-06-11,173
754,2007-06-12,172
755,2007-06-13,185
756,2007-06-14,223
757,2007-06-15,381
758,2007-06-18,371
759,2007-06-19,1873
760,2007-06-20,181
761,2007-06-21,64
762,2007-06-22,137
763,2007-06-25,205
764,2007-06-26,194
765,2007-06-27,184
766,2007-06-28,135
767,2007-06-29,276
768,2007-07-02,82
769,2007-07-03,96
770,2007-07-04,295
771,2007-07-05,118
772,2007-07-06,303
773,2007-07-09,179
774,2007-07-10,134
775,2007-07-11,110
776,2007-07-12,171
777,2007-07-13,242
778,2007-07-16,84
779,2007-07-17,1089
780,2007-07-18,345
781,2007-07-19,283
782,2007-07-20,482
783,2007-07-23,203
784,2007-07-24,117
785,2007-07-25,213
786,2007-07-26,203
787,2007-07-27,254
788,2007-07-30,313
789,2007-07-31,170
790,2007-08-01,258
791,2007-08-02,184
792,2007-08-03,344
793,2007-08-06,148
794,2007-08-07,310
795,2007-08-08,137
796,2007-08-09,186
797,2007-08-10,323
798,2007-08-13,142
799,2007-08-14,583
800,2007-08-15,285
801,2007-08-16,238
802,2007-08-17,429
803,2007-08-20,128
804,2007-08-21,1034
805,2007-08-22,190
806,2007-08-23,182
807,2007-08-24,252
808,2007-08-28,101
809,2007-08-29,133
810,2007-08-30,165
811,2007-08-31,180
812,2007-09-03,91
813,2007-09-04,202
814,2007-09-05,143
815,2007-09-06,187
816,2007-09-07,210
817,2007-09-10,76
818,2007-09-11,147
819,2007-09-12,233
820,2007-09-13,101
821,2007-09-14,108
822,2007-09-17,99
823,2007-09-18,164
824,2007-09-19,1329
825,2007-09-20,99
826,2007-09-21,78
827,2007-09-24,132
828,2007-09-25,182
829,2007-09-26,210
830,2007-09-27,360
831,2007-09-28,87
832,2007-10-01,94
833,2007-10-02,226
834,2007-10-03,315
835,2007-10-04,113
836,2007-10-05,158
837,2007-10-08,149
838,2007-10-09,76
839,2007-10-10,106
840,2007-10-12,340
841,2007-10-15,236
842,2007-10-16,1308
843,2007-10-17,104
844,2007-10-18,222
845,2007-10-19,299
846,2007-10-22,107
847,2007-10-23,91
848,2007-10-24,169
849,2007-10-25,102
850,2007-10-29,169
851,2007-10-30,166
852,2007-10-31,169
853,2007-11-01,116
854,2007-11-02,212
855,2007-11-05,123
856,2007-11-06,206
857,2007-11-07,221
858,2007-11-08,151
859,2007-11-09,183
860,2007-11-12,149
861,2007-11-13,140
862,2007-11-14,224
863,2007-11-15,68
864,2007-11-16,206
865,2007-11-19,123
866,2007-11-20,949
867,2007-11-21,299
868,2007-11-22,219
869,2007-11-23,403
870,2007-11-26,84
871,2007-11-27,165
872,2007-11-28,55
873,2007-11-29,120
874,2007-11-30,210
875,2007-12-03,101
876,2007-12-04,304
877,2007-12-05,232
878,2007-12-06,148
879,2007-12-07,109
880,2007-12-10,73
881,2007-12-11,74
882,2007-12-12,180
883,2007-12-13,345
884,2007-12-14,275
885,2007-12-17,263
886,2007-12-18,181
887,2007-12-19,1425
888,2007-12-20,208
889,2007-12-27,174
890,2007-12-28,195
891,2007-12-31,152
892,2008-01-02,809
893,2008-01-03,263
894,2008-01-04,144
895,2008-01-07,207
896,2008-01-08,113
897,2008-01-09,199
898,2008-01-10,143
899,2008-01-11,106
900,2008-01-14,200
901,2008-01-15,137
902,2008-01-16,1303
903,2008-01-17,125
904,2008-01-18,82
905,2008-01-21,169
906,2008-01-22,166
907,2008-01-23,134
908,2008-01-24,183
909,2008-01-25,132
910,2008-01-28,105
911,2008-01-29,387
912,2008-01-30,177
913,2008-01-31,464
914,2008-02-01,272
915,2008-02-04,194
916,2008-02-05,214
917,2008-02-06,363
918,2008-02-07,326
919,2008-02-08,314
920,2008-02-11,137
921,2008-02-12,284
922,2008-02-13,163
923,2008-02-14,139
924,2008-02-15,133
925,2008-02-18,76
926,2008-02-19,156
927,2008-02-20,189
928,2008-02-21,1223
929,2008-02-22,203
930,2008-02-25,395
931,2008-02-26,760
932,2008-02-27,1040
933,2008-02-28,506
934,2008-02-29,238
935,2008-03-03,146
936,2008-03-04,302
937,2008-03-05,270
938,2008-03-06,203
939,2008-03-07,313
940,2008-03-10,290
941,2008-03-11,452
942,2008-03-12,402
943,2008-03-13,481
944,2008-03-14,778
945,2008-03-17,403
946,2008-03-18,1281
947,2008-03-19,217
948,2008-03-25,132
949,2008-03-26,193
950,2008-03-27,247
951,2008-03-28,356
952,2008-03-31,92
953,2008-04-01,224
954,2008-04-02,187
955,2008-04-03,148
956,2008-04-04,126
957,2008-04-07,303
958,2008-04-08,96
959,2008-04-09,197
960,2008-04-10,254
961,2008-04-11,154
962,2008-04-14,234
963,2008-04-15,180
964,2008-04-16,1268
965,2008-04-17,354
966,2008-04-18,219
967,2008-04-21,323
968,2008-04-22,276
969,2008-04-23,618
970,2008-04-24,482
971,2008-04-25,119
972,2008-04-28,106
973,2008-04-29,142
974,2008-04-30,164
975,2008-05-01,188
976,2008-05-02,306
977,2008-05-06,238
978,2008-05-07,167
979,2008-05-08,182
980,2008-05-09,309
981,2008-05-12,211
982,2008-05-13,138
983,2008-05-14,112
984,2008-05-15,255
985,2008-05-16,371
986,2008-05-19,232
987,2008-05-20,933
988,2008-05-21,259
989,2008-05-22,201
990,2008-05-23,308
991,2008-05-27,82
992,2008-05-28,243
993,2008-05-29,760
994,2008-05-30,883
995,2008-06-02,202
996,2008-06-03,267
997,2008-06-04,102
998,2008-06-05,332
999,2008-06-06,366
1000,2008-06-09,71
1001,2008-06-10,202
1002,2008-06-11,126
1003,2008-06-12,136
1004,2008-06-13,160
1005,2008-06-16,169
1006,2008-06-17,1094
1007,2008-06-18,168
1008,2008-06-19,59
1009,2008-06-20,245
1010,2008-06-23,108
1011,2008-06-24,168
1012,2008-06-25,89
1013,2008-06-26,91
1014,2008-06-27,169
1015,2008-06-30,82
1016,2008-07-01,158
1017,2008-07-02,199
1018,2008-07-03,152
1019,2008-07-04,280
1020,2008-07-07,122
1021,2008-07-08,177
1022,2008-07-09,114
1023,2008-07-10,182
1024,2008-07-11,329
1025,2008-07-14,104
1026,2008-07-15,611
1027,2008-07-16,208
1028,2008-07-17,113
1029,2008-07-18,147
1030,2008-07-21,98
1031,2008-07-22,86
1032,2008-07-23,128
1033,2008-07-24,236
1034,2008-07-25,340
1035,2008-07-28,132
1036,2008-07-29,117
1037,2008-07-30,85
1038,2008-07-31,108
1039,2008-08-01,290
1040,2008-08-04,245
1041,2008-08-05,337
1042,2008-08-06,146
1043,2008-08-07,116
1044,2008-08-08,248
1045,2008-08-11,165
1046,2008-08-12,365
1047,2008-08-13,198
1048,2008-08-14,271
1049,2008-08-15,396
1050,2008-08-18,170
1051,2008-08-19,815
1052,2008-08-20,140
1053,2008-08-21,207
1054,2008-08-22,282
1055,2008-08-26,158
1056,2008-08-27,244
1057,2008-08-28,317
1058,2008-08-29,355
1059,2008-09-01,380
1060,2008-09-02,104
1061,2008-09-03,65
1062,2008-09-04,168
1063,2008-09-05,147
1064,2008-09-08,100
1065,2008-09-09,181
1066,2008-09-10,80
1067,2008-09-11,171
1068,2008-09-12,176
1069,2008-09-15,124
1070,2008-09-16,270
1071,2008-09-17,1908
1072,2008-09-18,226
1073,2008-09-19,137
1074,2008-09-22,118
1075,2008-09-23,67
1076,2008-09-24,60
1077,2008-09-25,90
1078,2008-09-26,328
1079,2008-09-29,385
1080,2008-09-30,306
1081,2008-10-01,190
1082,2008-10-02,408
1083,2008-10-03,479
1084,2008-10-06,294
1085,2008-10-07,139
1086,2008-10-08,406
1087,2008-10-09,359
1088,2008-10-10,616
1089,2008-10-13,224
1090,2008-10-14,127
1091,2008-10-15,143
1092,2008-10-16,180
1093,2008-10-17,340
1094,2008-10-20,307
1095,2008-10-21,1104
1096,2008-10-22,224
1097,2008-10-23,290
1098,2008-10-24,322
1099,2008-10-27,239
1100,2008-10-28,374
1101,2008-10-29,340
1102,2008-10-30,418
1103,2008-10-31,626
1104,2008-11-03,328
1105,2008-11-04,172
1106,2008-11-05,216
1107,2008-11-06,122
1108,2008-11-07,141
1109,2008-11-10,120
1110,2008-11-11,65
1111,2008-11-12,162
1112,2008-11-13,147
1113,2008-11-14,197
1114,2008-11-17,141
1115,2008-11-18,472
1116,2008-11-19,327
1117,2008-11-20,277
1118,2008-11-21,407
1119,2008-11-24,323
1120,2008-11-25,185
1121,2008-11-26,200
1122,2008-11-27,131
1123,2008-11-28,157
1124,2008-12-01,120
1125,2008-12-02,219
1126,2008-12-03,230
1127,2008-12-04,116
1128,2008-12-05,101
1129,2008-12-08,149
1130,2008-12-09,217
1131,2008-12-10,187
1132,2008-12-11,152
1133,2008-12-12,221
1134,2008-12-15,91
1135,2008-12-16,238
1136,2008-12-17,182
1137,2008-12-18,1138
1138,2008-12-19,150
1139,2008-12-22,174
1140,2008-12-23,171
1141,2008-12-24,38
1142,2008-12-29,128
1143,2008-12-30,194
1144,2008-12-31,296
1145,2009-01-02,183
1146,2009-01-05,399
1147,2009-01-06,658
1148,2009-01-07,229
1149,2009-01-08,352
1150,2009-01-09,107
1151,2009-01-12,79
1152,2009-01-13,254
1153,2009-01-14,308
1154,2009-01-15,547
1155,2009-01-16,41
1156,2009-01-19,43
1157,2009-01-20,119
1158,2009-01-21,274
1159,2009-01-22,87
1160,2009-01-23,321
1161,2009-01-26,111
1162,2009-01-27,263
1163,2009-01-28,133
1164,2009-01-29,236
1165,2009-01-30,125
1166,2009-02-02,59
1167,2009-02-03,419
1168,2009-02-04,598
1169,2009-02-05,578
1170,2009-02-06,76
1171,2009-02-09,74
1172,2009-02-10,101
1173,2009-02-11,266
1174,2009-02-13,131
1175,2009-02-16,86
1176,2009-02-17,141
1177,2009-02-18,220
1178,2009-02-19,109
1179,2009-02-20,854
1180,2009-02-23,63
1181,2009-02-24,162
1182,2009-02-25,638
1183,2009-02-26,804
1184,2009-02-27,211
1185,2009-03-02,127
1186,2009-03-03,126
1187,2009-03-04,255
1188,2009-03-05,114
1189,2009-03-06,617
1190,2009-03-09,88
1191,2009-03-10,72
1192,2009-03-11,64
1193,2009-03-12,172
1194,2009-03-13,232
1195,2009-03-16,182
1196,2009-03-17,2812
1197,2009-03-18,263
1198,2009-03-19,1060
1199,2009-03-20,1363
1200,2009-03-23,121
1201,2009-03-24,115
1202,2009-03-25,123
1203,2009-03-26,111
1204,2009-03-27,156
1205,2009-03-30,96
1206,2009-03-31,285
1207,2009-04-01,127
1208,2009-04-02,216
1209,2009-04-03,199
1210,2009-04-06,91
1211,2009-04-07,249
1212,2009-04-08,149
1213,2009-04-09,164
1214,2009-04-14,134
1215,2009-04-15,910
1216,2009-04-16,175
1217,2009-04-17,445
1218,2009-04-20,304
1219,2009-04-21,227
1220,2009-04-22,223
1221,2009-04-23,369
1222,2009-04-24,272
1223,2009-04-27,267
1224,2009-04-28,282
1225,2009-04-29,191
1226,2009-04-30,1311
1227,2009-05-01,364
1228,2009-05-05,307
1229,2009-05-06,525
1230,2009-05-07,771
1231,2009-05-08,730
1232,2009-05-11,147
1233,2009-05-12,191
1234,2009-05-13,198
1235,2009-05-14,202
1236,2009-05-15,276
1237,2009-05-18,165
1238,2009-05-19,815
1239,2009-05-20,72
1240,2009-05-21,92
1241,2009-05-22,129
1242,2009-05-26,107
1243,2009-05-27,122
1244,2009-05-28,93
1245,2009-05-29,579
1246,2009-06-01,253
1247,2009-06-02,256
1248,2009-06-03,112
1249,2009-06-04,326
1250,2009-06-05,372
1251,2009-06-08,216
1252,2009-06-09,689
1253,2009-06-10,285
1254,2009-06-11,364
1255,2009-06-12,402
1256,2009-06-15,173
1257,2009-06-16,4174
1258,2009-06-17,83
1259,2009-06-18,171
1260,2009-06-19,243
1261,2009-06-22,300
1262,2009-06-23,381
1263,2009-06-24,470
1264,2009-06-25,123
1265,2009-06-26,195
1266,2009-06-29,111
1267,2009-06-30,176
1268,2009-07-01,122
1269,2009-07-02,75
1270,2009-07-03,137
1271,2009-07-06,99
1272,2009-07-07,153
1273,2009-07-08,212
1274,2009-07-09,289
1275,2009-07-10,587
1276,2009-07-13,213
1277,2009-07-14,115
1278,2009-07-15,133
1279,2009-07-16,241
1280,2009-07-17,295
1281,2009-07-20,175
1282,2009-07-21,737
1283,2009-07-22,119
1284,2009-07-23,162
1285,2009-07-24,249
1286,2009-07-27,149
1287,2009-07-28,230
1288,2009-07-29,115
1289,2009-07-30,307
1290,2009-07-31,991
1291,2009-08-03,431
1292,2009-08-04,260
1293,2009-08-05,289
1294,2009-08-06,299
1295,2009-08-07,338
1296,2009-08-10,120
1297,2009-08-11,97
1298,2009-08-12,158
1299,2009-08-13,405
1300,2009-08-14,324
1301,2009-08-17,211
1302,2009-08-18,728
1303,2009-08-19,181
1304,2009-08-20,127
1305,2009-08-21,169
1306,2009-08-24,73
1307,2009-08-25,123
1308,2009-08-26,224
1309,2009-08-27,353
1310,2009-08-28,536
1311,2009-09-01,246
1312,2009-09-02,267
1313,2009-09-03,259
1314,2009-09-04,187
1315,2009-09-07,68
1316,2009-09-08,432
1317,2009-09-09,134
1318,2009-09-10,186
1319,2009-09-11,107
1320,2009-09-14,197
1321,2009-09-15,148
1322,2009-09-16,10623
1323,2009-09-17,222
1324,2009-09-18,191
1325,2009-09-21,190
1326,2009-09-22,96
1327,2009-09-23,109
1328,2009-09-24,94
1329,2009-09-25,198
1330,2009-09-28,83
1331,2009-09-29,129
1332,2009-09-30,305
1333,2009-10-01,173
1334,2009-10-02,387
1335,2009-10-05,52
1336,2009-10-06,101
1337,2009-10-07,256
1338,2009-10-08,299
1339,2009-10-09,392
1340,2009-10-12,122
1341,2009-10-13,84
1342,2009-10-14,96
1343,2009-10-15,115
1344,2009-10-16,245
1345,2009-10-19,185
1346,2009-10-20,564
1347,2009-10-21,247
1348,2009-10-22,475
1349,2009-10-23,793
1350,2009-10-26,180
1351,2009-10-27,119
1352,2009-10-28,423
1353,2009-10-29,139
1354,2009-10-30,316
1355,2009-11-02,82
1356,2009-11-03,83
1357,2009-11-04,165
1358,2009-11-05,42
1359,2009-11-06,108
1360,2009-11-09,76
1361,2009-11-10,83
1362,2009-11-11,117
1363,2009-11-12,127
1364,2009-11-13,193
1365,2009-11-16,143
1366,2009-11-17,870
1367,2009-11-18,357
1368,2009-11-19,113
1369,2009-11-20,174
1370,2009-11-23,139
1371,2009-11-24,80
1372,2009-11-25,120
1373,2009-11-26,194
1374,2009-11-27,373
1375,2009-11-30,920
1376,2009-12-01,268
1377,2009-12-02,259
1378,2009-12-03,56
1379,2009-12-04,359
1380,2009-12-07,160
1381,2009-12-08,335
1382,2009-12-09,84
1383,2009-12-10,182
1384,2009-12-11,79
1385,2009-12-14,174
1386,2009-12-15,263
1387,2009-12-16,330
1388,2009-12-17,2027
1389,2009-12-18,370
1390,2009-12-21,111
1391,2009-12-22,244
1392,2009-12-23,123
1393,2009-12-24,121
1394,2009-12-29,280
1395,2009-12-30,208
1396,2009-12-31,484
1397,2010-01-04,189
1398,2010-01-05,270
1399,2010-01-06,379
1400,2010-01-07,156
1401,2010-01-08,181
1402,2010-01-11,309
1403,2010-01-12,666
1404,2010-01-13,169
1405,2010-01-14,412
1406,2010-01-15,223
1407,2010-01-18,154
1408,2010-01-19,390
1409,2010-01-20,261
1410,2010-01-21,1221
1411,2010-01-22,234
1412,2010-01-25,165
1413,2010-01-26,251
1414,2010-01-27,391
1415,2010-01-28,260
1416,2010-01-29,550
1417,2010-02-01,1160
1418,2010-02-02,241
1419,2010-02-03,351
1420,2010-02-04,626
1421,2010-02-05,647
1422,2010-02-08,397
1423,2010-02-09,284
1424,2010-02-10,528
1425,2010-02-11,134
1426,2010-02-12,101
1427,2010-02-15,79
1428,2010-02-16,415
1429,2010-02-17,421
1430,2010-02-18,123
1431,2010-02-19,1165
1432,2010-02-22,188
1433,2010-02-23,187
1434,2010-02-24,259
1435,2010-02-25,261
1436,2010-02-26,132
1437,2010-03-01,133
1438,2010-03-02,175
1439,2010-03-03,209
1440,2010-03-04,270
1441,2010-03-05,354
1442,2010-03-08,122
1443,2010-03-09,237
1444,2010-03-10,213
1445,2010-03-11,102
1446,2010-03-12,219
1447,2010-03-15,69
1448,2010-03-16,1325
1449,2010-03-17,159
1450,2010-03-18,165
1451,2010-03-19,207
1452,2010-03-22,64
1453,2010-03-23,141
1454,2010-03-24,204
1455,2010-03-25,146
1456,2010-03-26,236
1457,2010-03-29,307
1458,2010-03-30,164
1459,2010-03-31,488
1460,2010-04-01,277
1461,2010-04-06,126
1462,2010-04-07,201
1463,2010-04-08,176
1464,2010-04-09,129
1465,2010-04-12,216
1466,2010-04-13,171
1467,2010-04-14,113
1468,2010-04-15,172
1469,2010-04-16,329
1470,2010-04-19,183
1471,2010-04-20,90
1472,2010-04-21,1469
1473,2010-04-22,83
1474,2010-04-23,330
1475,2010-04-26,143
1476,2010-04-27,444
1477,2010-04-28,266
1478,2010-04-29,151
1479,2010-04-30,161
1480,2010-05-04,239
1481,2010-05-05,328
1482,2010-05-06,179
1483,2010-05-07,314
1484,2010-05-10,120
1485,2010-05-11,219
1486,2010-05-12,57
1487,2010-05-13,107
1488,2010-05-14,202
1489,2010-05-17,143
1490,2010-05-18,509
1491,2010-05-19,69
1492,2010-05-20,136
1493,2010-05-21,176
1494,2010-05-24,186
1495,2010-05-25,87
1496,2010-05-26,139
1497,2010-05-27,244
1498,2010-05-28,384
1499,2010-06-01,87
1500,2010-06-02,102
1501,2010-06-03,130
1502,2010-06-04,625
1503,2010-06-07,405
1504,2010-06-08,252
1505,2010-06-09,127
1506,2010-06-10,142
1507,2010-06-11,210
1508,2010-06-14,78
1509,2010-06-15,1720
1510,2010-06-16,138
1511,2010-06-17,237
1512,2010-06-18,305
1513,2010-06-21,367
1514,2010-06-22,172
1515,2010-06-23,94
1516,2010-06-24,136
1517,2010-06-25,233
1518,2010-06-28,80
1519,2010-06-29,159
1520,2010-06-30,170
1521,2010-07-01,121
1522,2010-07-02,260
1523,2010-07-05,114
1524,2010-07-06,84
1525,2010-07-07,101
1526,2010-07-08,83
1527,2010-07-09,116
1528,2010-07-12,91
1529,2010-07-13,307
1530,2010-07-14,162
1531,2010-07-15,252
1532,2010-07-16,217
1533,2010-07-19,175
1534,2010-07-20,822
1535,2010-07-21,215
1536,2010-07-22,252
1537,2010-07-23,560
1538,2010-07-26,285
1539,2010-07-27,207
1540,2010-07-28,158
1541,2010-07-29,143
1542,2010-07-30,345
1543,2010-08-02,276
1544,2010-08-03,121
1545,2010-08-04,145
1546,2010-08-05,122
1547,2010-08-06,168
1548,2010-08-09,74
1549,2010-08-10,244
1550,2010-08-11,115
1551,2010-08-12,233
1552,2010-08-13,231
1553,2010-08-16,114
1554,2010-08-17,710
1555,2010-08-18,99
1556,2010-08-19,108
1557,2010-08-20,275
1558,2010-08-23,113
1559,2010-08-24,157
1560,2010-08-25,367
1561,2010-08-26,465
1562,2010-08-27,586
1563,2010-08-31,189
1564,2010-09-01,238
1565,2010-09-02,112
1566,2010-09-03,107
1567,2010-09-06,256
1568,2010-09-07,173
1569,2010-09-08,249
1570,2010-09-09,209
1571,2010-09-10,289
1572,2010-09-13,551
1573,2010-09-14,174
1574,2010-09-15,1456
1575,2010-09-16,163
1576,2010-09-17,142
1577,2010-09-20,86
1578,2010-09-21,107
1579,2010-09-22,116
1580,2010-09-23,94
1581,2010-09-24,156
1582,2010-09-27,99
1583,2010-09-28,277
1584,2010-09-29,327
1585,2010-09-30,73
1586,2010-10-01,172
1587,2010-10-04,138
1588,2010-10-05,244
1589,2010-10-06,152
1590,2010-10-07,233
1591,2010-10-08,404
1592,2010-10-11,92
1593,2010-10-12,143
1594,2010-10-13,71
1595,2010-10-14,333
1596,2010-10-15,350
1597,2010-10-18,145
1598,2010-10-19,1061
1599,2010-10-20,243
1600,2010-10-21,164
1601,2010-10-22,225
1602,2010-10-25,170
1603,2010-10-26,147
1604,2010-10-27,239
1605,2010-10-28,179
1606,2010-10-29,353
1607,2010-11-01,195
1608,2010-11-02,151
1609,2010-11-03,170
1610,2010-11-04,280
1611,2010-11-05,309
1612,2010-11-08,99
1613,2010-11-09,236
1614,2010-11-10,133
1615,2010-11-11,144
1616,2010-11-12,256
1617,2010-11-15,287
1618,2010-11-16,1795
1619,2010-11-17,297
1620,2010-11-18,276
1621,2010-11-19,328
1622,2010-11-22,178
1623,2010-11-23,185
1624,2010-11-24,242
1625,2010-11-25,79
1626,2010-11-26,125
1627,2010-11-29,208
1628,2010-11-30,280
1629,2010-12-01,399
1630,2010-12-02,257
1631,2010-12-03,226
1632,2010-12-06,76
1633,2010-12-07,292
1634,2010-12-08,149
1635,2010-12-09,113
1636,2010-12-10,176
1637,2010-12-13,364
1638,2010-12-14,408
1639,2010-12-15,181
1640,2010-12-16,2396
1641,2010-12-17,96
1642,2010-12-20,77
1643,2010-12-21,321
1644,2010-12-22,181
1645,2010-12-23,156
1646,2010-12-24,59
1647,2010-12-29,157
1648,2010-12-30,131
1649,2010-12-31,216
1650,2011-01-04,312
1651,2011-01-05,288
1652,2011-01-06,162
1653,2011-01-07,118
1654,2011-01-10,80
1655,2011-01-11,212
1656,2011-01-12,344
1657,2011-01-13,203
1658,2011-01-14,114
1659,2011-01-17,188
1660,2011-01-18,342
1661,2011-01-19,137
1662,2011-01-20,733
1663,2011-01-21,345
1664,2011-01-24,227
1665,2011-01-25,374
1666,2011-01-26,529
1667,2011-01-27,419
1668,2011-01-28,275
1669,2011-01-31,436
1670,2011-02-01,192
1671,2011-02-02,312
1672,2011-02-03,448
1673,2011-02-04,148
1674,2011-02-07,226
1675,2011-02-08,265
1676,2011-02-09,304
1677,2011-02-10,180
1678,2011-02-11,173
1679,2011-02-14,329
1680,2011-02-15,196
1681,2011-02-16,211
1682,2011-02-17,252
1683,2011-02-18,1278
1684,2011-02-21,169
1685,2011-02-22,115
1686,2011-02-23,307
1687,2011-02-24,218
1688,2011-02-25,260
1689,2011-02-28,306
1690,2011-03-01,331
1691,2011-03-02,366
1692,2011-03-03,162
1693,2011-03-04,261
1694,2011-03-07,229
1695,2011-03-08,278
1696,2011-03-09,281
1697,2011-03-10,270
1698,2011-03-11,352
1699,2011-03-14,214
1700,2011-03-15,2113
1701,2011-03-16,225
1702,2011-03-17,254
1703,2011-03-18,383
1704,2011-03-21,120
1705,2011-03-22,134
1706,2011-03-23,253
1707,2011-03-24,150
1708,2011-03-25,179
1709,2011-03-28,135
1710,2011-03-29,119
1711,2011-03-30,200
1712,2011-03-31,299
1713,2011-04-01,143
1714,2011-04-04,119
1715,2011-04-05,149
1716,2011-04-06,294
1717,2011-04-07,295
1718,2011-04-08,303
1719,2011-04-11,168
1720,2011-04-12,124
1721,2011-04-13,144
1722,2011-04-14,327
1723,2011-04-15,157
1724,2011-04-18,143
1725,2011-04-19,183
1726,2011-04-20,2230
1727,2011-04-21,111
1728,2011-04-26,331
1729,2011-04-27,261
1730,2011-04-28,106
1731,2011-05-03,154
1732,2011-05-04,229
1733,2011-05-05,302
1734,2011-05-06,435
1735,2011-05-09,195
1736,2011-05-10,201
1737,2011-05-11,251
1738,2011-05-12,190
1739,2011-05-13,233
1740,2011-05-16,227
1741,2011-05-17,950
1742,2011-05-18,270
1743,2011-05-19,176
1744,2011-05-20,286
1745,2011-05-23,258
1746,2011-05-24,225
1747,2011-05-25,196
1748,2011-05-26,253
1749,2011-05-27,366
1750,2011-05-31,285
1751,2011-06-01,136
1752,2011-06-02,149
1753,2011-06-03,304
1754,2011-06-06,67
1755,2011-06-07,94
1756,2011-06-08,164
1757,2011-06-09,141
1758,2011-06-10,165
1759,2011-06-13,146
1760,2011-06-14,147
1761,2011-06-15,209
1762,2011-06-16,113
1763,2011-06-17,220
1764,2011-06-20,111
1765,2011-06-21,1893
1766,2011-06-22,151
1767,2011-06-23,135
1768,2011-06-24,242
1769,2011-06-27,89
1770,2011-06-28,154
1771,2011-06-29,276
1772,2011-06-30,188
1773,2011-07-01,297
1774,2011-07-04,106
1775,2011-07-05,340
1776,2011-07-06,227
1777,2011-07-07,332
1778,2011-07-08,450
1779,2011-07-11,131
1780,2011-07-12,169
1781,2011-07-13,169
1782,2011-07-14,144
1783,2011-07-15,237
1784,2011-07-18,67
1785,2011-07-19,829
1786,2011-07-20,259
1787,2011-07-21,166
1788,2011-07-22,252
1789,2011-07-25,127
1790,2011-07-26,216
1791,2011-07-27,217
1792,2011-07-28,109
1793,2011-07-29,334
1794,2011-08-01,149
1795,2011-08-02,365
1796,2011-08-03,230
1797,2011-08-04,243
1798,2011-08-05,529
1799,2011-08-08,333
1800,2011-08-09,469
1801,2011-08-10,358
1802,2011-08-11,142
1803,2011-08-12,329
1804,2011-08-15,153
1805,2011-08-16,1401
1806,2011-08-17,191
1807,2011-08-18,228
1808,2011-08-19,376
1809,2011-08-22,156
1810,2011-08-23,152
1811,2011-08-24,158
1812,2011-08-25,224
1813,2011-08-26,258
1814,2011-08-30,208
1815,2011-08-31,249
1816,2011-09-01,126
1817,2011-09-02,116
1818,2011-09-05,122
1819,2011-09-06,157
1820,2011-09-07,212
1821,2011-09-08,119
1822,2011-09-09,140
1823,2011-09-12,246
1824,2011-09-13,154
1825,2011-09-14,169
1826,2011-09-15,123
1827,2011-09-16,104
1828,2011-09-19,225
1829,2011-09-20,118
1830,2011-09-21,2510
1831,2011-09-22,557
1832,2011-09-23,249
1833,2011-09-26,388
1834,2011-09-27,497
1835,2011-09-28,472
1836,2011-09-29,197
1837,2011-09-30,120
1838,2011-10-03,118
1839,2011-10-04,78
1840,2011-10-05,78
1841,2011-10-06,227
1842,2011-10-07,313
1843,2011-10-10,119
1844,2011-10-11,159
1845,2011-10-12,94
1846,2011-10-13,138
1847,2011-10-14,252
1848,2011-10-17,141
1849,2011-10-18,776
1850,2011-10-19,82
1851,2011-10-20,80
1852,2011-10-21,147
1853,2011-10-24,113
1854,2011-10-25,117
1855,2011-10-26,58
1856,2011-10-27,144
1857,2011-10-28,207
1858,2011-10-31,133
1859,2011-11-01,155
1860,2011-11-02,102
1861,2011-11-03,85
1862,2011-11-04,144
1863,2011-11-07,42
1864,2011-11-08,271
1865,2011-11-09,93
1866,2011-11-10,253
1867,2011-11-11,424
1868,2011-11-14,155
1869,2011-11-15,829
1870,2011-11-16,76
1871,2011-11-17,148
1872,2011-11-18,240
1873,2011-11-21,297
1874,2011-11-22,146
1875,2011-11-23,258
1876,2011-11-24,107
1877,2011-11-25,252
1878,2011-11-28,161
1879,2011-11-29,150
1880,2011-11-30,330
1881,2011-12-01,209
1882,2011-12-02,148
1883,2011-12-05,358
1884,2011-12-06,293
1885,2011-12-07,174
1886,2011-12-08,121
1887,2011-12-09,82
1888,2011-12-12,161
1889,2011-12-13,121
1890,2011-12-14,254
1891,2011-12-15,146
1892,2011-12-16,93
1893,2011-12-19,123
1894,2011-12-20,121
1895,2011-12-21,2000
1896,2011-12-22,127
1897,2011-12-23,137
1898,2011-12-28,401
1899,2011-12-29,138
1900,2011-12-30,171
1901,2012-01-03,231
1902,2012-01-04,182
1903,2012-01-05,218
1904,2012-01-06,308
1905,2012-01-09,197
1906,2012-01-10,278
1907,2012-01-11,202
1908,2012-01-12,220
1909,2012-01-13,201
1910,2012-01-16,103
1911,2012-01-17,309
1912,2012-01-18,1006
1913,2012-01-19,144
1914,2012-01-20,182
1915,2012-01-23,151
1916,2012-01-24,83
1917,2012-01-25,137
1918,2012-01-26,456
1919,2012-01-27,293
1920,2012-01-30,273
1921,2012-01-31,565
1922,2012-02-01,245
1923,2012-02-02,165
1924,2012-02-03,229
1925,2012-02-06,265
1926,2012-02-07,476
1927,2012-02-08,718
1928,2012-02-09,214
1929,2012-02-10,306
1930,2012-02-13,118
1931,2012-02-14,238
1932,2012-02-15,157
1933,2012-02-16,1297
1934,2012-02-17,314
1935,2012-02-20,171
1936,2012-02-21,307
1937,2012-02-22,124
1938,2012-02-23,88
1939,2012-02-24,241
1940,2012-02-27,211
1941,2012-02-28,331
1942,2012-02-29,489
1943,2012-03-01,121
1944,2012-03-02,229
1945,2012-03-05,414
1946,2012-03-06,680
1947,2012-03-07,180
1948,2012-03-08,420
1949,2012-03-09,491
1950,2012-03-12,81
1951,2012-03-13,332
1952,2012-03-14,125
1953,2012-03-15,214
1954,2012-03-16,283
1955,2012-03-19,362
1956,2012-03-20,1334
1957,2012-03-21,155
1958,2012-03-22,182
1959,2012-03-23,275
1960,2012-03-26,158
1961,2012-03-27,74
1962,2012-03-28,198
1963,2012-03-29,134
1964,2012-03-30,212
1965,2012-04-02,186
1966,2012-04-03,359
1967,2012-04-04,124
1968,2012-04-05,223
1969,2012-04-10,193
1970,2012-04-11,151
1971,2012-04-12,251
1972,2012-04-13,132
1973,2012-04-16,319
1974,2012-04-17,271
1975,2012-04-18,1618
1976,2012-04-19,183
1977,2012-04-20,159
1978,2012-04-23,108
1979,2012-04-24,193
1980,2012-04-25,327
1981,2012-04-26,336
1982,2012-04-27,160
1983,2012-04-30,328
1984,2012-05-01,96
1985,2012-05-02,144
1986,2012-05-03,195
1987,2012-05-04,321
1988,2012-05-08,399
1989,2012-05-09,217
1990,2012-05-10,257
1991,2012-05-11,326
1992,2012-05-14,620
1993,2012-05-15,1164
1994,2012-05-16,498
1995,2012-05-17,323
1996,2012-05-18,395
1997,2012-05-21,252
1998,2012-05-22,390
1999,2012-05-23,225
2000,2012-05-24,352
2001,2012-05-25,394
2002,2012-05-28,123
2003,2012-05-29,217
2004,2012-05-30,118
2005,2012-05-31,244
2006,2012-06-01,270
2007,2012-06-06,126
2008,2012-06-07,161
2009,2012-06-08,255
2010,2012-06-11,116
2011,2012-06-12,250
2012,2012-06-13,97
2013,2012-06-14,111
2014,2012-06-15,257
2015,2012-06-18,89
2016,2012-06-19,1459
2017,2012-06-20,169
2018,2012-06-21,255
2019,2012-06-22,422
2020,2012-06-25,130
2021,2012-06-26,152
2022,2012-06-27,155
2023,2012-06-28,180
2024,2012-06-29,408
2025,2012-07-02,309
2026,2012-07-03,511
2027,2012-07-04,94
2028,2012-07-05,348
2029,2012-07-06,415
2030,2012-07-09,117
2031,2012-07-10,181
2032,2012-07-11,115
2033,2012-07-12,189
2034,2012-07-13,312
2035,2012-07-16,143
2036,2012-07-17,1370
2037,2012-07-18,169
2038,2012-07-19,170
2039,2012-07-20,219
2040,2012-07-23,340
2041,2012-07-24,390
2042,2012-07-25,375
2043,2012-07-26,265
2044,2012-07-27,317
2045,2012-07-30,108
2046,2012-07-31,120
2047,2012-08-01,91
2048,2012-08-02,255
2049,2012-08-03,316
2050,2012-08-06,110
2051,2012-08-07,236
2052,2012-08-08,248
2053,2012-08-09,123
2054,2012-08-10,192
2055,2012-08-13,111
2056,2012-08-14,688
2057,2012-08-15,293
2058,2012-08-16,127
2059,2012-08-17,298
2060,2012-08-20,209
2061,2012-08-21,1408
2062,2012-08-22,508
2063,2012-08-23,764
2064,2012-08-24,1101
2065,2012-08-28,272
2066,2012-08-29,525
2067,2012-08-30,182
2068,2012-08-31,251
2069,2012-09-03,199
2070,2012-09-04,128
2071,2012-09-05,121
2072,2012-09-06,89
2073,2012-09-07,230
2074,2012-09-10,423
2075,2012-09-11,217
2076,2012-09-12,323
2077,2012-09-13,252
2078,2012-09-14,366
2079,2012-09-17,238
2080,2012-09-18,281
2081,2012-09-19,1667
2082,2012-09-20,499
2083,2012-09-21,352
2084,2012-09-24,208
2085,2012-09-25,265
2086,2012-09-26,230
2087,2012-09-27,471
2088,2012-09-28,406
2089,2012-10-01,303
2090,2012-10-02,654
2091,2012-10-03,193
2092,2012-10-04,632
2093,2012-10-05,714
2094,2012-10-08,164
2095,2012-10-09,160
2096,2012-10-10,214
2097,2012-10-11,190
2098,2012-10-12,352
2099,2012-10-15,263
2100,2012-10-16,1824
2101,2012-10-17,175
2102,2012-10-18,303
2103,2012-10-19,349
2104,2012-10-22,303
2105,2012-10-23,216
2106,2012-10-24,194
2107,2012-10-25,135
2108,2012-10-26,324
2109,2012-10-29,202
2110,2012-10-30,181
2111,2012-10-31,220
2112,2012-11-01,163
2113,2012-11-02,163
2114,2012-11-05,172
2115,2012-11-06,204
2116,2012-11-07,154
2117,2012-11-08,115
2118,2012-11-09,256
2119,2012-11-12,82
2120,2012-11-13,85
2121,2012-11-14,109
2122,2012-11-15,114
2123,2012-11-16,168
2124,2012-11-19,192
2125,2012-11-20,1124
2126,2012-11-21,120
2127,2012-11-22,51
2128,2012-11-23,181
2129,2012-11-26,196
2130,2012-11-27,406
2131,2012-11-28,344
2132,2012-11-29,516
2133,2012-11-30,749
2134,2012-12-03,189
2135,2012-12-04,298
2136,2012-12-05,310
2137,2012-12-06,308
2138,2012-12-07,197
2139,2012-12-10,871
2140,2012-12-11,872
2141,2012-12-12,287
2142,2012-12-13,168
2143,2012-12-14,174
2144,2012-12-17,277
2145,2012-12-18,396
2146,2012-12-19,327
2147,2012-12-20,3787
2148,2012-12-21,237
2149,2012-12-24,92
2150,2012-12-27,284
2151,2012-12-28,182
2152,2012-12-31,243
2153,2013-01-02,357
2154,2013-01-03,178
2155,2013-01-04,155
2156,2013-01-07,239
2157,2013-01-08,272
2158,2013-01-09,250
2159,2013-01-10,235
2160,2013-01-11,253
2161,2013-01-14,185
2162,2013-01-15,291
2163,2013-01-16,205
2164,2013-01-17,878
2165,2013-01-18,122
2166,2013-01-21,49
2167,2013-01-22,231
2168,2013-01-23,284
2169,2013-01-24,234
2170,2013-01-25,178
2171,2013-01-28,171
2172,2013-01-29,197
2173,2013-01-30,242
2174,2013-01-31,450
2175,2013-02-01,151
2176,2013-02-04,86
2177,2013-02-05,222
2178,2013-02-06,260
2179,2013-02-07,330
2180,2013-02-08,146
2181,2013-02-11,34
2182,2013-02-12,72
2183,2013-02-13,169
2184,2013-02-14,64
2185,2013-02-15,1603
2186,2013-02-18,234
2187,2013-02-19,302
2188,2013-02-20,364
2189,2013-02-21,414
2190,2013-02-22,279
2191,2013-02-25,320
2192,2013-02-26,324
2193,2013-02-27,394
2194,2013-02-28,403
2195,2013-03-01,217
2196,2013-03-04,187
2197,2013-03-05,155
2198,2013-03-06,228
2199,2013-03-07,159
2200,2013-03-08,247
2201,2013-03-11,66
2202,2013-03-12,98
2203,2013-03-13,220
2204,2013-03-14,98
2205,2013-03-15,223
2206,2013-03-18,256
2207,2013-03-19,3466
2208,2013-03-20,248
2209,2013-03-21,222
2210,2013-03-22,316
2211,2013-03-25,222
2212,2013-03-26,246
2213,2013-03-27,228
2214,2013-03-28,203
2215,2013-04-02,137
2216,2013-04-03,337
2217,2013-04-04,129
2218,2013-04-05,267
2219,2013-04-08,117
2220,2013-04-09,193
2221,2013-04-10,88
2222,2013-04-11,99
2223,2013-04-12,372
2224,2013-04-15,366
2225,2013-04-16,288
2226,2013-04-17,1400
2227,2013-04-18,330
2228,2013-04-19,234
2229,2013-04-22,59
2230,2013-04-23,117
2231,2013-04-24,342
2232,2013-04-25,469
2233,2013-04-26,170
2234,2013-04-29,135
2235,2013-04-30,286
2236,2013-05-01,383
2237,2013-05-02,261
2238,2013-05-03,413
2239,2013-05-07,215
2240,2013-05-08,173
2241,2013-05-09,110
2242,2013-05-10,246
2243,2013-05-13,198
2244,2013-05-14,183
2245,2013-05-15,255
2246,2013-05-16,171
2247,2013-05-17,247
2248,2013-05-20,112
2249,2013-05-21,1077
2250,2013-05-22,196
2251,2013-05-23,162
2252,2013-05-24,255
2253,2013-05-28,69
2254,2013-05-29,156
2255,2013-05-30,103
2256,2013-05-31,249
2257,2013-06-03,141
2258,2013-06-04,84
2259,2013-06-05,181
2260,2013-06-06,111
2261,2013-06-07,160
2262,2013-06-10,126
2263,2013-06-11,143
2264,2013-06-12,633
2265,2013-06-13,242
2266,2013-06-14,305
2267,2013-06-17,125
2268,2013-06-18,2842
2269,2013-06-19,149
2270,2013-06-20,409
2271,2013-06-21,450
2272,2013-06-24,231
2273,2013-06-25,224
2274,2013-06-26,190
2275,2013-06-27,227
2276,2013-06-28,358
2277,2013-07-01,109
2278,2013-07-02,225
2279,2013-07-03,63
2280,2013-07-04,46
2281,2013-07-05,568
2282,2013-07-08,327
2283,2013-07-09,194
2284,2013-07-10,184
2285,2013-07-11,137
2286,2013-07-12,188
2287,2013-07-15,72
2288,2013-07-16,1753
2289,2013-07-17,44
2290,2013-07-18,61
2291,2013-07-19,118
2292,2013-07-22,159
2293,2013-07-23,130
2294,2013-07-24,196
2295,2013-07-25,142
2296,2013-07-26,268
2297,2013-07-29,262
2298,2013-07-30,239
2299,2013-07-31,527
2300,2013-08-01,603
2301,2013-08-02,726
2302,2013-08-05,204
2303,2013-08-06,241
2304,2013-08-07,290
2305,2013-08-08,255
2306,2013-08-09,432
2307,2013-08-12,175
2308,2013-08-13,227
2309,2013-08-14,217
2310,2013-08-15,221
2311,2013-08-16,417
2312,2013-08-19,88
2313,2013-08-20,1466
2314,2013-08-21,220
2315,2013-08-22,156
2316,2013-08-23,196
2317,2013-08-27,196
2318,2013-08-28,91
2319,2013-08-29,232
2320,2013-08-30,318
2321,2013-09-02,86
2322,2013-09-03,189
2323,2013-09-04,142
2324,2013-09-05,181
2325,2013-09-06,296
2326,2013-09-09,152
2327,2013-09-10,144
2328,2013-09-11,97
2329,2013-09-12,258
2330,2013-09-13,140
2331,2013-09-16,147
2332,2013-09-17,126
2333,2013-09-18,2929
2334,2013-09-19,292
2335,2013-09-20,75
2336,2013-09-23,125
2337,2013-09-24,159
2338,2013-09-25,208
2339,2013-09-26,169
2340,2013-09-27,240
2341,2013-09-30,157
2342,2013-10-01,201
2343,2013-10-02,268
2344,2013-10-03,129
2345,2013-10-04,606
2346,2013-10-07,230
2347,2013-10-08,394
2348,2013-10-09,102
2349,2013-10-10,61
2350,2013-10-11,129
2351,2013-10-14,145
2352,2013-10-15,2061
2353,2013-10-16,175
2354,2013-10-17,201
2355,2013-10-18,403
2356,2013-10-21,70
2357,2013-10-22,249
2358,2013-10-23,141
2359,2013-10-24,113
2360,2013-10-25,127
2361,2013-10-28,168
2362,2013-10-29,193
2363,2013-10-30,92
2364,2013-10-31,206
2365,2013-11-01,221
2366,2013-11-04,246
2367,2013-11-05,321
2368,2013-11-06,136
2369,2013-11-07,153
2370,2013-11-08,226
2371,2013-11-11,64
2372,2013-11-12,208
2373,2013-11-13,97
2374,2013-11-14,121
2375,2013-11-15,330
2376,2013-11-18,130
2377,2013-11-19,1328
2378,2013-11-20,88
2379,2013-11-21,149
2380,2013-11-22,224
2381,2013-11-25,152
2382,2013-11-26,160
2383,2013-11-27,195
2384,2013-11-28,209
2385,2013-11-29,264
2386,2013-12-02,195
2387,2013-12-03,422
2388,2013-12-04,216
2389,2013-12-05,352
2390,2013-12-06,265
2391,2013-12-09,183
2392,2013-12-10,808
2393,2013-12-11,330
2394,2013-12-12,279
2395,2013-12-13,135
2396,2013-12-16,133
2397,2013-12-17,189
2398,2013-12-18,156
2399,2013-12-19,3613
2400,2013-12-20,162
2401,2013-12-23,77
2402,2013-12-24,151
2403,2013-12-27,229
2404,2013-12-30,229
2405,2013-12-31,588
2406,2014-01-02,321
2407,2014-01-03,430
2408,2014-01-06,267
2409,2014-01-07,278
2410,2014-01-08,237
2411,2014-01-09,96
2412,2014-01-10,214
2413,2014-01-13,217
2414,2014-01-14,257
2415,2014-01-15,188
2416,2014-01-16,1335
2417,2014-01-17,192
2418,2014-01-20,44
2419,2014-01-21,139
2420,2014-01-22,184
2421,2014-01-23,167
2422,2014-01-24,94
2423,2014-01-27,131
2424,2014-01-28,349
2425,2014-01-29,159
2426,2014-01-30,259
2427,2014-01-31,265
2428,2014-02-03,127
2429,2014-02-04,93
2430,2014-02-05,131
2431,2014-02-06,180
2432,2014-02-07,85
2433,2014-02-10,114
2434,2014-02-11,188
2435,2014-02-12,306
2436,2014-02-13,357
2437,2014-02-14,362
2438,2014-02-17,172
2439,2014-02-18,180
2440,2014-02-19,345
2441,2014-02-20,198
2442,2014-02-21,1889
2443,2014-02-24,145
2444,2014-02-25,205
2445,2014-02-26,639
2446,2014-02-27,783
2447,2014-02-28,228
2448,2014-03-03,366
2449,2014-03-04,197
2450,2014-03-05,115
2451,2014-03-06,131
2452,2014-03-07,233
2453,2014-03-10,192
2454,2014-03-11,217
2455,2014-03-12,171
2456,2014-03-13,98
2457,2014-03-14,215
2458,2014-03-17,80
2459,2014-03-18,2697
2460,2014-03-19,222
2461,2014-03-20,135
2462,2014-03-21,190
2463,2014-03-24,133
2464,2014-03-25,303
2465,2014-03-26,187
2466,2014-03-27,261
2467,2014-03-28,217
2468,2014-03-31,204
2469,2014-04-01,160
2470,2014-04-02,197
2471,2014-04-03,200
2472,2014-04-04,181
2473,2014-04-07,233
2474,2014-04-08,172
2475,2014-04-09,148
2476,2014-04-10,270
2477,2014-04-11,318
2478,2014-04-14,90
2479,2014-04-15,141
2480,2014-04-16,2146
2481,2014-04-17,272
2482,2014-04-22,370
2483,2014-04-23,189
2484,2014-04-24,196
2485,2014-04-25,106
2486,2014-04-28,173
2487,2014-04-29,234
2488,2014-04-30,314
2489,2014-05-01,264
2490,2014-05-02,313
2491,2014-05-06,222
2492,2014-05-07,211
2493,2014-05-08,109
2494,2014-05-09,283
2495,2014-05-12,142
2496,2014-05-13,185
2497,2014-05-14,222
2498,2014-05-15,142
2499,2014-05-19,324
2500,2014-05-20,1576
2501,2014-05-21,365
2502,2014-05-22,238
2503,2014-05-23,333
2504,2014-05-27,415
2505,2014-05-28,254
2506,2014-05-29,177
2507,2014-05-30,279
2508,2014-06-02,128
2509,2014-06-03,80
2510,2014-06-04,195
2511,2014-06-05,193
2512,2014-06-06,312
2513,2014-06-09,213
2514,2014-06-10,277
2515,2014-06-11,269
2516,2014-06-12,305
2517,2014-06-13,402
2518,2014-06-16,180
2519,2014-06-17,2617
2520,2014-06-18,142
2521,2014-06-19,202
2522,2014-06-20,269
2523,2014-06-23,167
2524,2014-06-24,205
2525,2014-06-25,155
2526,2014-06-26,217
2527,2014-06-27,420
2528,2014-06-30,427
2529,2014-07-01,393
2530,2014-07-02,319
2531,2014-07-03,186
2532,2014-07-04,291
2533,2014-07-07,110
2534,2014-07-08,237
2535,2014-07-09,300
2536,2014-07-10,394
2537,2014-07-11,558
2538,2014-07-14,190
2539,2014-07-15,1286
2540,2014-07-16,155
2541,2014-07-17,193
2542,2014-07-18,263
2543,2014-07-21,201
2544,2014-07-22,142
2545,2014-07-23,102
2546,2014-07-24,212
2547,2014-07-25,280
2548,2014-07-28,239
2549,2014-07-29,340
2550,2014-07-30,278
2551,2014-07-31,303
2552,2014-08-01,576
2553,2014-08-04,149
2554,2014-08-05,103
2555,2014-08-06,151
2556,2014-08-07,87
2557,2014-08-08,124
2558,2014-08-11,207
2559,2014-08-12,403
2560,2014-08-13,134
2561,2014-08-14,128
2562,2014-08-15,236
2563,2014-08-18,114
2564,2014-08-19,1554
2565,2014-08-20,122
2566,2014-08-21,213
2567,2014-08-22,351
2568,2014-08-26,250
2569,2014-08-27,385
2570,2014-08-28,478
2571,2014-08-29,572
2572,2014-09-01,174
2573,2014-09-02,226
2574,2014-09-03,202
2575,2014-09-04,201
2576,2014-09-05,219
2577,2014-09-08,206
2578,2014-09-09,295
2579,2014-09-10,178
2580,2014-09-11,208
2581,2014-09-12,154
2582,2014-09-15,115
2583,2014-09-16,212
2584,2014-09-17,2747
2585,2014-09-18,89
2586,2014-09-19,212
2587,2014-09-22,138
2588,2014-09-23,133
2589,2014-09-24,248
2590,2014-09-25,424
2591,2014-09-26,341
2592,2014-09-29,524
2593,2014-09-30,208
2594,2014-10-01,513
2595,2014-10-02,465
2596,2014-10-03,580
2597,2014-10-06,71
2598,2014-10-07,184
2599,2014-10-08,176
2600,2014-10-09,258
2601,2014-10-10,363
2602,2014-10-13,79
2603,2014-10-14,500
2604,2014-10-15,297
2605,2014-10-16,337
2606,2014-10-17,435
2607,2014-10-20,177
2608,2014-10-21,2175
2609,2014-10-22,136
2610,2014-10-23,63
2611,2014-10-24,128
2612,2014-10-27,160
2613,2014-10-28,261
2614,2014-10-29,251
2615,2014-10-30,114
2616,2014-10-31,228
2617,2014-11-03,112
2618,2014-11-04,140
2619,2014-11-05,140
2620,2014-11-06,155
2621,2014-11-07,283
2622,2014-11-10,125
2623,2014-11-11,217
2624,2014-11-12,133
2625,2014-11-13,132
2626,2014-11-14,184
2627,2014-11-17,158
2628,2014-11-18,1700
2629,2014-11-19,116
2630,2014-11-20,351
2631,2014-11-21,559
2632,2014-11-24,190
2633,2014-11-25,256
2634,2014-11-26,168
2635,2014-11-27,76
2636,2014-11-28,249
2637,2014-12-01,186
2638,2014-12-02,246
2639,2014-12-03,246
2640,2014-12-04,246
2641,2014-12-05,153
2642,2014-12-08,175
2643,2014-12-09,274
2644,2014-12-10,191
2645,2014-12-11,169
2646,2014-12-12,177
2647,2014-12-15,220
2648,2014-12-16,326
2649,2014-12-17,302
2650,2014-12-18,2614
2651,2014-12-19,173
2652,2014-12-22,257
2653,2014-12-23,541
2654,2014-12-24,243
2655,2014-12-29,440
2656,2014-12-30,535
2657,2014-12-31,303
2658,2015-01-02,211
2659,2015-01-05,256
2660,2015-01-06,282
2661,2015-01-07,400
2662,2015-01-08,102
2663,2015-01-09,96
2664,2015-01-12,261
2665,2015-01-13,296
2666,2015-01-14,141
2667,2015-01-15,1729
2668,2015-01-16,111
2669,2015-01-19,125
2670,2015-01-20,185
2671,2015-01-21,98
2672,2015-01-22,203
2673,2015-01-23,160
2674,2015-01-26,182
2675,2015-01-27,291
2676,2015-01-28,272
2677,2015-01-29,241
2678,2015-01-30,300
2679,2015-02-02,192
2680,2015-02-03,135
2681,2015-02-04,266
2682,2015-02-05,397
2683,2015-02-06,170
2684,2015-02-09,255
2685,2015-02-10,158
2686,2015-02-11,275
2687,2015-02-12,358
2688,2015-02-13,238
2689,2015-02-16,113
2690,2015-02-17,137
2691,2015-02-18,216
2692,2015-02-19,113
2693,2015-02-20,1972
2694,2015-02-23,186
2695,2015-02-24,118
2696,2015-02-25,198
2697,2015-02-26,283
2698,2015-02-27,233
2699,2015-03-02,161
2700,2015-03-03,160
2701,2015-03-04,128
2702,2015-03-05,165
2703,2015-03-06,279
2704,2015-03-09,145
2705,2015-03-10,110
2706,2015-03-11,199
2707,2015-03-12,279
2708,2015-03-13,369
2709,2015-03-16,170
2710,2015-03-17,2787
2711,2015-03-18,218
2712,2015-03-19,226
2713,2015-03-20,322
2714,2015-03-23,204
2715,2015-03-24,114
2716,2015-03-25,90
2717,2015-03-26,226
2718,2015-03-27,285
2719,2015-03-30,136
2720,2015-03-31,278
2721,2015-04-01,236
2722,2015-04-02,175
2723,2015-04-07,119
2724,2015-04-08,79
2725,2015-04-09,91
2726,2015-04-10,98
2727,2015-04-13,303
2728,2015-04-14,122
2729,2015-04-15,1579
2730,2015-04-16,662
2731,2015-04-17,560
2732,2015-04-20,286
2733,2015-04-21,315
2734,2015-04-22,258
2735,2015-04-23,116
2736,2015-04-24,169
2737,2015-04-27,267
2738,2015-04-28,226
2739,2015-04-29,129
2740,2015-04-30,101
2741,2015-05-01,95
2742,2015-05-05,284
2743,2015-05-06,166
2744,2015-05-07,106
2745,2015-05-08,164
2746,2015-05-11,143
2747,2015-05-12,75
2748,2015-05-13,133
2749,2015-05-14,204
2750,2015-05-15,225
2751,2015-05-18,117
2752,2015-05-19,1173
2753,2015-05-20,177
2754,2015-05-21,107
2755,2015-05-22,185
2756,2015-05-26,167
2757,2015-05-27,232
2758,2015-05-28,82
2759,2015-05-29,148
2760,2015-06-01,134
2761,2015-06-02,251
2762,2015-06-03,99
2763,2015-06-04,91
2764,2015-06-05,174
2765,2015-06-08,78
2766,2015-06-09,147
2767,2015-06-10,166
2768,2015-06-11,172
2769,2015-06-12,262
2770,2015-06-15,123
2771,2015-06-16,2420
2772,2015-06-17,121
2773,2015-06-18,329
2774,2015-06-19,448
2775,2015-06-22,84
2776,2015-06-23,177
2777,2015-06-24,80
2778,2015-06-25,118
2779,2015-06-26,237
2780,2015-06-29,116
2781,2015-06-30,381
2782,2015-07-01,189
2783,2015-07-02,136
2784,2015-07-03,223
2785,2015-07-06,79
2786,2015-07-07,104
2787,2015-07-08,246
2788,2015-07-09,203
2789,2015-07-10,225
2790,2015-07-13,325
2791,2015-07-14,194
2792,2015-07-15,109
2793,2015-07-16,313
2794,2015-07-17,573
2795,2015-07-20,189
2796,2015-07-21,1326
2797,2015-07-22,160
2798,2015-07-23,114
2799,2015-07-24,327
2800,2015-07-27,262
2801,2015-07-28,423
2802,2015-07-29,301
2803,2015-07-30,251
2804,2015-07-31,480
2805,2015-08-03,168
2806,2015-08-04,155
2807,2015-08-05,207
2808,2015-08-06,79
2809,2015-08-07,182
2810,2015-08-10,225
2811,2015-08-11,126
2812,2015-08-12,329
2813,2015-08-13,111
2814,2015-08-14,290
2815,2015-08-17,125
2816,2015-08-18,1342
2817,2015-08-19,269
2818,2015-08-20,226
2819,2015-08-21,343
2820,2015-08-24,307
2821,2015-08-25,248
2822,2015-08-26,233
2823,2015-08-27,381
2824,2015-08-28,470
2825,2015-09-01,180
2826,2015-09-02,220
2827,2015-09-03,197
2828,2015-09-04,214
2829,2015-09-07,66
2830,2015-09-08,154
2831,2015-09-09,126
2832,2015-09-10,159
2833,2015-09-11,140
2834,2015-09-14,176
2835,2015-09-15,193
2836,2015-09-16,2350
2837,2015-09-17,75
2838,2015-09-18,179
2839,2015-09-21,92
2840,2015-09-22,140
2841,2015-09-23,112
2842,2015-09-24,152
2843,2015-09-25,230
2844,2015-09-28,186
2845,2015-09-29,257
2846,2015-09-30,203
2847,2015-10-01,96
2848,2015-10-02,148
2849,2015-10-05,81
2850,2015-10-06,216
2851,2015-10-07,215
2852,2015-10-08,136
2853,2015-10-09,546
2854,2015-10-12,124
2855,2015-10-13,184
2856,2015-10-14,188
2857,2015-10-15,149
2858,2015-10-16,229
2859,2015-10-19,90
2860,2015-10-20,1846
2861,2015-10-21,94
2862,2015-10-22,86
2863,2015-10-23,200
2864,2015-10-26,177
2865,2015-10-27,172
2866,2015-10-28,192
2867,2015-10-29,363
2868,2015-10-30,391
2869,2015-11-02,126
2870,2015-11-03,242
2871,2015-11-04,64
2872,2015-11-05,136
2873,2015-11-06,239
2874,2015-11-09,123
2875,2015-11-10,113
2876,2015-11-11,82
2877,2015-11-12,194
2878,2015-11-13,213
2879,2015-11-16,121
2880,2015-11-17,874
2881,2015-11-18,53
2882,2015-11-19,161
2883,2015-11-20,227
2884,2015-11-23,119
2885,2015-11-24,287
2886,2015-11-25,188
2887,2015-11-26,455
2888,2015-11-27,671
2889,2015-11-30,215
2890,2015-12-01,370
2891,2015-12-02,712
2892,2015-12-03,197
2893,2015-12-04,192
2894,2015-12-07,194
2895,2015-12-08,157
2896,2015-12-09,237
2897,2015-12-10,89
2898,2015-12-11,85
2899,2015-12-14,135
2900,2015-12-15,211
2901,2015-12-16,1606
2902,2015-12-17,178
2903,2015-12-18,107
2904,2015-12-21,137
2905,2015-12-22,96
2906,2015-12-23,101
2907,2015-12-24,89
2908,2015-12-29,178
2909,2015-12-30,93
2910,2015-12-31,112
2911,2016-01-04,130
2912,2016-01-05,162
2913,2016-01-06,353
2914,2016-01-07,223
2915,2016-01-08,121
2916,2016-01-11,58
2917,2016-01-12,178
2918,2016-01-13,195
2919,2016-01-14,85
2920,2016-01-15,120
2921,2016-01-18,115
2922,2016-01-19,220
2923,2016-01-20,1538
2924,2016-01-21,171
2925,2016-01-22,158
2926,2016-01-25,79
2927,2016-01-26,285
2928,2016-01-27,296
2929,2016-01-28,140
2930,2016-01-29,332
2931,2016-02-01,313
2932,2016-02-03,397
2933,2016-02-04,235
2934,2016-02-05,512
2935,2016-02-08,261
2936,2016-02-09,416
2937,2016-02-10,222
2938,2016-02-11,167
2939,2016-02-12,173
2940,2016-02-15,190
2941,2016-02-16,227
2942,2016-02-17,310
2943,2016-02-18,1724
2944,2016-02-19,131
2945,2016-02-22,181
2946,2016-02-23,266
2947,2016-02-24,160
2948,2016-02-25,146
2949,2016-02-26,196
2950,2016-02-29,226
2951,2016-03-01,167
2952,2016-03-02,226
2953,2016-03-03,279
2954,2016-03-04,631
2955,2016-03-07,198
2956,2016-03-08,276
2957,2016-03-09,181
2958,2016-03-10,85
2959,2016-03-11,225
2960,2016-03-14,91
2961,2016-03-15,2268
2962,2016-03-16,99
2963,2016-03-17,132
2964,2016-03-18,165
2965,2016-03-21,91
2966,2016-03-22,107
2967,2016-03-23,153
2968,2016-03-24,161
2969,2016-03-29,298
2970,2016-03-30,258
2971,2016-03-31,494
2972,2016-04-01,318
2973,2016-04-04,470
2974,2016-04-05,541
2975,2016-04-06,409
2976,2016-04-07,109
2977,2016-04-08,123
2978,2016-04-11,227
2979,2016-04-12,114
2980,2016-04-13,155
2981,2016-04-14,159
2982,2016-04-15,116
2983,2016-04-18,252
2984,2016-04-19,102
2985,2016-04-20,2150
2986,2016-04-21,147
2987,2016-04-22,187
2988,2016-04-25,134
2989,2016-04-26,132
2990,2016-04-27,229
2991,2016-04-28,153
2992,2016-04-29,138
2993,2016-05-03,171
2994,2016-05-04,154
2995,2016-05-05,121
2996,2016-05-06,223
2997,2016-05-09,217
2998,2016-05-10,143
2999,2016-05-11,149
3000,2016-05-12,396
3001,2016-05-13,447
3002,2016-05-16,133
3003,2016-05-17,1541
3004,2016-05-18,98
3005,2016-05-19,255
3006,2016-05-20,329
3007,2016-05-23,266
3008,2016-05-24,198
3009,2016-05-25,168
3010,2016-05-26,145
3011,2016-05-27,233
3012,2016-05-31,145
3013,2016-06-01,141
3014,2016-06-02,90
3015,2016-06-03,183
3016,2016-06-06,246
3017,2016-06-07,246
3018,2016-06-08,239
3019,2016-06-09,198
3020,2016-06-10,288
3021,2016-06-13,134
3022,2016-06-14,127
3023,2016-06-15,243
3024,2016-06-16,148
3025,2016-06-17,213
3026,2016-06-20,117
3027,2016-06-21,2216
3028,2016-06-22,113
3029,2016-06-23,142
3030,2016-06-24,188
3031,2016-06-27,186
3032,2016-06-28,227
3033,2016-06-29,130
3034,2016-06-30,141
3035,2016-07-01,441
3036,2016-07-04,539
3037,2016-07-05,450
3038,2016-07-06,148
3039,2016-07-07,163
3040,2016-07-08,223
3041,2016-07-11,99
3042,2016-07-12,178
3043,2016-07-13,187
3044,2016-07-14,263
3045,2016-07-15,412
3046,2016-07-18,192
3047,2016-07-19,1849
3048,2016-07-20,220
3049,2016-07-21,184
3050,2016-07-22,336
3051,2016-07-25,104
3052,2016-07-26,233
3053,2016-07-27,260
3054,2016-07-28,75
3055,2016-07-29,168
3056,2016-08-01,114
3057,2016-08-02,115
3058,2016-08-03,162
3059,2016-08-04,170
3060,2016-08-05,345
3061,2016-08-08,212
3062,2016-08-09,286
3063,2016-08-10,187
3064,2016-08-11,175
3065,2016-08-12,195
3066,2016-08-15,196
3067,2016-08-16,1419
3068,2016-08-17,188
3069,2016-08-18,127
3070,2016-08-19,228
3071,2016-08-22,187
3072,2016-08-23,241
3073,2016-08-24,283
3074,2016-08-25,367
3075,2016-08-26,408
3076,2016-08-30,104
3077,2016-08-31,173
3078,2016-09-01,244
3079,2016-09-02,189
3080,2016-09-05,225
3081,2016-09-06,338
3082,2016-09-07,218
3083,2016-09-08,181
3084,2016-09-09,317
3085,2016-09-12,296
3086,2016-09-13,247
3087,2016-09-14,232
3088,2016-09-15,174
3089,2016-09-16,188
3090,2016-09-19,189
3091,2016-09-20,181
3092,2016-09-21,2986
3093,2016-09-22,192
3094,2016-09-23,216
3095,2016-09-26,199
3096,2016-09-27,296
3097,2016-09-28,279
3098,2016-09-29,214
3099,2016-09-30,239
3100,2016-10-03,160
3101,2016-10-04,138
3102,2016-10-05,182
3103,2016-10-06,104
3104,2016-10-07,207
3105,2016-10-10,96
3106,2016-10-11,246
3107,2016-10-12,106
3108,2016-10-13,216
3109,2016-10-14,479
3110,2016-10-17,235
3111,2016-10-18,2148
3112,2016-10-19,217
3113,2016-10-20,111
3114,2016-10-21,209
3115,2016-10-24,216
3116,2016-10-25,347
3117,2016-10-26,218
3118,2016-10-27,162
3119,2016-10-28,229
3120,2016-10-31,136
3121,2016-11-01,166
3122,2016-11-02,202
3123,2016-11-03,154
3124,2016-11-04,241
3125,2016-11-07,361
3126,2016-11-08,270
3127,2016-11-09,127
3128,2016-11-10,104
3129,2016-11-11,183
3130,2016-11-14,168
3131,2016-11-15,1483
3132,2016-11-16,197
3133,2016-11-17,141
3134,2016-11-18,228
3135,2016-11-21,187
3136,2016-11-22,182
3137,2016-11-23,162
3138,2016-11-24,112
3139,2016-11-25,256
3140,2016-11-28,81
3141,2016-11-29,196
3142,2016-11-30,281
3143,2016-12-01,120
3144,2016-12-02,84
3145,2016-12-05,195
3146,2016-12-06,256
3147,2016-12-07,140
3148,2016-12-08,187
3149,2016-12-09,113
3150,2016-12-12,114
3151,2016-12-13,165
3152,2016-12-14,112
3153,2016-12-15,2075
3154,2016-12-16,143
3155,2016-12-19,153
3156,2016-12-20,229
3157,2016-12-21,89
3158,2016-12-22,169
3159,2016-12-23,206
3160,2016-12-28,141
3161,2016-12-29,183
3162,2016-12-30,156
3163,2017-01-03,141
3164,2017-01-04,226
3165,2017-01-05,195
3166,2017-01-06,120
3167,2017-01-09,80
3168,2017-01-10,271
3169,2017-01-11,115
3170,2017-01-12,164
3171,2017-01-13,195
3172,2017-01-16,160
3173,2017-01-17,177
3174,2017-01-18,217
3175,2017-01-19,1877
3176,2017-01-20,354
3177,2017-01-23,182
3178,2017-01-24,288
3179,2017-01-25,114
3180,2017-01-26,164
3181,2017-01-27,112
3182,2017-01-30,141
3183,2017-01-31,263
3184,2017-02-01,134
3185,2017-02-02,170
3186,2017-02-03,134
3187,2017-02-06,188
3188,2017-02-07,278
3189,2017-02-08,377
3190,2017-02-09,194
3191,2017-02-10,159
3192,2017-02-13,229
3193,2017-02-14,197
3194,2017-02-15,227
3195,2017-02-16,119
3196,2017-02-17,1202
3197,2017-02-20,88
3198,2017-02-21,177
3199,2017-02-22,269
3200,2017-02-23,233
3201,2017-02-24,209
3202,2017-02-27,206
3203,2017-02-28,193
3204,2017-03-01,113
3205,2017-03-02,129
3206,2017-03-03,120
3207,2017-03-06,101
3208,2017-03-07,153
3209,2017-03-08,123
3210,2017-03-09,125
3211,2017-03-10,182
3212,2017-03-13,144
3213,2017-03-14,390
3214,2017-03-15,140
3215,2017-03-16,206
3216,2017-03-17,274
3217,2017-03-20,144
3218,2017-03-21,1629
3219,2017-03-22,113
3220,2017-03-23,96
3221,2017-03-24,245
3222,2017-03-27,159
3223,2017-03-28,191
3224,2017-03-29,159
3225,2017-03-30,121
3226,2017-03-31,176
3227,2017-04-03,78
3228,2017-04-04,120
3229,2017-04-05,174
3230,2017-04-06,252
3231,2017-04-07,125
3232,2017-04-10,76
3233,2017-04-11,271
3234,2017-04-12,375
3235,2017-04-13,179
3236,2017-04-18,173
3237,2017-04-19,1440
3238,2017-04-20,202
3239,2017-04-21,93
3240,2017-04-24,145
3241,2017-04-25,147
3242,2017-04-26,134
3243,2017-04-27,130
3244,2017-04-28,141
3245,2017-05-02,199
3246,2017-05-03,120
3247,2017-05-04,100
3248,2017-05-05,285
3249,2017-05-08,198
3250,2017-05-09,146
3251,2017-05-10,123
3252,2017-05-11,198
3253,2017-05-12,292
3254,2017-05-15,141
3255,2017-05-16,875
3256,2017-05-17,325
3257,2017-05-18,339
3258,2017-05-19,360
3259,2017-05-22,152
3260,2017-05-24,123
3261,2017-05-25,112
3262,2017-05-26,160
3263,2017-05-30,179
3264,2017-05-31,177
3265,2017-06-01,111
3266,2017-06-02,164
3267,2017-06-05,146
3268,2017-06-06,461
3269,2017-06-07,267
3270,2017-06-08,268
3271,2017-06-09,423
3272,2017-06-12,209
3273,2017-06-13,228
3274,2017-06-14,187
3275,2017-06-15,165
3276,2017-06-16,455
3277,2017-06-19,186
3278,2017-06-20,1726
3279,2017-06-21,110
3280,2017-06-22,171
3281,2017-06-23,269
3282,2017-06-26,61
3283,2017-06-27,110
3284,2017-06-28,89
3285,2017-06-29,268
3286,2017-06-30,422
3287,2017-07-03,211
3288,2017-07-04,112
3289,2017-07-05,388
3290,2017-07-06,142
3291,2017-07-07,247
3292,2017-07-10,144
3293,2017-07-11,302
3294,2017-07-12,117
3295,2017-07-13,165
3296,2017-07-14,173
3297,2017-07-17,161
3298,2017-07-18,1345
3299,2017-07-19,275
3300,2017-07-20,138
3301,2017-07-21,325
3302,2017-07-24,249
3303,2017-07-25,280
3304,2017-07-26,186
3305,2017-07-27,321
3306,2017-07-28,480
3307,2017-07-31,94
3308,2017-08-01,103
3309,2017-08-02,93
3310,2017-08-03,73
3311,2017-08-04,150
3312,2017-08-07,90
3313,2017-08-08,344
3314,2017-08-09,162
3315,2017-08-10,146
3316,2017-08-11,220
3317,2017-08-14,148
3318,2017-08-15,1774
3319,2017-08-16,173
3320,2017-08-17,165
3321,2017-08-18,240
3322,2017-08-21,174
3323,2017-08-22,109
3324,2017-08-23,144
3325,2017-08-24,135
3326,2017-08-25,167
3327,2017-08-29,190
3328,2017-08-30,122
3329,2017-08-31,196
3330,2017-09-01,114
3331,2017-09-04,95
3332,2017-09-05,207
3333,2017-09-06,157
3334,2017-09-07,99
3335,2017-09-08,219
3336,2017-09-11,146
3337,2017-09-12,104
3338,2017-09-13,125
3339,2017-09-14,126
3340,2017-09-15,149
3341,2017-09-18,133
3342,2017-09-19,106
3343,2017-09-20,1957
3344,2017-09-21,112
3345,2017-09-22,144
3346,2017-09-25,182
3347,2017-09-26,252
3348,2017-09-27,315
3349,2017-09-28,154
3350,2017-09-29,104
3351,2017-10-02,149
3352,2017-10-03,188
3353,2017-10-04,100
3354,2017-10-05,457
3355,2017-10-06,514
3356,2017-10-09,107
3357,2017-10-10,111
3358,2017-10-11,104
3359,2017-10-12,100
3360,2017-10-13,180
3361,2017-10-16,123
3362,2017-10-17,1371
3363,2017-10-18,390
3364,2017-10-19,335
3365,2017-10-20,498
3366,2017-10-23,180
3367,2017-10-24,111
3368,2017-10-25,97
3369,2017-10-26,126
3370,2017-10-27,165
3371,2017-10-30,255
3372,2017-10-31,173
3373,2017-11-01,224
3374,2017-11-02,103
3375,2017-11-03,199
3376,2017-11-06,138
3377,2017-11-07,144
3378,2017-11-08,88
3379,2017-11-09,70
3380,2017-11-10,243
3381,2017-11-13,164
3382,2017-11-14,235
3383,2017-11-15,183
3384,2017-11-16,221
3385,2017-11-17,315
3386,2017-11-20,87
3387,2017-11-21,1100
3388,2017-11-22,77
3389,2017-11-23,52
3390,2017-11-24,197
3391,2017-11-27,105
3392,2017-11-28,119
3393,2017-11-29,258
3394,2017-11-30,448
3395,2017-12-01,198
3396,2017-12-04,116
3397,2017-12-05,223
3398,2017-12-06,179
3399,2017-12-07,91
3400,2017-12-08,165
3401,2017-12-11,168
3402,2017-12-12,236
3403,2017-12-13,303
3404,2017-12-14,313
3405,2017-12-15,157
3406,2017-12-18,188
3407,2017-12-19,258
3408,2017-12-20,235
3409,2017-12-21,1727
3410,2017-12-22,195
3411,2017-12-27,238
3412,2017-12-28,282
3413,2017-12-29,174
