,Index,LMZSDS03
0,2003-12-11,252
1,2003-12-12,204
2,2003-12-15,418
3,2003-12-16,183
4,2003-12-17,167
5,2003-12-18,252
6,2003-12-19,55
7,2003-12-22,98
8,2003-12-23,28
9,2003-12-26,66
10,2003-12-29,186
11,2003-12-30,292
12,2003-12-31,482
13,2004-01-02,465
14,2004-01-05,391
15,2004-01-06,424
16,2004-01-07,366
17,2004-01-08,188
18,2004-01-09,188
19,2004-01-12,118
20,2004-01-13,373
21,2004-01-14,524
22,2004-01-15,281
23,2004-01-16,487
24,2004-01-20,182
25,2004-01-21,236
26,2004-01-22,218
27,2004-01-28,722
28,2004-01-29,370
29,2004-01-30,587
30,2004-02-02,730
31,2004-02-03,384
32,2004-02-04,297
33,2004-02-05,732
34,2004-02-06,279
35,2004-02-09,224
36,2004-02-10,238
37,2004-02-11,402
38,2004-02-12,315
39,2004-02-13,292
40,2004-02-17,268
41,2004-02-18,300
42,2004-02-19,513
43,2004-02-20,423
44,2004-02-23,451
45,2004-02-24,691
46,2004-02-25,552
47,2004-02-26,251
48,2004-02-27,819
49,2004-03-01,322
50,2004-03-02,707
51,2004-03-03,750
52,2004-03-04,356
53,2004-03-05,216
54,2004-03-08,413
55,2004-03-09,196
56,2004-03-10,565
57,2004-03-11,201
58,2004-03-12,241
59,2004-03-15,496
60,2004-03-16,223
61,2004-03-17,243
62,2004-03-18,142
63,2004-03-19,308
64,2004-03-22,1001
65,2004-03-23,280
66,2004-03-24,469
67,2004-03-25,483
68,2004-03-26,142
69,2004-03-29,358
70,2004-03-30,340
71,2004-03-31,1159
72,2004-04-01,680
73,2004-04-02,1456
74,2004-04-05,1393
75,2004-04-06,322
76,2004-04-07,228
77,2004-04-12,422
78,2004-04-13,156
79,2004-04-14,584
80,2004-04-15,244
81,2004-04-16,117
82,2004-04-19,246
83,2004-04-20,672
84,2004-04-21,313
85,2004-04-22,208
86,2004-04-23,257
87,2004-04-26,57
88,2004-04-27,585
89,2004-04-28,178
90,2004-04-29,257
91,2004-05-03,458
92,2004-05-04,143
93,2004-05-05,684
94,2004-05-06,386
95,2004-05-07,1071
96,2004-05-10,460
97,2004-05-11,396
98,2004-05-12,459
99,2004-05-13,166
100,2004-05-14,233
101,2004-05-17,327
102,2004-05-18,876
103,2004-05-19,722
104,2004-05-20,485
105,2004-05-21,594
106,2004-05-24,622
107,2004-05-25,1334
108,2004-05-26,1169
109,2004-05-27,394
110,2004-05-28,812
111,2004-06-01,983
112,2004-06-02,504
113,2004-06-03,816
114,2004-06-04,399
115,2004-06-07,305
116,2004-06-08,349
117,2004-06-09,1870
118,2004-06-10,1212
119,2004-06-11,3262
120,2004-06-14,1255
121,2004-06-15,673
122,2004-06-16,1006
123,2004-06-17,381
124,2004-06-18,709
125,2004-06-21,2322
126,2004-06-22,1242
127,2004-06-23,724
128,2004-06-24,641
129,2004-06-25,564
130,2004-06-28,1132
131,2004-06-29,607
132,2004-06-30,951
133,2004-07-01,719
134,2004-07-02,633
135,2004-07-06,881
136,2004-07-07,596
137,2004-07-08,621
138,2004-07-09,806
139,2004-07-12,542
140,2004-07-13,426
141,2004-07-14,308
142,2004-07-15,373
143,2004-07-16,624
144,2004-07-19,1067
145,2004-07-20,576
146,2004-07-21,364
147,2004-07-22,778
148,2004-07-23,840
149,2004-07-26,527
150,2004-07-27,1362
151,2004-07-28,1664
152,2004-07-29,736
153,2004-07-30,450
154,2004-08-02,533
155,2004-08-03,1134
156,2004-08-04,728
157,2004-08-05,1036
158,2004-08-06,3280
159,2004-08-09,877
160,2004-08-10,830
161,2004-08-11,571
162,2004-08-12,548
163,2004-08-13,388
164,2004-08-16,644
165,2004-08-17,790
166,2004-08-18,616
167,2004-08-19,658
168,2004-08-20,1307
169,2004-08-23,798
170,2004-08-24,759
171,2004-08-25,510
172,2004-08-26,610
173,2004-08-30,287
174,2004-08-31,453
175,2004-09-01,212
176,2004-09-02,246
177,2004-09-03,893
178,2004-09-07,544
179,2004-09-08,785
180,2004-09-09,436
181,2004-09-10,189
182,2004-09-13,1418
183,2004-09-14,411
184,2004-09-15,302
185,2004-09-16,799
186,2004-09-17,586
187,2004-09-20,773
188,2004-09-21,2192
189,2004-09-22,1523
190,2004-09-23,1062
191,2004-09-24,1321
192,2004-09-27,237
193,2004-09-28,1495
194,2004-09-29,2700
195,2004-09-30,2752
196,2004-10-01,2192
197,2004-10-04,1334
198,2004-10-05,2298
199,2004-10-06,833
200,2004-10-07,446
201,2004-10-08,998
202,2004-10-11,2194
203,2004-10-12,4599
204,2004-10-13,4390
205,2004-10-14,1161
206,2004-10-15,1022
207,2004-10-18,961
208,2004-10-19,792
209,2004-10-20,684
210,2004-10-21,467
211,2004-10-22,742
212,2004-10-25,1129
213,2004-10-26,442
214,2004-10-27,853
215,2004-10-28,1303
216,2004-10-29,1015
217,2004-11-01,371
218,2004-11-02,609
219,2004-11-03,990
220,2004-11-04,1015
221,2004-11-05,454
222,2004-11-08,1006
223,2004-11-09,456
224,2004-11-10,289
225,2004-11-11,1455
226,2004-11-12,654
227,2004-11-15,1116
228,2004-11-16,1202
229,2004-11-17,1725
230,2004-11-18,1575
231,2004-11-19,1349
232,2004-11-22,717
233,2004-11-23,558
234,2004-11-24,932
235,2004-11-26,1621
236,2004-11-29,1793
237,2004-11-30,942
238,2004-12-01,1554
239,2004-12-02,1700
240,2004-12-03,845
241,2004-12-06,572
242,2004-12-07,1880
243,2004-12-08,544
244,2004-12-09,1694
245,2004-12-10,707
246,2004-12-13,608
247,2004-12-14,1756
248,2004-12-15,1507
249,2004-12-16,905
250,2004-12-17,885
251,2004-12-20,511
252,2004-12-21,1287
253,2004-12-22,118
254,2004-12-28,456
255,2004-12-29,414
256,2004-12-30,132
257,2005-01-03,2494
258,2005-01-04,1889
259,2005-01-05,766
260,2005-01-06,724
261,2005-01-07,937
262,2005-01-10,464
263,2005-01-11,653
264,2005-01-12,550
265,2005-01-13,522
266,2005-01-14,671
267,2005-01-18,2170
268,2005-01-19,824
269,2005-01-20,829
270,2005-01-21,1320
271,2005-01-24,1160
272,2005-01-25,1087
273,2005-01-26,505
274,2005-01-27,509
275,2005-01-28,756
276,2005-01-31,1005
277,2005-02-01,1004
278,2005-02-02,1288
279,2005-02-03,878
280,2005-02-04,620
281,2005-02-07,826
282,2005-02-08,477
283,2005-02-09,1377
284,2005-02-10,897
285,2005-02-11,743
286,2005-02-14,815
287,2005-02-15,927
288,2005-02-16,1665
289,2005-02-17,687
290,2005-02-18,2348
291,2005-02-22,1198
292,2005-02-23,1471
293,2005-02-24,1697
294,2005-02-25,1198
295,2005-02-28,738
296,2005-03-01,1066
297,2005-03-02,603
298,2005-03-03,635
299,2005-03-04,615
300,2005-03-07,1774
301,2005-03-08,980
302,2005-03-09,1148
303,2005-03-10,950
304,2005-03-11,388
305,2005-03-14,405
306,2005-03-15,705
307,2005-03-16,1525
308,2005-03-17,2427
309,2005-03-18,736
310,2005-03-21,1079
311,2005-03-22,2823
312,2005-03-23,1812
313,2005-03-28,976
314,2005-03-29,1086
315,2005-03-30,1720
316,2005-03-31,1404
317,2005-04-01,1198
318,2005-04-04,1626
319,2005-04-05,1069
320,2005-04-06,633
321,2005-04-07,455
322,2005-04-08,819
323,2005-04-11,490
324,2005-04-12,3554
325,2005-04-13,5507
326,2005-04-14,1273
327,2005-04-15,1162
328,2005-04-18,1088
329,2005-04-19,1095
330,2005-04-20,1098
331,2005-04-21,301
332,2005-04-22,745
333,2005-04-25,1529
334,2005-04-26,1309
335,2005-04-27,2840
336,2005-04-28,1372
337,2005-05-02,1337
338,2005-05-03,3799
339,2005-05-04,1434
340,2005-05-05,1519
341,2005-05-06,1162
342,2005-05-09,1402
343,2005-05-10,1274
344,2005-05-11,3552
345,2005-05-12,2709
346,2005-05-13,2220
347,2005-05-16,1987
348,2005-05-17,1897
349,2005-05-18,2066
350,2005-05-19,1748
351,2005-05-20,1404
352,2005-05-23,1846
353,2005-05-24,1401
354,2005-05-25,4247
355,2005-05-26,1429
356,2005-05-27,3819
357,2005-05-31,4057
358,2005-06-01,6592
359,2005-06-02,4885
360,2005-06-03,1832
361,2005-06-06,2405
362,2005-06-07,1783
363,2005-06-08,1866
364,2005-06-09,1577
365,2005-06-10,1830
366,2005-06-13,3918
367,2005-06-14,2564
368,2005-06-15,2165
369,2005-06-16,2095
370,2005-06-17,1438
371,2005-06-20,2444
372,2005-06-21,1838
373,2005-06-22,1724
374,2005-06-23,1611
375,2005-06-24,1701
376,2005-06-27,5124
377,2005-06-28,3883
378,2005-06-29,2279
379,2005-06-30,2432
380,2005-07-01,2682
381,2005-07-05,3135
382,2005-07-06,1398
383,2005-07-07,2361
384,2005-07-08,1791
385,2005-07-11,3466
386,2005-07-12,1948
387,2005-07-13,1863
388,2005-07-14,1700
389,2005-07-15,3261
390,2005-07-18,3064
391,2005-07-19,3242
392,2005-07-20,2988
393,2005-07-21,1164
394,2005-07-22,1092
395,2005-07-25,841
396,2005-07-26,4231
397,2005-07-27,3695
398,2005-07-28,5242
399,2005-07-29,2767
400,2005-08-01,3686
401,2005-08-02,3475
402,2005-08-03,3228
403,2005-08-04,2070
404,2005-08-05,2933
405,2005-08-08,2840
406,2005-08-09,1742
407,2005-08-10,3957
408,2005-08-11,4074
409,2005-08-12,1453
410,2005-08-15,3065
411,2005-08-16,7521
412,2005-08-17,3238
413,2005-08-18,2342
414,2005-08-19,3161
415,2005-08-22,2648
416,2005-08-23,2986
417,2005-08-24,3010
418,2005-08-25,2187
419,2005-08-29,2288
420,2005-08-30,3235
421,2005-08-31,6380
422,2005-09-01,2284
423,2005-09-02,4254
424,2005-09-06,4375
425,2005-09-07,1870
426,2005-09-08,1934
427,2005-09-09,2207
428,2005-09-12,2501
429,2005-09-13,2800
430,2005-09-14,4772
431,2005-09-15,2317
432,2005-09-16,3388
433,2005-09-19,2458
434,2005-09-20,3384
435,2005-09-21,2579
436,2005-09-22,1505
437,2005-09-23,3794
438,2005-09-26,3131
439,2005-09-27,4425
440,2005-09-28,7129
441,2005-09-29,3493
442,2005-09-30,1454
443,2005-10-03,1494
444,2005-10-04,2696
445,2005-10-05,3046
446,2005-10-06,2426
447,2005-10-07,1560
448,2005-10-10,1930
449,2005-10-11,2303
450,2005-10-12,1657
451,2005-10-13,2217
452,2005-10-14,2673
453,2005-10-17,1338
454,2005-10-18,2783
455,2005-10-19,1990
456,2005-10-20,6571
457,2005-10-21,2446
458,2005-10-24,3205
459,2005-10-25,1903
460,2005-10-26,2155
461,2005-10-27,3759
462,2005-10-28,2844
463,2005-10-31,2886
464,2005-11-01,1762
465,2005-11-02,3058
466,2005-11-03,2169
467,2005-11-04,2016
468,2005-11-07,1413
469,2005-11-08,1640
470,2005-11-09,1845
471,2005-11-10,1699
472,2005-11-11,2847
473,2005-11-14,2384
474,2005-11-15,4815
475,2005-11-16,2112
476,2005-11-17,2216
477,2005-11-18,1903
478,2005-11-21,2557
479,2005-11-22,1519
480,2005-11-23,1792
481,2005-11-25,1953
482,2005-11-28,2385
483,2005-11-29,3379
484,2005-11-30,3729
485,2005-12-01,3408
486,2005-12-02,2420
487,2005-12-05,2001
488,2005-12-06,2372
489,2005-12-07,2432
490,2005-12-08,1894
491,2005-12-09,3041
492,2005-12-12,3939
493,2005-12-13,3023
494,2005-12-14,4604
495,2005-12-15,2512
496,2005-12-16,1658
497,2005-12-19,1366
498,2005-12-20,1365
499,2005-12-21,1461
500,2005-12-22,2005
501,2005-12-27,1849
502,2005-12-28,1490
503,2005-12-29,1447
504,2005-12-30,2703
505,2006-01-03,2323
506,2006-01-04,1869
507,2006-01-05,2531
508,2006-01-06,2601
509,2006-01-09,2383
510,2006-01-10,3328
511,2006-01-11,2550
512,2006-01-12,2287
513,2006-01-13,2212
514,2006-01-17,4349
515,2006-01-18,3128
516,2006-01-19,3157
517,2006-01-20,3628
518,2006-01-23,3842
519,2006-01-24,6071
520,2006-01-25,3814
521,2006-01-26,6289
522,2006-01-27,2837
523,2006-01-30,3853
524,2006-01-31,4449
525,2006-02-01,2472
526,2006-02-02,3386
527,2006-02-03,2826
528,2006-02-06,4514
529,2006-02-07,7609
530,2006-02-08,4126
531,2006-02-09,3260
532,2006-02-10,9039
533,2006-02-13,4046
534,2006-02-14,5001
535,2006-02-15,8940
536,2006-02-16,2522
537,2006-02-17,3409
538,2006-02-21,3666
539,2006-02-22,3656
540,2006-02-23,4403
541,2006-02-24,5262
542,2006-02-27,5254
543,2006-02-28,3885
544,2006-03-01,3373
545,2006-03-02,2664
546,2006-03-03,1709
547,2006-03-06,3810
548,2006-03-07,4456
549,2006-03-08,2723
550,2006-03-09,3071
551,2006-03-10,1989
552,2006-03-13,1973
553,2006-03-14,2400
554,2006-03-15,3112
555,2006-03-16,4970
556,2006-03-17,1603
557,2006-03-20,3384
558,2006-03-21,2530
559,2006-03-22,2319
560,2006-03-23,4834
561,2006-03-24,2716
562,2006-03-27,2195
563,2006-03-28,3377
564,2006-03-29,3113
565,2006-03-30,3637
566,2006-03-31,2553
567,2006-04-03,3811
568,2006-04-04,2464
569,2006-04-05,3065
570,2006-04-06,4079
571,2006-04-07,2665
572,2006-04-10,3551
573,2006-04-11,3516
574,2006-04-12,3174
575,2006-04-17,4656
576,2006-04-20,5312
577,2006-05-18,642
578,2006-05-25,878
579,2006-06-01,1277
580,2006-06-05,2
581,2006-06-08,1032
582,2006-06-09,1765
583,2006-06-12,2387
584,2006-06-13,5590
585,2006-06-14,4763
586,2006-06-15,3627
587,2006-06-16,2387
588,2006-06-19,1967
589,2006-06-20,2092
590,2006-06-21,2161
591,2006-06-22,2473
592,2006-06-23,2627
593,2006-06-26,1572
594,2006-06-27,1617
595,2006-06-28,2011
596,2006-06-29,1056
597,2006-07-03,2
598,2006-07-06,934
599,2006-07-13,1271
600,2006-07-17,2802
601,2006-07-20,1141
602,2006-07-27,664
603,2006-08-03,1023
604,2006-08-07,2
605,2006-08-10,779
606,2006-08-14,818
607,2006-08-17,942
608,2006-08-23,744
609,2006-08-24,980
610,2006-08-30,800
611,2006-09-05,2
612,2006-09-19,9916
613,2006-09-25,775
614,2006-09-26,1196
615,2006-10-05,1342
616,2006-10-12,904
617,2006-10-16,13162
618,2006-10-19,697
619,2006-10-26,898
620,2006-11-02,1305
621,2006-11-09,1188
622,2006-11-13,40
623,2006-11-16,997
624,2006-11-20,4903
625,2006-11-23,662
626,2006-11-28,908
627,2006-11-29,1340
628,2006-11-30,1671
629,2006-12-01,865
630,2006-12-04,963
631,2006-12-05,1458
632,2006-12-06,1447
633,2006-12-07,1361
634,2006-12-08,1128
635,2006-12-11,1527
636,2006-12-12,2276
637,2006-12-13,943
638,2006-12-14,730
639,2006-12-15,577
640,2006-12-18,1019
641,2006-12-19,1270
642,2006-12-20,1240
643,2006-12-21,15739
644,2006-12-22,966
645,2006-12-27,480
646,2006-12-28,665
647,2006-12-29,1052
648,2007-01-02,1123
649,2007-01-03,2303
650,2007-01-04,1684
651,2007-01-05,1430
652,2007-01-08,1973
653,2007-01-09,2974
654,2007-01-10,4029
655,2007-01-11,2192
656,2007-01-12,1949
657,2007-01-15,657
658,2007-01-16,2172
659,2007-01-17,1466
660,2007-01-18,5031
661,2007-01-19,1091
662,2007-01-22,1159
663,2007-01-23,1543
664,2007-01-24,1675
665,2007-01-25,724
666,2007-01-26,1066
667,2007-01-29,1556
668,2007-01-30,2110
669,2007-01-31,2426
670,2007-02-01,1277
671,2007-02-02,2475
672,2007-02-05,1087
673,2007-02-06,1391
674,2007-02-07,1834
675,2007-02-08,2509
676,2007-02-09,1150
677,2007-02-12,819
678,2007-02-13,1114
679,2007-02-14,1683
680,2007-02-15,1024
681,2007-02-16,10023
682,2007-02-19,489
683,2007-02-20,1184
684,2007-02-21,1543
685,2007-02-22,1388
686,2007-02-23,1216
687,2007-02-26,1050
688,2007-02-27,1263
689,2007-02-28,1745
690,2007-03-01,1029
691,2007-03-02,1715
692,2007-03-05,1258
693,2007-03-06,1426
694,2007-03-07,1247
695,2007-03-08,819
696,2007-03-09,989
697,2007-03-12,886
698,2007-03-13,1184
699,2007-03-14,673
700,2007-03-15,1120
701,2007-03-16,1431
702,2007-03-19,923
703,2007-03-20,6563
704,2007-03-21,1241
705,2007-03-22,1552
706,2007-03-23,1688
707,2007-03-26,657
708,2007-03-27,771
709,2007-03-28,662
710,2007-03-29,1534
711,2007-03-30,1758
712,2007-04-02,2359
713,2007-04-03,1643
714,2007-04-04,1849
715,2007-04-10,1405
716,2007-04-11,1025
717,2007-04-12,1100
718,2007-04-13,688
719,2007-04-16,1437
720,2007-04-17,1831
721,2007-04-18,11638
722,2007-04-19,953
723,2007-04-20,1135
724,2007-04-23,891
725,2007-04-24,1280
726,2007-04-25,1121
727,2007-04-26,1103
728,2007-04-27,1383
729,2007-04-30,1113
730,2007-05-01,1693
731,2007-05-02,1224
732,2007-05-03,1947
733,2007-05-04,2846
734,2007-05-08,766
735,2007-05-09,805
736,2007-05-10,1356
737,2007-05-11,2064
738,2007-05-14,1211
739,2007-05-15,9232
740,2007-05-16,1105
741,2007-05-17,1564
742,2007-05-18,2340
743,2007-05-21,597
744,2007-05-22,694
745,2007-05-23,924
746,2007-05-24,1203
747,2007-05-25,1448
748,2007-05-29,1326
749,2007-05-30,890
750,2007-05-31,1521
751,2007-06-01,1502
752,2007-06-04,1138
753,2007-06-05,792
754,2007-06-06,887
755,2007-06-07,1283
756,2007-06-08,1376
757,2007-06-11,918
758,2007-06-12,1294
759,2007-06-13,1207
760,2007-06-14,1061
761,2007-06-15,1376
762,2007-06-18,640
763,2007-06-19,11793
764,2007-06-20,1200
765,2007-06-21,1892
766,2007-06-22,2108
767,2007-06-25,1144
768,2007-06-26,1965
769,2007-06-27,2042
770,2007-06-28,1204
771,2007-06-29,2095
772,2007-07-02,1137
773,2007-07-03,849
774,2007-07-04,1154
775,2007-07-05,1361
776,2007-07-06,1507
777,2007-07-09,968
778,2007-07-10,1019
779,2007-07-11,1540
780,2007-07-12,2457
781,2007-07-13,2775
782,2007-07-16,889
783,2007-07-17,6064
784,2007-07-18,1177
785,2007-07-19,1053
786,2007-07-20,1757
787,2007-07-23,1063
788,2007-07-24,1414
789,2007-07-25,957
790,2007-07-26,1194
791,2007-07-27,1898
792,2007-07-30,746
793,2007-07-31,1230
794,2007-08-01,878
795,2007-08-02,888
796,2007-08-03,2731
797,2007-08-06,1726
798,2007-08-07,1698
799,2007-08-08,1485
800,2007-08-09,1282
801,2007-08-10,2769
802,2007-08-13,962
803,2007-08-14,967
804,2007-08-15,1678
805,2007-08-16,2406
806,2007-08-17,3525
807,2007-08-20,673
808,2007-08-21,11264
809,2007-08-22,806
810,2007-08-23,1216
811,2007-08-24,1694
812,2007-08-28,772
813,2007-08-29,1278
814,2007-08-30,1393
815,2007-08-31,1876
816,2007-09-03,813
817,2007-09-04,1803
818,2007-09-05,1682
819,2007-09-06,1845
820,2007-09-07,1384
821,2007-09-10,1282
822,2007-09-11,1580
823,2007-09-12,1386
824,2007-09-13,1304
825,2007-09-14,1710
826,2007-09-17,681
827,2007-09-18,846
828,2007-09-19,13910
829,2007-09-20,1732
830,2007-09-21,1419
831,2007-09-24,1185
832,2007-09-25,1689
833,2007-09-26,2660
834,2007-09-27,3020
835,2007-09-28,1558
836,2007-10-01,1851
837,2007-10-02,2017
838,2007-10-03,1642
839,2007-10-04,914
840,2007-10-05,1158
841,2007-10-08,1162
842,2007-10-09,1087
843,2007-10-10,1186
844,2007-10-12,2217
845,2007-10-15,963
846,2007-10-16,11017
847,2007-10-17,1329
848,2007-10-18,1563
849,2007-10-19,1965
850,2007-10-22,1205
851,2007-10-23,1177
852,2007-10-24,1404
853,2007-10-25,1336
854,2007-10-29,691
855,2007-10-30,1110
856,2007-10-31,1501
857,2007-11-01,2191
858,2007-11-02,3013
859,2007-11-05,1259
860,2007-11-06,1294
861,2007-11-07,1571
862,2007-11-08,713
863,2007-11-09,1442
864,2007-11-12,1576
865,2007-11-13,1412
866,2007-11-14,1074
867,2007-11-15,1399
868,2007-11-16,2263
869,2007-11-19,2621
870,2007-11-20,8916
871,2007-11-21,2163
872,2007-11-22,1711
873,2007-11-23,2289
874,2007-11-26,3000
875,2007-11-27,1532
876,2007-11-28,2093
877,2007-11-29,1823
878,2007-11-30,2983
879,2007-12-03,1596
880,2007-12-04,2621
881,2007-12-05,1536
882,2007-12-06,1121
883,2007-12-07,1117
884,2007-12-10,601
885,2007-12-11,1176
886,2007-12-12,867
887,2007-12-13,1417
888,2007-12-14,1311
889,2007-12-17,1068
890,2007-12-18,1934
891,2007-12-19,15653
892,2007-12-20,990
893,2007-12-27,1921
894,2007-12-28,759
895,2007-12-31,1174
896,2008-01-02,1873
897,2008-01-03,2025
898,2008-01-04,1561
899,2008-01-07,2404
900,2008-01-08,2309
901,2008-01-09,2595
902,2008-01-10,1800
903,2008-01-11,1985
904,2008-01-14,2853
905,2008-01-15,2007
906,2008-01-16,8528
907,2008-01-17,995
908,2008-01-18,1484
909,2008-01-21,2063
910,2008-01-22,1700
911,2008-01-23,1421
912,2008-01-24,1415
913,2008-01-25,1144
914,2008-01-28,697
915,2008-01-29,2093
916,2008-01-30,1392
917,2008-01-31,3691
918,2008-02-01,3334
919,2008-02-04,1097
920,2008-02-05,2035
921,2008-02-06,2381
922,2008-02-07,1282
923,2008-02-08,2396
924,2008-02-11,1280
925,2008-02-12,1398
926,2008-02-13,1059
927,2008-02-14,1310
928,2008-02-15,944
929,2008-02-18,1087
930,2008-02-19,1694
931,2008-02-20,1117
932,2008-02-21,16511
933,2008-02-22,944
934,2008-02-25,1567
935,2008-02-26,2387
936,2008-02-27,3997
937,2008-02-28,4966
938,2008-02-29,2011
939,2008-03-03,1564
940,2008-03-04,2139
941,2008-03-05,1496
942,2008-03-06,2703
943,2008-03-07,3779
944,2008-03-10,1615
945,2008-03-11,1156
946,2008-03-12,1310
947,2008-03-13,1379
948,2008-03-14,2656
949,2008-03-17,1526
950,2008-03-18,12783
951,2008-03-19,1910
952,2008-03-25,1627
953,2008-03-26,1811
954,2008-03-27,1848
955,2008-03-28,2847
956,2008-03-31,1594
957,2008-04-01,1827
958,2008-04-02,1626
959,2008-04-03,959
960,2008-04-04,1653
961,2008-04-07,2292
962,2008-04-08,1271
963,2008-04-09,1654
964,2008-04-10,1853
965,2008-04-11,1384
966,2008-04-14,1831
967,2008-04-15,1514
968,2008-04-16,20392
969,2008-04-17,1021
970,2008-04-18,1575
971,2008-04-21,960
972,2008-04-22,1603
973,2008-04-23,1221
974,2008-04-24,1429
975,2008-04-25,1732
976,2008-04-28,722
977,2008-04-29,1227
978,2008-04-30,852
979,2008-05-01,1876
980,2008-05-02,2152
981,2008-05-06,1017
982,2008-05-07,869
983,2008-05-08,967
984,2008-05-09,1775
985,2008-05-12,1568
986,2008-05-13,2777
987,2008-05-14,1380
988,2008-05-15,1166
989,2008-05-16,1933
990,2008-05-19,1065
991,2008-05-20,10532
992,2008-05-21,1171
993,2008-05-22,1987
994,2008-05-23,2799
995,2008-05-27,981
996,2008-05-28,1545
997,2008-05-29,2231
998,2008-05-30,3308
999,2008-06-02,1425
1000,2008-06-03,2386
1001,2008-06-04,2738
1002,2008-06-05,1544
1003,2008-06-06,2406
1004,2008-06-09,752
1005,2008-06-10,1079
1006,2008-06-11,1764
1007,2008-06-12,1710
1008,2008-06-13,2539
1009,2008-06-16,3517
1010,2008-06-17,15622
1011,2008-06-18,2054
1012,2008-06-19,1743
1013,2008-06-20,1845
1014,2008-06-23,1107
1015,2008-06-24,805
1016,2008-06-25,1153
1017,2008-06-26,1940
1018,2008-06-27,2211
1019,2008-06-30,1250
1020,2008-07-01,1800
1021,2008-07-02,1677
1022,2008-07-03,2354
1023,2008-07-04,3327
1024,2008-07-07,1564
1025,2008-07-08,2367
1026,2008-07-09,2109
1027,2008-07-10,2437
1028,2008-07-11,4244
1029,2008-07-14,1915
1030,2008-07-15,10483
1031,2008-07-16,2443
1032,2008-07-17,2172
1033,2008-07-18,2365
1034,2008-07-21,1284
1035,2008-07-22,1337
1036,2008-07-23,1754
1037,2008-07-24,1975
1038,2008-07-25,2581
1039,2008-07-28,1397
1040,2008-07-29,1543
1041,2008-07-30,1299
1042,2008-07-31,1390
1043,2008-08-01,1936
1044,2008-08-04,2325
1045,2008-08-05,1506
1046,2008-08-06,1051
1047,2008-08-07,928
1048,2008-08-08,1874
1049,2008-08-11,2161
1050,2008-08-12,2886
1051,2008-08-13,2085
1052,2008-08-14,1405
1053,2008-08-15,3689
1054,2008-08-18,1372
1055,2008-08-19,18741
1056,2008-08-20,2234
1057,2008-08-21,4206
1058,2008-08-22,4703
1059,2008-08-26,1892
1060,2008-08-27,1440
1061,2008-08-28,2549
1062,2008-08-29,3844
1063,2008-09-01,881
1064,2008-09-02,1537
1065,2008-09-03,1950
1066,2008-09-04,2533
1067,2008-09-05,1486
1068,2008-09-08,1177
1069,2008-09-09,2023
1070,2008-09-10,1764
1071,2008-09-11,1555
1072,2008-09-12,3525
1073,2008-09-15,3025
1074,2008-09-16,3637
1075,2008-09-17,19859
1076,2008-09-18,2000
1077,2008-09-19,1313
1078,2008-09-22,2253
1079,2008-09-23,2185
1080,2008-09-24,1360
1081,2008-09-25,2621
1082,2008-09-26,1022
1083,2008-09-29,2138
1084,2008-09-30,2726
1085,2008-10-01,3013
1086,2008-10-02,2945
1087,2008-10-03,3022
1088,2008-10-06,1195
1089,2008-10-07,1546
1090,2008-10-08,3330
1091,2008-10-09,1920
1092,2008-10-10,4474
1093,2008-10-13,1298
1094,2008-10-14,1797
1095,2008-10-15,2009
1096,2008-10-16,2194
1097,2008-10-17,3279
1098,2008-10-20,1515
1099,2008-10-21,19574
1100,2008-10-22,2258
1101,2008-10-23,3025
1102,2008-10-24,3666
1103,2008-10-27,1793
1104,2008-10-28,1943
1105,2008-10-29,3932
1106,2008-10-30,1782
1107,2008-10-31,2842
1108,2008-11-03,1636
1109,2008-11-04,1741
1110,2008-11-05,1353
1111,2008-11-06,1968
1112,2008-11-07,2248
1113,2008-11-10,1473
1114,2008-11-11,2223
1115,2008-11-12,2375
1116,2008-11-13,1887
1117,2008-11-14,2493
1118,2008-11-17,1325
1119,2008-11-18,9041
1120,2008-11-19,1748
1121,2008-11-20,1926
1122,2008-11-21,2480
1123,2008-11-24,1634
1124,2008-11-25,1681
1125,2008-11-26,1449
1126,2008-11-27,1182
1127,2008-11-28,2055
1128,2008-12-01,1384
1129,2008-12-02,2075
1130,2008-12-03,1256
1131,2008-12-04,1593
1132,2008-12-05,2550
1133,2008-12-08,3385
1134,2008-12-09,4317
1135,2008-12-10,1747
1136,2008-12-11,1699
1137,2008-12-12,1685
1138,2008-12-15,1129
1139,2008-12-16,1942
1140,2008-12-17,1414
1141,2008-12-18,17951
1142,2008-12-19,2338
1143,2008-12-22,1524
1144,2008-12-23,2150
1145,2008-12-24,880
1146,2008-12-29,971
1147,2008-12-30,1726
1148,2008-12-31,2032
1149,2009-01-02,2537
1150,2009-01-05,2978
1151,2009-01-06,4176
1152,2009-01-07,2350
1153,2009-01-08,2125
1154,2009-01-09,2747
1155,2009-01-12,2213
1156,2009-01-13,2551
1157,2009-01-14,3644
1158,2009-01-15,12212
1159,2009-01-16,1092
1160,2009-01-19,953
1161,2009-01-20,2150
1162,2009-01-21,3209
1163,2009-01-22,2925
1164,2009-01-23,1875
1165,2009-01-26,1504
1166,2009-01-27,1626
1167,2009-01-28,1210
1168,2009-01-29,1595
1169,2009-01-30,1747
1170,2009-02-02,1188
1171,2009-02-03,2049
1172,2009-02-04,3266
1173,2009-02-05,3868
1174,2009-02-06,1632
1175,2009-02-09,1603
1176,2009-02-10,1577
1177,2009-02-11,2118
1178,2009-02-13,681
1179,2009-02-16,896
1180,2009-02-17,2161
1181,2009-02-18,2807
1182,2009-02-19,1214
1183,2009-02-20,30415
1184,2009-02-23,1091
1185,2009-02-24,1756
1186,2009-02-25,2923
1187,2009-02-26,3115
1188,2009-02-27,1931
1189,2009-03-02,1057
1190,2009-03-03,1252
1191,2009-03-04,2876
1192,2009-03-05,2629
1193,2009-03-06,2669
1194,2009-03-09,1604
1195,2009-03-10,1368
1196,2009-03-11,1941
1197,2009-03-12,1625
1198,2009-03-13,1916
1199,2009-03-16,882
1200,2009-03-17,15465
1201,2009-03-18,1261
1202,2009-03-19,2163
1203,2009-03-20,2952
1204,2009-03-23,2056
1205,2009-03-24,1879
1206,2009-03-25,1220
1207,2009-03-26,1608
1208,2009-03-27,2314
1209,2009-03-30,1251
1210,2009-03-31,2776
1211,2009-04-01,1394
1212,2009-04-02,1985
1213,2009-04-03,1475
1214,2009-04-06,2885
1215,2009-04-07,1024
1216,2009-04-08,1905
1217,2009-04-09,1628
1218,2009-04-14,1820
1219,2009-04-15,19858
1220,2009-04-16,2222
1221,2009-04-17,2986
1222,2009-04-20,1953
1223,2009-04-21,1497
1224,2009-04-22,1756
1225,2009-04-23,1370
1226,2009-04-24,1569
1227,2009-04-27,1574
1228,2009-04-28,1960
1229,2009-04-29,2643
1230,2009-04-30,2735
1231,2009-05-01,2581
1232,2009-05-05,2451
1233,2009-05-06,2281
1234,2009-05-07,1960
1235,2009-05-08,2944
1236,2009-05-11,1537
1237,2009-05-12,1902
1238,2009-05-13,1615
1239,2009-05-14,1880
1240,2009-05-15,2451
1241,2009-05-18,878
1242,2009-05-19,11664
1243,2009-05-20,1788
1244,2009-05-21,999
1245,2009-05-22,1823
1246,2009-05-26,1273
1247,2009-05-27,1797
1248,2009-05-28,1579
1249,2009-05-29,3290
1250,2009-06-01,2303
1251,2009-06-02,1945
1252,2009-06-03,2155
1253,2009-06-04,1456
1254,2009-06-05,2200
1255,2009-06-08,1464
1256,2009-06-09,2100
1257,2009-06-10,1733
1258,2009-06-11,2070
1259,2009-06-12,2746
1260,2009-06-15,1555
1261,2009-06-16,26707
1262,2009-06-17,1617
1263,2009-06-18,913
1264,2009-06-19,1772
1265,2009-06-22,1821
1266,2009-06-23,1890
1267,2009-06-24,1633
1268,2009-06-25,1121
1269,2009-06-26,1701
1270,2009-06-29,1037
1271,2009-06-30,1568
1272,2009-07-01,1689
1273,2009-07-02,1142
1274,2009-07-03,1167
1275,2009-07-06,1198
1276,2009-07-07,974
1277,2009-07-08,1490
1278,2009-07-09,1537
1279,2009-07-10,2336
1280,2009-07-13,2529
1281,2009-07-14,1554
1282,2009-07-15,1191
1283,2009-07-16,2012
1284,2009-07-17,3659
1285,2009-07-20,1868
1286,2009-07-21,11968
1287,2009-07-22,2234
1288,2009-07-23,2415
1289,2009-07-24,2622
1290,2009-07-27,1917
1291,2009-07-28,1490
1292,2009-07-29,2266
1293,2009-07-30,1983
1294,2009-07-31,3814
1295,2009-08-03,2841
1296,2009-08-04,1893
1297,2009-08-05,2323
1298,2009-08-06,2185
1299,2009-08-07,2660
1300,2009-08-10,1139
1301,2009-08-11,1785
1302,2009-08-12,2410
1303,2009-08-13,1786
1304,2009-08-14,2548
1305,2009-08-17,2040
1306,2009-08-18,22897
1307,2009-08-19,1805
1308,2009-08-20,1207
1309,2009-08-21,1791
1310,2009-08-24,1499
1311,2009-08-25,1449
1312,2009-08-26,1434
1313,2009-08-27,1846
1314,2009-08-28,3005
1315,2009-09-01,2252
1316,2009-09-02,1642
1317,2009-09-03,1519
1318,2009-09-04,1782
1319,2009-09-07,821
1320,2009-09-08,1637
1321,2009-09-09,1956
1322,2009-09-10,1562
1323,2009-09-11,1579
1324,2009-09-14,1688
1325,2009-09-15,1121
1326,2009-09-16,17623
1327,2009-09-17,1631
1328,2009-09-18,953
1329,2009-09-21,1220
1330,2009-09-22,1934
1331,2009-09-23,1452
1332,2009-09-24,1635
1333,2009-09-25,2400
1334,2009-09-28,938
1335,2009-09-29,1710
1336,2009-09-30,1812
1337,2009-10-01,1415
1338,2009-10-02,1956
1339,2009-10-05,1142
1340,2009-10-06,1606
1341,2009-10-07,2538
1342,2009-10-08,3564
1343,2009-10-09,4088
1344,2009-10-12,1406
1345,2009-10-13,1657
1346,2009-10-14,1162
1347,2009-10-15,1573
1348,2009-10-16,2611
1349,2009-10-19,1983
1350,2009-10-20,29565
1351,2009-10-21,2557
1352,2009-10-22,1837
1353,2009-10-23,2921
1354,2009-10-26,2050
1355,2009-10-27,1690
1356,2009-10-28,2817
1357,2009-10-29,1857
1358,2009-10-30,3242
1359,2009-11-02,1190
1360,2009-11-03,1387
1361,2009-11-04,1690
1362,2009-11-05,1064
1363,2009-11-06,1529
1364,2009-11-09,1743
1365,2009-11-10,1586
1366,2009-11-11,1472
1367,2009-11-12,1021
1368,2009-11-13,1626
1369,2009-11-16,1665
1370,2009-11-17,10271
1371,2009-11-18,1459
1372,2009-11-19,1477
1373,2009-11-20,2233
1374,2009-11-23,1090
1375,2009-11-24,1539
1376,2009-11-25,882
1377,2009-11-26,880
1378,2009-11-27,1774
1379,2009-11-30,2118
1380,2009-12-01,2312
1381,2009-12-02,1971
1382,2009-12-03,2266
1383,2009-12-04,1601
1384,2009-12-07,1383
1385,2009-12-08,1743
1386,2009-12-09,1504
1387,2009-12-10,1813
1388,2009-12-11,1162
1389,2009-12-14,781
1390,2009-12-15,1958
1391,2009-12-16,1957
1392,2009-12-17,32723
1393,2009-12-18,1359
1394,2009-12-21,997
1395,2009-12-22,2140
1396,2009-12-23,2043
1397,2009-12-24,939
1398,2009-12-29,1170
1399,2009-12-30,1057
1400,2009-12-31,1163
1401,2010-01-04,2930
1402,2010-01-05,4793
1403,2010-01-06,5307
1404,2010-01-07,2326
1405,2010-01-08,2827
1406,2010-01-11,1972
1407,2010-01-12,4162
1408,2010-01-13,2618
1409,2010-01-14,1803
1410,2010-01-15,1419
1411,2010-01-18,995
1412,2010-01-19,2024
1413,2010-01-20,1789
1414,2010-01-21,13690
1415,2010-01-22,2941
1416,2010-01-25,1731
1417,2010-01-26,2822
1418,2010-01-27,1773
1419,2010-01-28,1800
1420,2010-01-29,1775
1421,2010-02-01,1850
1422,2010-02-02,2335
1423,2010-02-03,3549
1424,2010-02-04,4161
1425,2010-02-05,2394
1426,2010-02-08,1845
1427,2010-02-09,2374
1428,2010-02-10,2504
1429,2010-02-11,1882
1430,2010-02-12,1760
1431,2010-02-15,1057
1432,2010-02-16,1932
1433,2010-02-17,3218
1434,2010-02-18,1322
1435,2010-02-19,30559
1436,2010-02-22,1700
1437,2010-02-23,2028
1438,2010-02-24,2791
1439,2010-02-25,1628
1440,2010-02-26,1873
1441,2010-03-01,1673
1442,2010-03-02,2062
1443,2010-03-03,3157
1444,2010-03-04,1972
1445,2010-03-05,3864
1446,2010-03-08,1903
1447,2010-03-09,1811
1448,2010-03-10,1511
1449,2010-03-11,1261
1450,2010-03-12,1307
1451,2010-03-15,2386
1452,2010-03-16,19189
1453,2010-03-17,2179
1454,2010-03-18,1239
1455,2010-03-19,2174
1456,2010-03-22,1390
1457,2010-03-23,1879
1458,2010-03-24,1815
1459,2010-03-25,1774
1460,2010-03-26,1998
1461,2010-03-29,1184
1462,2010-03-30,2560
1463,2010-03-31,3052
1464,2010-04-01,1558
1465,2010-04-06,3941
1466,2010-04-07,2290
1467,2010-04-08,1633
1468,2010-04-09,2256
1469,2010-04-12,806
1470,2010-04-13,1162
1471,2010-04-14,1355
1472,2010-04-15,3212
1473,2010-04-16,1880
1474,2010-04-19,1718
1475,2010-04-20,1767
1476,2010-04-21,22423
1477,2010-04-22,2450
1478,2010-04-23,1816
1479,2010-04-26,1456
1480,2010-04-27,2143
1481,2010-04-28,2192
1482,2010-04-29,4100
1483,2010-04-30,1974
1484,2010-05-04,2689
1485,2010-05-05,4061
1486,2010-05-06,2388
1487,2010-05-07,2888
1488,2010-05-10,1755
1489,2010-05-11,2385
1490,2010-05-12,2488
1491,2010-05-13,1749
1492,2010-05-14,2117
1493,2010-05-17,4379
1494,2010-05-18,11614
1495,2010-05-19,3904
1496,2010-05-20,2145
1497,2010-05-21,2917
1498,2010-05-24,2490
1499,2010-05-25,2897
1500,2010-05-26,2194
1501,2010-05-27,1866
1502,2010-05-28,2653
1503,2010-06-01,2663
1504,2010-06-02,2443
1505,2010-06-03,2132
1506,2010-06-04,3534
1507,2010-06-07,2213
1508,2010-06-08,2769
1509,2010-06-09,1595
1510,2010-06-10,1329
1511,2010-06-11,2346
1512,2010-06-14,1022
1513,2010-06-15,22851
1514,2010-06-16,1529
1515,2010-06-17,1782
1516,2010-06-18,2898
1517,2010-06-21,1857
1518,2010-06-22,1735
1519,2010-06-23,1664
1520,2010-06-24,2052
1521,2010-06-25,3288
1522,2010-06-28,1321
1523,2010-06-29,2314
1524,2010-06-30,2208
1525,2010-07-01,1067
1526,2010-07-02,1461
1527,2010-07-05,1105
1528,2010-07-06,1089
1529,2010-07-07,1316
1530,2010-07-08,1544
1531,2010-07-09,2767
1532,2010-07-12,1216
1533,2010-07-13,1672
1534,2010-07-14,1538
1535,2010-07-15,1858
1536,2010-07-16,3002
1537,2010-07-19,2069
1538,2010-07-20,11851
1539,2010-07-21,2022
1540,2010-07-22,2224
1541,2010-07-23,3334
1542,2010-07-26,1497
1543,2010-07-27,1694
1544,2010-07-28,2621
1545,2010-07-29,1425
1546,2010-07-30,2832
1547,2010-08-02,3537
1548,2010-08-03,3174
1549,2010-08-04,2444
1550,2010-08-05,2208
1551,2010-08-06,4238
1552,2010-08-09,2488
1553,2010-08-10,2533
1554,2010-08-11,2310
1555,2010-08-12,2871
1556,2010-08-13,3897
1557,2010-08-16,1453
1558,2010-08-17,26782
1559,2010-08-18,1542
1560,2010-08-19,1769
1561,2010-08-20,2900
1562,2010-08-23,1165
1563,2010-08-24,1278
1564,2010-08-25,3187
1565,2010-08-26,5027
1566,2010-08-27,5822
1567,2010-08-31,1741
1568,2010-09-01,1557
1569,2010-09-02,1653
1570,2010-09-03,1403
1571,2010-09-06,1065
1572,2010-09-07,937
1573,2010-09-08,1622
1574,2010-09-09,2408
1575,2010-09-10,1066
1576,2010-09-13,1448
1577,2010-09-14,1231
1578,2010-09-15,20754
1579,2010-09-16,1030
1580,2010-09-17,1052
1581,2010-09-20,1325
1582,2010-09-21,1522
1583,2010-09-22,1544
1584,2010-09-23,2025
1585,2010-09-24,1979
1586,2010-09-27,1470
1587,2010-09-28,1936
1588,2010-09-29,2448
1589,2010-09-30,2181
1590,2010-10-01,1283
1591,2010-10-04,1432
1592,2010-10-05,2641
1593,2010-10-06,1234
1594,2010-10-07,1780
1595,2010-10-08,2032
1596,2010-10-11,1466
1597,2010-10-12,2044
1598,2010-10-13,1355
1599,2010-10-14,1458
1600,2010-10-15,2308
1601,2010-10-18,1046
1602,2010-10-19,26837
1603,2010-10-20,1396
1604,2010-10-21,2048
1605,2010-10-22,3882
1606,2010-10-25,2561
1607,2010-10-26,2026
1608,2010-10-27,2329
1609,2010-10-28,1807
1610,2010-10-29,2752
1611,2010-11-01,2138
1612,2010-11-02,1815
1613,2010-11-03,1427
1614,2010-11-04,2100
1615,2010-11-05,2918
1616,2010-11-08,1464
1617,2010-11-09,3444
1618,2010-11-10,1992
1619,2010-11-11,1649
1620,2010-11-12,3340
1621,2010-11-15,2411
1622,2010-11-16,9531
1623,2010-11-17,4053
1624,2010-11-18,2218
1625,2010-11-19,4225
1626,2010-11-22,2006
1627,2010-11-23,2401
1628,2010-11-24,2077
1629,2010-11-25,2484
1630,2010-11-26,3657
1631,2010-11-29,2557
1632,2010-11-30,3197
1633,2010-12-01,1904
1634,2010-12-02,1252
1635,2010-12-03,1324
1636,2010-12-06,857
1637,2010-12-07,2427
1638,2010-12-08,2699
1639,2010-12-09,3375
1640,2010-12-10,1228
1641,2010-12-13,2457
1642,2010-12-14,4390
1643,2010-12-15,1694
1644,2010-12-16,22322
1645,2010-12-17,1936
1646,2010-12-20,1332
1647,2010-12-21,1887
1648,2010-12-22,1303
1649,2010-12-23,1101
1650,2010-12-24,721
1651,2010-12-29,2120
1652,2010-12-30,3494
1653,2010-12-31,1346
1654,2011-01-04,1785
1655,2011-01-05,2535
1656,2011-01-06,2013
1657,2011-01-07,1745
1658,2011-01-10,1954
1659,2011-01-11,3091
1660,2011-01-12,2817
1661,2011-01-13,1482
1662,2011-01-14,1163
1663,2011-01-17,1214
1664,2011-01-18,2283
1665,2011-01-19,2823
1666,2011-01-20,10026
1667,2011-01-21,2181
1668,2011-01-24,2432
1669,2011-01-25,3595
1670,2011-01-26,5061
1671,2011-01-27,3851
1672,2011-01-28,3141
1673,2011-01-31,5102
1674,2011-02-01,2181
1675,2011-02-02,3665
1676,2011-02-03,4071
1677,2011-02-04,1597
1678,2011-02-07,1710
1679,2011-02-08,1793
1680,2011-02-09,2105
1681,2011-02-10,1372
1682,2011-02-11,1570
1683,2011-02-14,4199
1684,2011-02-15,2496
1685,2011-02-16,4097
1686,2011-02-17,1361
1687,2011-02-18,31115
1688,2011-02-21,1680
1689,2011-02-22,2454
1690,2011-02-23,2720
1691,2011-02-24,1535
1692,2011-02-25,1668
1693,2011-02-28,1345
1694,2011-03-01,1674
1695,2011-03-02,1693
1696,2011-03-03,1645
1697,2011-03-04,3410
1698,2011-03-07,3738
1699,2011-03-08,3153
1700,2011-03-09,3994
1701,2011-03-10,4228
1702,2011-03-11,4877
1703,2011-03-14,2172
1704,2011-03-15,17850
1705,2011-03-16,1963
1706,2011-03-17,1913
1707,2011-03-18,2474
1708,2011-03-21,1438
1709,2011-03-22,1680
1710,2011-03-23,2377
1711,2011-03-24,1946
1712,2011-03-25,2804
1713,2011-03-28,1538
1714,2011-03-29,1516
1715,2011-03-30,1583
1716,2011-03-31,2518
1717,2011-04-01,1972
1718,2011-04-04,2716
1719,2011-04-05,4037
1720,2011-04-06,2021
1721,2011-04-07,2507
1722,2011-04-08,2028
1723,2011-04-11,2413
1724,2011-04-12,2648
1725,2011-04-13,1695
1726,2011-04-14,1763
1727,2011-04-15,1434
1728,2011-04-18,1877
1729,2011-04-19,2455
1730,2011-04-20,20481
1731,2011-04-21,2334
1732,2011-04-26,4671
1733,2011-04-27,3155
1734,2011-04-28,2988
1735,2011-05-03,2156
1736,2011-05-04,2968
1737,2011-05-05,3939
1738,2011-05-06,4917
1739,2011-05-09,2346
1740,2011-05-10,1150
1741,2011-05-11,2160
1742,2011-05-12,2187
1743,2011-05-13,3585
1744,2011-05-16,3177
1745,2011-05-17,12673
1746,2011-05-18,2124
1747,2011-05-19,1816
1748,2011-05-20,2442
1749,2011-05-23,1275
1750,2011-05-24,1884
1751,2011-05-25,2522
1752,2011-05-26,1418
1753,2011-05-27,2351
1754,2011-05-31,1259
1755,2011-06-01,1232
1756,2011-06-02,1788
1757,2011-06-03,4040
1758,2011-06-06,1570
1759,2011-06-07,2024
1760,2011-06-08,2346
1761,2011-06-09,1394
1762,2011-06-10,2495
1763,2011-06-13,1243
1764,2011-06-14,1432
1765,2011-06-15,1309
1766,2011-06-16,1784
1767,2011-06-17,3350
1768,2011-06-20,1522
1769,2011-06-21,37259
1770,2011-06-22,2064
1771,2011-06-23,1749
1772,2011-06-24,2432
1773,2011-06-27,1518
1774,2011-06-28,1231
1775,2011-06-29,2264
1776,2011-06-30,2931
1777,2011-07-01,3996
1778,2011-07-04,1593
1779,2011-07-05,3078
1780,2011-07-06,2198
1781,2011-07-07,1400
1782,2011-07-08,2687
1783,2011-07-11,2165
1784,2011-07-12,2132
1785,2011-07-13,2590
1786,2011-07-14,2533
1787,2011-07-15,3299
1788,2011-07-18,2884
1789,2011-07-19,13547
1790,2011-07-20,1907
1791,2011-07-21,1685
1792,2011-07-22,2348
1793,2011-07-25,1396
1794,2011-07-26,2587
1795,2011-07-27,1319
1796,2011-07-28,1663
1797,2011-07-29,2196
1798,2011-08-01,1841
1799,2011-08-02,1872
1800,2011-08-03,2458
1801,2011-08-04,3850
1802,2011-08-05,5999
1803,2011-08-08,6897
1804,2011-08-09,4190
1805,2011-08-10,3670
1806,2011-08-11,2847
1807,2011-08-12,4007
1808,2011-08-15,1763
1809,2011-08-16,26925
1810,2011-08-17,1375
1811,2011-08-18,1653
1812,2011-08-19,1971
1813,2011-08-22,1161
1814,2011-08-23,1350
1815,2011-08-24,933
1816,2011-08-25,1645
1817,2011-08-26,2801
1818,2011-08-30,1702
1819,2011-08-31,2530
1820,2011-09-01,1877
1821,2011-09-02,2251
1822,2011-09-05,2678
1823,2011-09-06,2599
1824,2011-09-07,2119
1825,2011-09-08,1622
1826,2011-09-09,1307
1827,2011-09-12,1235
1828,2011-09-13,1298
1829,2011-09-14,1756
1830,2011-09-15,1750
1831,2011-09-16,1633
1832,2011-09-19,2570
1833,2011-09-20,2363
1834,2011-09-21,23050
1835,2011-09-22,4789
1836,2011-09-23,3828
1837,2011-09-26,2857
1838,2011-09-27,3547
1839,2011-09-28,3839
1840,2011-09-29,2039
1841,2011-09-30,2989
1842,2011-10-03,2506
1843,2011-10-04,1958
1844,2011-10-05,2012
1845,2011-10-06,1551
1846,2011-10-07,4375
1847,2011-10-10,2050
1848,2011-10-11,1883
1849,2011-10-12,2249
1850,2011-10-13,1629
1851,2011-10-14,4484
1852,2011-10-17,3037
1853,2011-10-18,29089
1854,2011-10-19,1677
1855,2011-10-20,4006
1856,2011-10-21,5132
1857,2011-10-24,3466
1858,2011-10-25,3173
1859,2011-10-26,2083
1860,2011-10-27,2298
1861,2011-10-28,2898
1862,2011-10-31,2176
1863,2011-11-01,2096
1864,2011-11-02,2111
1865,2011-11-03,1407
1866,2011-11-04,2037
1867,2011-11-07,1258
1868,2011-11-08,2588
1869,2011-11-09,2708
1870,2011-11-10,2321
1871,2011-11-11,2876
1872,2011-11-14,1619
1873,2011-11-15,10427
1874,2011-11-16,1359
1875,2011-11-17,1806
1876,2011-11-18,3206
1877,2011-11-21,1858
1878,2011-11-22,2017
1879,2011-11-23,3756
1880,2011-11-24,1516
1881,2011-11-25,2210
1882,2011-11-28,1604
1883,2011-11-29,1731
1884,2011-11-30,5985
1885,2011-12-01,2127
1886,2011-12-02,1692
1887,2011-12-05,2170
1888,2011-12-06,1482
1889,2011-12-07,1959
1890,2011-12-08,1665
1891,2011-12-09,2448
1892,2011-12-12,2554
1893,2011-12-13,2291
1894,2011-12-14,3192
1895,2011-12-15,2084
1896,2011-12-16,2160
1897,2011-12-19,1773
1898,2011-12-20,2126
1899,2011-12-21,26871
1900,2011-12-22,2425
1901,2011-12-23,1950
1902,2011-12-28,3373
1903,2011-12-29,2695
1904,2011-12-30,3721
1905,2012-01-03,3159
1906,2012-01-04,2030
1907,2012-01-05,1917
1908,2012-01-06,3053
1909,2012-01-09,1710
1910,2012-01-10,4137
1911,2012-01-11,3083
1912,2012-01-12,4042
1913,2012-01-13,2483
1914,2012-01-16,1570
1915,2012-01-17,3872
1916,2012-01-18,12684
1917,2012-01-19,2519
1918,2012-01-20,2218
1919,2012-01-23,2090
1920,2012-01-24,3285
1921,2012-01-25,5003
1922,2012-01-26,4188
1923,2012-01-27,1932
1924,2012-01-30,3778
1925,2012-01-31,4826
1926,2012-02-01,4041
1927,2012-02-02,2407
1928,2012-02-03,2244
1929,2012-02-06,1734
1930,2012-02-07,2826
1931,2012-02-08,2949
1932,2012-02-09,1838
1933,2012-02-10,2120
1934,2012-02-13,1737
1935,2012-02-14,3755
1936,2012-02-15,3453
1937,2012-02-16,30645
1938,2012-02-17,3060
1939,2012-02-20,1990
1940,2012-02-21,3598
1941,2012-02-22,2543
1942,2012-02-23,2253
1943,2012-02-24,1966
1944,2012-02-27,1434
1945,2012-02-28,3226
1946,2012-02-29,4586
1947,2012-03-01,2939
1948,2012-03-02,4076
1949,2012-03-05,1520
1950,2012-03-06,4640
1951,2012-03-07,4651
1952,2012-03-08,2491
1953,2012-03-09,3171
1954,2012-03-12,1987
1955,2012-03-13,1870
1956,2012-03-14,3140
1957,2012-03-15,1811
1958,2012-03-16,3723
1959,2012-03-19,964
1960,2012-03-20,23235
1961,2012-03-21,3664
1962,2012-03-22,3033
1963,2012-03-23,6029
1964,2012-03-26,2059
1965,2012-03-27,1755
1966,2012-03-28,4328
1967,2012-03-29,2325
1968,2012-03-30,3960
1969,2012-04-02,3434
1970,2012-04-03,2439
1971,2012-04-04,1977
1972,2012-04-05,3041
1973,2012-04-10,2164
1974,2012-04-11,2289
1975,2012-04-12,2700
1976,2012-04-13,2399
1977,2012-04-16,1434
1978,2012-04-17,2066
1979,2012-04-18,37370
1980,2012-04-19,1883
1981,2012-04-20,1838
1982,2012-04-23,1711
1983,2012-04-24,2224
1984,2012-04-25,1918
1985,2012-04-26,2869
1986,2012-04-27,2414
1987,2012-04-30,2583
1988,2012-05-01,1481
1989,2012-05-02,2318
1990,2012-05-03,3790
1991,2012-05-04,4546
1992,2012-05-08,3728
1993,2012-05-09,4728
1994,2012-05-10,2942
1995,2012-05-11,2899
1996,2012-05-14,2100
1997,2012-05-15,12739
1998,2012-05-16,2378
1999,2012-05-17,3068
2000,2012-05-18,3946
2001,2012-05-21,2315
2002,2012-05-22,2812
2003,2012-05-23,2355
2004,2012-05-24,2037
2005,2012-05-25,3058
2006,2012-05-28,1011
2007,2012-05-29,2617
2008,2012-05-30,2281
2009,2012-05-31,2054
2010,2012-06-01,3384
2011,2012-06-06,3458
2012,2012-06-07,2210
2013,2012-06-08,2694
2014,2012-06-11,2611
2015,2012-06-12,1572
2016,2012-06-13,1481
2017,2012-06-14,1746
2018,2012-06-15,3168
2019,2012-06-18,2386
2020,2012-06-19,30718
2021,2012-06-20,2071
2022,2012-06-21,2611
2023,2012-06-22,5683
2024,2012-06-25,2135
2025,2012-06-26,1858
2026,2012-06-27,3481
2027,2012-06-28,2633
2028,2012-06-29,5710
2029,2012-07-02,3247
2030,2012-07-03,4512
2031,2012-07-04,1714
2032,2012-07-05,2492
2033,2012-07-06,4247
2034,2012-07-09,1026
2035,2012-07-10,2168
2036,2012-07-11,2077
2037,2012-07-12,1230
2038,2012-07-13,2162
2039,2012-07-16,1724
2040,2012-07-17,12344
2041,2012-07-18,2470
2042,2012-07-19,2834
2043,2012-07-20,4522
2044,2012-07-23,3146
2045,2012-07-24,2737
2046,2012-07-25,2011
2047,2012-07-26,1320
2048,2012-07-27,2186
2049,2012-07-30,1717
2050,2012-07-31,1952
2051,2012-08-01,1965
2052,2012-08-02,2116
2053,2012-08-03,2995
2054,2012-08-06,1049
2055,2012-08-07,1787
2056,2012-08-08,1612
2057,2012-08-09,1280
2058,2012-08-10,1734
2059,2012-08-13,2853
2060,2012-08-14,1723
2061,2012-08-15,2558
2062,2012-08-16,2728
2063,2012-08-17,4982
2064,2012-08-20,1682
2065,2012-08-21,32015
2066,2012-08-22,2770
2067,2012-08-23,4143
2068,2012-08-24,7836
2069,2012-08-28,2887
2070,2012-08-29,1969
2071,2012-08-30,2490
2072,2012-08-31,4669
2073,2012-09-03,2515
2074,2012-09-04,2550
2075,2012-09-05,2624
2076,2012-09-06,3253
2077,2012-09-07,5519
2078,2012-09-10,4490
2079,2012-09-11,2656
2080,2012-09-12,4710
2081,2012-09-13,3911
2082,2012-09-14,2989
2083,2012-09-17,3839
2084,2012-09-18,4275
2085,2012-09-19,38389
2086,2012-09-20,3021
2087,2012-09-21,1848
2088,2012-09-24,2168
2089,2012-09-25,2804
2090,2012-09-26,2232
2091,2012-09-27,2994
2092,2012-09-28,2881
2093,2012-10-01,3022
2094,2012-10-02,4038
2095,2012-10-03,2593
2096,2012-10-04,2020
2097,2012-10-05,3472
2098,2012-10-08,1898
2099,2012-10-09,2186
2100,2012-10-10,2773
2101,2012-10-11,3640
2102,2012-10-12,5752
2103,2012-10-15,3468
2104,2012-10-16,31233
2105,2012-10-17,2402
2106,2012-10-18,3077
2107,2012-10-19,5105
2108,2012-10-22,3550
2109,2012-10-23,3753
2110,2012-10-24,2691
2111,2012-10-25,3867
2112,2012-10-26,5990
2113,2012-10-29,2808
2114,2012-10-30,2352
2115,2012-10-31,3312
2116,2012-11-01,3558
2117,2012-11-02,5548
2118,2012-11-05,2029
2119,2012-11-06,2721
2120,2012-11-07,2671
2121,2012-11-08,4481
2122,2012-11-09,5200
2123,2012-11-12,1929
2124,2012-11-13,3047
2125,2012-11-14,2286
2126,2012-11-15,1145
2127,2012-11-16,2627
2128,2012-11-19,1994
2129,2012-11-20,14564
2130,2012-11-21,1600
2131,2012-11-22,1261
2132,2012-11-23,3233
2133,2012-11-26,2531
2134,2012-11-27,3385
2135,2012-11-28,2190
2136,2012-11-29,5146
2137,2012-11-30,6864
2138,2012-12-03,2729
2139,2012-12-04,4986
2140,2012-12-05,2533
2141,2012-12-06,2476
2142,2012-12-07,2276
2143,2012-12-10,2625
2144,2012-12-11,3862
2145,2012-12-12,1948
2146,2012-12-13,3047
2147,2012-12-14,2143
2148,2012-12-17,2127
2149,2012-12-18,3762
2150,2012-12-19,2354
2151,2012-12-20,53881
2152,2012-12-21,2358
2153,2012-12-24,1253
2154,2012-12-27,2390
2155,2012-12-28,2133
2156,2012-12-31,2663
2157,2013-01-02,2230
2158,2013-01-03,2784
2159,2013-01-04,3131
2160,2013-01-07,2509
2161,2013-01-08,3184
2162,2013-01-09,2225
2163,2013-01-10,2188
2164,2013-01-11,3330
2165,2013-01-14,3658
2166,2013-01-15,3637
2167,2013-01-16,1695
2168,2013-01-17,12642
2169,2013-01-18,2209
2170,2013-01-21,1014
2171,2013-01-22,1757
2172,2013-01-23,2097
2173,2013-01-24,2101
2174,2013-01-25,2577
2175,2013-01-28,1613
2176,2013-01-29,3261
2177,2013-01-30,3122
2178,2013-01-31,4732
2179,2013-02-01,2555
2180,2013-02-04,2574
2181,2013-02-05,2492
2182,2013-02-06,2953
2183,2013-02-07,4419
2184,2013-02-08,3658
2185,2013-02-11,2634
2186,2013-02-12,3319
2187,2013-02-13,4094
2188,2013-02-14,1836
2189,2013-02-15,30354
2190,2013-02-18,2416
2191,2013-02-19,2988
2192,2013-02-20,3989
2193,2013-02-21,2745
2194,2013-02-22,2844
2195,2013-02-25,2184
2196,2013-02-26,2800
2197,2013-02-27,3864
2198,2013-02-28,4994
2199,2013-03-01,3505
2200,2013-03-04,3396
2201,2013-03-05,2766
2202,2013-03-06,4039
2203,2013-03-07,3339
2204,2013-03-08,4288
2205,2013-03-11,2810
2206,2013-03-12,2862
2207,2013-03-13,2190
2208,2013-03-14,3341
2209,2013-03-15,5635
2210,2013-03-18,4252
2211,2013-03-19,22329
2212,2013-03-20,2479
2213,2013-03-21,1989
2214,2013-03-22,2499
2215,2013-03-25,2116
2216,2013-03-26,4475
2217,2013-03-27,3346
2218,2013-03-28,2035
2219,2013-04-02,4579
2220,2013-04-03,2601
2221,2013-04-04,2146
2222,2013-04-05,3143
2223,2013-04-08,1087
2224,2013-04-09,2253
2225,2013-04-10,2081
2226,2013-04-11,2794
2227,2013-04-12,2791
2228,2013-04-15,2804
2229,2013-04-16,3439
2230,2013-04-17,29213
2231,2013-04-18,2783
2232,2013-04-19,2251
2233,2013-04-22,1657
2234,2013-04-23,1940
2235,2013-04-24,2270
2236,2013-04-25,2768
2237,2013-04-26,2421
2238,2013-04-29,1453
2239,2013-04-30,2976
2240,2013-05-01,3147
2241,2013-05-02,3942
2242,2013-05-03,6736
2243,2013-05-07,2168
2244,2013-05-08,1999
2245,2013-05-09,2152
2246,2013-05-10,4706
2247,2013-05-13,1880
2248,2013-05-14,2268
2249,2013-05-15,3862
2250,2013-05-16,2353
2251,2013-05-17,3531
2252,2013-05-20,910
2253,2013-05-21,15225
2254,2013-05-22,1560
2255,2013-05-23,2418
2256,2013-05-24,3168
2257,2013-05-28,2124
2258,2013-05-29,2227
2259,2013-05-30,4001
2260,2013-05-31,4942
2261,2013-06-03,3705
2262,2013-06-04,2559
2263,2013-06-05,3224
2264,2013-06-06,2272
2265,2013-06-07,3186
2266,2013-06-10,1534
2267,2013-06-11,2030
2268,2013-06-12,3362
2269,2013-06-13,3045
2270,2013-06-14,3651
2271,2013-06-17,1719
2272,2013-06-18,34710
2273,2013-06-19,2113
2274,2013-06-20,3918
2275,2013-06-21,5902
2276,2013-06-24,2980
2277,2013-06-25,2657
2278,2013-06-26,1671
2279,2013-06-27,1528
2280,2013-06-28,3045
2281,2013-07-01,2130
2282,2013-07-02,3517
2283,2013-07-03,3668
2284,2013-07-04,1139
2285,2013-07-05,2777
2286,2013-07-08,2785
2287,2013-07-09,1350
2288,2013-07-10,2106
2289,2013-07-11,2354
2290,2013-07-12,2756
2291,2013-07-15,1621
2292,2013-07-16,14617
2293,2013-07-17,4125
2294,2013-07-18,2006
2295,2013-07-19,2833
2296,2013-07-22,1671
2297,2013-07-23,1432
2298,2013-07-24,2547
2299,2013-07-25,2017
2300,2013-07-26,5574
2301,2013-07-29,2979
2302,2013-07-30,2955
2303,2013-07-31,3305
2304,2013-08-01,2620
2305,2013-08-02,3085
2306,2013-08-05,2395
2307,2013-08-06,1928
2308,2013-08-07,2442
2309,2013-08-08,3842
2310,2013-08-09,7259
2311,2013-08-12,3959
2312,2013-08-13,3229
2313,2013-08-14,2776
2314,2013-08-15,1892
2315,2013-08-16,3241
2316,2013-08-19,2736
2317,2013-08-20,31872
2318,2013-08-21,3141
2319,2013-08-22,2735
2320,2013-08-23,2730
2321,2013-08-27,4475
2322,2013-08-28,1644
2323,2013-08-29,2686
2324,2013-08-30,3692
2325,2013-09-02,3664
2326,2013-09-03,1982
2327,2013-09-04,2541
2328,2013-09-05,2719
2329,2013-09-06,2894
2330,2013-09-09,2456
2331,2013-09-10,3310
2332,2013-09-11,2719
2333,2013-09-12,2634
2334,2013-09-13,2464
2335,2013-09-16,2043
2336,2013-09-17,1546
2337,2013-09-18,30874
2338,2013-09-19,3139
2339,2013-09-20,2576
2340,2013-09-23,3450
2341,2013-09-24,2363
2342,2013-09-25,2772
2343,2013-09-26,2238
2344,2013-09-27,3120
2345,2013-09-30,2932
2346,2013-10-01,4453
2347,2013-10-02,5438
2348,2013-10-03,1575
2349,2013-10-04,2642
2350,2013-10-07,1562
2351,2013-10-08,2675
2352,2013-10-09,1835
2353,2013-10-10,2063
2354,2013-10-11,3666
2355,2013-10-14,2934
2356,2013-10-15,28069
2357,2013-10-16,3059
2358,2013-10-17,2258
2359,2013-10-18,3691
2360,2013-10-21,2047
2361,2013-10-22,2263
2362,2013-10-23,2665
2363,2013-10-24,2189
2364,2013-10-25,3194
2365,2013-10-28,2639
2366,2013-10-29,2625
2367,2013-10-30,2113
2368,2013-10-31,2182
2369,2013-11-01,3980
2370,2013-11-04,3199
2371,2013-11-05,2168
2372,2013-11-06,2136
2373,2013-11-07,3462
2374,2013-11-08,5545
2375,2013-11-11,1896
2376,2013-11-12,3303
2377,2013-11-13,2972
2378,2013-11-14,3151
2379,2013-11-15,3931
2380,2013-11-18,2031
2381,2013-11-19,21334
2382,2013-11-20,1672
2383,2013-11-21,1987
2384,2013-11-22,2859
2385,2013-11-25,2003
2386,2013-11-26,2486
2387,2013-11-27,2005
2388,2013-11-28,2674
2389,2013-11-29,4210
2390,2013-12-02,2002
2391,2013-12-03,2715
2392,2013-12-04,2144
2393,2013-12-05,1823
2394,2013-12-06,2342
2395,2013-12-09,3245
2396,2013-12-10,6283
2397,2013-12-11,6199
2398,2013-12-12,5207
2399,2013-12-13,6274
2400,2013-12-16,3507
2401,2013-12-17,5985
2402,2013-12-18,2901
2403,2013-12-19,60911
2404,2013-12-20,4228
2405,2013-12-23,3304
2406,2013-12-24,4339
2407,2013-12-27,3239
2408,2013-12-30,2660
2409,2013-12-31,4213
2410,2014-01-02,2964
2411,2014-01-03,2791
2412,2014-01-06,2725
2413,2014-01-07,4086
2414,2014-01-08,1725
2415,2014-01-09,3507
2416,2014-01-10,2017
2417,2014-01-13,3688
2418,2014-01-14,4362
2419,2014-01-15,1894
2420,2014-01-16,19511
2421,2014-01-17,1223
2422,2014-01-20,1909
2423,2014-01-21,4071
2424,2014-01-22,4862
2425,2014-01-23,2476
2426,2014-01-24,2091
2427,2014-01-27,2752
2428,2014-01-28,3568
2429,2014-01-29,2078
2430,2014-01-30,2482
2431,2014-01-31,3429
2432,2014-02-03,2092
2433,2014-02-04,3074
2434,2014-02-05,2836
2435,2014-02-06,3297
2436,2014-02-07,3124
2437,2014-02-10,2064
2438,2014-02-11,2688
2439,2014-02-12,2728
2440,2014-02-13,1506
2441,2014-02-14,2199
2442,2014-02-17,2587
2443,2014-02-18,3352
2444,2014-02-19,5380
2445,2014-02-20,2434
2446,2014-02-21,32507
2447,2014-02-24,2305
2448,2014-02-25,1669
2449,2014-02-26,2704
2450,2014-02-27,3791
2451,2014-02-28,3162
2452,2014-03-03,3860
2453,2014-03-04,6501
2454,2014-03-05,4592
2455,2014-03-06,3071
2456,2014-03-07,4193
2457,2014-03-10,4503
2458,2014-03-11,3710
2459,2014-03-12,4119
2460,2014-03-13,2547
2461,2014-03-14,4942
2462,2014-03-17,4379
2463,2014-03-18,31516
2464,2014-03-19,4010
2465,2014-03-20,3523
2466,2014-03-21,5521
2467,2014-03-24,1889
2468,2014-03-25,4153
2469,2014-03-26,3282
2470,2014-03-27,2921
2471,2014-03-28,3170
2472,2014-03-31,2776
2473,2014-04-01,3011
2474,2014-04-02,2729
2475,2014-04-03,2655
2476,2014-04-04,3688
2477,2014-04-07,3842
2478,2014-04-08,3106
2479,2014-04-09,2756
2480,2014-04-10,3889
2481,2014-04-11,2322
2482,2014-04-14,2562
2483,2014-04-15,2222
2484,2014-04-16,28710
2485,2014-04-17,2541
2486,2014-04-22,3065
2487,2014-04-23,2630
2488,2014-04-24,1622
2489,2014-04-25,1417
2490,2014-04-28,3274
2491,2014-04-29,2122
2492,2014-04-30,3481
2493,2014-05-01,3310
2494,2014-05-02,3332
2495,2014-05-06,2327
2496,2014-05-07,2960
2497,2014-05-08,2142
2498,2014-05-09,2569
2499,2014-05-12,3228
2500,2014-05-13,2795
2501,2014-05-14,4220
2502,2014-05-15,4262
2503,2014-05-19,3986
2504,2014-05-20,16231
2505,2014-05-21,3042
2506,2014-05-22,1856
2507,2014-05-23,3216
2508,2014-05-27,2392
2509,2014-05-28,1684
2510,2014-05-29,3304
2511,2014-05-30,3744
2512,2014-06-02,2703
2513,2014-06-03,3275
2514,2014-06-04,3301
2515,2014-06-05,3201
2516,2014-06-06,4798
2517,2014-06-09,4701
2518,2014-06-10,3183
2519,2014-06-11,3387
2520,2014-06-12,3232
2521,2014-06-13,3762
2522,2014-06-16,1672
2523,2014-06-17,52332
2524,2014-06-18,3261
2525,2014-06-19,2968
2526,2014-06-20,4681
2527,2014-06-23,2439
2528,2014-06-24,3392
2529,2014-06-25,2472
2530,2014-06-26,2946
2531,2014-06-27,3589
2532,2014-06-30,2888
2533,2014-07-01,4130
2534,2014-07-02,6078
2535,2014-07-03,4048
2536,2014-07-04,4282
2537,2014-07-07,3783
2538,2014-07-08,6613
2539,2014-07-09,3723
2540,2014-07-10,2862
2541,2014-07-11,3842
2542,2014-07-14,2394
2543,2014-07-15,21986
2544,2014-07-16,2627
2545,2014-07-17,2683
2546,2014-07-18,3840
2547,2014-07-21,3183
2548,2014-07-22,4435
2549,2014-07-23,2022
2550,2014-07-24,3805
2551,2014-07-25,5791
2552,2014-07-28,2530
2553,2014-07-29,3884
2554,2014-07-30,3820
2555,2014-07-31,3572
2556,2014-08-01,5061
2557,2014-08-04,2979
2558,2014-08-05,2058
2559,2014-08-06,3852
2560,2014-08-07,3510
2561,2014-08-08,5261
2562,2014-08-11,1925
2563,2014-08-12,3434
2564,2014-08-13,3407
2565,2014-08-14,2289
2566,2014-08-15,4217
2567,2014-08-18,2753
2568,2014-08-19,32738
2569,2014-08-20,2877
2570,2014-08-21,2101
2571,2014-08-22,3280
2572,2014-08-26,2909
2573,2014-08-27,2526
2574,2014-08-28,5051
2575,2014-08-29,5607
2576,2014-09-01,1611
2577,2014-09-02,2945
2578,2014-09-03,3001
2579,2014-09-04,3135
2580,2014-09-05,2365
2581,2014-09-08,2563
2582,2014-09-09,6766
2583,2014-09-10,3263
2584,2014-09-11,3374
2585,2014-09-12,2470
2586,2014-09-15,3539
2587,2014-09-16,2893
2588,2014-09-17,51460
2589,2014-09-18,2634
2590,2014-09-19,2456
2591,2014-09-22,4315
2592,2014-09-23,2129
2593,2014-09-24,2229
2594,2014-09-25,2539
2595,2014-09-26,1486
2596,2014-09-29,2653
2597,2014-09-30,2278
2598,2014-10-01,2504
2599,2014-10-02,3816
2600,2014-10-03,4025
2601,2014-10-06,3273
2602,2014-10-07,3746
2603,2014-10-08,2301
2604,2014-10-09,2817
2605,2014-10-10,3680
2606,2014-10-13,2036
2607,2014-10-14,3734
2608,2014-10-15,3252
2609,2014-10-16,5112
2610,2014-10-17,6437
2611,2014-10-20,5273
2612,2014-10-21,30049
2613,2014-10-22,3165
2614,2014-10-23,2231
2615,2014-10-24,3051
2616,2014-10-27,1713
2617,2014-10-28,2432
2618,2014-10-29,3123
2619,2014-10-30,4726
2620,2014-10-31,6528
2621,2014-11-03,2501
2622,2014-11-04,3755
2623,2014-11-05,3482
2624,2014-11-06,2644
2625,2014-11-07,4296
2626,2014-11-10,4309
2627,2014-11-11,1862
2628,2014-11-12,2292
2629,2014-11-13,2088
2630,2014-11-14,2446
2631,2014-11-17,1797
2632,2014-11-18,22201
2633,2014-11-19,2138
2634,2014-11-20,1467
2635,2014-11-21,4442
2636,2014-11-24,2320
2637,2014-11-25,3346
2638,2014-11-26,2087
2639,2014-11-27,1494
2640,2014-11-28,4819
2641,2014-12-01,4029
2642,2014-12-02,3601
2643,2014-12-03,3016
2644,2014-12-04,2394
2645,2014-12-05,1964
2646,2014-12-08,2275
2647,2014-12-09,4077
2648,2014-12-10,3748
2649,2014-12-11,3680
2650,2014-12-12,2359
2651,2014-12-15,2208
2652,2014-12-16,3596
2653,2014-12-17,4519
2654,2014-12-18,40036
2655,2014-12-19,3499
2656,2014-12-22,2324
2657,2014-12-23,2204
2658,2014-12-24,1069
2659,2014-12-29,2552
2660,2014-12-30,4702
2661,2014-12-31,2374
2662,2015-01-02,2795
2663,2015-01-05,3655
2664,2015-01-06,3955
2665,2015-01-07,7028
2666,2015-01-08,3567
2667,2015-01-09,2751
2668,2015-01-12,2445
2669,2015-01-13,6558
2670,2015-01-14,5654
2671,2015-01-15,24187
2672,2015-01-16,3477
2673,2015-01-19,2611
2674,2015-01-20,3890
2675,2015-01-21,2211
2676,2015-01-22,3659
2677,2015-01-23,3536
2678,2015-01-26,4447
2679,2015-01-27,6298
2680,2015-01-28,2038
2681,2015-01-29,4672
2682,2015-01-30,2266
2683,2015-02-02,2051
2684,2015-02-03,2555
2685,2015-02-04,3048
2686,2015-02-05,3663
2687,2015-02-06,2518
2688,2015-02-09,1774
2689,2015-02-10,2896
2690,2015-02-11,3428
2691,2015-02-12,2739
2692,2015-02-13,2735
2693,2015-02-16,2059
2694,2015-02-17,3042
2695,2015-02-18,4811
2696,2015-02-19,2800
2697,2015-02-20,34247
2698,2015-02-23,2626
2699,2015-02-24,2506
2700,2015-02-25,5408
2701,2015-02-26,6247
2702,2015-02-27,2619
2703,2015-03-02,3566
2704,2015-03-03,3551
2705,2015-03-04,3070
2706,2015-03-05,2253
2707,2015-03-06,3920
2708,2015-03-09,2409
2709,2015-03-10,2468
2710,2015-03-11,3920
2711,2015-03-12,2221
2712,2015-03-13,3386
2713,2015-03-16,2505
2714,2015-03-17,28910
2715,2015-03-18,2775
2716,2015-03-19,1723
2717,2015-03-20,4265
2718,2015-03-23,3665
2719,2015-03-24,2680
2720,2015-03-25,2356
2721,2015-03-26,2792
2722,2015-03-27,3574
2723,2015-03-30,2224
2724,2015-03-31,2931
2725,2015-04-01,2310
2726,2015-04-02,3302
2727,2015-04-07,3525
2728,2015-04-08,3764
2729,2015-04-09,3614
2730,2015-04-10,3936
2731,2015-04-13,4117
2732,2015-04-14,2476
2733,2015-04-15,36903
2734,2015-04-16,2822
2735,2015-04-17,1816
2736,2015-04-20,2266
2737,2015-04-21,2532
2738,2015-04-22,2403
2739,2015-04-23,2559
2740,2015-04-24,2513
2741,2015-04-27,2682
2742,2015-04-28,2884
2743,2015-04-29,2825
2744,2015-04-30,5200
2745,2015-05-01,2725
2746,2015-05-05,5292
2747,2015-05-06,3774
2748,2015-05-07,4400
2749,2015-05-08,5716
2750,2015-05-11,3883
2751,2015-05-12,3686
2752,2015-05-13,2087
2753,2015-05-14,1980
2754,2015-05-15,2917
2755,2015-05-18,2016
2756,2015-05-19,20981
2757,2015-05-20,3419
2758,2015-05-21,3349
2759,2015-05-22,5247
2760,2015-05-26,1728
2761,2015-05-27,2291
2762,2015-05-28,2241
2763,2015-05-29,5039
2764,2015-06-01,3303
2765,2015-06-02,2885
2766,2015-06-03,2353
2767,2015-06-04,2690
2768,2015-06-05,3966
2769,2015-06-08,2256
2770,2015-06-09,2170
2771,2015-06-10,2902
2772,2015-06-11,3384
2773,2015-06-12,3725
2774,2015-06-15,3401
2775,2015-06-16,37747
2776,2015-06-17,3120
2777,2015-06-18,1773
2778,2015-06-19,4330
2779,2015-06-22,3093
2780,2015-06-23,3619
2781,2015-06-24,4365
2782,2015-06-25,2735
2783,2015-06-26,3933
2784,2015-06-29,2770
2785,2015-06-30,3043
2786,2015-07-01,2273
2787,2015-07-02,2952
2788,2015-07-03,3831
2789,2015-07-06,2552
2790,2015-07-07,4604
2791,2015-07-08,4188
2792,2015-07-09,3201
2793,2015-07-10,3930
2794,2015-07-13,2514
2795,2015-07-14,2483
2796,2015-07-15,3362
2797,2015-07-16,2009
2798,2015-07-17,2777
2799,2015-07-20,1520
2800,2015-07-21,20214
2801,2015-07-22,3135
2802,2015-07-23,2434
2803,2015-07-24,6200
2804,2015-07-27,2176
2805,2015-07-28,2785
2806,2015-07-29,1817
2807,2015-07-30,1623
2808,2015-07-31,3709
2809,2015-08-03,2516
2810,2015-08-04,2709
2811,2015-08-05,2968
2812,2015-08-06,2661
2813,2015-08-07,5298
2814,2015-08-10,2280
2815,2015-08-11,4489
2816,2015-08-12,6225
2817,2015-08-13,1774
2818,2015-08-14,5510
2819,2015-08-17,2137
2820,2015-08-18,25246
2821,2015-08-19,1755
2822,2015-08-20,1843
2823,2015-08-21,3723
2824,2015-08-24,2386
2825,2015-08-25,2330
2826,2015-08-26,3067
2827,2015-08-27,4811
2828,2015-08-28,5712
2829,2015-09-01,3035
2830,2015-09-02,2924
2831,2015-09-03,2040
2832,2015-09-04,1561
2833,2015-09-07,1718
2834,2015-09-08,2648
2835,2015-09-09,2154
2836,2015-09-10,2418
2837,2015-09-11,2581
2838,2015-09-14,3664
2839,2015-09-15,3814
2840,2015-09-16,36695
2841,2015-09-17,2905
2842,2015-09-18,2976
2843,2015-09-21,2824
2844,2015-09-22,2215
2845,2015-09-23,2210
2846,2015-09-24,2339
2847,2015-09-25,3859
2848,2015-09-28,3097
2849,2015-09-29,3359
2850,2015-09-30,2481
2851,2015-10-01,2658
2852,2015-10-02,2892
2853,2015-10-05,2338
2854,2015-10-06,1832
2855,2015-10-07,2149
2856,2015-10-08,2111
2857,2015-10-09,8464
2858,2015-10-12,3153
2859,2015-10-13,1955
2860,2015-10-14,1942
2861,2015-10-15,2781
2862,2015-10-16,3038
2863,2015-10-19,2850
2864,2015-10-20,28771
2865,2015-10-21,2818
2866,2015-10-22,2914
2867,2015-10-23,2992
2868,2015-10-26,1463
2869,2015-10-27,2105
2870,2015-10-28,1601
2871,2015-10-29,1930
2872,2015-10-30,3593
2873,2015-11-02,2795
2874,2015-11-03,2525
2875,2015-11-04,3372
2876,2015-11-05,2855
2877,2015-11-06,4551
2878,2015-11-09,3217
2879,2015-11-10,4224
2880,2015-11-11,3578
2881,2015-11-12,2592
2882,2015-11-13,3545
2883,2015-11-16,3025
2884,2015-11-17,24574
2885,2015-11-18,2560
2886,2015-11-19,2689
2887,2015-11-20,5468
2888,2015-11-23,2780
2889,2015-11-24,3772
2890,2015-11-25,2363
2891,2015-11-26,4050
2892,2015-11-27,4786
2893,2015-11-30,1949
2894,2015-12-01,2093
2895,2015-12-02,2892
2896,2015-12-03,3327
2897,2015-12-04,2339
2898,2015-12-07,2838
2899,2015-12-08,1889
2900,2015-12-09,1518
2901,2015-12-10,1359
2902,2015-12-11,2697
2903,2015-12-14,1509
2904,2015-12-15,2895
2905,2015-12-16,40204
2906,2015-12-17,2655
2907,2015-12-18,1953
2908,2015-12-21,2006
2909,2015-12-22,1623
2910,2015-12-23,2851
2911,2015-12-24,1498
2912,2015-12-29,2959
2913,2015-12-30,2731
2914,2015-12-31,2263
2915,2016-01-04,2539
2916,2016-01-05,1580
2917,2016-01-06,2307
2918,2016-01-07,4286
2919,2016-01-08,2133
2920,2016-01-11,2468
2921,2016-01-12,2317
2922,2016-01-13,2132
2923,2016-01-14,1859
2924,2016-01-15,1918
2925,2016-01-18,1830
2926,2016-01-19,1738
2927,2016-01-20,17550
2928,2016-01-21,1797
2929,2016-01-22,2356
2930,2016-01-25,2039
2931,2016-01-26,6381
2932,2016-01-27,3697
2933,2016-01-28,3487
2934,2016-01-29,3479
2935,2016-02-01,3463
2936,2016-02-03,6541
2937,2016-02-04,2380
2938,2016-02-05,3569
2939,2016-02-08,2929
2940,2016-02-09,5657
2941,2016-02-10,2314
2942,2016-02-11,2057
2943,2016-02-12,1538
2944,2016-02-15,2808
2945,2016-02-16,4520
2946,2016-02-17,2601
2947,2016-02-18,27230
2948,2016-02-19,2742
2949,2016-02-22,3188
2950,2016-02-23,4715
2951,2016-02-24,3046
2952,2016-02-25,3260
2953,2016-02-26,2301
2954,2016-02-29,2153
2955,2016-03-01,2518
2956,2016-03-02,4995
2957,2016-03-03,3040
2958,2016-03-04,5212
2959,2016-03-07,1962
2960,2016-03-08,2484
2961,2016-03-09,2216
2962,2016-03-10,2483
2963,2016-03-11,2558
2964,2016-03-14,2588
2965,2016-03-15,31303
2966,2016-03-16,1728
2967,2016-03-17,3120
2968,2016-03-18,4615
2969,2016-03-21,2327
2970,2016-03-22,1776
2971,2016-03-23,1640
2972,2016-03-24,3046
2973,2016-03-29,2189
2974,2016-03-30,2047
2975,2016-03-31,3177
2976,2016-04-01,3329
2977,2016-04-04,1603
2978,2016-04-05,3291
2979,2016-04-06,1832
2980,2016-04-07,3380
2981,2016-04-08,2116
2982,2016-04-11,2030
2983,2016-04-12,3286
2984,2016-04-13,3421
2985,2016-04-14,2641
2986,2016-04-15,2356
2987,2016-04-18,3735
2988,2016-04-19,3150
2989,2016-04-20,29544
2990,2016-04-21,3357
2991,2016-04-22,1909
2992,2016-04-25,2775
2993,2016-04-26,2950
2994,2016-04-27,1936
2995,2016-04-28,2250
2996,2016-04-29,2439
2997,2016-05-03,1885
2998,2016-05-04,2237
2999,2016-05-05,3205
3000,2016-05-06,4047
3001,2016-05-09,2979
3002,2016-05-10,2360
3003,2016-05-11,2868
3004,2016-05-12,4091
3005,2016-05-13,4586
3006,2016-05-16,2658
3007,2016-05-17,13513
3008,2016-05-18,1457
3009,2016-05-19,2372
3010,2016-05-20,3208
3011,2016-05-23,2753
3012,2016-05-24,2745
3013,2016-05-25,1826
3014,2016-05-26,2200
3015,2016-05-27,4215
3016,2016-05-31,4091
3017,2016-06-01,4644
3018,2016-06-02,4292
3019,2016-06-03,6532
3020,2016-06-06,3476
3021,2016-06-07,3550
3022,2016-06-08,4906
3023,2016-06-09,2505
3024,2016-06-10,4786
3025,2016-06-13,2542
3026,2016-06-14,2728
3027,2016-06-15,2936
3028,2016-06-16,2402
3029,2016-06-17,2815
3030,2016-06-20,2238
3031,2016-06-21,42089
3032,2016-06-22,1989
3033,2016-06-23,1955
3034,2016-06-24,3409
3035,2016-06-27,2077
3036,2016-06-28,3431
3037,2016-06-29,2021
3038,2016-06-30,3266
3039,2016-07-01,5923
3040,2016-07-04,2109
3041,2016-07-05,2832
3042,2016-07-06,3738
3043,2016-07-07,1720
3044,2016-07-08,5135
3045,2016-07-11,2587
3046,2016-07-12,3870
3047,2016-07-13,3248
3048,2016-07-14,2450
3049,2016-07-15,4112
3050,2016-07-18,2203
3051,2016-07-19,22697
3052,2016-07-20,2656
3053,2016-07-21,3157
3054,2016-07-22,4739
3055,2016-07-25,2004
3056,2016-07-26,3491
3057,2016-07-27,3502
3058,2016-07-28,2653
3059,2016-07-29,3946
3060,2016-08-01,2622
3061,2016-08-02,2796
3062,2016-08-03,2522
3063,2016-08-04,2991
3064,2016-08-05,4036
3065,2016-08-08,1748
3066,2016-08-09,1898
3067,2016-08-10,3837
3068,2016-08-11,2215
3069,2016-08-12,3596
3070,2016-08-15,2194
3071,2016-08-16,25404
3072,2016-08-17,2218
3073,2016-08-18,3217
3074,2016-08-19,3513
3075,2016-08-22,1903
3076,2016-08-23,1867
3077,2016-08-24,3312
3078,2016-08-25,3270
3079,2016-08-26,6851
3080,2016-08-30,4532
3081,2016-08-31,7272
3082,2016-09-01,5820
3083,2016-09-02,4093
3084,2016-09-05,2456
3085,2016-09-06,2957
3086,2016-09-07,2715
3087,2016-09-08,2724
3088,2016-09-09,2312
3089,2016-09-12,2805
3090,2016-09-13,2424
3091,2016-09-14,4045
3092,2016-09-15,1787
3093,2016-09-16,2559
3094,2016-09-19,3886
3095,2016-09-20,2828
3096,2016-09-21,62751
3097,2016-09-22,1911
3098,2016-09-23,2116
3099,2016-09-26,2383
3100,2016-09-27,4180
3101,2016-09-28,6132
3102,2016-09-29,2949
3103,2016-09-30,2582
3104,2016-10-03,3127
3105,2016-10-04,2570
3106,2016-10-05,1795
3107,2016-10-06,2736
3108,2016-10-07,3292
3109,2016-10-10,1577
3110,2016-10-11,3158
3111,2016-10-12,1836
3112,2016-10-13,2934
3113,2016-10-14,3132
3114,2016-10-17,2892
3115,2016-10-18,28403
3116,2016-10-19,2000
3117,2016-10-20,1568
3118,2016-10-21,2815
3119,2016-10-24,2765
3120,2016-10-25,3967
3121,2016-10-26,2308
3122,2016-10-27,2330
3123,2016-10-28,4181
3124,2016-10-31,3948
3125,2016-11-01,2516
3126,2016-11-02,3235
3127,2016-11-03,2115
3128,2016-11-04,3025
3129,2016-11-07,2747
3130,2016-11-08,2433
3131,2016-11-09,3210
3132,2016-11-10,4001
3133,2016-11-11,6323
3134,2016-11-14,3810
3135,2016-11-15,15677
3136,2016-11-16,2308
3137,2016-11-17,2155
3138,2016-11-18,3164
3139,2016-11-21,1586
3140,2016-11-22,1953
3141,2016-11-23,2635
3142,2016-11-24,2823
3143,2016-11-25,5407
3144,2016-11-28,4615
3145,2016-11-29,5604
3146,2016-11-30,6881
3147,2016-12-01,3567
3148,2016-12-02,2739
3149,2016-12-05,2336
3150,2016-12-06,4277
3151,2016-12-07,2723
3152,2016-12-08,2999
3153,2016-12-09,1729
3154,2016-12-12,2067
3155,2016-12-13,2985
3156,2016-12-14,2463
3157,2016-12-15,61567
3158,2016-12-16,2247
3159,2016-12-19,2711
3160,2016-12-20,3578
3161,2016-12-21,1809
3162,2016-12-22,2528
3163,2016-12-23,1907
3164,2016-12-28,3123
3165,2016-12-29,2115
3166,2016-12-30,2415
3167,2017-01-03,2056
3168,2017-01-04,2528
3169,2017-01-05,2045
3170,2017-01-06,2873
3171,2017-01-09,1547
3172,2017-01-10,2929
3173,2017-01-11,2010
3174,2017-01-12,2005
3175,2017-01-13,2019
3176,2017-01-16,1978
3177,2017-01-17,2755
3178,2017-01-18,3759
3179,2017-01-19,19845
3180,2017-01-20,1356
3181,2017-01-23,2237
3182,2017-01-24,2616
3183,2017-01-25,1374
3184,2017-01-26,2503
3185,2017-01-27,1379
3186,2017-01-30,1433
3187,2017-01-31,2499
3188,2017-02-01,1823
3189,2017-02-02,2004
3190,2017-02-03,2102
3191,2017-02-06,1460
3192,2017-02-07,1318
3193,2017-02-08,2762
3194,2017-02-09,2336
3195,2017-02-10,2588
3196,2017-02-13,2763
3197,2017-02-14,2907
3198,2017-02-15,3907
3199,2017-02-16,3112
3200,2017-02-17,32381
3201,2017-02-20,2239
3202,2017-02-21,3843
3203,2017-02-22,4644
3204,2017-02-23,2728
3205,2017-02-24,2277
3206,2017-02-27,1417
3207,2017-02-28,2569
3208,2017-03-01,1909
3209,2017-03-02,3590
3210,2017-03-03,5324
3211,2017-03-06,2526
3212,2017-03-07,3441
3213,2017-03-08,2936
3214,2017-03-09,2932
3215,2017-03-10,3982
3216,2017-03-13,1982
3217,2017-03-14,2451
3218,2017-03-15,2351
3219,2017-03-16,2618
3220,2017-03-17,4288
3221,2017-03-20,2325
3222,2017-03-21,53044
3223,2017-03-22,2165
3224,2017-03-23,2004
3225,2017-03-24,2886
3226,2017-03-27,2035
3227,2017-03-28,2147
3228,2017-03-29,2120
3229,2017-03-30,1666
3230,2017-03-31,2709
3231,2017-04-03,2354
3232,2017-04-04,3024
3233,2017-04-05,3568
3234,2017-04-06,2469
3235,2017-04-07,3530
3236,2017-04-10,2847
3237,2017-04-11,3504
3238,2017-04-12,2544
3239,2017-04-13,3259
3240,2017-04-18,4101
3241,2017-04-19,29711
3242,2017-04-20,3038
3243,2017-04-21,2246
3244,2017-04-24,2196
3245,2017-04-25,2448
3246,2017-04-26,1440
3247,2017-04-27,2080
3248,2017-04-28,2444
3249,2017-05-02,2954
3250,2017-05-03,4136
3251,2017-05-04,1926
3252,2017-05-05,2429
3253,2017-05-08,4227
3254,2017-05-09,1983
3255,2017-05-10,1794
3256,2017-05-11,4227
3257,2017-05-12,6059
3258,2017-05-15,2465
3259,2017-05-16,19326
3260,2017-05-17,1988
3261,2017-05-18,3147
3262,2017-05-19,4793
3263,2017-05-22,2096
3264,2017-05-24,2955
3265,2017-05-25,2697
3266,2017-05-26,3439
3267,2017-05-30,1207
3268,2017-05-31,3090
3269,2017-06-01,2537
3270,2017-06-02,3526
3271,2017-06-05,2611
3272,2017-06-06,2733
3273,2017-06-07,3490
3274,2017-06-08,2846
3275,2017-06-09,4399
3276,2017-06-12,2393
3277,2017-06-13,2757
3278,2017-06-14,2293
3279,2017-06-15,1524
3280,2017-06-16,2962
3281,2017-06-19,2956
3282,2017-06-20,40850
3283,2017-06-21,3867
3284,2017-06-22,6758
3285,2017-06-23,8255
3286,2017-06-26,2740
3287,2017-06-27,2988
3288,2017-06-28,3311
3289,2017-06-29,1967
3290,2017-06-30,2719
3291,2017-07-03,2928
3292,2017-07-04,1986
3293,2017-07-05,2959
3294,2017-07-06,1739
3295,2017-07-07,2362
3296,2017-07-10,1536
3297,2017-07-11,4489
3298,2017-07-12,3908
3299,2017-07-13,2855
3300,2017-07-14,3750
3301,2017-07-17,2273
3302,2017-07-18,19343
3303,2017-07-19,2850
3304,2017-07-20,2535
3305,2017-07-21,3351
3306,2017-07-24,1434
3307,2017-07-25,1882
3308,2017-07-26,3346
3309,2017-07-27,1769
3310,2017-07-28,2747
3311,2017-07-31,2382
3312,2017-08-01,2020
3313,2017-08-02,1669
3314,2017-08-03,2025
3315,2017-08-04,3546
3316,2017-08-07,2861
3317,2017-08-08,3471
3318,2017-08-09,4162
3319,2017-08-10,2152
3320,2017-08-11,3495
3321,2017-08-14,2442
3322,2017-08-15,24343
3323,2017-08-16,5444
3324,2017-08-17,5061
3325,2017-08-18,6179
3326,2017-08-21,2170
3327,2017-08-22,2209
3328,2017-08-23,2828
3329,2017-08-24,3428
3330,2017-08-25,3852
3331,2017-08-29,2903
3332,2017-08-30,2504
3333,2017-08-31,3878
3334,2017-09-01,1884
3335,2017-09-04,2222
3336,2017-09-05,2366
3337,2017-09-06,2636
3338,2017-09-07,1779
3339,2017-09-08,2619
3340,2017-09-11,2863
3341,2017-09-12,2625
3342,2017-09-13,1640
3343,2017-09-14,2660
3344,2017-09-15,1830
3345,2017-09-18,2892
3346,2017-09-19,1955
3347,2017-09-20,52987
3348,2017-09-21,2287
3349,2017-09-22,2362
3350,2017-09-25,1965
3351,2017-09-26,3019
3352,2017-09-27,4997
3353,2017-09-28,2579
3354,2017-09-29,2383
3355,2017-10-02,2726
3356,2017-10-03,1816
3357,2017-10-04,1819
3358,2017-10-05,2126
3359,2017-10-06,3480
3360,2017-10-09,2318
3361,2017-10-10,2429
3362,2017-10-11,2738
3363,2017-10-12,2205
3364,2017-10-13,2809
3365,2017-10-16,3478
3366,2017-10-17,32128
3367,2017-10-18,3273
3368,2017-10-19,1317
3369,2017-10-20,2149
3370,2017-10-23,1512
3371,2017-10-24,2534
3372,2017-10-25,3792
3373,2017-10-26,2465
3374,2017-10-27,3468
3375,2017-10-30,1728
3376,2017-10-31,2708
3377,2017-11-01,3376
3378,2017-11-02,2299
3379,2017-11-03,3986
3380,2017-11-06,1794
3381,2017-11-07,2179
3382,2017-11-08,2504
3383,2017-11-09,2037
3384,2017-11-10,3595
3385,2017-11-13,2252
3386,2017-11-14,2732
3387,2017-11-15,2121
3388,2017-11-16,2050
3389,2017-11-17,2798
3390,2017-11-20,2142
3391,2017-11-21,20341
3392,2017-11-22,2473
3393,2017-11-23,1894
3394,2017-11-24,2930
3395,2017-11-27,1893
3396,2017-11-28,1895
3397,2017-11-29,3229
3398,2017-11-30,4173
3399,2017-12-01,4138
3400,2017-12-04,2623
3401,2017-12-05,4169
3402,2017-12-06,2405
3403,2017-12-07,2261
3404,2017-12-08,2027
3405,2017-12-11,2169
3406,2017-12-12,3906
3407,2017-12-13,1863
3408,2017-12-14,2114
3409,2017-12-15,1834
3410,2017-12-18,1793
3411,2017-12-19,2726
3412,2017-12-20,1913
3413,2017-12-21,65017
3414,2017-12-22,3229
3415,2017-12-27,2254
3416,2017-12-28,3102
3417,2017-12-29,2557
