,Unnamed: 0,DXY
6190,2003-01-01,101.85
6191,2003-01-02,101.88
6192,2003-01-03,102.98
6193,2003-01-06,102.47
6194,2003-01-07,101.97
6195,2003-01-08,102.57
6196,2003-01-09,101.87
6197,2003-01-10,101.94
6198,2003-01-13,101.23
6199,2003-01-14,101.47
6200,2003-01-15,101.21
6201,2003-01-16,101.34
6202,2003-01-17,100.79
6203,2003-01-20,100.55
6204,2003-01-21,100.47
6205,2003-01-22,100.23
6206,2003-01-23,100.23
6207,2003-01-24,99.86
6208,2003-01-27,99.22
6209,2003-01-28,99.26
6210,2003-01-29,99.48
6211,2003-01-30,99.28
6212,2003-01-31,99.52
6213,2003-02-03,99.91
6214,2003-02-04,99.9
6215,2003-02-05,99.14
6216,2003-02-06,99.65
6217,2003-02-07,99.46
6218,2003-02-10,99.57
6219,2003-02-11,100.27
6220,2003-02-12,100.39
6221,2003-02-13,100.51
6222,2003-02-14,99.59
6223,2003-02-17,100.04
6224,2003-02-18,100.46
6225,2003-02-19,100.53
6226,2003-02-20,100.0
6227,2003-02-21,99.55
6228,2003-02-24,100.09
6229,2003-02-25,99.66
6230,2003-02-26,99.86
6231,2003-02-27,99.62
6232,2003-02-28,99.81
6233,2003-03-03,99.71
6234,2003-03-04,99.1
6235,2003-03-05,99.13
6236,2003-03-06,98.28
6237,2003-03-07,98.31
6238,2003-03-10,98.04
6239,2003-03-11,97.85
6240,2003-03-12,97.91
6241,2003-03-13,98.16
6242,2003-03-14,99.78
6243,2003-03-17,99.99
6244,2003-03-18,100.74
6245,2003-03-19,100.86
6246,2003-03-20,101.58
6247,2003-03-21,101.15
6248,2003-03-24,102.0
6249,2003-03-25,100.99
6250,2003-03-26,100.87
6251,2003-03-27,100.53
6252,2003-03-28,100.64
6253,2003-03-31,99.96
6254,2003-04-01,98.88
6255,2003-04-02,99.15
6256,2003-04-03,100.08
6257,2003-04-04,100.34
6258,2003-04-07,100.4
6259,2003-04-08,100.7
6260,2003-04-09,100.53
6261,2003-04-10,100.16
6262,2003-04-11,99.82
6263,2003-04-14,100.18
6264,2003-04-15,99.96
6265,2003-04-16,99.76
6266,2003-04-17,99.06
6267,2003-04-18,99.3
6268,2003-04-21,99.28
6269,2003-04-22,99.59
6270,2003-04-23,98.73
6271,2003-04-24,98.78
6272,2003-04-25,98.33
6273,2003-04-28,98.36
6274,2003-04-29,98.67
6275,2003-04-30,98.02
6276,2003-05-01,97.19
6277,2003-05-02,96.7
6278,2003-05-05,96.75
6279,2003-05-06,96.37
6280,2003-05-07,95.34
6281,2003-05-08,95.58
6282,2003-05-09,94.93
6283,2003-05-12,94.98
6284,2003-05-13,94.55
6285,2003-05-14,94.7
6286,2003-05-15,94.58
6287,2003-05-16,95.22
6288,2003-05-19,94.08
6289,2003-05-20,93.74
6290,2003-05-21,93.26
6291,2003-05-22,93.54
6292,2003-05-23,93.56
6293,2003-05-27,93.05
6294,2003-05-28,92.72
6295,2003-05-29,93.45
6296,2003-05-30,92.71
6297,2003-06-02,93.29
6298,2003-06-03,93.34
6299,2003-06-04,93.53
6300,2003-06-05,93.73
6301,2003-06-06,92.52
6302,2003-06-09,93.48
6303,2003-06-10,93.3
6304,2003-06-11,93.56
6305,2003-06-12,92.97
6306,2003-06-13,92.87
6307,2003-06-16,92.22
6308,2003-06-17,92.4
6309,2003-06-18,92.61
6310,2003-06-19,93.17
6311,2003-06-20,93.16
6312,2003-06-23,93.91
6313,2003-06-24,94.08
6314,2003-06-25,94.39
6315,2003-06-26,94.12
6316,2003-06-27,94.97
6317,2003-06-30,95.04
6318,2003-07-01,94.73
6319,2003-07-02,94.3
6320,2003-07-03,94.13
6321,2003-07-04,94.35
6322,2003-07-07,94.55
6323,2003-07-08,95.51
6324,2003-07-09,95.82
6325,2003-07-10,95.55
6326,2003-07-11,95.39
6327,2003-07-14,95.8
6328,2003-07-15,96.07
6329,2003-07-16,97.0
6330,2003-07-17,96.72
6331,2003-07-18,96.86
6332,2003-07-21,96.63
6333,2003-07-22,96.11
6334,2003-07-23,96.38
6335,2003-07-24,95.44
6336,2003-07-25,95.34
6337,2003-07-28,94.96
6338,2003-07-29,95.08
6339,2003-07-30,95.33
6340,2003-07-31,96.07
6341,2003-08-01,96.89
6342,2003-08-04,96.66
6343,2003-08-05,96.16
6344,2003-08-06,96.16
6345,2003-08-07,96.29
6346,2003-08-08,95.83
6347,2003-08-11,96.36
6348,2003-08-12,95.87
6349,2003-08-13,96.15
6350,2003-08-14,96.18
6351,2003-08-15,96.68
6352,2003-08-18,96.65
6353,2003-08-19,97.35
6354,2003-08-20,97.31
6355,2003-08-21,97.37
6356,2003-08-22,98.61
6357,2003-08-25,98.83
6358,2003-08-26,98.92
6359,2003-08-27,98.76
6360,2003-08-28,98.86
6361,2003-08-29,98.83
6362,2003-09-01,98.1
6363,2003-09-02,98.07
6364,2003-09-03,98.95
6365,2003-09-04,98.71
6366,2003-09-05,98.2
6367,2003-09-08,97.09
6368,2003-09-09,97.16
6369,2003-09-10,96.44
6370,2003-09-11,96.5
6371,2003-09-12,96.56
6372,2003-09-15,96.0
6373,2003-09-16,95.98
6374,2003-09-17,96.67
6375,2003-09-18,95.8
6376,2003-09-19,95.95
6377,2003-09-22,94.78
6378,2003-09-23,93.85
6379,2003-09-24,93.99
6380,2003-09-25,93.7
6381,2003-09-26,93.76
6382,2003-09-29,93.85
6383,2003-09-30,93.08
6384,2003-10-01,92.85
6385,2003-10-02,92.39
6386,2003-10-03,92.42
6387,2003-10-06,93.1
6388,2003-10-07,92.41
6389,2003-10-08,91.89
6390,2003-10-09,91.73
6391,2003-10-10,91.94
6392,2003-10-13,91.52
6393,2003-10-14,91.89
6394,2003-10-15,91.83
6395,2003-10-16,92.5
6396,2003-10-17,92.61
6397,2003-10-20,92.29
6398,2003-10-21,92.43
6399,2003-10-22,92.37
6400,2003-10-23,91.27
6401,2003-10-24,91.51
6402,2003-10-27,91.43
6403,2003-10-28,91.61
6404,2003-10-29,91.86
6405,2003-10-30,91.86
6406,2003-10-31,92.21
6407,2003-11-03,92.73
6408,2003-11-04,93.66
6409,2003-11-05,93.23
6410,2003-11-06,93.63
6411,2003-11-07,93.89
6412,2003-11-10,93.02
6413,2003-11-11,93.05
6414,2003-11-12,93.1
6415,2003-11-13,92.31
6416,2003-11-14,91.61
6417,2003-11-17,91.37
6418,2003-11-18,91.61
6419,2003-11-19,90.23
6420,2003-11-20,90.91
6421,2003-11-21,90.66
6422,2003-11-24,90.6
6423,2003-11-25,91.56
6424,2003-11-26,91.46
6425,2003-11-27,90.6
6426,2003-11-28,90.65
6427,2003-12-01,90.23
6428,2003-12-02,90.35
6429,2003-12-03,89.64
6430,2003-12-04,89.5
6431,2003-12-05,89.6
6432,2003-12-08,89.14
6433,2003-12-09,88.75
6434,2003-12-10,88.49
6435,2003-12-11,88.88
6436,2003-12-12,88.88
6437,2003-12-15,88.6
6438,2003-12-16,88.4
6439,2003-12-17,88.36
6440,2003-12-18,87.94
6441,2003-12-19,87.85
6442,2003-12-22,88.15
6443,2003-12-23,87.99
6444,2003-12-24,87.99
6445,2003-12-25,87.55
6446,2003-12-26,87.57
6447,2003-12-29,87.63
6448,2003-12-30,87.35
6449,2003-12-31,87.0
6450,2004-01-01,86.92
6451,2004-01-02,86.95
6452,2004-01-05,86.92
6453,2004-01-06,86.07
6454,2004-01-07,85.63
6455,2004-01-08,86.2
6456,2004-01-09,85.54
6457,2004-01-12,85.11
6458,2004-01-13,85.56
6459,2004-01-14,85.51
6460,2004-01-15,86.12
6461,2004-01-16,86.57
6462,2004-01-19,87.73
6463,2004-01-20,87.96
6464,2004-01-21,86.62
6465,2004-01-22,86.34
6466,2004-01-23,85.82
6467,2004-01-26,86.56
6468,2004-01-27,87.25
6469,2004-01-28,86.25
6470,2004-01-29,86.97
6471,2004-01-30,87.58
6472,2004-02-02,87.2
6473,2004-02-03,87.44
6474,2004-02-04,86.81
6475,2004-02-05,86.83
6476,2004-02-06,86.87
6477,2004-02-09,86.02
6478,2004-02-10,86.0
6479,2004-02-11,85.84
6480,2004-02-12,85.09
6481,2004-02-13,85.29
6482,2004-02-16,85.55
6483,2004-02-17,85.38
6484,2004-02-18,84.97
6485,2004-02-19,85.94
6486,2004-02-20,85.86
6487,2004-02-23,87.24
6488,2004-02-24,86.91
6489,2004-02-25,86.15
6490,2004-02-26,87.25
6491,2004-02-27,87.67
6492,2004-03-01,87.31
6493,2004-03-02,87.52
6494,2004-03-03,88.9
6495,2004-03-04,88.94
6496,2004-03-05,89.14
6497,2004-03-08,88.17
6498,2004-03-09,87.9
6499,2004-03-10,88.43
6500,2004-03-11,88.95
6501,2004-03-12,88.51
6502,2004-03-15,89.12
6503,2004-03-16,88.81
6504,2004-03-17,88.59
6505,2004-03-18,88.66
6506,2004-03-19,87.64
6507,2004-03-22,88.13
6508,2004-03-23,87.81
6509,2004-03-24,87.85
6510,2004-03-25,88.89
6511,2004-03-26,88.9
6512,2004-03-29,88.89
6513,2004-03-30,88.63
6514,2004-03-31,88.43
6515,2004-04-01,87.61
6516,2004-04-02,87.21
6517,2004-04-05,88.51
6518,2004-04-06,89.22
6519,2004-04-07,88.62
6520,2004-04-08,88.27
6521,2004-04-09,89.02
6522,2004-04-12,88.97
6523,2004-04-13,88.95
6524,2004-04-14,89.8
6525,2004-04-15,90.24
6526,2004-04-16,90.06
6527,2004-04-19,89.94
6528,2004-04-20,89.8
6529,2004-04-21,90.49
6530,2004-04-22,91.12
6531,2004-04-23,90.82
6532,2004-04-26,91.08
6533,2004-04-27,90.62
6534,2004-04-28,90.41
6535,2004-04-29,91.17
6536,2004-04-30,90.57
6537,2004-05-03,90.48
6538,2004-05-04,90.76
6539,2004-05-05,89.81
6540,2004-05-06,89.32
6541,2004-05-07,89.89
6542,2004-05-10,91.13
6543,2004-05-11,91.56
6544,2004-05-12,91.66
6545,2004-05-13,91.29
6546,2004-05-14,91.96
6547,2004-05-17,91.66
6548,2004-05-18,91.0
6549,2004-05-19,91.25
6550,2004-05-20,90.53
6551,2004-05-21,91.03
6552,2004-05-24,90.49
6553,2004-05-25,90.55
6554,2004-05-26,89.84
6555,2004-05-27,89.79
6556,2004-05-28,88.67
6557,2004-05-31,88.9
6558,2004-06-01,88.9
6559,2004-06-02,88.88
6560,2004-06-03,88.84
6561,2004-06-04,88.95
6562,2004-06-07,88.54
6563,2004-06-08,88.25
6564,2004-06-09,88.51
6565,2004-06-10,89.73
6566,2004-06-11,89.25
6567,2004-06-14,90.01
6568,2004-06-15,89.94
6569,2004-06-16,89.09
6570,2004-06-17,90.04
6571,2004-06-18,89.6
6572,2004-06-21,89.08
6573,2004-06-22,89.25
6574,2004-06-23,89.43
6575,2004-06-24,89.42
6576,2004-06-25,88.7
6577,2004-06-28,88.88
6578,2004-06-29,88.72
6579,2004-06-30,89.41
6580,2004-07-01,88.8
6581,2004-07-02,88.79
6582,2004-07-05,87.99
6583,2004-07-06,88.23
6584,2004-07-07,88.12
6585,2004-07-08,87.65
6586,2004-07-09,87.54
6587,2004-07-12,87.42
6588,2004-07-13,87.39
6589,2004-07-14,87.83
6590,2004-07-15,87.58
6591,2004-07-16,87.99
6592,2004-07-19,87.14
6593,2004-07-20,87.18
6594,2004-07-21,87.83
6595,2004-07-22,88.56
6596,2004-07-23,88.45
6597,2004-07-26,89.26
6598,2004-07-27,89.03
6599,2004-07-28,89.79
6600,2004-07-29,89.75
6601,2004-07-30,89.95
6602,2004-08-02,89.96
6603,2004-08-03,89.75
6604,2004-08-04,89.57
6605,2004-08-05,89.68
6606,2004-08-06,89.64
6607,2004-08-09,88.36
6608,2004-08-10,88.39
6609,2004-08-11,88.79
6610,2004-08-12,88.83
6611,2004-08-13,88.69
6612,2004-08-16,87.9
6613,2004-08-17,87.96
6614,2004-08-18,88.06
6615,2004-08-19,88.08
6616,2004-08-20,87.79
6617,2004-08-23,88.12
6618,2004-08-24,89.06
6619,2004-08-25,89.45
6620,2004-08-26,89.42
6621,2004-08-27,89.3
6622,2004-08-30,89.77
6623,2004-08-31,89.69
6624,2004-09-01,88.94
6625,2004-09-02,88.87
6626,2004-09-03,88.98
6627,2004-09-06,89.63
6628,2004-09-07,89.56
6629,2004-09-08,89.23
6630,2004-09-09,88.77
6631,2004-09-10,88.83
6632,2004-09-13,88.39
6633,2004-09-14,88.54
6634,2004-09-15,88.46
6635,2004-09-16,89.15
6636,2004-09-17,88.8
6637,2004-09-20,88.84
6638,2004-09-21,88.99
6639,2004-09-22,88.13
6640,2004-09-23,88.51
6641,2004-09-24,88.44
6642,2004-09-27,88.4
6643,2004-09-28,88.29
6644,2004-09-29,88.11
6645,2004-09-30,88.1
6646,2004-10-01,87.37
6647,2004-10-04,87.63
6648,2004-10-05,88.38
6649,2004-10-06,88.17
6650,2004-10-07,88.48
6651,2004-10-08,88.34
6652,2004-10-11,87.51
6653,2004-10-12,87.54
6654,2004-10-13,88.02
6655,2004-10-14,87.88
6656,2004-10-15,87.55
6657,2004-10-18,87.09
6658,2004-10-19,87.02
6659,2004-10-20,86.84
6660,2004-10-21,86.35
6661,2004-10-22,86.02
6662,2004-10-25,85.87
6663,2004-10-26,84.97
6664,2004-10-27,85.21
6665,2004-10-28,85.44
6666,2004-10-29,85.28
6667,2004-11-01,84.91
6668,2004-11-02,85.2
6669,2004-11-03,85.47
6670,2004-11-04,84.7
6671,2004-11-05,84.54
6672,2004-11-08,84.01
6673,2004-11-09,84.09
6674,2004-11-10,84.21
6675,2004-11-11,84.43
6676,2004-11-12,84.29
6677,2004-11-15,83.69
6678,2004-11-16,84.0
6679,2004-11-17,83.8
6680,2004-11-18,83.29
6681,2004-11-19,83.69
6682,2004-11-22,83.31
6683,2004-11-23,83.19
6684,2004-11-24,82.94
6685,2004-11-25,82.41
6686,2004-11-26,81.87
6687,2004-11-29,81.78
6688,2004-11-30,81.93
6689,2004-12-01,81.82
6690,2004-12-02,81.56
6691,2004-12-03,81.95
6692,2004-12-06,80.98
6693,2004-12-07,81.28
6694,2004-12-08,81.24
6695,2004-12-09,81.9
6696,2004-12-10,82.11
6697,2004-12-13,82.67
6698,2004-12-14,82.1
6699,2004-12-15,82.32
6700,2004-12-16,81.63
6701,2004-12-17,82.45
6702,2004-12-20,82.16
6703,2004-12-21,81.67
6704,2004-12-22,81.94
6705,2004-12-23,81.93
6706,2004-12-24,81.93
6707,2004-12-27,81.28
6708,2004-12-28,80.72
6709,2004-12-29,80.72
6710,2004-12-30,80.85
6711,2004-12-31,80.53
6712,2005-01-03,80.85
6713,2005-01-04,81.3
6714,2005-01-05,82.52
6715,2005-01-06,82.54
6716,2005-01-07,83.15
6717,2005-01-10,83.6
6718,2005-01-11,83.35
6719,2005-01-12,83.07
6720,2005-01-13,82.17
6721,2005-01-14,82.51
6722,2005-01-17,82.97
6723,2005-01-18,83.24
6724,2005-01-19,83.36
6725,2005-01-20,83.6
6726,2005-01-21,83.84
6727,2005-01-24,83.26
6728,2005-01-25,83.24
6729,2005-01-26,83.99
6730,2005-01-27,83.3
6731,2005-01-28,83.43
6732,2005-01-31,83.48
6733,2005-02-01,83.57
6734,2005-02-02,83.45
6735,2005-02-03,83.54
6736,2005-02-04,83.93
6737,2005-02-07,84.39
6738,2005-02-08,85.12
6739,2005-02-09,85.1
6740,2005-02-10,84.91
6741,2005-02-11,84.54
6742,2005-02-14,84.57
6743,2005-02-15,83.96
6744,2005-02-16,83.59
6745,2005-02-17,83.67
6746,2005-02-18,83.48
6747,2005-02-21,83.49
6748,2005-02-22,83.52
6749,2005-02-23,82.41
6750,2005-02-24,82.68
6751,2005-02-25,82.9
6752,2005-02-28,82.66
6753,2005-03-01,82.51
6754,2005-03-02,82.78
6755,2005-03-03,83.08
6756,2005-03-04,83.31
6757,2005-03-07,82.52
6758,2005-03-08,82.79
6759,2005-03-09,81.98
6760,2005-03-10,81.63
6761,2005-03-11,81.59
6762,2005-03-14,81.42
6763,2005-03-15,81.97
6764,2005-03-16,82.12
6765,2005-03-17,81.59
6766,2005-03-18,81.84
6767,2005-03-21,82.05
6768,2005-03-22,82.97
6769,2005-03-23,83.36
6770,2005-03-24,83.94
6771,2005-03-25,84.13
6772,2005-03-28,84.15
6773,2005-03-29,84.51
6774,2005-03-30,84.32
6775,2005-03-31,84.29
6776,2005-04-01,84.06
6777,2005-04-04,84.43
6778,2005-04-05,84.78
6779,2005-04-06,84.66
6780,2005-04-07,84.68
6781,2005-04-08,84.87
6782,2005-04-11,84.4
6783,2005-04-12,84.22
6784,2005-04-13,84.44
6785,2005-04-14,84.4
6786,2005-04-15,85.0
6787,2005-04-18,84.56
6788,2005-04-19,84.0
6789,2005-04-20,83.76
6790,2005-04-21,83.52
6791,2005-04-22,83.7
6792,2005-04-25,83.5
6793,2005-04-26,83.82
6794,2005-04-27,83.96
6795,2005-04-28,84.12
6796,2005-04-29,84.35
6797,2005-05-02,84.43
6798,2005-05-03,84.49
6799,2005-05-04,84.51
6800,2005-05-05,84.0
6801,2005-05-06,83.94
6802,2005-05-09,84.62
6803,2005-05-10,84.64
6804,2005-05-11,84.45
6805,2005-05-12,84.89
6806,2005-05-13,85.49
6807,2005-05-16,86.1
6808,2005-05-17,86.12
6809,2005-05-18,86.21
6810,2005-05-19,85.77
6811,2005-05-20,86.09
6812,2005-05-23,86.63
6813,2005-05-24,86.4
6814,2005-05-25,86.37
6815,2005-05-26,86.35
6816,2005-05-27,86.85
6817,2005-05-30,86.42
6818,2005-05-31,86.94
6819,2005-06-01,87.76
6820,2005-06-02,88.11
6821,2005-06-03,87.75
6822,2005-06-06,88.04
6823,2005-06-07,87.6
6824,2005-06-08,87.49
6825,2005-06-09,87.88
6826,2005-06-10,88.07
6827,2005-06-13,88.69
6828,2005-06-14,88.95
6829,2005-06-15,89.3
6830,2005-06-16,88.62
6831,2005-06-17,88.64
6832,2005-06-20,87.65
6833,2005-06-21,88.49
6834,2005-06-22,88.12
6835,2005-06-23,88.56
6836,2005-06-24,89.12
6837,2005-06-27,88.78
6838,2005-06-28,88.45
6839,2005-06-29,88.99
6840,2005-06-30,89.11
6841,2005-07-01,89.09
6842,2005-07-04,90.13
6843,2005-07-05,90.46
6844,2005-07-06,90.44
6845,2005-07-07,90.38
6846,2005-07-08,90.28
6847,2005-07-11,90.25
6848,2005-07-12,89.46
6849,2005-07-13,88.35
6850,2005-07-14,89.25
6851,2005-07-15,89.48
6852,2005-07-18,89.72
6853,2005-07-19,89.64
6854,2005-07-20,89.85
6855,2005-07-21,89.34
6856,2005-07-22,88.93
6857,2005-07-25,89.64
6858,2005-07-26,89.57
6859,2005-07-27,90.0
6860,2005-07-28,89.73
6861,2005-07-29,89.34
6862,2005-08-01,89.35
6863,2005-08-02,88.89
6864,2005-08-03,88.76
6865,2005-08-04,87.99
6866,2005-08-05,87.8
6867,2005-08-08,88.06
6868,2005-08-09,87.92
6869,2005-08-10,87.89
6870,2005-08-11,87.61
6871,2005-08-12,87.1
6872,2005-08-15,86.98
6873,2005-08-16,87.32
6874,2005-08-17,87.39
6875,2005-08-18,88.0
6876,2005-08-19,88.55
6877,2005-08-22,88.6
6878,2005-08-23,88.14
6879,2005-08-24,88.08
6880,2005-08-25,87.91
6881,2005-08-26,87.64
6882,2005-08-29,87.86
6883,2005-08-30,88.25
6884,2005-08-31,88.35
6885,2005-09-01,87.58
6886,2005-09-02,86.55
6887,2005-09-05,86.3
6888,2005-09-06,86.26
6889,2005-09-07,86.57
6890,2005-09-08,86.97
6891,2005-09-09,87.04
6892,2005-09-12,86.89
6893,2005-09-13,87.68
6894,2005-09-14,87.75
6895,2005-09-15,87.67
6896,2005-09-16,88.13
6897,2005-09-19,88.06
6898,2005-09-20,88.44
6899,2005-09-21,88.6
6900,2005-09-22,88.14
6901,2005-09-23,88.56
6902,2005-09-26,89.29
6903,2005-09-27,89.11
6904,2005-09-28,89.6
6905,2005-09-29,89.47
6906,2005-09-30,89.4
6907,2005-10-03,89.52
6908,2005-10-04,90.13
6909,2005-10-05,90.1
6910,2005-10-06,89.98
6911,2005-10-07,88.66
6912,2005-10-10,89.17
6913,2005-10-11,89.46
6914,2005-10-12,89.97
6915,2005-10-13,89.63
6916,2005-10-14,89.81
6917,2005-10-17,89.46
6918,2005-10-18,89.8
6919,2005-10-19,90.29
6920,2005-10-20,89.99
6921,2005-10-21,89.78
6922,2005-10-24,90.31
6923,2005-10-25,90.11
6924,2005-10-26,89.24
6925,2005-10-27,89.49
6926,2005-10-28,89.1
6927,2005-10-31,89.59
6928,2005-11-01,90.07
6929,2005-11-02,90.08
6930,2005-11-03,89.72
6931,2005-11-04,90.44
6932,2005-11-07,91.26
6933,2005-11-08,91.29
6934,2005-11-09,91.37
6935,2005-11-10,91.5
6936,2005-11-11,92.08
6937,2005-11-14,91.98
6938,2005-11-15,92.13
6939,2005-11-16,92.09
6940,2005-11-17,92.33
6941,2005-11-18,91.88
6942,2005-11-21,91.93
6943,2005-11-22,92.03
6944,2005-11-23,91.5
6945,2005-11-24,91.37
6946,2005-11-25,91.6
6947,2005-11-28,92.04
6948,2005-11-29,90.98
6949,2005-11-30,91.62
6950,2005-12-01,91.57
6951,2005-12-02,91.82
6952,2005-12-05,91.93
6953,2005-12-06,91.48
6954,2005-12-07,91.44
6955,2005-12-08,91.89
6956,2005-12-09,91.26
6957,2005-12-12,91.25
6958,2005-12-13,90.32
6959,2005-12-14,90.38
6960,2005-12-15,89.83
6961,2005-12-16,90.02
6962,2005-12-19,89.71
6963,2005-12-20,89.87
6964,2005-12-21,90.78
6965,2005-12-22,90.94
6966,2005-12-23,90.72
6967,2005-12-27,90.78
6968,2005-12-28,91.19
6969,2005-12-29,91.21
6970,2005-12-30,91.1
6971,2006-01-03,91.17
6972,2006-01-04,89.84
6973,2006-01-05,89.14
6974,2006-01-06,89.33
6975,2006-01-09,88.91
6976,2006-01-10,89.25
6977,2006-01-11,89.33
6978,2006-01-12,88.99
6979,2006-01-13,89.44
6980,2006-01-16,88.89
6981,2006-01-17,89.12
6982,2006-01-18,89.3
6983,2006-01-19,89.25
6984,2006-01-20,89.39
6985,2006-01-23,88.97
6986,2006-01-24,87.95
6987,2006-01-25,88.06
6988,2006-01-26,88.33
6989,2006-01-27,88.62
6990,2006-01-30,89.32
6991,2006-01-31,89.42
6992,2006-02-01,88.96
6993,2006-02-02,89.51
6994,2006-02-03,89.41
6995,2006-02-06,89.89
6996,2006-02-07,90.29
6997,2006-02-08,90.24
6998,2006-02-09,90.43
6999,2006-02-10,90.29
7000,2006-02-13,90.55
7001,2006-02-14,90.54
7002,2006-02-15,90.54
7003,2006-02-16,90.72
7004,2006-02-17,90.73
7005,2006-02-20,90.64
7006,2006-02-21,90.42
7007,2006-02-22,90.55
7008,2006-02-23,90.67
7009,2006-02-24,90.39
7010,2006-02-27,90.61
7011,2006-02-28,90.63
7012,2006-03-01,90.11
7013,2006-03-02,90.22
7014,2006-03-03,89.56
7015,2006-03-06,89.66
7016,2006-03-07,89.89
7017,2006-03-08,90.77
7018,2006-03-09,90.62
7019,2006-03-10,90.75
7020,2006-03-13,90.85
7021,2006-03-14,90.54
7022,2006-03-15,90.0
7023,2006-03-16,89.7
7024,2006-03-17,89.07
7025,2006-03-20,88.92
7026,2006-03-21,89.13
7027,2006-03-22,89.62
7028,2006-03-23,89.72
7029,2006-03-24,90.46
7030,2006-03-27,90.07
7031,2006-03-28,90.07
7032,2006-03-29,90.25
7033,2006-03-30,90.21
7034,2006-03-31,89.39
7035,2006-04-03,89.73
7036,2006-04-04,89.63
7037,2006-04-05,88.83
7038,2006-04-06,88.63
7039,2006-04-07,88.96
7040,2006-04-10,89.69
7041,2006-04-11,89.65
7042,2006-04-12,89.44
7043,2006-04-13,89.62
7044,2006-04-17,89.59
7045,2006-04-18,88.64
7046,2006-04-19,88.24
7047,2006-04-20,87.79
7048,2006-04-21,88.25
7049,2006-04-24,88.05
7050,2006-04-25,87.45
7051,2006-04-26,87.32
7052,2006-04-27,87.22
7053,2006-04-28,86.63
7054,2006-05-01,86.11
7055,2006-05-02,85.97
7056,2006-05-03,85.79
7057,2006-05-04,85.84
7058,2006-05-05,85.36
7059,2006-05-08,85.14
7060,2006-05-09,85.23
7061,2006-05-10,84.83
7062,2006-05-11,84.5
7063,2006-05-12,84.27
7064,2006-05-15,83.91
7065,2006-05-16,84.54
7066,2006-05-17,84.17
7067,2006-05-18,84.85
7068,2006-05-19,84.51
7069,2006-05-22,84.88
7070,2006-05-23,84.35
7071,2006-05-24,84.35
7072,2006-05-25,84.95
7073,2006-05-26,84.71
7074,2006-05-29,85.16
7075,2006-05-30,85.05
7076,2006-05-31,84.28
7077,2006-06-01,84.72
7078,2006-06-02,84.79
7079,2006-06-05,84.04
7080,2006-06-06,84.14
7081,2006-06-07,84.73
7082,2006-06-08,84.99
7083,2006-06-09,85.84
7084,2006-06-12,85.72
7085,2006-06-13,85.85
7086,2006-06-14,86.48
7087,2006-06-15,86.14
7088,2006-06-16,86.02
7089,2006-06-19,85.94
7090,2006-06-20,86.32
7091,2006-06-21,86.18
7092,2006-06-22,85.78
7093,2006-06-23,86.39
7094,2006-06-26,86.88
7095,2006-06-27,86.49
7096,2006-06-28,86.47
7097,2006-06-29,86.63
7098,2006-06-30,85.92
7099,2006-07-03,85.16
7100,2006-07-04,85.19
7101,2006-07-05,85.15
7102,2006-07-06,85.6
7103,2006-07-07,85.35
7104,2006-07-10,85.01
7105,2006-07-11,85.5
7106,2006-07-12,85.36
7107,2006-07-13,85.91
7108,2006-07-14,85.84
7109,2006-07-17,86.1
7110,2006-07-18,87.02
7111,2006-07-19,87.01
7112,2006-07-20,86.52
7113,2006-07-21,86.22
7114,2006-07-24,85.93
7115,2006-07-25,86.34
7116,2006-07-26,86.64
7117,2006-07-27,85.86
7118,2006-07-28,85.84
7119,2006-07-31,85.38
7120,2006-08-01,85.3
7121,2006-08-02,85.01
7122,2006-08-03,85.18
7123,2006-08-04,85.04
7124,2006-08-07,84.58
7125,2006-08-08,84.74
7126,2006-08-09,84.83
7127,2006-08-10,84.71
7128,2006-08-11,85.12
7129,2006-08-14,85.49
7130,2006-08-15,85.67
7131,2006-08-16,85.22
7132,2006-08-17,84.88
7133,2006-08-18,85.04
7134,2006-08-21,85.09
7135,2006-08-22,84.63
7136,2006-08-23,85.17
7137,2006-08-24,85.13
7138,2006-08-25,85.28
7139,2006-08-28,85.38
7140,2006-08-29,85.26
7141,2006-08-30,84.96
7142,2006-08-31,84.97
7143,2006-09-01,85.05
7144,2006-09-04,84.92
7145,2006-09-05,84.68
7146,2006-09-06,85.0
7147,2006-09-07,85.1
7148,2006-09-08,85.53
7149,2006-09-11,85.95
7150,2006-09-12,85.92
7151,2006-09-13,85.92
7152,2006-09-14,85.86
7153,2006-09-15,85.66
7154,2006-09-18,85.98
7155,2006-09-19,85.81
7156,2006-09-20,85.94
7157,2006-09-21,85.81
7158,2006-09-22,85.2
7159,2006-09-25,85.16
7160,2006-09-26,85.38
7161,2006-09-27,85.63
7162,2006-09-28,85.69
7163,2006-09-29,85.77
7164,2006-10-02,86.03
7165,2006-10-03,85.6
7166,2006-10-04,85.71
7167,2006-10-05,85.84
7168,2006-10-06,85.92
7169,2006-10-09,86.5
7170,2006-10-10,86.55
7171,2006-10-11,87.02
7172,2006-10-12,87.12
7173,2006-10-13,86.92
7174,2006-10-16,87.12
7175,2006-10-17,87.0
7176,2006-10-18,86.87
7177,2006-10-19,86.88
7178,2006-10-20,86.24
7179,2006-10-23,86.27
7180,2006-10-24,86.71
7181,2006-10-25,86.7
7182,2006-10-26,86.38
7183,2006-10-27,85.89
7184,2006-10-30,85.56
7185,2006-10-31,85.59
7186,2006-11-01,85.32
7187,2006-11-02,85.42
7188,2006-11-03,85.34
7189,2006-11-06,85.71
7190,2006-11-07,85.75
7191,2006-11-08,85.43
7192,2006-11-09,85.41
7193,2006-11-10,85.18
7194,2006-11-13,85.07
7195,2006-11-14,85.37
7196,2006-11-15,85.3
7197,2006-11-16,85.33
7198,2006-11-17,85.49
7199,2006-11-20,85.31
7200,2006-11-21,85.42
7201,2006-11-22,85.24
7202,2006-11-23,84.53
7203,2006-11-24,84.46
7204,2006-11-27,83.66
7205,2006-11-28,83.5
7206,2006-11-29,83.13
7207,2006-11-30,83.49
7208,2006-12-01,82.95
7209,2006-12-04,82.48
7210,2006-12-05,82.43
7211,2006-12-06,82.51
7212,2006-12-07,82.74
7213,2006-12-08,82.76
7214,2006-12-11,83.29
7215,2006-12-12,83.18
7216,2006-12-13,82.94
7217,2006-12-14,83.32
7218,2006-12-15,83.7
7219,2006-12-18,84.04
7220,2006-12-19,84.0
7221,2006-12-20,83.45
7222,2006-12-21,83.55
7223,2006-12-22,83.59
7224,2006-12-26,83.81
7225,2006-12-27,84.06
7226,2006-12-28,83.97
7227,2006-12-29,83.82
7228,2007-01-02,83.65
7229,2007-01-03,83.27
7230,2007-01-04,83.92
7231,2007-01-05,84.34
7232,2007-01-08,84.64
7233,2007-01-09,84.57
7234,2007-01-10,84.75
7235,2007-01-11,85.07
7236,2007-01-12,85.28
7237,2007-01-15,85.02
7238,2007-01-16,84.94
7239,2007-01-17,85.06
7240,2007-01-18,84.94
7241,2007-01-19,84.91
7242,2007-01-22,84.86
7243,2007-01-23,85.04
7244,2007-01-24,84.67
7245,2007-01-25,84.93
7246,2007-01-26,85.11
7247,2007-01-29,85.23
7248,2007-01-30,85.09
7249,2007-01-31,84.99
7250,2007-02-01,84.6
7251,2007-02-02,84.64
7252,2007-02-05,84.96
7253,2007-02-06,85.08
7254,2007-02-07,84.77
7255,2007-02-08,84.71
7256,2007-02-09,84.69
7257,2007-02-12,84.88
7258,2007-02-13,85.12
7259,2007-02-14,84.69
7260,2007-02-15,84.18
7261,2007-02-16,84.05
7262,2007-02-19,84.06
7263,2007-02-20,84.02
7264,2007-02-21,84.18
7265,2007-02-22,84.22
7266,2007-02-23,84.34
7267,2007-02-26,84.05
7268,2007-02-27,83.93
7269,2007-02-28,83.46
7270,2007-03-01,83.57
7271,2007-03-02,83.77
7272,2007-03-05,83.74
7273,2007-03-06,84.17
7274,2007-03-07,84.04
7275,2007-03-08,83.78
7276,2007-03-09,84.13
7277,2007-03-12,84.25
7278,2007-03-13,83.88
7279,2007-03-14,83.71
7280,2007-03-15,83.64
7281,2007-03-16,83.65
7282,2007-03-19,83.19
7283,2007-03-20,83.35
7284,2007-03-21,83.07
7285,2007-03-22,82.77
7286,2007-03-23,83.09
7287,2007-03-26,83.28
7288,2007-03-27,83.08
7289,2007-03-28,83.01
7290,2007-03-29,83.03
7291,2007-03-30,83.09
7292,2007-04-02,82.93
7293,2007-04-03,82.87
7294,2007-04-04,83.15
7295,2007-04-05,82.96
7296,2007-04-06,82.677
7297,2007-04-09,82.992
7298,2007-04-10,83.098
7299,2007-04-11,82.704
7300,2007-04-12,82.671
7301,2007-04-13,82.369
7302,2007-04-16,82.12899999999999
7303,2007-04-17,82.073
7304,2007-04-18,81.831
7305,2007-04-19,81.743
7306,2007-04-20,81.64399999999999
7307,2007-04-23,81.643
7308,2007-04-24,81.738
7309,2007-04-25,81.546
7310,2007-04-26,81.428
7311,2007-04-27,81.75
7312,2007-04-30,81.529
7313,2007-05-01,81.447
7314,2007-05-02,81.595
7315,2007-05-03,81.767
7316,2007-05-04,81.949
7317,2007-05-07,81.741
7318,2007-05-08,81.676
7319,2007-05-09,81.939
7320,2007-05-10,82.016
7321,2007-05-11,82.292
7322,2007-05-14,82.116
7323,2007-05-15,82.066
7324,2007-05-16,81.755
7325,2007-05-17,82.163
7326,2007-05-18,82.318
7327,2007-05-21,82.197
7328,2007-05-22,82.36399999999999
7329,2007-05-23,82.38600000000001
7330,2007-05-24,82.31
7331,2007-05-25,82.406
7332,2007-05-28,82.331
7333,2007-05-29,82.33200000000001
7334,2007-05-30,82.31
7335,2007-05-31,82.43299999999999
7336,2007-06-01,82.301
7337,2007-06-04,82.322
7338,2007-06-05,82.05799999999999
7339,2007-06-06,81.89
7340,2007-06-07,81.89699999999999
7341,2007-06-08,82.294
7342,2007-06-11,82.691
7343,2007-06-12,82.712
7344,2007-06-13,82.891
7345,2007-06-14,83.035
7346,2007-06-15,83.12799999999999
7347,2007-06-18,82.851
7348,2007-06-19,82.715
7349,2007-06-20,82.544
7350,2007-06-21,82.51799999999999
7351,2007-06-22,82.73100000000001
7352,2007-06-25,82.336
7353,2007-06-26,82.325
7354,2007-06-27,82.295
7355,2007-06-28,82.316
7356,2007-06-29,82.333
7357,2007-07-02,81.92
7358,2007-07-03,81.395
7359,2007-07-04,81.486
7360,2007-07-05,81.433
7361,2007-07-06,81.538
7362,2007-07-09,81.465
7363,2007-07-10,81.433
7364,2007-07-11,80.86
7365,2007-07-12,80.73
7366,2007-07-13,80.635
7367,2007-07-16,80.57600000000001
7368,2007-07-17,80.52199999999999
7369,2007-07-18,80.54
7370,2007-07-19,80.42399999999999
7371,2007-07-20,80.419
7372,2007-07-23,80.288
7373,2007-07-24,80.354
7374,2007-07-25,80.077
7375,2007-07-26,80.652
7376,2007-07-27,80.453
7377,2007-07-30,80.946
7378,2007-07-31,80.84899999999999
7379,2007-08-01,80.77
7380,2007-08-02,80.872
7381,2007-08-03,80.71300000000001
7382,2007-08-06,80.17699999999999
7383,2007-08-07,80.255
7384,2007-08-08,80.479
7385,2007-08-09,80.343
7386,2007-08-10,80.744
7387,2007-08-13,80.679
7388,2007-08-14,81.048
7389,2007-08-15,81.48899999999999
7390,2007-08-16,81.822
7391,2007-08-17,81.729
7392,2007-08-20,81.426
7393,2007-08-21,81.4
7394,2007-08-22,81.492
7395,2007-08-23,81.249
7396,2007-08-24,81.145
7397,2007-08-27,80.667
7398,2007-08-28,80.73899999999999
7399,2007-08-29,80.756
7400,2007-08-30,80.7
7401,2007-08-31,80.794
7402,2007-09-03,80.791
7403,2007-09-04,80.814
7404,2007-09-05,80.88
7405,2007-09-06,80.622
7406,2007-09-07,80.472
7407,2007-09-10,79.959
7408,2007-09-11,79.816
7409,2007-09-12,79.704
7410,2007-09-13,79.365
7411,2007-09-14,79.513
7412,2007-09-17,79.617
7413,2007-09-18,79.72
7414,2007-09-19,79.209
7415,2007-09-20,79.3
7416,2007-09-21,78.582
7417,2007-09-24,78.597
7418,2007-09-25,78.527
7419,2007-09-26,78.313
7420,2007-09-27,78.493
7421,2007-09-28,78.33800000000001
7422,2007-10-01,77.719
7423,2007-10-02,77.904
7424,2007-10-03,78.303
7425,2007-10-04,78.57300000000001
7426,2007-10-05,78.48100000000001
7427,2007-10-08,78.308
7428,2007-10-09,78.672
7429,2007-10-10,78.52600000000001
7430,2007-10-11,78.375
7431,2007-10-12,78.078
7432,2007-10-15,78.22399999999999
7433,2007-10-16,78.08800000000001
7434,2007-10-17,78.251
7435,2007-10-18,78.12
7436,2007-10-19,77.59
7437,2007-10-22,77.407
7438,2007-10-23,78.06
7439,2007-10-24,77.589
7440,2007-10-25,77.546
7441,2007-10-26,77.278
7442,2007-10-29,77.027
7443,2007-10-30,76.837
7444,2007-10-31,76.773
7445,2007-11-01,76.479
7446,2007-11-02,76.594
7447,2007-11-05,76.337
7448,2007-11-06,76.425
7449,2007-11-07,76.04
7450,2007-11-08,75.41199999999999
7451,2007-11-09,75.456
7452,2007-11-12,75.4
7453,2007-11-13,75.902
7454,2007-11-14,75.881
7455,2007-11-15,75.814
7456,2007-11-16,76.069
7457,2007-11-19,75.827
7458,2007-11-20,75.78
7459,2007-11-21,75.205
7460,2007-11-22,75.07300000000001
7461,2007-11-23,75.051
7462,2007-11-26,75.053
7463,2007-11-27,74.859
7464,2007-11-28,75.096
7465,2007-11-29,75.07600000000001
7466,2007-11-30,75.58800000000001
7467,2007-12-03,76.14699999999999
7468,2007-12-04,75.935
7469,2007-12-05,75.694
7470,2007-12-06,76.413
7471,2007-12-07,76.383
7472,2007-12-10,76.288
7473,2007-12-11,76.062
7474,2007-12-12,76.222
7475,2007-12-13,76.14399999999999
7476,2007-12-14,76.562
7477,2007-12-17,77.436
7478,2007-12-18,77.40100000000001
7479,2007-12-19,77.41199999999999
7480,2007-12-20,77.587
7481,2007-12-21,77.794
7482,2007-12-24,77.721
7483,2007-12-25,77.572
7484,2007-12-26,77.597
7485,2007-12-27,77.15
7486,2007-12-28,76.607
7487,2007-12-31,76.218
7488,2008-01-01,76.695
7489,2008-01-02,76.648
7490,2008-01-03,75.972
7491,2008-01-04,75.889
7492,2008-01-07,75.793
7493,2008-01-08,76.17399999999999
7494,2008-01-09,76.111
7495,2008-01-10,76.419
7496,2008-01-11,75.934
7497,2008-01-14,75.97800000000001
7498,2008-01-15,75.613
7499,2008-01-16,75.574
7500,2008-01-17,76.258
7501,2008-01-18,76.17399999999999
7502,2008-01-21,76.383
7503,2008-01-22,76.866
7504,2008-01-23,76.346
7505,2008-01-24,76.40100000000001
7506,2008-01-25,75.692
7507,2008-01-28,75.973
7508,2008-01-29,75.579
7509,2008-01-30,75.545
7510,2008-01-31,75.032
7511,2008-02-01,75.178
7512,2008-02-04,75.445
7513,2008-02-05,75.37
7514,2008-02-06,76.116
7515,2008-02-07,76.141
7516,2008-02-08,76.938
7517,2008-02-11,76.67
7518,2008-02-12,76.584
7519,2008-02-13,76.315
7520,2008-02-14,76.399
7521,2008-02-15,76.155
7522,2008-02-18,76.101
7523,2008-02-19,76.257
7524,2008-02-20,75.998
7525,2008-02-21,76.116
7526,2008-02-22,75.601
7527,2008-02-25,75.52
7528,2008-02-26,75.529
7529,2008-02-27,74.763
7530,2008-02-28,74.21300000000001
7531,2008-02-29,73.721
7532,2008-03-03,73.714
7533,2008-03-04,73.704
7534,2008-03-05,73.664
7535,2008-03-06,73.479
7536,2008-03-07,73.001
7537,2008-03-10,73.027
7538,2008-03-11,72.993
7539,2008-03-12,73.277
7540,2008-03-13,72.404
7541,2008-03-14,72.072
7542,2008-03-17,71.657
7543,2008-03-18,71.459
7544,2008-03-19,71.571
7545,2008-03-20,72.14399999999999
7546,2008-03-21,72.747
7547,2008-03-24,72.709
7548,2008-03-25,72.949
7549,2008-03-26,72.27600000000001
7550,2008-03-27,71.506
7551,2008-03-28,71.66
7552,2008-03-31,71.678
7553,2008-04-01,71.80199999999999
7554,2008-04-02,72.563
7555,2008-04-03,72.259
7556,2008-04-04,72.217
7557,2008-04-07,72.021
7558,2008-04-08,72.202
7559,2008-04-09,72.232
7560,2008-04-10,71.833
7561,2008-04-11,72.117
7562,2008-04-14,71.808
7563,2008-04-15,71.875
7564,2008-04-16,72.023
7565,2008-04-17,71.408
7566,2008-04-18,71.68
7567,2008-04-21,72.012
7568,2008-04-22,71.64699999999999
7569,2008-04-23,71.329
7570,2008-04-24,71.819
7571,2008-04-25,72.535
7572,2008-04-28,72.79
7573,2008-04-29,72.50399999999999
7574,2008-04-30,72.895
7575,2008-05-01,72.509
7576,2008-05-02,73.275
7577,2008-05-05,73.5
7578,2008-05-06,73.19
7579,2008-05-07,72.999
7580,2008-05-08,73.514
7581,2008-05-09,73.477
7582,2008-05-12,73.05
7583,2008-05-13,72.947
7584,2008-05-14,73.273
7585,2008-05-15,73.399
7586,2008-05-16,73.35
7587,2008-05-19,72.844
7588,2008-05-20,73.045
7589,2008-05-21,72.405
7590,2008-05-22,71.938
7591,2008-05-23,71.899
7592,2008-05-26,71.888
7593,2008-05-27,71.99
7594,2008-05-28,72.33800000000001
7595,2008-05-29,72.547
7596,2008-05-30,73.023
7597,2008-06-02,72.87899999999999
7598,2008-06-03,72.929
7599,2008-06-04,73.24
7600,2008-06-05,73.42399999999999
7601,2008-06-06,73.038
7602,2008-06-09,72.39
7603,2008-06-10,72.854
7604,2008-06-11,73.696
7605,2008-06-12,73.209
7606,2008-06-13,73.859
7607,2008-06-16,74.146
7608,2008-06-17,73.61
7609,2008-06-18,73.514
7610,2008-06-19,73.44
7611,2008-06-20,73.483
7612,2008-06-23,73.03
7613,2008-06-24,73.434
7614,2008-06-25,73.241
7615,2008-06-26,72.933
7616,2008-06-27,72.487
7617,2008-06-30,72.36
7618,2008-07-01,72.46300000000001
7619,2008-07-02,72.369
7620,2008-07-03,72.029
7621,2008-07-04,72.742
7622,2008-07-07,72.73100000000001
7623,2008-07-08,72.67
7624,2008-07-09,73.012
7625,2008-07-10,72.58
7626,2008-07-11,72.493
7627,2008-07-14,72.096
7628,2008-07-15,71.915
7629,2008-07-16,71.872
7630,2008-07-17,72.064
7631,2008-07-18,72.242
7632,2008-07-21,72.189
7633,2008-07-22,71.99
7634,2008-07-23,72.446
7635,2008-07-24,72.811
7636,2008-07-25,72.933
7637,2008-07-28,72.86
7638,2008-07-29,72.649
7639,2008-07-30,73.309
7640,2008-07-31,73.322
7641,2008-08-01,73.227
7642,2008-08-04,73.42399999999999
7643,2008-08-05,73.462
7644,2008-08-06,73.881
7645,2008-08-07,74.244
7646,2008-08-08,74.547
7647,2008-08-11,75.845
7648,2008-08-12,76.125
7649,2008-08-13,76.152
7650,2008-08-14,76.208
7651,2008-08-15,76.669
7652,2008-08-18,77.18
7653,2008-08-19,77.117
7654,2008-08-20,76.839
7655,2008-08-21,76.958
7656,2008-08-22,76.196
7657,2008-08-25,76.805
7658,2008-08-26,76.793
7659,2008-08-27,77.251
7660,2008-08-28,77.051
7661,2008-08-29,77.15100000000001
7662,2008-09-01,77.381
7663,2008-09-02,77.64399999999999
7664,2008-09-03,78.061
7665,2008-09-04,78.087
7666,2008-09-05,78.61
7667,2008-09-08,78.932
7668,2008-09-09,79.589
7669,2008-09-10,79.247
7670,2008-09-11,79.845
7671,2008-09-12,80.146
7672,2008-09-15,78.96600000000001
7673,2008-09-16,78.90899999999999
7674,2008-09-17,79.068
7675,2008-09-18,78.095
7676,2008-09-19,78.01899999999999
7677,2008-09-22,77.68
7678,2008-09-23,76.15100000000001
7679,2008-09-24,76.468
7680,2008-09-25,76.788
7681,2008-09-26,76.994
7682,2008-09-29,76.953
7683,2008-09-30,77.471
7684,2008-10-01,79.44800000000001
7685,2008-10-02,79.46300000000001
7686,2008-10-03,80.439
7687,2008-10-06,80.313
7688,2008-10-07,81.675
7689,2008-10-08,80.973
7690,2008-10-09,80.913
7691,2008-10-10,81.163
7692,2008-10-13,82.99700000000001
7693,2008-10-14,81.876
7694,2008-10-15,81.363
7695,2008-10-16,82.05
7696,2008-10-17,82.455
7697,2008-10-20,82.413
7698,2008-10-21,83.1
7699,2008-10-22,83.99
7700,2008-10-23,85.37
7701,2008-10-24,85.36
7702,2008-10-27,86.44
7703,2008-10-28,86.934
7704,2008-10-29,87.02799999999999
7705,2008-10-30,85.071
7706,2008-10-31,84.556
7707,2008-11-03,85.633
7708,2008-11-04,86.354
7709,2008-11-05,84.78399999999999
7710,2008-11-06,84.60600000000001
7711,2008-11-07,85.89299999999999
7712,2008-11-10,85.90700000000001
7713,2008-11-11,85.912
7714,2008-11-12,87.075
7715,2008-11-13,87.47
7716,2008-11-14,86.93799999999999
7717,2008-11-17,86.365
7718,2008-11-18,86.807
7719,2008-11-19,87.37200000000001
7720,2008-11-20,87.31200000000001
7721,2008-11-21,87.969
7722,2008-11-24,88.191
7723,2008-11-25,86.081
7724,2008-11-26,85.0
7725,2008-11-27,85.667
7726,2008-11-28,85.56700000000001
7727,2008-12-01,86.51700000000001
7728,2008-12-02,86.72399999999999
7729,2008-12-03,86.70200000000001
7730,2008-12-04,87.03
7731,2008-12-05,86.444
7732,2008-12-08,87.12100000000001
7733,2008-12-09,85.56
7734,2008-12-10,85.837
7735,2008-12-11,85.484
7736,2008-12-12,83.834
7737,2008-12-15,83.64399999999999
7738,2008-12-16,82.27
7739,2008-12-17,80.683
7740,2008-12-18,78.908
7741,2008-12-19,79.467
7742,2008-12-22,81.298
7743,2008-12-23,81.093
7744,2008-12-24,81.241
7745,2008-12-26,81.214
7746,2008-12-29,80.892
7747,2008-12-30,80.685
7748,2008-12-31,80.899
7749,2009-01-02,81.308
7750,2009-01-05,81.839
7751,2009-01-06,82.637
7752,2009-01-07,82.85
7753,2009-01-08,82.275
7754,2009-01-09,81.536
7755,2009-01-12,82.663
7756,2009-01-13,83.01899999999999
7757,2009-01-14,84.265
7758,2009-01-15,84.419
7759,2009-01-16,84.44
7760,2009-01-19,84.212
7761,2009-01-20,84.72200000000001
7762,2009-01-21,86.21600000000001
7763,2009-01-22,85.81700000000001
7764,2009-01-23,85.52
7765,2009-01-26,85.60799999999999
7766,2009-01-27,84.727
7767,2009-01-28,84.426
7768,2009-01-29,84.67200000000001
7769,2009-01-30,85.277
7770,2009-02-02,85.999
7771,2009-02-03,86.073
7772,2009-02-04,85.05
7773,2009-02-05,85.70200000000001
7774,2009-02-06,86.057
7775,2009-02-09,85.346
7776,2009-02-10,84.792
7777,2009-02-11,85.807
7778,2009-02-12,85.77600000000001
7779,2009-02-13,86.54700000000001
7780,2009-02-16,86.041
7781,2009-02-17,86.66
7782,2009-02-18,87.581
7783,2009-02-19,88.007
7784,2009-02-20,87.439
7785,2009-02-23,86.488
7786,2009-02-24,87.24
7787,2009-02-25,86.895
7788,2009-02-26,87.906
7789,2009-02-27,87.727
7790,2009-03-02,88.008
7791,2009-03-03,88.94
7792,2009-03-04,88.91
7793,2009-03-05,88.57700000000001
7794,2009-03-06,89.105
7795,2009-03-09,88.512
7796,2009-03-10,89.009
7797,2009-03-11,88.927
7798,2009-03-12,87.868
7799,2009-03-13,87.66
7800,2009-03-16,87.428
7801,2009-03-17,86.946
7802,2009-03-18,86.93299999999999
7803,2009-03-19,84.595
7804,2009-03-20,83.12899999999999
7805,2009-03-23,83.84100000000001
7806,2009-03-24,83.426
7807,2009-03-25,83.85799999999999
7808,2009-03-26,83.80799999999999
7809,2009-03-27,84.165
7810,2009-03-30,85.111
7811,2009-03-31,85.869
7812,2009-04-01,85.43
7813,2009-04-02,85.50299999999999
7814,2009-04-03,84.446
7815,2009-04-06,84.165
7816,2009-04-07,84.571
7817,2009-04-08,85.288
7818,2009-04-09,85.361
7819,2009-04-13,85.786
7820,2009-04-14,84.635
7821,2009-04-15,84.64200000000001
7822,2009-04-16,85.081
7823,2009-04-17,85.227
7824,2009-04-20,85.98100000000001
7825,2009-04-21,86.637
7826,2009-04-22,86.579
7827,2009-04-23,86.191
7828,2009-04-24,85.51700000000001
7829,2009-04-27,84.714
7830,2009-04-28,85.696
7831,2009-04-29,85.15799999999999
7832,2009-04-30,84.47399999999999
7833,2009-05-01,84.61399999999999
7834,2009-05-04,84.546
7835,2009-05-05,83.97
7836,2009-05-06,84.15700000000001
7837,2009-05-07,83.803
7838,2009-05-08,83.941
7839,2009-05-11,82.529
7840,2009-05-12,82.678
7841,2009-05-13,82.306
7842,2009-05-14,82.499
7843,2009-05-15,82.279
7844,2009-05-18,83.024
7845,2009-05-19,82.667
7846,2009-05-20,81.978
7847,2009-05-21,80.985
7848,2009-05-22,80.558
7849,2009-05-25,79.958
7850,2009-05-26,80.024
7851,2009-05-27,80.131
7852,2009-05-28,80.332
7853,2009-05-29,80.433
7854,2009-06-01,79.348
7855,2009-06-02,79.171
7856,2009-06-03,78.404
7857,2009-06-04,79.5
7858,2009-06-05,79.414
7859,2009-06-08,80.67
7860,2009-06-09,80.90899999999999
7861,2009-06-10,79.78699999999999
7862,2009-06-11,80.329
7863,2009-06-12,79.41
7864,2009-06-15,80.142
7865,2009-06-16,81.14
7866,2009-06-17,80.709
7867,2009-06-18,80.169
7868,2009-06-19,80.609
7869,2009-06-22,80.264
7870,2009-06-23,80.783
7871,2009-06-24,79.84100000000001
7872,2009-06-25,80.556
7873,2009-06-26,80.403
7874,2009-06-29,79.878
7875,2009-06-30,79.835
7876,2009-07-01,80.133
7877,2009-07-02,79.634
7878,2009-07-03,80.15100000000001
7879,2009-07-06,80.382
7880,2009-07-07,80.454
7881,2009-07-08,80.62100000000001
7882,2009-07-09,80.766
7883,2009-07-10,79.86399999999999
7884,2009-07-13,80.233
7885,2009-07-14,80.126
7886,2009-07-15,80.184
7887,2009-07-16,79.316
7888,2009-07-17,79.21600000000001
7889,2009-07-20,79.347
7890,2009-07-21,78.907
7891,2009-07-22,78.92699999999999
7892,2009-07-23,78.706
7893,2009-07-24,78.803
7894,2009-07-27,78.749
7895,2009-07-28,78.626
7896,2009-07-29,78.85
7897,2009-07-30,79.63
7898,2009-07-31,79.285
7899,2009-08-03,78.347
7900,2009-08-04,77.639
7901,2009-08-05,77.765
7902,2009-08-06,77.517
7903,2009-08-07,78.065
7904,2009-08-10,78.975
7905,2009-08-11,79.256
7906,2009-08-12,79.176
7907,2009-08-13,78.79
7908,2009-08-14,78.48899999999999
7909,2009-08-17,78.885
7910,2009-08-18,79.292
7911,2009-08-19,78.937
7912,2009-08-20,78.469
7913,2009-08-21,78.384
7914,2009-08-24,78.044
7915,2009-08-25,78.271
7916,2009-08-26,78.243
7917,2009-08-27,78.661
7918,2009-08-28,78.009
7919,2009-08-31,78.366
7920,2009-09-01,78.172
7921,2009-09-02,78.76
7922,2009-09-03,78.376
7923,2009-09-04,78.465
7924,2009-09-07,78.13600000000001
7925,2009-09-08,78.012
7926,2009-09-09,77.32300000000001
7927,2009-09-10,77.09
7928,2009-09-11,76.817
7929,2009-09-14,76.608
7930,2009-09-15,76.695
7931,2009-09-16,76.544
7932,2009-09-17,76.236
7933,2009-09-18,76.188
7934,2009-09-21,76.425
7935,2009-09-22,76.77600000000001
7936,2009-09-23,76.118
7937,2009-09-24,76.047
7938,2009-09-25,76.9
7939,2009-09-28,76.812
7940,2009-09-29,77.051
7941,2009-09-30,77.124
7942,2009-10-01,76.653
7943,2009-10-02,77.188
7944,2009-10-05,77.003
7945,2009-10-06,76.642
7946,2009-10-07,76.335
7947,2009-10-08,76.494
7948,2009-10-09,75.96600000000001
7949,2009-10-12,76.431
7950,2009-10-13,76.126
7951,2009-10-14,75.976
7952,2009-10-15,75.551
7953,2009-10-16,75.48100000000001
7954,2009-10-19,75.597
7955,2009-10-20,75.51
7956,2009-10-21,75.565
7957,2009-10-22,74.972
7958,2009-10-23,75.094
7959,2009-10-26,75.468
7960,2009-10-27,76.061
7961,2009-10-28,76.135
7962,2009-10-29,76.425
7963,2009-10-30,75.917
7964,2009-11-02,76.3
7965,2009-11-03,76.29
7966,2009-11-04,76.38600000000001
7967,2009-11-05,75.643
7968,2009-11-06,75.741
7969,2009-11-09,75.819
7970,2009-11-10,75.02600000000001
7971,2009-11-11,75.021
7972,2009-11-12,75.16199999999999
7973,2009-11-13,75.596
7974,2009-11-16,75.334
7975,2009-11-17,74.89399999999999
7976,2009-11-18,75.369
7977,2009-11-19,75.185
7978,2009-11-20,75.293
7979,2009-11-23,75.656
7980,2009-11-24,75.085
7981,2009-11-25,75.068
7982,2009-11-26,74.26899999999999
7983,2009-11-27,74.82600000000001
7984,2009-11-30,74.99600000000001
7985,2009-12-01,74.87899999999999
7986,2009-12-02,74.365
7987,2009-12-03,74.669
7988,2009-12-04,74.631
7989,2009-12-07,75.911
7990,2009-12-08,75.767
7991,2009-12-09,76.31
7992,2009-12-10,76.038
7993,2009-12-11,76.045
7994,2009-12-14,76.57300000000001
7995,2009-12-15,76.352
7996,2009-12-16,76.961
7997,2009-12-17,76.995
7998,2009-12-18,77.694
7999,2009-12-21,77.821
8000,2009-12-22,78.03699999999999
8001,2009-12-23,78.25
8002,2009-12-24,77.89699999999999
8003,2009-12-28,77.734
8004,2009-12-29,77.633
8005,2009-12-30,77.831
8006,2009-12-31,77.914
8007,2010-01-04,77.86
8008,2010-01-05,77.525
8009,2010-01-06,77.619
8010,2010-01-07,77.493
8011,2010-01-08,77.913
8012,2010-01-11,77.471
8013,2010-01-12,77.005
8014,2010-01-13,76.954
8015,2010-01-14,76.846
8016,2010-01-15,76.732
8017,2010-01-18,77.32300000000001
8018,2010-01-19,77.064
8019,2010-01-20,77.5
8020,2010-01-21,78.33800000000001
8021,2010-01-22,78.32
8022,2010-01-25,78.277
8023,2010-01-26,78.19
8024,2010-01-27,78.432
8025,2010-01-28,78.675
8026,2010-01-29,78.904
8027,2010-02-01,79.462
8028,2010-02-02,79.242
8029,2010-02-03,79.014
8030,2010-02-04,79.372
8031,2010-02-05,79.916
8032,2010-02-08,80.441
8033,2010-02-09,80.30199999999999
8034,2010-02-10,79.863
8035,2010-02-11,80.028
8036,2010-02-12,79.994
8037,2010-02-15,80.218
8038,2010-02-16,80.332
8039,2010-02-17,79.7
8040,2010-02-18,80.376
8041,2010-02-19,80.398
8042,2010-02-22,80.643
8043,2010-02-23,80.507
8044,2010-02-24,80.85
8045,2010-02-25,80.84899999999999
8046,2010-02-26,80.78699999999999
8047,2010-03-01,80.362
8048,2010-03-02,80.658
8049,2010-03-03,80.521
8050,2010-03-04,79.977
8051,2010-03-05,80.561
8052,2010-03-08,80.432
8053,2010-03-09,80.432
8054,2010-03-10,80.592
8055,2010-03-11,80.445
8056,2010-03-12,80.32300000000001
8057,2010-03-15,79.833
8058,2010-03-16,80.251
8059,2010-03-17,79.753
8060,2010-03-18,79.638
8061,2010-03-19,80.225
8062,2010-03-22,80.72399999999999
8063,2010-03-23,80.65100000000001
8064,2010-03-24,80.896
8065,2010-03-25,81.83800000000001
8066,2010-03-26,82.12
8067,2010-03-29,81.676
8068,2010-03-30,81.358
8069,2010-03-31,81.47
8070,2010-04-01,81.07300000000001
8071,2010-04-02,80.77600000000001
8072,2010-04-05,81.173
8073,2010-04-06,81.094
8074,2010-04-07,81.387
8075,2010-04-08,81.443
8076,2010-04-09,81.53399999999999
8077,2010-04-12,81.093
8078,2010-04-13,80.562
8079,2010-04-14,80.507
8080,2010-04-15,80.19
8081,2010-04-16,80.482
8082,2010-04-19,80.824
8083,2010-04-20,81.0
8084,2010-04-21,81.04899999999999
8085,2010-04-22,81.161
8086,2010-04-23,81.567
8087,2010-04-26,81.352
8088,2010-04-27,81.48100000000001
8089,2010-04-28,82.146
8090,2010-04-29,82.381
8091,2010-04-30,82.00299999999999
8092,2010-05-03,81.866
8093,2010-05-04,82.272
8094,2010-05-05,83.29899999999999
8095,2010-05-06,84.079
8096,2010-05-07,84.89399999999999
8097,2010-05-10,84.45
8098,2010-05-11,84.156
8099,2010-05-12,84.46700000000001
8100,2010-05-13,84.82799999999999
8101,2010-05-14,85.20700000000001
8102,2010-05-17,86.095
8103,2010-05-18,86.205
8104,2010-05-19,87.162
8105,2010-05-20,86.39200000000001
8106,2010-05-21,85.565
8107,2010-05-24,85.37100000000001
8108,2010-05-25,86.206
8109,2010-05-26,86.779
8110,2010-05-27,87.12100000000001
8111,2010-05-28,86.185
8112,2010-05-31,86.48
8113,2010-06-01,86.588
8114,2010-06-02,86.64299999999999
8115,2010-06-03,86.79299999999999
8116,2010-06-04,87.13600000000001
8117,2010-06-07,88.23299999999999
8118,2010-06-08,88.405
8119,2010-06-09,88.39399999999999
8120,2010-06-10,87.897
8121,2010-06-11,87.169
8122,2010-06-14,87.507
8123,2010-06-15,86.51100000000001
8124,2010-06-16,85.98100000000001
8125,2010-06-17,86.083
8126,2010-06-18,85.68799999999999
8127,2010-06-21,85.699
8128,2010-06-22,85.932
8129,2010-06-23,86.10600000000001
8130,2010-06-24,85.741
8131,2010-06-25,85.73299999999999
8132,2010-06-28,85.31299999999999
8133,2010-06-29,85.652
8134,2010-06-30,86.025
8135,2010-07-01,86.01899999999999
8136,2010-07-02,84.71600000000001
8137,2010-07-05,84.427
8138,2010-07-06,84.60799999999999
8139,2010-07-07,84.083
8140,2010-07-08,83.822
8141,2010-07-09,83.824
8142,2010-07-12,83.947
8143,2010-07-13,84.20299999999999
8144,2010-07-14,83.64299999999999
8145,2010-07-15,83.426
8146,2010-07-16,82.55799999999999
8147,2010-07-19,82.486
8148,2010-07-20,82.51299999999999
8149,2010-07-21,82.74700000000001
8150,2010-07-22,83.39299999999999
8151,2010-07-23,82.595
8152,2010-07-26,82.464
8153,2010-07-27,82.087
8154,2010-07-28,82.185
8155,2010-07-29,82.179
8156,2010-07-30,81.63600000000001
8157,2010-08-02,81.539
8158,2010-08-03,80.938
8159,2010-08-04,80.596
8160,2010-08-05,80.892
8161,2010-08-06,80.825
8162,2010-08-09,80.407
8163,2010-08-10,80.711
8164,2010-08-11,80.79899999999999
8165,2010-08-12,82.29
8166,2010-08-13,82.635
8167,2010-08-16,82.948
8168,2010-08-17,82.53299999999999
8169,2010-08-18,82.226
8170,2010-08-19,82.223
8171,2010-08-20,82.447
8172,2010-08-23,83.057
8173,2010-08-24,83.12299999999999
8174,2010-08-25,83.146
8175,2010-08-26,83.26100000000001
8176,2010-08-27,82.934
8177,2010-08-30,82.91799999999999
8178,2010-08-31,83.164
8179,2010-09-01,83.20200000000001
8180,2010-09-02,82.522
8181,2010-09-03,82.463
8182,2010-09-06,82.102
8183,2010-09-07,82.042
8184,2010-09-08,82.82
8185,2010-09-09,82.585
8186,2010-09-10,82.67399999999999
8187,2010-09-13,82.698
8188,2010-09-14,81.91199999999999
8189,2010-09-15,81.08
8190,2010-09-16,81.491
8191,2010-09-17,81.241
8192,2010-09-20,81.398
8193,2010-09-21,81.335
8194,2010-09-22,80.439
8195,2010-09-23,79.83
8196,2010-09-24,80.01
8197,2010-09-27,79.395
8198,2010-09-28,79.33800000000001
8199,2010-09-29,79.014
8200,2010-09-30,78.691
8201,2010-10-01,78.72
8202,2010-10-04,78.08800000000001
8203,2010-10-05,78.447
8204,2010-10-06,77.749
8205,2010-10-07,77.38600000000001
8206,2010-10-08,77.387
8207,2010-10-11,77.325
8208,2010-10-12,77.442
8209,2010-10-13,77.363
8210,2010-10-14,77.071
8211,2010-10-15,76.64699999999999
8212,2010-10-18,77.041
8213,2010-10-19,76.934
8214,2010-10-20,78.184
8215,2010-10-21,77.171
8216,2010-10-22,77.418
8217,2010-10-25,77.472
8218,2010-10-26,77.10300000000001
8219,2010-10-27,77.708
8220,2010-10-28,78.149
8221,2010-10-29,77.308
8222,2010-11-01,77.266
8223,2010-11-02,77.296
8224,2010-11-03,76.722
8225,2010-11-04,76.48100000000001
8226,2010-11-05,75.882
8227,2010-11-08,76.548
8228,2010-11-09,77.027
8229,2010-11-10,77.443
8230,2010-11-11,77.634
8231,2010-11-12,78.217
8232,2010-11-15,78.082
8233,2010-11-16,78.518
8234,2010-11-17,79.21
8235,2010-11-18,79.084
8236,2010-11-19,78.617
8237,2010-11-22,78.50399999999999
8238,2010-11-23,78.682
8239,2010-11-24,79.681
8240,2010-11-25,79.867
8241,2010-11-26,79.73
8242,2010-11-29,80.357
8243,2010-11-30,80.835
8244,2010-12-01,81.195
8245,2010-12-02,80.71300000000001
8246,2010-12-03,80.303
8247,2010-12-06,79.377
8248,2010-12-07,79.571
8249,2010-12-08,79.857
8250,2010-12-09,79.997
8251,2010-12-10,80.069
8252,2010-12-13,80.07
8253,2010-12-14,79.28399999999999
8254,2010-12-15,79.367
8255,2010-12-16,80.26100000000001
8256,2010-12-17,80.181
8257,2010-12-20,80.373
8258,2010-12-21,80.628
8259,2010-12-22,80.718
8260,2010-12-23,80.727
8261,2010-12-24,80.52199999999999
8262,2010-12-27,80.47399999999999
8263,2010-12-28,80.366
8264,2010-12-29,80.365
8265,2010-12-30,79.796
8266,2010-12-31,79.521
8267,2011-01-03,79.028
8268,2011-01-04,79.127
8269,2011-01-05,79.444
8270,2011-01-06,80.258
8271,2011-01-07,80.791
8272,2011-01-10,81.012
8273,2011-01-11,80.881
8274,2011-01-12,80.846
8275,2011-01-13,80.031
8276,2011-01-14,79.191
8277,2011-01-17,79.16199999999999
8278,2011-01-18,79.337
8279,2011-01-19,78.962
8280,2011-01-20,78.64
8281,2011-01-21,78.82300000000001
8282,2011-01-24,78.21300000000001
8283,2011-01-25,78.05
8284,2011-01-26,78.002
8285,2011-01-27,77.898
8286,2011-01-28,77.727
8287,2011-01-31,78.133
8288,2011-02-01,77.735
8289,2011-02-02,77.067
8290,2011-02-03,77.158
8291,2011-02-04,77.748
8292,2011-02-07,78.044
8293,2011-02-08,78.029
8294,2011-02-09,77.999
8295,2011-02-10,77.641
8296,2011-02-11,78.25
8297,2011-02-14,78.46
8298,2011-02-15,78.61399999999999
8299,2011-02-16,78.57300000000001
8300,2011-02-17,78.223
8301,2011-02-18,77.995
8302,2011-02-21,77.664
8303,2011-02-22,77.689
8304,2011-02-23,77.768
8305,2011-02-24,77.40899999999999
8306,2011-02-25,77.057
8307,2011-02-28,77.275
8308,2011-03-01,76.889
8309,2011-03-02,77.04899999999999
8310,2011-03-03,76.671
8311,2011-03-04,76.483
8312,2011-03-07,76.4
8313,2011-03-08,76.49600000000001
8314,2011-03-09,76.798
8315,2011-03-10,76.721
8316,2011-03-11,77.27600000000001
8317,2011-03-14,76.77600000000001
8318,2011-03-15,76.34899999999999
8319,2011-03-16,76.328
8320,2011-03-17,76.681
8321,2011-03-18,76.041
8322,2011-03-21,75.718
8323,2011-03-22,75.40100000000001
8324,2011-03-23,75.434
8325,2011-03-24,75.794
8326,2011-03-25,75.656
8327,2011-03-28,76.217
8328,2011-03-29,76.128
8329,2011-03-30,76.249
8330,2011-03-31,76.118
8331,2011-04-01,75.857
8332,2011-04-04,75.833
8333,2011-04-05,75.91199999999999
8334,2011-04-06,75.882
8335,2011-04-07,75.514
8336,2011-04-08,75.585
8337,2011-04-11,75.066
8338,2011-04-12,75.056
8339,2011-04-13,74.85300000000001
8340,2011-04-14,74.98
8341,2011-04-15,74.685
8342,2011-04-18,74.832
8343,2011-04-19,75.50399999999999
8344,2011-04-20,75.029
8345,2011-04-21,74.368
8346,2011-04-22,74.109
8347,2011-04-25,74.108
8348,2011-04-26,73.986
8349,2011-04-27,73.837
8350,2011-04-28,73.51899999999999
8351,2011-04-29,73.12100000000001
8352,2011-05-02,72.933
8353,2011-05-03,72.95100000000001
8354,2011-05-04,73.14
8355,2011-05-05,73.031
8356,2011-05-06,74.194
8357,2011-05-09,74.84100000000001
8358,2011-05-10,74.737
8359,2011-05-11,74.611
8360,2011-05-12,75.327
8361,2011-05-13,75.24
8362,2011-05-16,75.757
8363,2011-05-17,75.47
8364,2011-05-18,75.399
8365,2011-05-19,75.475
8366,2011-05-20,75.123
8367,2011-05-23,75.435
8368,2011-05-24,76.104
8369,2011-05-25,75.882
8370,2011-05-26,75.932
8371,2011-05-27,75.54899999999999
8372,2011-05-30,74.954
8373,2011-05-31,74.958
8374,2011-06-01,74.638
8375,2011-06-02,74.67699999999999
8376,2011-06-03,74.333
8377,2011-06-06,73.783
8378,2011-06-07,73.952
8379,2011-06-08,73.521
8380,2011-06-09,73.93
8381,2011-06-10,74.192
8382,2011-06-13,74.795
8383,2011-06-14,74.512
8384,2011-06-15,74.332
8385,2011-06-16,75.601
8386,2011-06-17,75.752
8387,2011-06-20,74.988
8388,2011-06-21,75.029
8389,2011-06-22,74.541
8390,2011-06-23,74.783
8391,2011-06-24,75.447
8392,2011-06-27,75.665
8393,2011-06-28,75.392
8394,2011-06-29,75.063
8395,2011-06-30,74.691
8396,2011-07-01,74.303
8397,2011-07-04,74.34899999999999
8398,2011-07-05,74.275
8399,2011-07-06,74.691
8400,2011-07-07,75.122
8401,2011-07-08,74.957
8402,2011-07-11,75.179
8403,2011-07-12,75.98899999999999
8404,2011-07-13,75.809
8405,2011-07-14,75.208
8406,2011-07-15,75.253
8407,2011-07-18,75.126
8408,2011-07-19,75.483
8409,2011-07-20,75.221
8410,2011-07-21,74.792
8411,2011-07-22,74.015
8412,2011-07-25,74.20100000000001
8413,2011-07-26,74.064
8414,2011-07-27,73.47399999999999
8415,2011-07-28,74.087
8416,2011-07-29,74.222
8417,2011-08-01,73.89699999999999
8418,2011-08-02,74.262
8419,2011-08-03,74.513
8420,2011-08-04,74.044
8421,2011-08-05,75.124
8422,2011-08-08,74.598
8423,2011-08-09,74.791
8424,2011-08-10,74.605
8425,2011-08-11,74.63600000000001
8426,2011-08-12,74.67699999999999
8427,2011-08-15,74.607
8428,2011-08-16,73.836
8429,2011-08-17,74.01
8430,2011-08-18,73.67399999999999
8431,2011-08-19,74.244
8432,2011-08-22,74.009
8433,2011-08-23,74.074
8434,2011-08-24,73.89399999999999
8435,2011-08-25,74.012
8436,2011-08-26,74.279
8437,2011-08-29,73.814
8438,2011-08-30,73.721
8439,2011-08-31,73.946
8440,2011-09-01,74.117
8441,2011-09-02,74.479
8442,2011-09-05,74.756
8443,2011-09-06,75.112
8444,2011-09-07,75.952
8445,2011-09-08,75.467
8446,2011-09-09,76.24600000000001
8447,2011-09-12,77.192
8448,2011-09-13,77.578
8449,2011-09-14,76.919
8450,2011-09-15,76.833
8451,2011-09-16,76.241
8452,2011-09-19,76.59899999999999
8453,2011-09-20,77.146
8454,2011-09-21,77.03
8455,2011-09-22,77.342
8456,2011-09-23,78.455
8457,2011-09-26,78.501
8458,2011-09-27,78.363
8459,2011-09-28,77.506
8460,2011-09-29,77.852
8461,2011-09-30,78.028
8462,2011-10-03,78.553
8463,2011-10-04,79.431
8464,2011-10-05,79.597
8465,2011-10-06,78.919
8466,2011-10-07,78.634
8467,2011-10-10,78.726
8468,2011-10-11,77.494
8469,2011-10-12,77.585
8470,2011-10-13,76.994
8471,2011-10-14,76.99600000000001
8472,2011-10-17,76.623
8473,2011-10-18,77.146
8474,2011-10-19,77.138
8475,2011-10-20,77.11399999999999
8476,2011-10-21,76.97399999999999
8477,2011-10-24,76.395
8478,2011-10-25,76.028
8479,2011-10-26,76.122
8480,2011-10-27,76.24600000000001
8481,2011-10-28,74.87899999999999
8482,2011-10-31,75.067
8483,2011-11-01,76.166
8484,2011-11-02,77.26100000000001
8485,2011-11-03,77.017
8486,2011-11-04,76.672
8487,2011-11-07,76.962
8488,2011-11-08,76.962
8489,2011-11-09,76.586
8490,2011-11-10,77.926
8491,2011-11-11,77.743
8492,2011-11-14,76.945
8493,2011-11-15,77.569
8494,2011-11-16,77.872
8495,2011-11-17,78.016
8496,2011-11-18,78.282
8497,2011-11-21,78.064
8498,2011-11-22,78.3
8499,2011-11-23,78.266
8500,2011-11-24,79.141
8501,2011-11-25,79.141
8502,2011-11-28,79.686
8503,2011-11-29,79.263
8504,2011-11-30,79.007
8505,2011-12-01,78.384
8506,2011-12-02,78.328
8507,2011-12-05,78.625
8508,2011-12-06,78.57
8509,2011-12-07,78.499
8510,2011-12-08,78.485
8511,2011-12-09,78.832
8512,2011-12-12,78.632
8513,2011-12-13,79.53399999999999
8514,2011-12-14,80.242
8515,2011-12-15,80.589
8516,2011-12-16,80.321
8517,2011-12-19,80.256
8518,2011-12-20,80.25
8519,2011-12-21,79.882
8520,2011-12-22,80.02199999999999
8521,2011-12-23,79.964
8522,2011-12-26,79.93
8523,2011-12-27,79.921
8524,2011-12-28,79.797
8525,2011-12-29,80.497
8526,2011-12-30,80.486
8527,2012-01-02,80.178
8528,2012-01-03,80.28
8529,2012-01-04,79.611
8530,2012-01-05,80.12899999999999
8531,2012-01-06,80.936
8532,2012-01-09,81.25399999999999
8533,2012-01-10,81.051
8534,2012-01-11,80.805
8535,2012-01-12,81.351
8536,2012-01-13,80.77
8537,2012-01-16,81.515
8538,2012-01-17,81.515
8539,2012-01-18,81.182
8540,2012-01-19,80.609
8541,2012-01-20,80.21600000000001
8542,2012-01-23,80.223
8543,2012-01-24,79.783
8544,2012-01-25,79.868
8545,2012-01-26,79.579
8546,2012-01-27,79.395
8547,2012-01-30,78.902
8548,2012-01-31,79.167
8549,2012-02-01,79.288
8550,2012-02-02,78.922
8551,2012-02-03,78.991
8552,2012-02-06,78.92399999999999
8553,2012-02-07,79.069
8554,2012-02-08,78.57600000000001
8555,2012-02-09,78.641
8556,2012-02-10,78.566
8557,2012-02-13,79.11399999999999
8558,2012-02-14,78.946
8559,2012-02-15,79.58
8560,2012-02-16,79.67
8561,2012-02-17,79.348
8562,2012-02-20,79.331
8563,2012-02-21,79.331
8564,2012-02-22,79.044
8565,2012-02-23,79.211
8566,2012-02-24,78.819
8567,2012-02-27,78.352
8568,2012-02-28,78.568
8569,2012-02-29,78.273
8570,2012-03-01,78.737
8571,2012-03-02,78.789
8572,2012-03-05,79.403
8573,2012-03-06,79.3
8574,2012-03-07,79.866
8575,2012-03-08,79.712
8576,2012-03-09,79.139
8577,2012-03-12,80.041
8578,2012-03-13,79.89
8579,2012-03-14,80.193
8580,2012-03-15,80.565
8581,2012-03-16,80.15
8582,2012-03-19,79.786
8583,2012-03-20,79.452
8584,2012-03-21,79.593
8585,2012-03-22,79.657
8586,2012-03-23,79.736
8587,2012-03-26,79.345
8588,2012-03-27,78.982
8589,2012-03-28,79.047
8590,2012-03-29,79.126
8591,2012-03-30,79.186
8592,2012-04-02,79.00399999999999
8593,2012-04-03,78.82
8594,2012-04-04,79.483
8595,2012-04-05,79.778
8596,2012-04-06,80.07600000000001
8597,2012-04-09,79.88600000000001
8598,2012-04-10,79.733
8599,2012-04-11,79.891
8600,2012-04-12,79.795
8601,2012-04-13,79.285
8602,2012-04-16,79.888
8603,2012-04-17,79.555
8604,2012-04-18,79.476
8605,2012-04-19,79.538
8606,2012-04-20,79.561
8607,2012-04-23,79.194
8608,2012-04-24,79.42
8609,2012-04-25,79.225
8610,2012-04-26,79.012
8611,2012-04-27,78.919
8612,2012-04-30,78.709
8613,2012-05-01,78.77600000000001
8614,2012-05-02,78.86399999999999
8615,2012-05-03,79.132
8616,2012-05-04,79.221
8617,2012-05-07,79.498
8618,2012-05-08,79.60300000000001
8619,2012-05-09,79.738
8620,2012-05-10,80.08
8621,2012-05-11,80.112
8622,2012-05-14,80.264
8623,2012-05-15,80.60600000000001
8624,2012-05-16,81.221
8625,2012-05-17,81.372
8626,2012-05-18,81.383
8627,2012-05-21,81.292
8628,2012-05-22,81.084
8629,2012-05-23,81.493
8630,2012-05-24,82.094
8631,2012-05-25,82.34700000000001
8632,2012-05-28,82.402
8633,2012-05-29,82.402
8634,2012-05-30,82.48
8635,2012-05-31,83.01799999999999
8636,2012-06-01,83.04299999999999
8637,2012-06-04,82.89
8638,2012-06-05,82.557
8639,2012-06-06,82.825
8640,2012-06-07,82.321
8641,2012-06-08,82.051
8642,2012-06-11,82.51100000000001
8643,2012-06-12,82.515
8644,2012-06-13,82.42299999999999
8645,2012-06-14,82.05799999999999
8646,2012-06-15,81.99
8647,2012-06-18,81.628
8648,2012-06-19,81.946
8649,2012-06-20,81.378
8650,2012-06-21,81.583
8651,2012-06-22,82.29
8652,2012-06-25,82.256
8653,2012-06-26,82.49700000000001
8654,2012-06-27,82.37200000000001
8655,2012-06-28,82.618
8656,2012-06-29,82.807
8657,2012-07-02,81.627
8658,2012-07-03,81.87
8659,2012-07-04,81.782
8660,2012-07-05,81.782
8661,2012-07-06,82.81299999999999
8662,2012-07-09,83.37700000000001
8663,2012-07-10,83.161
8664,2012-07-11,83.4
8665,2012-07-12,83.568
8666,2012-07-13,83.65899999999999
8667,2012-07-16,83.34899999999999
8668,2012-07-17,83.098
8669,2012-07-18,83.03200000000001
8670,2012-07-19,83.068
8671,2012-07-20,82.883
8672,2012-07-23,83.478
8673,2012-07-24,83.706
8674,2012-07-25,84.005
8675,2012-07-26,83.524
8676,2012-07-27,82.80799999999999
8677,2012-07-30,82.709
8678,2012-07-31,82.794
8679,2012-08-01,82.635
8680,2012-08-02,83.05799999999999
8681,2012-08-03,83.361
8682,2012-08-06,82.375
8683,2012-08-07,82.266
8684,2012-08-08,82.21
8685,2012-08-09,82.39399999999999
8686,2012-08-10,82.63799999999999
8687,2012-08-13,82.553
8688,2012-08-14,82.435
8689,2012-08-15,82.48299999999999
8690,2012-08-16,82.645
8691,2012-08-17,82.35700000000001
8692,2012-08-20,82.596
8693,2012-08-21,82.456
8694,2012-08-22,81.907
8695,2012-08-23,81.486
8696,2012-08-24,81.359
8697,2012-08-27,81.593
8698,2012-08-28,81.658
8699,2012-08-29,81.37
8700,2012-08-30,81.54899999999999
8701,2012-08-31,81.691
8702,2012-09-03,81.208
8703,2012-09-04,81.208
8704,2012-09-05,81.312
8705,2012-09-06,81.235
8706,2012-09-07,81.04
8707,2012-09-10,80.252
8708,2012-09-11,80.357
8709,2012-09-12,79.857
8710,2012-09-13,79.737
8711,2012-09-14,79.262
8712,2012-09-17,78.847
8713,2012-09-18,79.01
8714,2012-09-19,79.249
8715,2012-09-20,79.055
8716,2012-09-21,79.411
8717,2012-09-24,79.328
8718,2012-09-25,79.518
8719,2012-09-26,79.55199999999999
8720,2012-09-27,79.885
8721,2012-09-28,79.548
8722,2012-10-01,79.935
8723,2012-10-02,79.824
8724,2012-10-03,79.744
8725,2012-10-04,79.965
8726,2012-10-05,79.35300000000001
8727,2012-10-08,79.337
8728,2012-10-09,79.54
8729,2012-10-10,79.95100000000001
8730,2012-10-11,79.917
8731,2012-10-12,79.775
8732,2012-10-15,79.667
8733,2012-10-16,79.742
8734,2012-10-17,79.405
8735,2012-10-18,79.016
8736,2012-10-19,79.367
8737,2012-10-22,79.62100000000001
8738,2012-10-23,79.652
8739,2012-10-24,79.976
8740,2012-10-25,79.914
8741,2012-10-26,80.044
8742,2012-10-29,80.068
8743,2012-10-30,80.232
8744,2012-10-31,79.931
8745,2012-11-01,79.919
8746,2012-11-02,80.047
8747,2012-11-05,80.593
8748,2012-11-06,80.749
8749,2012-11-07,80.613
8750,2012-11-08,80.759
8751,2012-11-09,80.793
8752,2012-11-12,81.02600000000001
8753,2012-11-13,81.035
8754,2012-11-14,81.084
8755,2012-11-15,81.056
8756,2012-11-16,81.078
8757,2012-11-19,81.257
8758,2012-11-20,80.874
8759,2012-11-21,80.957
8760,2012-11-22,80.932
8761,2012-11-23,80.699
8762,2012-11-26,80.192
8763,2012-11-27,80.251
8764,2012-11-28,80.402
8765,2012-11-29,80.336
8766,2012-11-30,80.204
8767,2012-12-03,80.153
8768,2012-12-04,79.882
8769,2012-12-05,79.64399999999999
8770,2012-12-06,79.774
8771,2012-12-07,80.258
8772,2012-12-10,80.408
8773,2012-12-11,80.328
8774,2012-12-12,80.061
8775,2012-12-13,79.815
8776,2012-12-14,79.928
8777,2012-12-17,79.58
8778,2012-12-18,79.568
8779,2012-12-19,79.359
8780,2012-12-20,79.26899999999999
8781,2012-12-21,79.26100000000001
8782,2012-12-24,79.617
8783,2012-12-25,79.642
8784,2012-12-26,79.67
8785,2012-12-27,79.62100000000001
8786,2012-12-28,79.62
8787,2012-12-31,79.678
8788,2013-01-01,79.76899999999999
8789,2013-01-02,79.736
8790,2013-01-03,79.845
8791,2013-01-04,80.382
8792,2013-01-07,80.499
8793,2013-01-08,80.256
8794,2013-01-09,80.345
8795,2013-01-10,80.557
8796,2013-01-11,79.738
8797,2013-01-14,79.563
8798,2013-01-15,79.488
8799,2013-01-16,79.779
8800,2013-01-17,79.804
8801,2013-01-18,79.649
8802,2013-01-21,80.036
8803,2013-01-22,80.036
8804,2013-01-23,79.874
8805,2013-01-24,79.92
8806,2013-01-25,79.949
8807,2013-01-28,79.748
8808,2013-01-29,79.78
8809,2013-01-30,79.564
8810,2013-01-31,79.281
8811,2013-02-01,79.207
8812,2013-02-04,79.125
8813,2013-02-05,79.554
8814,2013-02-06,79.488
8815,2013-02-07,79.721
8816,2013-02-08,80.192
8817,2013-02-11,80.24600000000001
8818,2013-02-12,80.31
8819,2013-02-13,80.10600000000001
8820,2013-02-14,80.09100000000001
8821,2013-02-15,80.458
8822,2013-02-18,80.58
8823,2013-02-19,80.627
8824,2013-02-20,80.468
8825,2013-02-21,81.069
8826,2013-02-22,81.461
8827,2013-02-25,81.482
8828,2013-02-26,81.67
8829,2013-02-27,81.87
8830,2013-02-28,81.602
8831,2013-03-01,81.949
8832,2013-03-04,82.31299999999999
8833,2013-03-05,82.195
8834,2013-03-06,82.087
8835,2013-03-07,82.459
8836,2013-03-08,82.081
8837,2013-03-11,82.696
8838,2013-03-12,82.573
8839,2013-03-13,82.584
8840,2013-03-14,82.889
8841,2013-03-15,82.60600000000001
8842,2013-03-18,82.26100000000001
8843,2013-03-19,82.694
8844,2013-03-20,82.98899999999999
8845,2013-03-21,82.779
8846,2013-03-22,82.74
8847,2013-03-25,82.376
8848,2013-03-26,82.82799999999999
8849,2013-03-27,82.881
8850,2013-03-28,83.221
8851,2013-03-29,82.99600000000001
8852,2013-04-01,82.976
8853,2013-04-02,82.73299999999999
8854,2013-04-03,82.92399999999999
8855,2013-04-04,82.71799999999999
8856,2013-04-05,82.677
8857,2013-04-08,82.49600000000001
8858,2013-04-09,82.75200000000001
8859,2013-04-10,82.309
8860,2013-04-11,82.53200000000001
8861,2013-04-12,82.24700000000001
8862,2013-04-15,82.311
8863,2013-04-16,82.417
8864,2013-04-17,81.749
8865,2013-04-18,82.684
8866,2013-04-19,82.559
8867,2013-04-22,82.714
8868,2013-04-23,82.676
8869,2013-04-24,83.04799999999999
8870,2013-04-25,83.04799999999999
8871,2013-04-26,82.744
8872,2013-04-29,82.50200000000001
8873,2013-04-30,82.147
8874,2013-05-01,81.74600000000001
8875,2013-05-02,81.484
8876,2013-05-03,82.22399999999999
8877,2013-05-06,82.125
8878,2013-05-07,82.315
8879,2013-05-08,82.25299999999999
8880,2013-05-09,81.896
8881,2013-05-10,82.79299999999999
8882,2013-05-13,83.14299999999999
8883,2013-05-14,83.277
8884,2013-05-15,83.595
8885,2013-05-16,83.83
8886,2013-05-17,83.588
8887,2013-05-20,84.25200000000001
8888,2013-05-21,83.736
8889,2013-05-22,83.86399999999999
8890,2013-05-23,84.352
8891,2013-05-24,83.8
8892,2013-05-27,83.7
8893,2013-05-28,83.7
8894,2013-05-29,84.1
8895,2013-05-30,83.66
8896,2013-05-31,83.042
8897,2013-06-03,83.375
8898,2013-06-04,82.656
8899,2013-06-05,82.76899999999999
8900,2013-06-06,82.594
8901,2013-06-07,81.53699999999999
8902,2013-06-10,81.669
8903,2013-06-11,81.646
8904,2013-06-12,81.113
8905,2013-06-13,80.947
8906,2013-06-14,80.752
8907,2013-06-17,80.67
8908,2013-06-18,80.78699999999999
8909,2013-06-19,80.612
8910,2013-06-20,81.428
8911,2013-06-21,81.915
8912,2013-06-24,82.318
8913,2013-06-25,82.425
8914,2013-06-26,82.581
8915,2013-06-27,82.977
8916,2013-06-28,82.902
8917,2013-07-01,83.13600000000001
8918,2013-07-02,83.054
8919,2013-07-03,83.544
8920,2013-07-04,83.23100000000001
8921,2013-07-05,83.23100000000001
8922,2013-07-08,84.449
8923,2013-07-09,84.193
8924,2013-07-10,84.58
8925,2013-07-11,84.041
8926,2013-07-12,82.74600000000001
8927,2013-07-15,82.988
8928,2013-07-16,83.04299999999999
8929,2013-07-17,82.49799999999999
8930,2013-07-18,82.708
8931,2013-07-19,82.823
8932,2013-07-22,82.60700000000001
8933,2013-07-23,82.219
8934,2013-07-24,81.945
8935,2013-07-25,82.291
8936,2013-07-26,81.97
8937,2013-07-29,81.657
8938,2013-07-30,81.663
8939,2013-07-31,81.829
8940,2013-08-01,81.452
8941,2013-08-02,82.336
8942,2013-08-05,81.908
8943,2013-08-06,81.875
8944,2013-08-07,81.60300000000001
8945,2013-08-08,81.28699999999999
8946,2013-08-09,80.977
8947,2013-08-12,81.126
8948,2013-08-13,81.333
8949,2013-08-14,81.768
8950,2013-08-15,81.711
8951,2013-08-16,81.181
8952,2013-08-19,81.257
8953,2013-08-20,81.226
8954,2013-08-21,80.906
8955,2013-08-22,81.21300000000001
8956,2013-08-23,81.488
8957,2013-08-26,81.361
8958,2013-08-27,81.407
8959,2013-08-28,81.166
8960,2013-08-29,81.431
8961,2013-08-30,81.948
8962,2013-09-02,82.087
8963,2013-09-03,82.087
8964,2013-09-04,82.361
8965,2013-09-05,82.169
8966,2013-09-06,82.633
8967,2013-09-09,82.146
8968,2013-09-10,81.793
8969,2013-09-11,81.821
8970,2013-09-12,81.518
8971,2013-09-13,81.48899999999999
8972,2013-09-16,81.452
8973,2013-09-17,81.295
8974,2013-09-18,81.143
8975,2013-09-19,80.237
8976,2013-09-20,80.372
8977,2013-09-23,80.431
8978,2013-09-24,80.449
8979,2013-09-25,80.563
8980,2013-09-26,80.334
8981,2013-09-27,80.523
8982,2013-09-30,80.28699999999999
8983,2013-10-01,80.221
8984,2013-10-02,80.141
8985,2013-10-03,79.9
8986,2013-10-04,79.749
8987,2013-10-07,80.122
8988,2013-10-08,79.941
8989,2013-10-09,80.06
8990,2013-10-10,80.376
8991,2013-10-11,80.417
8992,2013-10-14,80.362
8993,2013-10-15,80.263
8994,2013-10-16,80.482
8995,2013-10-17,80.47
8996,2013-10-18,79.649
8997,2013-10-21,79.654
8998,2013-10-22,79.695
8999,2013-10-23,79.23
9000,2013-10-24,79.264
9001,2013-10-25,79.185
9002,2013-10-28,79.194
9003,2013-10-29,79.24600000000001
9004,2013-10-30,79.607
9005,2013-10-31,79.777
9006,2013-11-01,80.195
9007,2013-11-04,80.71600000000001
9008,2013-11-05,80.553
9009,2013-11-06,80.706
9010,2013-11-07,80.483
9011,2013-11-08,80.845
9012,2013-11-11,81.303
9013,2013-11-12,81.09100000000001
9014,2013-11-13,81.192
9015,2013-11-14,80.926
9016,2013-11-15,81.023
9017,2013-11-18,80.84899999999999
9018,2013-11-19,80.825
9019,2013-11-20,80.704
9020,2013-11-21,81.112
9021,2013-11-22,81.07300000000001
9022,2013-11-25,80.708
9023,2013-11-26,80.92
9024,2013-11-27,80.611
9025,2013-11-28,80.722
9026,2013-11-29,80.582
9027,2013-12-02,80.68
9028,2013-12-03,80.925
9029,2013-12-04,80.59100000000001
9030,2013-12-05,80.619
9031,2013-12-06,80.235
9032,2013-12-09,80.315
9033,2013-12-10,80.134
9034,2013-12-11,79.96600000000001
9035,2013-12-12,79.89399999999999
9036,2013-12-13,80.206
9037,2013-12-16,80.214
9038,2013-12-17,80.074
9039,2013-12-18,80.061
9040,2013-12-19,80.105
9041,2013-12-20,80.63
9042,2013-12-23,80.575
9043,2013-12-24,80.447
9044,2013-12-25,80.536
9045,2013-12-26,80.558
9046,2013-12-27,80.484
9047,2013-12-30,80.392
9048,2013-12-31,80.0
9049,2014-01-01,80.035
9050,2014-01-02,80.108
9051,2014-01-03,80.63
9052,2014-01-06,80.791
9053,2014-01-07,80.652
9054,2014-01-08,80.833
9055,2014-01-09,81.02199999999999
9056,2014-01-10,81.005
9057,2014-01-13,80.658
9058,2014-01-14,80.513
9059,2014-01-15,80.66199999999999
9060,2014-01-16,81.027
9061,2014-01-17,80.91
9062,2014-01-20,81.225
9063,2014-01-21,81.225
9064,2014-01-22,81.098
9065,2014-01-23,81.167
9066,2014-01-24,80.438
9067,2014-01-27,80.458
9068,2014-01-28,80.524
9069,2014-01-29,80.568
9070,2014-01-30,80.505
9071,2014-01-31,81.085
9072,2014-02-03,81.311
9073,2014-02-04,81.009
9074,2014-02-05,81.12100000000001
9075,2014-02-06,81.036
9076,2014-02-07,80.906
9077,2014-02-10,80.691
9078,2014-02-11,80.642
9079,2014-02-12,80.638
9080,2014-02-13,80.679
9081,2014-02-14,80.32300000000001
9082,2014-02-17,80.13600000000001
9083,2014-02-18,80.13600000000001
9084,2014-02-19,80.008
9085,2014-02-20,80.14399999999999
9086,2014-02-21,80.286
9087,2014-02-24,80.237
9088,2014-02-25,80.199
9089,2014-02-26,80.137
9090,2014-02-27,80.429
9091,2014-02-28,80.285
9092,2014-03-03,79.691
9093,2014-03-04,80.077
9094,2014-03-05,80.168
9095,2014-03-06,80.109
9096,2014-03-07,79.663
9097,2014-03-10,79.719
9098,2014-03-11,79.768
9099,2014-03-12,79.736
9100,2014-03-13,79.608
9101,2014-03-14,79.62
9102,2014-03-17,79.446
9103,2014-03-18,79.385
9104,2014-03-19,79.414
9105,2014-03-20,79.995
9106,2014-03-21,80.192
9107,2014-03-24,80.105
9108,2014-03-25,79.934
9109,2014-03-26,79.944
9110,2014-03-27,80.032
9111,2014-03-28,80.111
9112,2014-03-31,80.176
9113,2014-04-01,80.1
9114,2014-04-02,80.094
9115,2014-04-03,80.215
9116,2014-04-04,80.475
9117,2014-04-07,80.423
9118,2014-04-08,80.232
9119,2014-04-09,79.752
9120,2014-04-10,79.484
9121,2014-04-11,79.383
9122,2014-04-14,79.452
9123,2014-04-15,79.729
9124,2014-04-16,79.803
9125,2014-04-17,79.803
9126,2014-04-18,79.828
9127,2014-04-21,79.847
9128,2014-04-22,79.945
9129,2014-04-23,79.905
9130,2014-04-24,79.855
9131,2014-04-25,79.79899999999999
9132,2014-04-28,79.749
9133,2014-04-29,79.683
9134,2014-04-30,79.808
9135,2014-05-01,79.47399999999999
9136,2014-05-02,79.527
9137,2014-05-05,79.516
9138,2014-05-06,79.486
9139,2014-05-07,79.093
9140,2014-05-08,79.202
9141,2014-05-09,79.361
9142,2014-05-12,79.903
9143,2014-05-13,79.90100000000001
9144,2014-05-14,80.143
9145,2014-05-15,80.07300000000001
9146,2014-05-16,80.003
9147,2014-05-19,80.043
9148,2014-05-20,79.993
9149,2014-05-21,80.041
9150,2014-05-22,80.095
9151,2014-05-23,80.25399999999999
9152,2014-05-26,80.393
9153,2014-05-27,80.393
9154,2014-05-28,80.352
9155,2014-05-29,80.571
9156,2014-05-30,80.494
9157,2014-06-02,80.369
9158,2014-06-03,80.64399999999999
9159,2014-06-04,80.554
9160,2014-06-05,80.663
9161,2014-06-06,80.37100000000001
9162,2014-06-09,80.40899999999999
9163,2014-06-10,80.653
9164,2014-06-11,80.82
9165,2014-06-12,80.788
9166,2014-06-13,80.57600000000001
9167,2014-06-16,80.57600000000001
9168,2014-06-17,80.471
9169,2014-06-18,80.62899999999999
9170,2014-06-19,80.584
9171,2014-06-20,80.317
9172,2014-06-23,80.372
9173,2014-06-24,80.27199999999999
9174,2014-06-25,80.327
9175,2014-06-26,80.225
9176,2014-06-27,80.22
9177,2014-06-30,80.039
9178,2014-07-01,79.775
9179,2014-07-02,79.815
9180,2014-07-03,79.956
9181,2014-07-04,80.212
9182,2014-07-07,80.26899999999999
9183,2014-07-08,80.218
9184,2014-07-09,80.179
9185,2014-07-10,79.993
9186,2014-07-11,80.127
9187,2014-07-14,80.187
9188,2014-07-15,80.188
9189,2014-07-16,80.39
9190,2014-07-17,80.559
9191,2014-07-18,80.505
9192,2014-07-21,80.524
9193,2014-07-22,80.56
9194,2014-07-23,80.781
9195,2014-07-24,80.82300000000001
9196,2014-07-25,80.872
9197,2014-07-28,81.029
9198,2014-07-29,81.025
9199,2014-07-30,81.214
9200,2014-07-31,81.432
9201,2014-08-01,81.456
9202,2014-08-04,81.30199999999999
9203,2014-08-05,81.328
9204,2014-08-06,81.328
9205,2014-08-07,81.444
9206,2014-08-08,81.524
9207,2014-08-11,81.389
9208,2014-08-12,81.46600000000001
9209,2014-08-13,81.5
9210,2014-08-14,81.596
9211,2014-08-15,81.58800000000001
9212,2014-08-18,81.42399999999999
9213,2014-08-19,81.57600000000001
9214,2014-08-20,81.883
9215,2014-08-21,82.226
9216,2014-08-22,82.154
9217,2014-08-25,82.336
9218,2014-08-26,82.54899999999999
9219,2014-08-27,82.65
9220,2014-08-28,82.428
9221,2014-08-29,82.477
9222,2014-09-01,82.74799999999999
9223,2014-09-02,82.74799999999999
9224,2014-09-03,82.992
9225,2014-09-04,82.865
9226,2014-09-05,83.82
9227,2014-09-08,83.73899999999999
9228,2014-09-09,84.23200000000001
9229,2014-09-10,84.27799999999999
9230,2014-09-11,84.28299999999999
9231,2014-09-12,84.29799999999999
9232,2014-09-15,84.24
9233,2014-09-16,84.264
9234,2014-09-17,84.074
9235,2014-09-18,84.345
9236,2014-09-19,84.323
9237,2014-09-22,84.735
9238,2014-09-23,84.75200000000001
9239,2014-09-24,84.65799999999999
9240,2014-09-25,85.037
9241,2014-09-26,85.195
9242,2014-09-29,85.64
9243,2014-09-30,85.59100000000001
9244,2014-10-01,85.936
9245,2014-10-02,85.97200000000001
9246,2014-10-03,85.601
9247,2014-10-06,86.694
9248,2014-10-07,85.928
9249,2014-10-08,85.67200000000001
9250,2014-10-09,85.29700000000001
9251,2014-10-10,85.522
9252,2014-10-13,85.912
9253,2014-10-14,85.53200000000001
9254,2014-10-15,85.822
9255,2014-10-16,85.147
9256,2014-10-17,84.955
9257,2014-10-20,85.11
9258,2014-10-21,84.95299999999999
9259,2014-10-22,85.303
9260,2014-10-23,85.741
9261,2014-10-24,85.84299999999999
9262,2014-10-27,85.73200000000001
9263,2014-10-28,85.495
9264,2014-10-29,85.40799999999999
9265,2014-10-30,85.95200000000001
9266,2014-10-31,86.147
9267,2014-11-03,86.917
9268,2014-11-04,87.309
9269,2014-11-05,86.984
9270,2014-11-06,87.444
9271,2014-11-07,88.012
9272,2014-11-10,87.64200000000001
9273,2014-11-11,87.81
9274,2014-11-12,87.531
9275,2014-11-13,87.822
9276,2014-11-14,87.67399999999999
9277,2014-11-17,87.525
9278,2014-11-18,87.926
9279,2014-11-19,87.575
9280,2014-11-20,87.647
9281,2014-11-21,87.59100000000001
9282,2014-11-24,88.31
9283,2014-11-25,88.15100000000001
9284,2014-11-26,87.92
9285,2014-11-27,87.60700000000001
9286,2014-11-28,87.60700000000001
9287,2014-12-01,88.35600000000001
9288,2014-12-02,87.946
9289,2014-12-03,88.647
9290,2014-12-04,88.956
9291,2014-12-05,88.704
9292,2014-12-08,89.334
9293,2014-12-09,89.041
9294,2014-12-10,88.69
9295,2014-12-11,88.271
9296,2014-12-12,88.663
9297,2014-12-15,88.363
9298,2014-12-16,88.46
9299,2014-12-17,88.125
9300,2014-12-18,89.133
9301,2014-12-19,89.235
9302,2014-12-22,89.598
9303,2014-12-23,89.77
9304,2014-12-24,90.064
9305,2014-12-25,89.96700000000001
9306,2014-12-26,89.835
9307,2014-12-29,90.03
9308,2014-12-30,90.19
9309,2014-12-31,89.991
9310,2015-01-01,90.26899999999999
9311,2015-01-02,90.27600000000001
9312,2015-01-05,91.08
9313,2015-01-06,91.37799999999999
9314,2015-01-07,91.499
9315,2015-01-08,91.89
9316,2015-01-09,92.368
9317,2015-01-12,91.935
9318,2015-01-13,91.98299999999999
9319,2015-01-14,92.31
9320,2015-01-15,92.161
9321,2015-01-16,92.352
9322,2015-01-19,92.52
9323,2015-01-20,92.52
9324,2015-01-21,93.046
9325,2015-01-22,92.904
9326,2015-01-23,94.07700000000001
9327,2015-01-26,94.762
9328,2015-01-27,94.802
9329,2015-01-28,94.022
9330,2015-01-29,94.46700000000001
9331,2015-01-30,94.78200000000001
9332,2015-02-02,94.804
9333,2015-02-03,94.50399999999999
9334,2015-02-04,93.6
9335,2015-02-05,93.986
9336,2015-02-06,93.569
9337,2015-02-09,94.698
9338,2015-02-10,94.449
9339,2015-02-11,94.758
9340,2015-02-12,94.985
9341,2015-02-13,94.094
9342,2015-02-16,94.20100000000001
9343,2015-02-17,94.20100000000001
9344,2015-02-18,94.061
9345,2015-02-19,94.198
9346,2015-02-20,94.404
9347,2015-02-23,94.25299999999999
9348,2015-02-24,94.569
9349,2015-02-25,94.493
9350,2015-02-26,94.213
9351,2015-02-27,95.292
9352,2015-03-02,95.29299999999999
9353,2015-03-03,95.462
9354,2015-03-04,95.383
9355,2015-03-05,95.965
9356,2015-03-06,96.37799999999999
9357,2015-03-09,97.615
9358,2015-03-10,97.588
9359,2015-03-11,98.618
9360,2015-03-12,99.795
9361,2015-03-13,99.435
9362,2015-03-16,100.33
9363,2015-03-17,99.604
9364,2015-03-18,99.585
9365,2015-03-19,98.55
9366,2015-03-20,99.26
9367,2015-03-23,97.90899999999999
9368,2015-03-24,97.03299999999999
9369,2015-03-25,97.193
9370,2015-03-26,96.979
9371,2015-03-27,97.436
9372,2015-03-30,97.291
9373,2015-03-31,97.975
9374,2015-04-01,98.35700000000001
9375,2015-04-02,98.185
9376,2015-04-03,97.436
9377,2015-04-06,96.545
9378,2015-04-07,96.777
9379,2015-04-08,97.83
9380,2015-04-09,97.94
9381,2015-04-10,99.155
9382,2015-04-13,99.338
9383,2015-04-14,99.49
9384,2015-04-15,98.73299999999999
9385,2015-04-16,98.319
9386,2015-04-17,97.415
9387,2015-04-20,97.52
9388,2015-04-21,97.941
9389,2015-04-22,98.00399999999999
9390,2015-04-23,97.932
9391,2015-04-24,97.27799999999999
9392,2015-04-27,96.92200000000001
9393,2015-04-28,96.765
9394,2015-04-29,96.09200000000001
9395,2015-04-30,95.209
9396,2015-05-01,94.6
9397,2015-05-04,95.29700000000001
9398,2015-05-05,95.48
9399,2015-05-06,95.07600000000001
9400,2015-05-07,94.087
9401,2015-05-08,94.635
9402,2015-05-11,94.794
9403,2015-05-12,95.01100000000001
9404,2015-05-13,94.53399999999999
9405,2015-05-14,93.617
9406,2015-05-15,93.45700000000001
9407,2015-05-18,93.135
9408,2015-05-19,94.221
9409,2015-05-20,95.26700000000001
9410,2015-05-21,95.448
9411,2015-05-22,95.255
9412,2015-05-25,96.014
9413,2015-05-26,96.014
9414,2015-05-27,97.29899999999999
9415,2015-05-28,97.37100000000001
9416,2015-05-29,96.965
9417,2015-06-01,96.90700000000001
9418,2015-06-02,97.39200000000001
9419,2015-06-03,95.835
9420,2015-06-04,95.465
9421,2015-06-05,95.461
9422,2015-06-08,96.306
9423,2015-06-09,95.29899999999999
9424,2015-06-10,95.166
9425,2015-06-11,94.646
9426,2015-06-12,94.976
9427,2015-06-15,94.97200000000001
9428,2015-06-16,94.81
9429,2015-06-17,94.999
9430,2015-06-18,94.296
9431,2015-06-19,94.042
9432,2015-06-22,94.085
9433,2015-06-23,94.329
9434,2015-06-24,95.432
9435,2015-06-25,95.264
9436,2015-06-26,95.18700000000001
9437,2015-06-29,95.47200000000001
9438,2015-06-30,94.79
9439,2015-07-01,95.485
9440,2015-07-02,96.31
9441,2015-07-03,96.113
9442,2015-07-06,96.113
9443,2015-07-07,96.29799999999999
9444,2015-07-08,96.865
9445,2015-07-09,96.294
9446,2015-07-10,96.60600000000001
9447,2015-07-13,96.025
9448,2015-07-14,96.85799999999999
9449,2015-07-15,96.64299999999999
9450,2015-07-16,97.166
9451,2015-07-17,97.66799999999999
9452,2015-07-20,97.86200000000001
9453,2015-07-21,98.029
9454,2015-07-22,97.32799999999999
9455,2015-07-23,97.598
9456,2015-07-24,97.115
9457,2015-07-27,97.244
9458,2015-07-28,96.50200000000001
9459,2015-07-29,96.772
9460,2015-07-30,96.976
9461,2015-07-31,97.56
9462,2015-08-03,97.336
9463,2015-08-04,97.494
9464,2015-08-05,97.931
9465,2015-08-06,97.958
9466,2015-08-07,97.833
9467,2015-08-10,97.56299999999999
9468,2015-08-11,97.15899999999999
9469,2015-08-12,97.29
9470,2015-08-13,96.262
9471,2015-08-14,96.445
9472,2015-08-17,96.52
9473,2015-08-18,96.806
9474,2015-08-19,97.04
9475,2015-08-20,96.359
9476,2015-08-21,95.98
9477,2015-08-24,95.008
9478,2015-08-25,93.33200000000001
9479,2015-08-26,94.53
9480,2015-08-27,95.1
9481,2015-08-28,95.61
9482,2015-08-31,96.10600000000001
9483,2015-09-01,95.824
9484,2015-09-02,95.45
9485,2015-09-03,95.82799999999999
9486,2015-09-04,96.405
9487,2015-09-07,96.229
9488,2015-09-08,96.229
9489,2015-09-09,95.985
9490,2015-09-10,96.012
9491,2015-09-11,95.456
9492,2015-09-14,95.194
9493,2015-09-15,95.24600000000001
9494,2015-09-16,95.611
9495,2015-09-17,95.42
9496,2015-09-18,94.55
9497,2015-09-21,94.863
9498,2015-09-22,95.89399999999999
9499,2015-09-23,96.28299999999999
9500,2015-09-24,96.068
9501,2015-09-25,95.994
9502,2015-09-28,96.26899999999999
9503,2015-09-29,96.03399999999999
9504,2015-09-30,95.855
9505,2015-10-01,96.35
9506,2015-10-02,96.185
9507,2015-10-05,95.83
9508,2015-10-06,96.10600000000001
9509,2015-10-07,95.455
9510,2015-10-08,95.49700000000001
9511,2015-10-09,95.318
9512,2015-10-12,94.81299999999999
9513,2015-10-13,94.84100000000001
9514,2015-10-14,94.759
9515,2015-10-15,93.931
9516,2015-10-16,94.37100000000001
9517,2015-10-19,94.54
9518,2015-10-20,94.928
9519,2015-10-21,94.913
9520,2015-10-22,95.035
9521,2015-10-23,96.37799999999999
9522,2015-10-26,97.12700000000001
9523,2015-10-27,96.861
9524,2015-10-28,96.906
9525,2015-10-29,97.78200000000001
9526,2015-10-30,97.28200000000001
9527,2015-11-02,96.946
9528,2015-11-03,96.928
9529,2015-11-04,97.15799999999999
9530,2015-11-05,97.95
9531,2015-11-06,97.936
9532,2015-11-09,99.16799999999999
9533,2015-11-10,98.979
9534,2015-11-11,99.29299999999999
9535,2015-11-12,99.01299999999999
9536,2015-11-13,98.649
9537,2015-11-16,98.99799999999999
9538,2015-11-17,99.44200000000001
9539,2015-11-18,99.631
9540,2015-11-19,99.652
9541,2015-11-20,98.98899999999999
9542,2015-11-23,99.565
9543,2015-11-24,99.803
9544,2015-11-25,99.527
9545,2015-11-26,99.795
9546,2015-11-27,99.795
9547,2015-11-30,100.02
9548,2015-12-01,100.17
9549,2015-12-02,99.795
9550,2015-12-03,99.993
9551,2015-12-04,97.62100000000001
9552,2015-12-07,98.354
9553,2015-12-08,98.655
9554,2015-12-09,98.47399999999999
9555,2015-12-10,97.345
9556,2015-12-11,97.939
9557,2015-12-14,97.565
9558,2015-12-15,97.604
9559,2015-12-16,98.21700000000001
9560,2015-12-17,97.87100000000001
9561,2015-12-18,99.27
9562,2015-12-21,98.70299999999999
9563,2015-12-22,98.363
9564,2015-12-23,98.235
9565,2015-12-24,98.34100000000001
9566,2015-12-25,97.984
9567,2015-12-28,97.84700000000001
9568,2015-12-29,97.919
9569,2015-12-30,98.101
9570,2015-12-31,98.266
9571,2016-01-01,98.631
9572,2016-01-04,98.68299999999999
9573,2016-01-05,98.869
9574,2016-01-06,99.404
9575,2016-01-07,99.181
9576,2016-01-08,98.219
9577,2016-01-11,98.54
9578,2016-01-12,98.725
9579,2016-01-13,98.97399999999999
9580,2016-01-14,98.93299999999999
9581,2016-01-15,99.089
9582,2016-01-18,98.956
9583,2016-01-19,98.956
9584,2016-01-20,98.991
9585,2016-01-21,99.09100000000001
9586,2016-01-22,99.056
9587,2016-01-25,99.574
9588,2016-01-26,99.36
9589,2016-01-27,99.087
9590,2016-01-28,98.902
9591,2016-01-29,98.51
9592,2016-02-01,99.60600000000001
9593,2016-02-02,99.009
9594,2016-02-03,98.87200000000001
9595,2016-02-04,97.288
9596,2016-02-05,96.47399999999999
9597,2016-02-08,97.031
9598,2016-02-09,96.57
9599,2016-02-10,96.071
9600,2016-02-11,95.88799999999999
9601,2016-02-12,95.56200000000001
9602,2016-02-15,95.94
9603,2016-02-16,95.94
9604,2016-02-17,96.868
9605,2016-02-18,96.786
9606,2016-02-19,96.95100000000001
9607,2016-02-22,96.6
9608,2016-02-23,97.37899999999999
9609,2016-02-24,97.48100000000001
9610,2016-02-25,97.458
9611,2016-02-26,97.287
9612,2016-02-29,98.148
9613,2016-03-01,98.211
9614,2016-03-02,98.352
9615,2016-03-03,98.214
9616,2016-03-04,97.59200000000001
9617,2016-03-07,97.34
9618,2016-03-08,97.071
9619,2016-03-09,97.209
9620,2016-03-10,97.17299999999999
9621,2016-03-11,96.066
9622,2016-03-14,96.17200000000001
9623,2016-03-15,96.624
9624,2016-03-16,96.633
9625,2016-03-17,95.89
9626,2016-03-18,94.76
9627,2016-03-21,95.086
9628,2016-03-22,95.288
9629,2016-03-23,95.648
9630,2016-03-24,96.046
9631,2016-03-25,96.14200000000001
9632,2016-03-28,96.273
9633,2016-03-29,95.943
9634,2016-03-30,95.16
9635,2016-03-31,94.84100000000001
9636,2016-04-01,94.586
9637,2016-04-04,94.619
9638,2016-04-05,94.51
9639,2016-04-06,94.631
9640,2016-04-07,94.43
9641,2016-04-08,94.48200000000001
9642,2016-04-11,94.235
9643,2016-04-12,93.95
9644,2016-04-13,93.959
9645,2016-04-14,94.744
9646,2016-04-15,94.902
9647,2016-04-18,94.696
9648,2016-04-19,94.49
9649,2016-04-20,93.976
9650,2016-04-21,94.492
9651,2016-04-22,94.59899999999999
9652,2016-04-25,95.116
9653,2016-04-26,94.84200000000001
9654,2016-04-27,94.573
9655,2016-04-28,94.387
9656,2016-04-29,93.76100000000001
9657,2016-05-02,93.08200000000001
9658,2016-05-03,92.626
9659,2016-05-04,92.944
9660,2016-05-05,93.179
9661,2016-05-06,93.78
9662,2016-05-09,93.88799999999999
9663,2016-05-10,94.12799999999999
9664,2016-05-11,94.29
9665,2016-05-12,93.823
9666,2016-05-13,94.15
9667,2016-05-16,94.60799999999999
9668,2016-05-17,94.572
9669,2016-05-18,94.54799999999999
9670,2016-05-19,95.08
9671,2016-05-20,95.287
9672,2016-05-23,95.334
9673,2016-05-24,95.23100000000001
9674,2016-05-25,95.571
9675,2016-05-26,95.354
9676,2016-05-27,95.16799999999999
9677,2016-05-30,95.521
9678,2016-05-31,95.521
9679,2016-06-01,95.891
9680,2016-06-02,95.455
9681,2016-06-03,95.564
9682,2016-06-06,94.029
9683,2016-06-07,93.902
9684,2016-06-08,93.82799999999999
9685,2016-06-09,93.59
9686,2016-06-10,93.95299999999999
9687,2016-06-13,94.571
9688,2016-06-14,94.36200000000001
9689,2016-06-15,94.928
9690,2016-06-16,94.61
9691,2016-06-17,94.569
9692,2016-06-20,94.206
9693,2016-06-21,93.611
9694,2016-06-22,94.01700000000001
9695,2016-06-23,93.71600000000001
9696,2016-06-24,93.529
9697,2016-06-27,95.448
9698,2016-06-28,96.544
9699,2016-06-29,96.245
9700,2016-06-30,95.76899999999999
9701,2016-07-01,96.14299999999999
9702,2016-07-04,95.649
9703,2016-07-05,95.649
9704,2016-07-06,96.166
9705,2016-07-07,96.053
9706,2016-07-08,96.32799999999999
9707,2016-07-11,96.302
9708,2016-07-12,96.571
9709,2016-07-13,96.441
9710,2016-07-14,96.21600000000001
9711,2016-07-15,96.07700000000001
9712,2016-07-18,96.58
9713,2016-07-19,96.56200000000001
9714,2016-07-20,97.06299999999999
9715,2016-07-21,97.20100000000001
9716,2016-07-22,97.0
9717,2016-07-25,97.46700000000001
9718,2016-07-26,97.286
9719,2016-07-27,97.156
9720,2016-07-28,97.053
9721,2016-07-29,96.73899999999999
9722,2016-08-01,95.53
9723,2016-08-02,95.713
9724,2016-08-03,95.064
9725,2016-08-04,95.56299999999999
9726,2016-08-05,95.758
9727,2016-08-08,96.194
9728,2016-08-09,96.40100000000001
9729,2016-08-10,96.18299999999999
9730,2016-08-11,95.65
9731,2016-08-12,95.85700000000001
9732,2016-08-15,95.72200000000001
9733,2016-08-16,95.62899999999999
9734,2016-08-17,94.791
9735,2016-08-18,94.71799999999999
9736,2016-08-19,94.15700000000001
9737,2016-08-22,94.51100000000001
9738,2016-08-23,94.51899999999999
9739,2016-08-24,94.539
9740,2016-08-25,94.786
9741,2016-08-26,94.772
9742,2016-08-29,95.566
9743,2016-08-30,95.58
9744,2016-08-31,96.054
9745,2016-09-01,96.022
9746,2016-09-02,95.65299999999999
9747,2016-09-05,95.844
9748,2016-09-06,95.844
9749,2016-09-07,94.823
9750,2016-09-08,94.956
9751,2016-09-09,95.027
9752,2016-09-12,95.336
9753,2016-09-13,95.095
9754,2016-09-14,95.633
9755,2016-09-15,95.32700000000001
9756,2016-09-16,95.288
9757,2016-09-19,96.10799999999999
9758,2016-09-20,95.84100000000001
9759,2016-09-21,96.01899999999999
9760,2016-09-22,95.66
9761,2016-09-23,95.448
9762,2016-09-26,95.477
9763,2016-09-27,95.29700000000001
9764,2016-09-28,95.435
9765,2016-09-29,95.431
9766,2016-09-30,95.535
9767,2016-10-03,95.463
9768,2016-10-04,95.695
9769,2016-10-05,96.169
9770,2016-10-06,96.125
9771,2016-10-07,96.765
9772,2016-10-10,96.632
9773,2016-10-11,96.929
9774,2016-10-12,97.69
9775,2016-10-13,97.96600000000001
9776,2016-10-14,97.516
9777,2016-10-17,98.01899999999999
9778,2016-10-18,97.88799999999999
9779,2016-10-19,97.895
9780,2016-10-20,97.92
9781,2016-10-21,98.315
9782,2016-10-24,98.695
9783,2016-10-25,98.756
9784,2016-10-26,98.719
9785,2016-10-27,98.62899999999999
9786,2016-10-28,98.88799999999999
9787,2016-10-31,98.348
9788,2016-11-01,98.445
9789,2016-11-02,97.699
9790,2016-11-03,97.398
9791,2016-11-04,97.15700000000001
9792,2016-11-07,97.065
9793,2016-11-08,97.781
9794,2016-11-09,97.861
9795,2016-11-10,98.50399999999999
9796,2016-11-11,98.785
9797,2016-11-14,99.06
9798,2016-11-15,100.11
9799,2016-11-16,100.23
9800,2016-11-17,100.41
9801,2016-11-18,100.89
9802,2016-11-21,101.21
9803,2016-11-22,101.05
9804,2016-11-23,101.04
9805,2016-11-24,101.7
9806,2016-11-25,101.7
9807,2016-11-28,101.49
9808,2016-11-29,101.33
9809,2016-11-30,100.93
9810,2016-12-01,101.5
9811,2016-12-02,101.04
9812,2016-12-05,100.77
9813,2016-12-06,100.09
9814,2016-12-07,100.49
9815,2016-12-08,100.23
9816,2016-12-09,101.1
9817,2016-12-12,101.59
9818,2016-12-13,101.03
9819,2016-12-14,101.07
9820,2016-12-15,101.76
9821,2016-12-16,103.02
9822,2016-12-19,102.95
9823,2016-12-20,103.14
9824,2016-12-21,103.29
9825,2016-12-22,103.02
9826,2016-12-23,103.09
9827,2016-12-26,103.01
9828,2016-12-27,102.97
9829,2016-12-28,103.02
9830,2016-12-29,103.3
9831,2016-12-30,102.68
9832,2017-01-02,102.21
9833,2017-01-03,102.78
9834,2017-01-04,103.21
9835,2017-01-05,102.7
9836,2017-01-06,101.52
9837,2017-01-09,102.22
9838,2017-01-10,101.93
9839,2017-01-11,102.01
9840,2017-01-12,101.78
9841,2017-01-13,101.35
9842,2017-01-16,101.18
9843,2017-01-17,101.18
9844,2017-01-18,100.33
9845,2017-01-19,100.93
9846,2017-01-20,101.15
9847,2017-01-23,100.74
9848,2017-01-24,100.16
9849,2017-01-25,100.35
9850,2017-01-26,100.03
9851,2017-01-27,100.38
9852,2017-01-30,100.53
9853,2017-01-31,100.43
9854,2017-02-01,99.512
9855,2017-02-02,99.641
9856,2017-02-03,99.79
9857,2017-02-06,99.868
9858,2017-02-07,99.90700000000001
9859,2017-02-08,100.26
9860,2017-02-09,100.28
9861,2017-02-10,100.65
9862,2017-02-13,100.8
9863,2017-02-14,100.96
9864,2017-02-15,101.25
9865,2017-02-16,101.18
9866,2017-02-17,100.44
9867,2017-02-20,100.95
9868,2017-02-21,100.95
9869,2017-02-22,101.37
9870,2017-02-23,101.22
9871,2017-02-24,101.05
9872,2017-02-27,101.09
9873,2017-02-28,101.13
9874,2017-03-01,101.12
9875,2017-03-02,101.78
9876,2017-03-03,102.2
9877,2017-03-06,101.54
9878,2017-03-07,101.64
9879,2017-03-08,101.81
9880,2017-03-09,102.07
9881,2017-03-10,101.85
9882,2017-03-13,101.25
9883,2017-03-14,101.31
9884,2017-03-15,101.7
9885,2017-03-16,100.74
9886,2017-03-17,100.36
9887,2017-03-20,100.3
9888,2017-03-21,100.41
9889,2017-03-22,99.81299999999999
9890,2017-03-23,99.677
9891,2017-03-24,99.76
9892,2017-03-27,99.62700000000001
9893,2017-03-28,99.166
9894,2017-03-29,99.712
9895,2017-03-30,99.99799999999999
9896,2017-03-31,100.41
9897,2017-04-03,100.35
9898,2017-04-04,100.54
9899,2017-04-05,100.54
9900,2017-04-06,100.56
9901,2017-04-07,100.67
9902,2017-04-10,101.18
9903,2017-04-11,101.02
9904,2017-04-12,100.71
9905,2017-04-13,100.78
9906,2017-04-14,100.49
9907,2017-04-17,100.51
9908,2017-04-18,100.29
9909,2017-04-19,99.499
9910,2017-04-20,99.738
9911,2017-04-21,99.77799999999999
9912,2017-04-24,99.977
9913,2017-04-25,99.09200000000001
9914,2017-04-26,98.785
9915,2017-04-27,99.045
9916,2017-04-28,99.07600000000001
9917,2017-05-01,99.05
9918,2017-05-02,99.07700000000001
9919,2017-05-03,98.976
9920,2017-05-04,99.209
9921,2017-05-05,98.79700000000001
9922,2017-05-08,98.648
9923,2017-05-09,99.06
9924,2017-05-10,99.65799999999999
9925,2017-05-11,99.669
9926,2017-05-12,99.62299999999999
9927,2017-05-15,99.25200000000001
9928,2017-05-16,98.911
9929,2017-05-17,98.105
9930,2017-05-18,97.575
9931,2017-05-19,97.87899999999999
9932,2017-05-22,97.14200000000001
9933,2017-05-23,96.984
9934,2017-05-24,97.351
9935,2017-05-25,97.238
9936,2017-05-26,97.24799999999999
9937,2017-05-29,97.44200000000001
9938,2017-05-30,97.44200000000001
9939,2017-05-31,97.28
9940,2017-06-01,96.92200000000001
9941,2017-06-02,97.198
9942,2017-06-05,96.715
9943,2017-06-06,96.79899999999999
9944,2017-06-07,96.63600000000001
9945,2017-06-08,96.74799999999999
9946,2017-06-09,96.91799999999999
9947,2017-06-12,97.274
9948,2017-06-13,97.13799999999999
9949,2017-06-14,96.975
9950,2017-06-15,96.939
9951,2017-06-16,97.43299999999999
9952,2017-06-19,97.164
9953,2017-06-20,97.54799999999999
9954,2017-06-21,97.76
9955,2017-06-22,97.559
9956,2017-06-23,97.59299999999999
9957,2017-06-26,97.264
9958,2017-06-27,97.426
9959,2017-06-28,96.39399999999999
9960,2017-06-29,96.01
9961,2017-06-30,95.62799999999999
9962,2017-07-03,95.62799999999999
9963,2017-07-04,96.21799999999999
9964,2017-07-05,96.21799999999999
9965,2017-07-06,96.29
9966,2017-07-07,95.802
9967,2017-07-10,96.008
9968,2017-07-11,96.022
9969,2017-07-12,95.669
9970,2017-07-13,95.76100000000001
9971,2017-07-14,95.728
9972,2017-07-17,95.15299999999999
9973,2017-07-18,95.12799999999999
9974,2017-07-19,94.604
9975,2017-07-20,94.779
9976,2017-07-21,94.306
9977,2017-07-24,93.85799999999999
9978,2017-07-25,93.977
9979,2017-07-26,94.054
9980,2017-07-27,93.67200000000001
9981,2017-07-28,93.86399999999999
9982,2017-07-31,93.259
9983,2017-08-01,92.863
9984,2017-08-02,93.04299999999999
9985,2017-08-03,92.836
9986,2017-08-04,92.839
9987,2017-08-07,93.542
9988,2017-08-08,93.432
9989,2017-08-09,93.647
9990,2017-08-10,93.54799999999999
9991,2017-08-11,93.40100000000001
9992,2017-08-14,93.069
9993,2017-08-15,93.411
9994,2017-08-16,93.853
9995,2017-08-17,93.541
9996,2017-08-18,93.62200000000001
9997,2017-08-21,93.434
9998,2017-08-22,93.095
9999,2017-08-23,93.545
10000,2017-08-24,93.147
10001,2017-08-25,93.277
10002,2017-08-28,92.74
10003,2017-08-29,92.20700000000001
10004,2017-08-30,92.249
10005,2017-08-31,92.884
10006,2017-09-01,92.66799999999999
10007,2017-09-04,92.814
10008,2017-09-05,92.635
10009,2017-09-06,92.25200000000001
10010,2017-09-07,92.29
10011,2017-09-08,91.663
10012,2017-09-11,91.352
10013,2017-09-12,91.875
10014,2017-09-13,91.882
10015,2017-09-14,92.52
10016,2017-09-15,92.124
10017,2017-09-18,91.87200000000001
10018,2017-09-19,92.04700000000001
10019,2017-09-20,91.79299999999999
10020,2017-09-21,92.508
10021,2017-09-22,92.259
10022,2017-09-25,92.171
10023,2017-09-26,92.648
10024,2017-09-27,92.96600000000001
10025,2017-09-28,93.361
10026,2017-09-29,93.085
10027,2017-10-02,93.07600000000001
10028,2017-10-03,93.559
10029,2017-10-04,93.569
10030,2017-10-05,93.458
10031,2017-10-06,93.961
10032,2017-10-09,93.8
10033,2017-10-10,93.675
10034,2017-10-11,93.29
10035,2017-10-12,93.015
10036,2017-10-13,93.057
10037,2017-10-16,93.09100000000001
10038,2017-10-17,93.31200000000001
10039,2017-10-18,93.486
10040,2017-10-19,93.363
10041,2017-10-20,93.266
10042,2017-10-23,93.70100000000001
10043,2017-10-24,93.936
10044,2017-10-25,93.772
10045,2017-10-26,93.711
10046,2017-10-27,94.61200000000001
10047,2017-10-30,94.916
10048,2017-10-31,94.56
10049,2017-11-01,94.552
10050,2017-11-02,94.815
10051,2017-11-03,94.685
10052,2017-11-06,94.941
10053,2017-11-07,94.757
10054,2017-11-08,94.913
10055,2017-11-09,94.866
10056,2017-11-10,94.444
10057,2017-11-13,94.391
10058,2017-11-14,94.49
10059,2017-11-15,93.82700000000001
10060,2017-11-16,93.81299999999999
10061,2017-11-17,93.932
10062,2017-11-20,93.662
10063,2017-11-21,94.08
10064,2017-11-22,93.95200000000001
10065,2017-11-23,93.22
10066,2017-11-24,93.22
10067,2017-11-27,92.78200000000001
10068,2017-11-28,92.904
10069,2017-11-29,93.27
10070,2017-11-30,93.164
10071,2017-12-01,93.04700000000001
10072,2017-12-04,92.885
10073,2017-12-05,93.18799999999999
10074,2017-12-06,93.37899999999999
10075,2017-12-07,93.61
10076,2017-12-08,93.795
10077,2017-12-11,93.90100000000001
10078,2017-12-12,93.866
10079,2017-12-13,94.101
10080,2017-12-14,93.429
10081,2017-12-15,93.48899999999999
10082,2017-12-18,93.932
10083,2017-12-19,93.695
10084,2017-12-20,93.441
10085,2017-12-21,93.31299999999999
10086,2017-12-22,93.27799999999999
10087,2017-12-25,93.34700000000001
10088,2017-12-26,93.26700000000001
10089,2017-12-27,93.257
10090,2017-12-28,93.025
10091,2017-12-29,92.602
