,Unnamed: 0,SX5E
4142,2003-01-02,2398.65
4143,2003-01-03,2522.24
4144,2003-01-06,2502.19
4145,2003-01-07,2529.86
4146,2003-01-08,2504.91
4147,2003-01-09,2449.78
4148,2003-01-10,2492.18
4149,2003-01-13,2489.01
4150,2003-01-14,2497.61
4151,2003-01-15,2509.43
4152,2003-01-16,2479.71
4153,2003-01-17,2474.88
4154,2003-01-20,2390.36
4155,2003-01-21,2352.81
4156,2003-01-22,2326.93
4157,2003-01-23,2278.22
4158,2003-01-24,2269.04
4159,2003-01-27,2234.56
4160,2003-01-28,2154.53
4161,2003-01-29,2159.8
4162,2003-01-30,2189.03
4163,2003-01-31,2238.19
4164,2003-02-03,2248.17
4165,2003-02-04,2270.73
4166,2003-02-05,2184.36
4167,2003-02-06,2225.44
4168,2003-02-07,2169.88
4169,2003-02-10,2133.6
4170,2003-02-11,2125.75
4171,2003-02-12,2190.28
4172,2003-02-13,2136.6
4173,2003-02-14,2123.71
4174,2003-02-17,2199.97
4175,2003-02-18,2240.3
4176,2003-02-19,2280.82
4177,2003-02-20,2208.18
4178,2003-02-21,2173.77
4179,2003-02-24,2208.25
4180,2003-02-25,2160.58
4181,2003-02-26,2081.3
4182,2003-02-27,2058.97
4183,2003-02-28,2104.41
4184,2003-03-03,2140.73
4185,2003-03-04,2142.39
4186,2003-03-05,2093.04
4187,2003-03-06,2080.6
4188,2003-03-07,2043.35
4189,2003-03-10,1992.45
4190,2003-03-11,1936.39
4191,2003-03-12,1934.34
4192,2003-03-13,1849.64
4193,2003-03-14,1974.92
4194,2003-03-17,2079.71
4195,2003-03-18,2158.0
4196,2003-03-19,2153.86
4197,2003-03-20,2187.16
4198,2003-03-21,2156.89
4199,2003-03-24,2249.11
4200,2003-03-25,2124.78
4201,2003-03-26,2184.98
4202,2003-03-27,2172.64
4203,2003-03-28,2132.51
4204,2003-03-31,2132.11
4205,2003-04-01,2036.86
4206,2003-04-02,2067.23
4207,2003-04-03,2160.23
4208,2003-04-04,2182.97
4209,2003-04-07,2223.17
4210,2003-04-08,2314.54
4211,2003-04-09,2282.24
4212,2003-04-10,2279.52
4213,2003-04-11,2222.4
4214,2003-04-14,2247.47
4215,2003-04-15,2273.96
4216,2003-04-16,2317.72
4217,2003-04-17,2294.95
4218,2003-04-22,2324.27
4219,2003-04-23,2343.59
4220,2003-04-24,2365.97
4221,2003-04-25,2310.87
4222,2003-04-28,2271.92
4223,2003-04-29,2344.02
4224,2003-04-30,2322.27
4225,2003-05-01,2324.23
4226,2003-05-02,2324.23
4227,2003-05-05,2321.9
4228,2003-05-06,2351.65
4229,2003-05-07,2389.7
4230,2003-05-08,2357.14
4231,2003-05-09,2287.24
4232,2003-05-12,2314.1
4233,2003-05-13,2318.0
4234,2003-05-14,2312.9
4235,2003-05-15,2309.93
4236,2003-05-16,2344.01
4237,2003-05-19,2349.13
4238,2003-05-20,2248.03
4239,2003-05-21,2249.06
4240,2003-05-22,2229.43
4241,2003-05-23,2261.98
4242,2003-05-26,2246.58
4243,2003-05-27,2242.16
4244,2003-05-28,2259.35
4245,2003-05-29,2309.33
4246,2003-05-30,2310.83
4247,2003-06-02,2330.06
4248,2003-06-03,2379.39
4249,2003-06-04,2366.31
4250,2003-06-05,2394.79
4251,2003-06-06,2365.76
4252,2003-06-09,2421.92
4253,2003-06-10,2388.55
4254,2003-06-11,2410.55
4255,2003-06-12,2452.4
4256,2003-06-13,2479.91
4257,2003-06-16,2440.32
4258,2003-06-17,2492.28
4259,2003-06-18,2505.99
4260,2003-06-19,2527.44
4261,2003-06-20,2491.99
4262,2003-06-23,2515.33
4263,2003-06-24,2450.57
4264,2003-06-25,2446.78
4265,2003-06-26,2453.73
4266,2003-06-27,2452.86
4267,2003-06-30,2453.49
4268,2003-07-01,2419.51
4269,2003-07-02,2366.86
4270,2003-07-03,2420.35
4271,2003-07-04,2421.64
4272,2003-07-07,2408.18
4273,2003-07-08,2486.01
4274,2003-07-09,2492.73
4275,2003-07-10,2473.62
4276,2003-07-11,2441.9
4277,2003-07-14,2477.72
4278,2003-07-15,2517.88
4279,2003-07-16,2503.36
4280,2003-07-17,2487.99
4281,2003-07-18,2449.73
4282,2003-07-21,2458.92
4283,2003-07-22,2419.81
4284,2003-07-23,2436.88
4285,2003-07-24,2429.07
4286,2003-07-25,2480.87
4287,2003-07-28,2442.13
4288,2003-07-29,2486.76
4289,2003-07-30,2470.41
4290,2003-07-31,2483.9
4291,2003-08-01,2519.79
4292,2003-08-04,2479.7
4293,2003-08-05,2456.28
4294,2003-08-06,2481.77
4295,2003-08-07,2437.38
4296,2003-08-08,2436.06
4297,2003-08-11,2460.14
4298,2003-08-12,2479.06
4299,2003-08-13,2496.58
4300,2003-08-14,2497.74
4301,2003-08-15,2544.05
4302,2003-08-18,2548.86
4303,2003-08-19,2574.0
4304,2003-08-20,2579.19
4305,2003-08-21,2562.65
4306,2003-08-22,2583.91
4307,2003-08-25,2593.55
4308,2003-08-26,2565.03
4309,2003-08-27,2537.14
4310,2003-08-28,2560.76
4311,2003-08-29,2575.99
4312,2003-09-01,2556.71
4313,2003-09-02,2600.9
4314,2003-09-03,2599.8
4315,2003-09-04,2641.55
4316,2003-09-05,2638.8
4317,2003-09-08,2614.81
4318,2003-09-09,2635.6
4319,2003-09-10,2604.08
4320,2003-09-11,2565.52
4321,2003-09-12,2572.74
4322,2003-09-15,2546.78
4323,2003-09-16,2555.64
4324,2003-09-17,2585.28
4325,2003-09-18,2586.81
4326,2003-09-19,2608.58
4327,2003-09-22,2582.47
4328,2003-09-23,2514.11
4329,2003-09-24,2493.03
4330,2003-09-25,2477.34
4331,2003-09-26,2465.13
4332,2003-09-29,2447.92
4333,2003-09-30,2440.12
4334,2003-10-01,2395.87
4335,2003-10-02,2439.25
4336,2003-10-03,2434.63
4337,2003-10-06,2516.48
4338,2003-10-07,2497.1
4339,2003-10-08,2476.61
4340,2003-10-09,2473.88
4341,2003-10-10,2531.37
4342,2003-10-13,2518.44
4343,2003-10-14,2563.4
4344,2003-10-15,2552.38
4345,2003-10-16,2571.41
4346,2003-10-17,2557.8
4347,2003-10-20,2550.82
4348,2003-10-21,2552.18
4349,2003-10-22,2560.14
4350,2003-10-23,2509.97
4351,2003-10-24,2489.07
4352,2003-10-27,2482.56
4353,2003-10-28,2512.32
4354,2003-10-29,2542.7
4355,2003-10-30,2556.16
4356,2003-10-31,2571.51
4357,2003-11-03,2575.04
4358,2003-11-04,2631.65
4359,2003-11-05,2627.32
4360,2003-11-06,2609.9
4361,2003-11-07,2626.68
4362,2003-11-10,2657.6
4363,2003-11-11,2633.07
4364,2003-11-12,2618.9
4365,2003-11-13,2627.15
4366,2003-11-14,2636.78
4367,2003-11-17,2656.94
4368,2003-11-18,2586.05
4369,2003-11-19,2584.05
4370,2003-11-20,2574.66
4371,2003-11-21,2568.71
4372,2003-11-24,2578.24
4373,2003-11-25,2632.25
4374,2003-11-26,2625.31
4375,2003-11-27,2619.56
4376,2003-11-28,2635.89
4377,2003-12-01,2630.47
4378,2003-12-02,2674.62
4379,2003-12-03,2666.97
4380,2003-12-04,2694.01
4381,2003-12-05,2693.43
4382,2003-12-08,2672.02
4383,2003-12-09,2651.41
4384,2003-12-10,2672.62
4385,2003-12-11,2660.73
4386,2003-12-12,2684.71
4387,2003-12-15,2685.39
4388,2003-12-16,2698.77
4389,2003-12-17,2697.14
4390,2003-12-18,2692.26
4391,2003-12-19,2714.73
4392,2003-12-22,2725.26
4393,2003-12-23,2714.09
4394,2003-12-24,2721.57
4395,2003-12-29,2725.07
4396,2003-12-30,2744.2
4397,2003-12-31,2750.09
4398,2004-01-02,2760.66
4399,2004-01-05,2797.56
4400,2004-01-06,2808.07
4401,2004-01-07,2805.91
4402,2004-01-08,2782.52
4403,2004-01-09,2821.33
4404,2004-01-12,2800.16
4405,2004-01-13,2793.88
4406,2004-01-14,2801.97
4407,2004-01-15,2829.44
4408,2004-01-16,2840.8
4409,2004-01-19,2865.96
4410,2004-01-20,2879.94
4411,2004-01-21,2859.58
4412,2004-01-22,2873.86
4413,2004-01-23,2891.84
4414,2004-01-26,2892.54
4415,2004-01-27,2874.47
4416,2004-01-28,2884.25
4417,2004-01-29,2896.78
4418,2004-01-30,2860.08
4419,2004-02-02,2839.13
4420,2004-02-03,2853.9
4421,2004-02-04,2841.26
4422,2004-02-05,2819.92
4423,2004-02-06,2816.34
4424,2004-02-09,2833.63
4425,2004-02-10,2870.98
4426,2004-02-11,2880.94
4427,2004-02-12,2890.8
4428,2004-02-13,2896.25
4429,2004-02-16,2860.88
4430,2004-02-17,2877.39
4431,2004-02-18,2895.38
4432,2004-02-19,2897.59
4433,2004-02-20,2932.95
4434,2004-02-23,2904.36
4435,2004-02-24,2907.46
4436,2004-02-25,2866.04
4437,2004-02-26,2872.48
4438,2004-02-27,2883.54
4439,2004-03-01,2893.18
4440,2004-03-02,2918.56
4441,2004-03-03,2946.62
4442,2004-03-04,2926.79
4443,2004-03-05,2952.61
4444,2004-03-08,2945.63
4445,2004-03-09,2959.71
4446,2004-03-10,2923.05
4447,2004-03-11,2922.68
4448,2004-03-12,2834.02
4449,2004-03-15,2834.03
4450,2004-03-16,2756.13
4451,2004-03-17,2773.18
4452,2004-03-18,2821.8
4453,2004-03-19,2761.66
4454,2004-03-22,2769.86
4455,2004-03-23,2712.11
4456,2004-03-24,2713.68
4457,2004-03-25,2702.05
4458,2004-03-26,2752.43
4459,2004-03-29,2763.75
4460,2004-03-30,2797.68
4461,2004-03-31,2791.58
4462,2004-04-01,2787.49
4463,2004-04-02,2819.7
4464,2004-04-05,2885.08
4465,2004-04-06,2905.88
4466,2004-04-07,2865.03
4467,2004-04-08,2851.83
4468,2004-04-13,2858.92
4469,2004-04-14,2889.91
4470,2004-04-15,2856.61
4471,2004-04-16,2854.53
4472,2004-04-19,2866.95
4473,2004-04-20,2859.24
4474,2004-04-21,2878.8
4475,2004-04-22,2855.46
4476,2004-04-23,2877.65
4477,2004-04-26,2894.18
4478,2004-04-27,2886.05
4479,2004-04-28,2884.82
4480,2004-04-29,2836.67
4481,2004-04-30,2806.37
4482,2004-05-03,2787.48
4483,2004-05-04,2806.46
4484,2004-05-05,2799.71
4485,2004-05-06,2823.37
4486,2004-05-07,2765.74
4487,2004-05-10,2756.85
4488,2004-05-11,2684.96
4489,2004-05-12,2721.08
4490,2004-05-13,2680.1
4491,2004-05-14,2712.5
4492,2004-05-17,2694.92
4493,2004-05-18,2659.85
4494,2004-05-19,2675.75
4495,2004-05-20,2729.52
4496,2004-05-21,2708.55
4497,2004-05-24,2697.46
4498,2004-05-25,2716.07
4499,2004-05-26,2699.36
4500,2004-05-27,2729.62
4501,2004-05-28,2752.02
4502,2004-05-31,2736.83
4503,2004-06-01,2749.62
4504,2004-06-02,2713.29
4505,2004-06-03,2730.15
4506,2004-06-04,2736.72
4507,2004-06-07,2767.87
4508,2004-06-08,2799.81
4509,2004-06-09,2800.36
4510,2004-06-10,2787.39
4511,2004-06-11,2800.18
4512,2004-06-14,2797.05
4513,2004-06-15,2759.27
4514,2004-06-16,2785.68
4515,2004-06-17,2807.15
4516,2004-06-18,2807.16
4517,2004-06-21,2822.06
4518,2004-06-22,2816.56
4519,2004-06-23,2782.43
4520,2004-06-24,2793.63
4521,2004-06-25,2822.35
4522,2004-06-28,2818.86
4523,2004-06-29,2840.04
4524,2004-06-30,2828.59
4525,2004-07-01,2811.08
4526,2004-07-02,2806.62
4527,2004-07-05,2783.99
4528,2004-07-06,2784.92
4529,2004-07-07,2764.89
4530,2004-07-08,2764.31
4531,2004-07-09,2776.88
4532,2004-07-12,2776.25
4533,2004-07-13,2760.12
4534,2004-07-14,2763.2
4535,2004-07-15,2754.77
4536,2004-07-16,2715.64
4537,2004-07-19,2713.27
4538,2004-07-20,2697.69
4539,2004-07-21,2708.16
4540,2004-07-22,2728.91
4541,2004-07-23,2680.44
4542,2004-07-26,2673.44
4543,2004-07-27,2640.61
4544,2004-07-28,2670.48
4545,2004-07-29,2665.98
4546,2004-07-30,2717.61
4547,2004-08-02,2720.05
4548,2004-08-03,2696.26
4549,2004-08-04,2712.45
4550,2004-08-05,2684.28
4551,2004-08-06,2689.26
4552,2004-08-09,2618.68
4553,2004-08-10,2596.52
4554,2004-08-11,2619.42
4555,2004-08-12,2594.45
4556,2004-08-13,2588.8
4557,2004-08-16,2580.04
4558,2004-08-17,2604.75
4559,2004-08-18,2617.27
4560,2004-08-19,2627.37
4561,2004-08-20,2630.71
4562,2004-08-23,2624.96
4563,2004-08-24,2662.35
4564,2004-08-25,2659.14
4565,2004-08-26,2664.67
4566,2004-08-27,2688.67
4567,2004-08-30,2704.53
4568,2004-08-31,2697.05
4569,2004-09-01,2670.79
4570,2004-09-02,2691.67
4571,2004-09-03,2711.16
4572,2004-09-06,2739.43
4573,2004-09-07,2748.39
4574,2004-09-08,2751.93
4575,2004-09-09,2746.96
4576,2004-09-10,2730.74
4577,2004-09-13,2745.86
4578,2004-09-14,2780.85
4579,2004-09-15,2771.67
4580,2004-09-16,2763.75
4581,2004-09-17,2765.87
4582,2004-09-20,2788.64
4583,2004-09-21,2776.1
4584,2004-09-22,2790.67
4585,2004-09-23,2759.68
4586,2004-09-24,2735.45
4587,2004-09-27,2740.06
4588,2004-09-28,2725.1
4589,2004-09-29,2733.69
4590,2004-09-30,2746.36
4591,2004-10-01,2726.3
4592,2004-10-04,2796.08
4593,2004-10-05,2823.46
4594,2004-10-06,2830.12
4595,2004-10-07,2831.88
4596,2004-10-08,2834.62
4597,2004-10-11,2816.42
4598,2004-10-12,2813.93
4599,2004-10-13,2788.07
4600,2004-10-14,2792.27
4601,2004-10-15,2776.03
4602,2004-10-18,2773.39
4603,2004-10-19,2768.63
4604,2004-10-20,2801.19
4605,2004-10-21,2769.26
4606,2004-10-22,2786.53
4607,2004-10-25,2788.89
4608,2004-10-26,2734.37
4609,2004-10-27,2739.37
4610,2004-10-28,2787.15
4611,2004-10-29,2818.54
4612,2004-11-01,2811.72
4613,2004-11-02,2834.03
4614,2004-11-03,2855.16
4615,2004-11-04,2860.68
4616,2004-11-05,2859.52
4617,2004-11-08,2874.8
4618,2004-11-09,2872.48
4619,2004-11-10,2864.93
4620,2004-11-11,2872.66
4621,2004-11-12,2903.93
4622,2004-11-15,2907.45
4623,2004-11-16,2898.16
4624,2004-11-17,2879.01
4625,2004-11-18,2922.24
4626,2004-11-19,2917.21
4627,2004-11-22,2893.08
4628,2004-11-23,2879.58
4629,2004-11-24,2876.88
4630,2004-11-25,2876.84
4631,2004-11-26,2904.16
4632,2004-11-29,2898.95
4633,2004-11-30,2891.15
4634,2004-12-01,2876.39
4635,2004-12-02,2913.21
4636,2004-12-03,2926.73
4637,2004-12-06,2911.59
4638,2004-12-07,2904.51
4639,2004-12-08,2918.43
4640,2004-12-09,2912.44
4641,2004-12-10,2888.02
4642,2004-12-13,2903.96
4643,2004-12-14,2928.43
4644,2004-12-15,2934.1
4645,2004-12-16,2921.94
4646,2004-12-17,2929.63
4647,2004-12-20,2891.48
4648,2004-12-21,2906.24
4649,2004-12-22,2912.8
4650,2004-12-23,2937.74
4651,2004-12-24,2950.92
4652,2004-12-27,2951.16
4653,2004-12-28,2944.16
4654,2004-12-29,2955.11
4655,2004-12-30,2953.15
4656,2004-12-31,2951.24
4657,2005-01-03,2951.01
4658,2005-01-04,2970.02
4659,2005-01-05,2971.12
4660,2005-01-06,2947.19
4661,2005-01-07,2966.24
4662,2005-01-10,2979.82
4663,2005-01-11,2977.21
4664,2005-01-12,2949.29
4665,2005-01-13,2924.01
4666,2005-01-14,2936.32
4667,2005-01-17,2948.22
4668,2005-01-18,2963.06
4669,2005-01-19,2962.43
4670,2005-01-20,2959.9
4671,2005-01-21,2937.71
4672,2005-01-24,2940.87
4673,2005-01-25,2937.83
4674,2005-01-26,2958.61
4675,2005-01-27,2956.43
4676,2005-01-28,2970.81
4677,2005-01-31,2955.89
4678,2005-02-01,2984.59
4679,2005-02-02,3008.85
4680,2005-02-03,3022.35
4681,2005-02-04,3010.39
4682,2005-02-07,3037.13
4683,2005-02-08,3051.97
4684,2005-02-09,3055.89
4685,2005-02-10,3044.36
4686,2005-02-11,3044.0
4687,2005-02-14,3080.08
4688,2005-02-15,3075.76
4689,2005-02-16,3086.95
4690,2005-02-17,3068.55
4691,2005-02-18,3067.34
4692,2005-02-21,3072.04
4693,2005-02-22,3063.64
4694,2005-02-23,3045.24
4695,2005-02-24,3028.08
4696,2005-02-25,3024.8
4697,2005-02-28,3062.72
4698,2005-03-01,3058.32
4699,2005-03-02,3078.44
4700,2005-03-03,3082.71
4701,2005-03-04,3078.11
4702,2005-03-07,3106.86
4703,2005-03-08,3114.54
4704,2005-03-09,3097.34
4705,2005-03-10,3081.99
4706,2005-03-11,3053.66
4707,2005-03-14,3060.36
4708,2005-03-15,3060.72
4709,2005-03-16,3083.73
4710,2005-03-17,3032.13
4711,2005-03-18,3039.8
4712,2005-03-21,3053.54
4713,2005-03-22,3038.14
4714,2005-03-23,3050.44
4715,2005-03-24,3036.85
4716,2005-03-29,3060.67
4717,2005-03-30,3069.35
4718,2005-03-31,3056.25
4719,2005-04-01,3055.73
4720,2005-04-04,3061.11
4721,2005-04-05,3042.17
4722,2005-04-06,3064.07
4723,2005-04-07,3076.23
4724,2005-04-08,3090.72
4725,2005-04-11,3088.92
4726,2005-04-12,3080.6
4727,2005-04-13,3065.18
4728,2005-04-14,3080.54
4729,2005-04-15,3075.33
4730,2005-04-18,3013.79
4731,2005-04-19,2947.79
4732,2005-04-20,2957.37
4733,2005-04-21,2944.33
4734,2005-04-22,2950.34
4735,2005-04-25,2976.39
4736,2005-04-26,2987.05
4737,2005-04-27,2983.22
4738,2005-04-28,2942.62
4739,2005-04-29,2930.87
4740,2005-05-02,2930.1
4741,2005-05-03,2949.09
4742,2005-05-04,2962.59
4743,2005-05-05,2981.04
4744,2005-05-06,3004.52
4745,2005-05-09,3019.26
4746,2005-05-10,3007.1
4747,2005-05-11,2983.42
4748,2005-05-12,2970.5
4749,2005-05-13,2993.09
4750,2005-05-16,2994.52
4751,2005-05-17,2988.16
4752,2005-05-18,2983.84
4753,2005-05-19,3036.3
4754,2005-05-20,3051.79
4755,2005-05-23,3050.45
4756,2005-05-24,3070.98
4757,2005-05-25,3066.55
4758,2005-05-26,3059.84
4759,2005-05-27,3086.08
4760,2005-05-30,3084.0
4761,2005-05-31,3096.54
4762,2005-06-01,3076.7
4763,2005-06-02,3125.88
4764,2005-06-03,3131.03
4765,2005-06-06,3114.27
4766,2005-06-07,3099.2
4767,2005-06-08,3134.82
4768,2005-06-09,3125.59
4769,2005-06-10,3122.93
4770,2005-06-13,3143.85
4771,2005-06-14,3159.83
4772,2005-06-15,3162.86
4773,2005-06-16,3147.55
4774,2005-06-17,3160.09
4775,2005-06-20,3178.48
4776,2005-06-21,3162.14
4777,2005-06-22,3179.62
4778,2005-06-23,3182.08
4779,2005-06-24,3190.8
4780,2005-06-27,3161.0
4781,2005-06-28,3132.5
4782,2005-06-29,3162.0
4783,2005-06-30,3178.56
4784,2005-07-01,3181.54
4785,2005-07-04,3208.61
4786,2005-07-05,3215.6
4787,2005-07-06,3207.91
4788,2005-07-07,3224.11
4789,2005-07-08,3170.06
4790,2005-07-11,3224.59
4791,2005-07-12,3246.4
4792,2005-07-13,3236.33
4793,2005-07-14,3260.67
4794,2005-07-15,3277.2
4795,2005-07-18,3278.71
4796,2005-07-19,3276.49
4797,2005-07-20,3314.06
4798,2005-07-21,3303.88
4799,2005-07-22,3299.92
4800,2005-07-25,3292.92
4801,2005-07-26,3298.27
4802,2005-07-27,3302.98
4803,2005-07-28,3310.84
4804,2005-07-29,3333.05
4805,2005-08-01,3326.51
4806,2005-08-02,3320.44
4807,2005-08-03,3349.91
4808,2005-08-04,3343.63
4809,2005-08-05,3310.62
4810,2005-08-08,3280.49
4811,2005-08-09,3292.41
4812,2005-08-10,3331.29
4813,2005-08-11,3370.84
4814,2005-08-12,3354.16
4815,2005-08-15,3334.15
4816,2005-08-16,3326.34
4817,2005-08-17,3307.42
4818,2005-08-18,3298.2
4819,2005-08-19,3283.84
4820,2005-08-22,3328.17
4821,2005-08-23,3330.44
4822,2005-08-24,3299.28
4823,2005-08-25,3294.25
4824,2005-08-26,3258.52
4825,2005-08-29,3224.1
4826,2005-08-30,3239.96
4827,2005-08-31,3234.1
4828,2005-09-01,3263.78
4829,2005-09-02,3282.29
4830,2005-09-05,3274.42
4831,2005-09-06,3303.05
4832,2005-09-07,3341.8
4833,2005-09-08,3349.46
4834,2005-09-09,3346.63
4835,2005-09-12,3359.65
4836,2005-09-13,3354.64
4837,2005-09-14,3325.55
4838,2005-09-15,3338.99
4839,2005-09-16,3339.02
4840,2005-09-19,3366.57
4841,2005-09-20,3356.28
4842,2005-09-21,3375.79
4843,2005-09-22,3326.78
4844,2005-09-23,3312.26
4845,2005-09-26,3331.55
4846,2005-09-27,3400.93
4847,2005-09-28,3384.24
4848,2005-09-29,3429.42
4849,2005-09-30,3412.75
4850,2005-10-03,3428.51
4851,2005-10-04,3449.34
4852,2005-10-05,3464.23
4853,2005-10-06,3418.84
4854,2005-10-07,3384.15
4855,2005-10-10,3374.1
4856,2005-10-11,3381.17
4857,2005-10-12,3387.46
4858,2005-10-13,3359.85
4859,2005-10-14,3331.42
4860,2005-10-17,3349.58
4861,2005-10-18,3356.77
4862,2005-10-19,3334.79
4863,2005-10-20,3279.61
4864,2005-10-21,3284.78
4865,2005-10-24,3271.05
4866,2005-10-25,3310.13
4867,2005-10-26,3292.52
4868,2005-10-27,3304.27
4869,2005-10-28,3241.14
4870,2005-10-31,3245.98
4871,2005-11-01,3320.15
4872,2005-11-02,3312.45
4873,2005-11-03,3320.62
4874,2005-11-04,3361.64
4875,2005-11-07,3355.28
4876,2005-11-08,3362.83
4877,2005-11-09,3361.75
4878,2005-11-10,3355.77
4879,2005-11-11,3361.05
4880,2005-11-14,3406.23
4881,2005-11-15,3412.19
4882,2005-11-16,3413.96
4883,2005-11-17,3391.59
4884,2005-11-18,3404.12
4885,2005-11-21,3427.18
4886,2005-11-22,3450.01
4887,2005-11-23,3450.51
4888,2005-11-24,3471.43
4889,2005-11-25,3459.15
4890,2005-11-28,3466.08
4891,2005-11-29,3453.11
4892,2005-11-30,3463.67
4893,2005-12-01,3447.07
4894,2005-12-02,3501.54
4895,2005-12-05,3519.66
4896,2005-12-06,3499.4
4897,2005-12-07,3516.84
4898,2005-12-08,3505.34
4899,2005-12-09,3510.38
4900,2005-12-12,3500.8
4901,2005-12-13,3514.07
4902,2005-12-14,3528.34
4903,2005-12-15,3519.12
4904,2005-12-16,3522.3
4905,2005-12-19,3556.76
4906,2005-12-20,3551.1
4907,2005-12-21,3561.11
4908,2005-12-22,3591.94
4909,2005-12-23,3591.02
4910,2005-12-27,3599.47
4911,2005-12-28,3612.21
4912,2005-12-29,3605.12
4913,2005-12-30,3616.33
4914,2006-01-02,3578.93
4915,2006-01-03,3604.33
4916,2006-01-04,3614.34
4917,2006-01-05,3652.46
4918,2006-01-06,3650.24
4919,2006-01-09,3666.99
4920,2006-01-10,3671.78
4921,2006-01-11,3644.94
4922,2006-01-12,3668.61
4923,2006-01-13,3670.2
4924,2006-01-16,3629.25
4925,2006-01-17,3644.41
4926,2006-01-18,3610.07
4927,2006-01-19,3570.17
4928,2006-01-20,3593.22
4929,2006-01-23,3550.8
4930,2006-01-24,3544.31
4931,2006-01-25,3532.68
4932,2006-01-26,3578.0
4933,2006-01-27,3641.42
4934,2006-01-30,3685.48
4935,2006-01-31,3677.52
4936,2006-02-01,3691.41
4937,2006-02-02,3728.34
4938,2006-02-03,3677.05
4939,2006-02-06,3678.48
4940,2006-02-07,3682.32
4941,2006-02-08,3680.8
4942,2006-02-09,3671.37
4943,2006-02-10,3726.81
4944,2006-02-13,3695.63
4945,2006-02-14,3727.46
4946,2006-02-15,3734.48
4947,2006-02-16,3729.79
4948,2006-02-17,3756.47
4949,2006-02-20,3767.7
4950,2006-02-21,3766.74
4951,2006-02-22,3779.51
4952,2006-02-23,3818.48
4953,2006-02-24,3813.29
4954,2006-02-27,3826.0
4955,2006-02-28,3840.56
4956,2006-03-01,3774.51
4957,2006-03-02,3806.03
4958,2006-03-03,3763.73
4959,2006-03-06,3733.95
4960,2006-03-07,3754.07
4961,2006-03-08,3745.2
4962,2006-03-09,3727.96
4963,2006-03-10,3757.73
4964,2006-03-13,3798.46
4965,2006-03-14,3824.97
4966,2006-03-15,3833.48
4967,2006-03-16,3842.16
4968,2006-03-17,3839.71
4969,2006-03-20,3832.43
4970,2006-03-21,3842.1
4971,2006-03-22,3848.17
4972,2006-03-23,3868.48
4973,2006-03-24,3860.13
4974,2006-03-27,3870.89
4975,2006-03-28,3827.93
4976,2006-03-29,3811.22
4977,2006-03-30,3826.3
4978,2006-03-31,3874.61
4979,2006-04-03,3853.74
4980,2006-04-04,3878.64
4981,2006-04-05,3850.11
4982,2006-04-06,3863.92
4983,2006-04-07,3861.29
4984,2006-04-10,3823.11
4985,2006-04-11,3843.52
4986,2006-04-12,3788.81
4987,2006-04-13,3776.94
4988,2006-04-18,3779.94
4989,2006-04-19,3770.79
4990,2006-04-20,3820.96
4991,2006-04-21,3860.0
4992,2006-04-24,3888.46
4993,2006-04-25,3862.27
4994,2006-04-26,3871.09
4995,2006-04-27,3887.0
4996,2006-04-28,3865.42
4997,2006-05-01,3839.9
4998,2006-05-02,3839.9
4999,2006-05-03,3862.24
5000,2006-05-04,3821.97
5001,2006-05-05,3843.08
5002,2006-05-08,3874.32
5003,2006-05-09,3877.53
5004,2006-05-10,3890.94
5005,2006-05-11,3863.56
5006,2006-05-12,3837.86
5007,2006-05-15,3750.44
5008,2006-05-16,3711.16
5009,2006-05-17,3730.36
5010,2006-05-18,3605.19
5011,2006-05-19,3606.33
5012,2006-05-22,3625.25
5013,2006-05-23,3539.77
5014,2006-05-24,3620.28
5015,2006-05-25,3574.86
5016,2006-05-26,3635.0
5017,2006-05-29,3699.8
5018,2006-05-30,3679.57
5019,2006-05-31,3590.91
5020,2006-06-01,3637.17
5021,2006-06-02,3648.33
5022,2006-06-05,3636.89
5023,2006-06-06,3604.33
5024,2006-06-07,3529.1
5025,2006-06-08,3562.36
5026,2006-06-09,3462.37
5027,2006-06-12,3520.99
5028,2006-06-13,3480.76
5029,2006-06-14,3408.02
5030,2006-06-15,3414.21
5031,2006-06-16,3493.25
5032,2006-06-19,3463.56
5033,2006-06-20,3490.24
5034,2006-06-21,3514.83
5035,2006-06-22,3526.86
5036,2006-06-23,3544.85
5037,2006-06-26,3550.15
5038,2006-06-27,3534.84
5039,2006-06-28,3506.93
5040,2006-06-29,3506.02
5041,2006-06-30,3582.61
5042,2006-07-03,3648.92
5043,2006-07-04,3662.92
5044,2006-07-05,3670.75
5045,2006-07-06,3618.64
5046,2006-07-07,3662.39
5047,2006-07-10,3651.33
5048,2006-07-11,3666.51
5049,2006-07-12,3617.78
5050,2006-07-13,3630.5
5051,2006-07-14,3562.56
5052,2006-07-17,3508.25
5053,2006-07-18,3498.62
5054,2006-07-19,3492.11
5055,2006-07-20,3585.65
5056,2006-07-21,3589.63
5057,2006-07-24,3557.08
5058,2006-07-25,3632.93
5059,2006-07-26,3631.5
5060,2006-07-27,3640.75
5061,2006-07-28,3681.55
5062,2006-07-31,3710.6
5063,2006-08-01,3691.87
5064,2006-08-02,3640.6
5065,2006-08-03,3696.35
5066,2006-08-04,3667.91
5067,2006-08-07,3718.09
5068,2006-08-08,3658.25
5069,2006-08-09,3668.1
5070,2006-08-10,3707.19
5071,2006-08-11,3675.44
5072,2006-08-14,3675.06
5073,2006-08-15,3719.11
5074,2006-08-16,3766.38
5075,2006-08-17,3791.1
5076,2006-08-18,3800.1
5077,2006-08-21,3791.4
5078,2006-08-22,3777.25
5079,2006-08-23,3792.55
5080,2006-08-24,3758.98
5081,2006-08-25,3781.87
5082,2006-08-28,3781.17
5083,2006-08-29,3808.57
5084,2006-08-30,3806.81
5085,2006-08-31,3817.86
5086,2006-09-01,3808.7
5087,2006-09-04,3820.89
5088,2006-09-05,3837.61
5089,2006-09-06,3817.76
5090,2006-09-07,3772.21
5091,2006-09-08,3739.7
5092,2006-09-11,3750.08
5093,2006-09-12,3742.06
5094,2006-09-13,3788.96
5095,2006-09-14,3805.55
5096,2006-09-15,3796.59
5097,2006-09-18,3812.11
5098,2006-09-19,3808.47
5099,2006-09-20,3780.18
5100,2006-09-21,3841.31
5101,2006-09-22,3857.14
5102,2006-09-25,3812.73
5103,2006-09-26,3822.12
5104,2006-09-27,3872.92
5105,2006-09-28,3896.18
5106,2006-09-29,3894.98
5107,2006-10-02,3899.41
5108,2006-10-03,3892.48
5109,2006-10-04,3880.14
5110,2006-10-05,3914.73
5111,2006-10-06,3939.86
5112,2006-10-09,3940.31
5113,2006-10-10,3939.48
5114,2006-10-11,3960.67
5115,2006-10-12,3967.39
5116,2006-10-13,3999.89
5117,2006-10-16,3999.07
5118,2006-10-17,4001.97
5119,2006-10-18,3949.57
5120,2006-10-19,3991.38
5121,2006-10-20,3986.82
5122,2006-10-23,3998.19
5123,2006-10-24,4019.02
5124,2006-10-25,4014.01
5125,2006-10-26,4019.14
5126,2006-10-27,4027.29
5127,2006-10-30,4017.27
5128,2006-10-31,4004.92
5129,2006-11-01,4004.8
5130,2006-11-02,4014.34
5131,2006-11-03,3974.62
5132,2006-11-06,3990.46
5133,2006-11-07,4045.22
5134,2006-11-08,4072.86
5135,2006-11-09,4073.81
5136,2006-11-10,4073.0
5137,2006-11-13,4063.84
5138,2006-11-14,4086.14
5139,2006-11-15,4084.33
5140,2006-11-16,4108.83
5141,2006-11-17,4109.81
5142,2006-11-20,4080.03
5143,2006-11-21,4095.75
5144,2006-11-22,4096.06
5145,2006-11-23,4094.97
5146,2006-11-24,4085.76
5147,2006-11-27,4048.16
5148,2006-11-28,3978.25
5149,2006-11-29,3975.11
5150,2006-11-30,4023.09
5151,2006-12-01,3987.23
5152,2006-12-04,3932.09
5153,2006-12-05,3962.93
5154,2006-12-06,4007.94
5155,2006-12-07,4002.31
5156,2006-12-08,4018.69
5157,2006-12-11,4019.89
5158,2006-12-12,4052.89
5159,2006-12-13,4059.74
5160,2006-12-14,4094.33
5161,2006-12-15,4118.84
5162,2006-12-18,4140.66
5163,2006-12-19,4130.06
5164,2006-12-20,4100.48
5165,2006-12-21,4118.54
5166,2006-12-22,4112.1
5167,2006-12-27,4073.5
5168,2006-12-28,4134.86
5169,2006-12-29,4130.66
5170,2007-01-02,4119.94
5171,2007-01-03,4182.12
5172,2007-01-04,4188.24
5173,2007-01-05,4177.76
5174,2007-01-08,4129.35
5175,2007-01-09,4123.33
5176,2007-01-10,4129.49
5177,2007-01-11,4090.88
5178,2007-01-12,4165.95
5179,2007-01-15,4174.8
5180,2007-01-16,4187.36
5181,2007-01-17,4169.18
5182,2007-01-18,4146.73
5183,2007-01-19,4137.31
5184,2007-01-22,4173.07
5185,2007-01-23,4140.61
5186,2007-01-24,4140.19
5187,2007-01-25,4187.55
5188,2007-01-26,4175.7
5189,2007-01-29,4149.01
5190,2007-01-30,4166.83
5191,2007-01-31,4195.22
5192,2007-02-01,4178.54
5193,2007-02-02,4211.32
5194,2007-02-05,4228.39
5195,2007-02-06,4227.47
5196,2007-02-07,4233.47
5197,2007-02-08,4251.06
5198,2007-02-09,4225.92
5199,2007-02-12,4248.24
5200,2007-02-13,4213.85
5201,2007-02-14,4239.03
5202,2007-02-15,4267.02
5203,2007-02-16,4258.13
5204,2007-02-19,4247.4
5205,2007-02-20,4266.23
5206,2007-02-21,4250.3
5207,2007-02-22,4232.52
5208,2007-02-23,4241.48
5209,2007-02-26,4245.99
5210,2007-02-27,4272.32
5211,2007-02-28,4156.73
5212,2007-03-01,4087.12
5213,2007-03-02,4031.3
5214,2007-03-05,4011.63
5215,2007-03-06,3980.06
5216,2007-03-07,4010.39
5217,2007-03-08,4021.97
5218,2007-03-09,4082.58
5219,2007-03-12,4091.67
5220,2007-03-13,4066.78
5221,2007-03-14,4017.74
5222,2007-03-15,3906.15
5223,2007-03-16,3985.57
5224,2007-03-19,3984.54
5225,2007-03-20,4055.49
5226,2007-03-21,4079.52
5227,2007-03-22,4078.29
5228,2007-03-23,4170.08
5229,2007-03-26,4191.58
5230,2007-03-27,4142.11
5231,2007-03-28,4153.61
5232,2007-03-29,4128.2
5233,2007-03-30,4180.07
5234,2007-04-02,4181.03
5235,2007-04-03,4189.55
5236,2007-04-04,4246.3
5237,2007-04-05,4261.83
5238,2007-04-10,4271.54
5239,2007-04-11,4301.47
5240,2007-04-12,4293.2
5241,2007-04-13,4280.02
5242,2007-04-16,4317.35
5243,2007-04-17,4379.25
5244,2007-04-18,4384.38
5245,2007-04-19,4358.95
5246,2007-04-20,4339.93
5247,2007-04-23,4416.79
5248,2007-04-24,4400.12
5249,2007-04-25,4367.83
5250,2007-04-26,4404.44
5251,2007-04-27,4414.21
5252,2007-04-30,4383.13
5253,2007-05-01,4392.34
5254,2007-05-02,4392.41
5255,2007-05-03,4415.48
5256,2007-05-04,4427.32
5257,2007-05-07,4445.59
5258,2007-05-08,4441.31
5259,2007-05-09,4411.32
5260,2007-05-10,4425.03
5261,2007-05-11,4391.87
5262,2007-05-14,4423.07
5263,2007-05-15,4413.72
5264,2007-05-16,4441.03
5265,2007-05-17,4422.62
5266,2007-05-18,4428.57
5267,2007-05-21,4480.81
5268,2007-05-22,4465.54
5269,2007-05-23,4469.88
5270,2007-05-24,4499.69
5271,2007-05-25,4452.7
5272,2007-05-28,4463.52
5273,2007-05-29,4475.46
5274,2007-05-30,4474.81
5275,2007-05-31,4468.72
5276,2007-06-01,4512.65
5277,2007-06-04,4556.97
5278,2007-06-05,4537.81
5279,2007-06-06,4513.18
5280,2007-06-07,4437.29
5281,2007-06-08,4381.45
5282,2007-06-11,4376.42
5283,2007-06-12,4415.5
5284,2007-06-13,4383.02
5285,2007-06-14,4401.68
5286,2007-06-15,4485.04
5287,2007-06-18,4551.0
5288,2007-06-19,4530.22
5289,2007-06-20,4527.22
5290,2007-06-21,4545.61
5291,2007-06-22,4488.66
5292,2007-06-25,4479.36
5293,2007-06-26,4471.13
5294,2007-06-27,4433.04
5295,2007-06-28,4412.12
5296,2007-06-29,4457.99
5297,2007-07-02,4489.77
5298,2007-07-03,4470.26
5299,2007-07-04,4513.01
5300,2007-07-05,4524.24
5301,2007-07-06,4491.87
5302,2007-07-09,4524.45
5303,2007-07-10,4528.76
5304,2007-07-11,4474.15
5305,2007-07-12,4447.52
5306,2007-07-13,4517.7
5307,2007-07-16,4542.57
5308,2007-07-17,4557.57
5309,2007-07-18,4538.31
5310,2007-07-19,4472.22
5311,2007-07-20,4522.64
5312,2007-07-23,4445.23
5313,2007-07-24,4482.75
5314,2007-07-25,4412.06
5315,2007-07-26,4360.9
5316,2007-07-27,4252.92
5317,2007-07-30,4244.58
5318,2007-07-31,4239.18
5319,2007-08-01,4315.69
5320,2007-08-02,4237.05
5321,2007-08-03,4288.66
5322,2007-08-06,4229.19
5323,2007-08-07,4202.78
5324,2007-08-08,4276.8
5325,2007-08-09,4364.22
5326,2007-08-10,4275.18
5327,2007-08-13,4161.29
5328,2007-08-14,4255.79
5329,2007-08-15,4195.6
5330,2007-08-16,4183.06
5331,2007-08-17,4062.33
5332,2007-08-20,4157.2
5333,2007-08-21,4173.29
5334,2007-08-22,4175.07
5335,2007-08-23,4226.52
5336,2007-08-24,4225.89
5337,2007-08-27,4238.63
5338,2007-08-28,4240.95
5339,2007-08-29,4170.68
5340,2007-08-30,4193.58
5341,2007-08-31,4246.12
5342,2007-09-03,4294.56
5343,2007-09-04,4295.99
5344,2007-09-05,4324.35
5345,2007-09-06,4235.41
5346,2007-09-07,4256.12
5347,2007-09-10,4162.42
5348,2007-09-11,4136.45
5349,2007-09-12,4197.35
5350,2007-09-13,4210.69
5351,2007-09-14,4249.01
5352,2007-09-17,4221.34
5353,2007-09-18,4184.61
5354,2007-09-19,4264.42
5355,2007-09-20,4389.33
5356,2007-09-21,4366.16
5357,2007-09-24,4370.35
5358,2007-09-25,4360.63
5359,2007-09-26,4328.89
5360,2007-09-27,4364.4
5361,2007-09-28,4388.98
5362,2007-10-01,4381.71
5363,2007-10-02,4409.65
5364,2007-10-03,4427.01
5365,2007-10-04,4421.58
5366,2007-10-05,4420.39
5367,2007-10-08,4455.31
5368,2007-10-09,4435.87
5369,2007-10-10,4447.58
5370,2007-10-11,4442.61
5371,2007-10-12,4473.57
5372,2007-10-15,4476.02
5373,2007-10-16,4434.98
5374,2007-10-17,4420.91
5375,2007-10-18,4441.8
5376,2007-10-19,4420.38
5377,2007-10-22,4411.26
5378,2007-10-23,4356.24
5379,2007-10-24,4378.42
5380,2007-10-25,4357.14
5381,2007-10-26,4412.12
5382,2007-10-29,4440.23
5383,2007-10-30,4471.46
5384,2007-10-31,4462.95
5385,2007-11-01,4489.79
5386,2007-11-02,4415.27
5387,2007-11-05,4410.08
5388,2007-11-06,4392.8
5389,2007-11-07,4407.34
5390,2007-11-08,4400.34
5391,2007-11-09,4363.6
5392,2007-11-12,4297.83
5393,2007-11-13,4302.88
5394,2007-11-14,4311.98
5395,2007-11-15,4338.28
5396,2007-11-16,4301.44
5397,2007-11-19,4282.4
5398,2007-11-20,4226.7
5399,2007-11-21,4277.24
5400,2007-11-22,4195.58
5401,2007-11-23,4208.92
5402,2007-11-26,4268.53
5403,2007-11-27,4238.0
5404,2007-11-28,4224.44
5405,2007-11-29,4321.74
5406,2007-11-30,4347.0
5407,2007-12-03,4394.95
5408,2007-12-04,4371.67
5409,2007-12-05,4339.1
5410,2007-12-06,4410.0
5411,2007-12-07,4414.66
5412,2007-12-10,4446.34
5413,2007-12-11,4465.52
5414,2007-12-12,4449.95
5415,2007-12-13,4469.47
5416,2007-12-14,4370.76
5417,2007-12-17,4384.65
5418,2007-12-18,4312.47
5419,2007-12-19,4309.14
5420,2007-12-20,4301.34
5421,2007-12-21,4314.7
5422,2007-12-24,4384.55
5423,2007-12-27,4388.38
5424,2007-12-28,4404.61
5425,2007-12-31,4404.64
5426,2008-01-02,4399.72
5427,2008-01-03,4339.23
5428,2008-01-04,4333.42
5429,2008-01-07,4270.53
5430,2008-01-08,4283.37
5431,2008-01-09,4295.23
5432,2008-01-10,4258.32
5433,2008-01-11,4237.62
5434,2008-01-14,4225.31
5435,2008-01-15,4236.68
5436,2008-01-16,4140.94
5437,2008-01-17,4108.34
5438,2008-01-18,4065.76
5439,2008-01-21,3995.17
5440,2008-01-22,3703.05
5441,2008-01-23,3753.68
5442,2008-01-24,3577.99
5443,2008-01-25,3809.07
5444,2008-01-28,3777.06
5445,2008-01-29,3765.41
5446,2008-01-30,3810.01
5447,2008-01-31,3789.31
5448,2008-02-01,3792.8
5449,2008-02-04,3867.47
5450,2008-02-05,3867.16
5451,2008-02-06,3717.08
5452,2008-02-07,3760.12
5453,2008-02-08,3699.29
5454,2008-02-11,3701.17
5455,2008-02-12,3678.16
5456,2008-02-13,3803.76
5457,2008-02-14,3803.21
5458,2008-02-15,3797.89
5459,2008-02-18,3719.28
5460,2008-02-19,3795.12
5461,2008-02-20,3805.27
5462,2008-02-21,3758.47
5463,2008-02-22,3778.21
5464,2008-02-25,3737.11
5465,2008-02-26,3798.99
5466,2008-02-27,3855.03
5467,2008-02-28,3856.69
5468,2008-02-29,3784.27
5469,2008-03-03,3724.5
5470,2008-03-04,3675.51
5471,2008-03-05,3610.2
5472,2008-03-06,3684.54
5473,2008-03-07,3617.68
5474,2008-03-10,3576.68
5475,2008-03-11,3546.1
5476,2008-03-12,3606.59
5477,2008-03-13,3647.64
5478,2008-03-14,3599.58
5479,2008-03-17,3566.59
5480,2008-03-18,3431.82
5481,2008-03-19,3558.66
5482,2008-03-20,3529.54
5483,2008-03-25,3505.9
5484,2008-03-26,3632.59
5485,2008-03-27,3611.45
5486,2008-03-28,3652.11
5487,2008-03-31,3641.05
5488,2008-04-01,3628.06
5489,2008-04-02,3753.55
5490,2008-04-03,3797.9
5491,2008-04-04,3774.94
5492,2008-04-07,3795.2
5493,2008-04-08,3828.46
5494,2008-04-09,3810.51
5495,2008-04-10,3775.93
5496,2008-04-11,3758.05
5497,2008-04-14,3699.99
5498,2008-04-15,3671.28
5499,2008-04-16,3690.75
5500,2008-04-17,3748.56
5501,2008-04-18,3725.23
5502,2008-04-21,3808.59
5503,2008-04-22,3769.89
5504,2008-04-23,3736.12
5505,2008-04-24,3763.55
5506,2008-04-25,3761.96
5507,2008-04-28,3794.39
5508,2008-04-29,3814.76
5509,2008-04-30,3793.63
5510,2008-05-01,3825.02
5511,2008-05-02,3825.02
5512,2008-05-05,3877.5
5513,2008-05-06,3872.15
5514,2008-05-07,3845.08
5515,2008-05-08,3871.78
5516,2008-05-09,3855.86
5517,2008-05-12,3801.59
5518,2008-05-13,3812.69
5519,2008-05-14,3817.07
5520,2008-05-15,3857.46
5521,2008-05-16,3854.86
5522,2008-05-19,3862.91
5523,2008-05-20,3882.28
5524,2008-05-21,3822.31
5525,2008-05-22,3794.13
5526,2008-05-23,3793.03
5527,2008-05-26,3725.82
5528,2008-05-27,3724.9
5529,2008-05-28,3711.03
5530,2008-05-29,3743.18
5531,2008-05-30,3752.24
5532,2008-06-02,3777.85
5533,2008-06-03,3720.5
5534,2008-06-04,3737.34
5535,2008-06-05,3699.05
5536,2008-06-06,3682.83
5537,2008-06-09,3596.7
5538,2008-06-10,3597.34
5539,2008-06-11,3574.7
5540,2008-06-12,3509.39
5541,2008-06-13,3542.59
5542,2008-06-16,3562.67
5543,2008-06-17,3532.83
5544,2008-06-18,3555.58
5545,2008-06-19,3507.97
5546,2008-06-20,3486.71
5547,2008-06-23,3426.58
5548,2008-06-24,3427.33
5549,2008-06-25,3404.52
5550,2008-06-26,3460.4
5551,2008-06-27,3366.35
5552,2008-06-30,3340.27
5553,2008-07-01,3352.81
5554,2008-07-02,3292.86
5555,2008-07-03,3288.52
5556,2008-07-04,3330.9
5557,2008-07-07,3275.2
5558,2008-07-08,3332.66
5559,2008-07-09,3287.6
5560,2008-07-10,3342.48
5561,2008-07-11,3283.01
5562,2008-07-14,3197.78
5563,2008-07-15,3216.24
5564,2008-07-16,3142.73
5565,2008-07-17,3174.76
5566,2008-07-18,3256.09
5567,2008-07-21,3321.53
5568,2008-07-22,3333.92
5569,2008-07-23,3326.24
5570,2008-07-24,3387.5
5571,2008-07-25,3354.58
5572,2008-07-28,3351.13
5573,2008-07-29,3313.41
5574,2008-07-30,3324.86
5575,2008-07-31,3367.33
5576,2008-08-01,3367.82
5577,2008-08-04,3316.61
5578,2008-08-05,3289.26
5579,2008-08-06,3380.09
5580,2008-08-07,3409.02
5581,2008-08-08,3397.25
5582,2008-08-11,3408.48
5583,2008-08-12,3445.66
5584,2008-08-13,3436.85
5585,2008-08-14,3354.75
5586,2008-08-15,3356.84
5587,2008-08-18,3367.62
5588,2008-08-19,3366.09
5589,2008-08-20,3279.75
5590,2008-08-21,3295.28
5591,2008-08-22,3248.92
5592,2008-08-25,3312.41
5593,2008-08-26,3280.41
5594,2008-08-27,3297.42
5595,2008-08-28,3299.15
5596,2008-08-29,3359.42
5597,2008-09-01,3365.63
5598,2008-09-02,3364.4
5599,2008-09-03,3416.46
5600,2008-09-04,3368.97
5601,2008-09-05,3274.82
5602,2008-09-08,3185.83
5603,2008-09-09,3284.12
5604,2008-09-10,3261.07
5605,2008-09-11,3242.02
5606,2008-09-12,3222.1
5607,2008-09-15,3278.02
5608,2008-09-16,3151.17
5609,2008-09-17,3088.43
5610,2008-09-18,3018.77
5611,2008-09-19,3000.83
5612,2008-09-22,3253.52
5613,2008-09-23,3181.77
5614,2008-09-24,3139.83
5615,2008-09-25,3119.83
5616,2008-09-26,3207.11
5617,2008-09-29,3156.46
5618,2008-09-30,3008.19
5619,2008-10-01,3038.2
5620,2008-10-02,3067.35
5621,2008-10-03,3007.51
5622,2008-10-06,3113.82
5623,2008-10-07,2868.97
5624,2008-10-08,2879.45
5625,2008-10-09,2694.55
5626,2008-10-10,2629.04
5627,2008-10-13,2421.87
5628,2008-10-14,2688.32
5629,2008-10-15,2756.74
5630,2008-10-16,2578.06
5631,2008-10-17,2423.8
5632,2008-10-20,2532.17
5633,2008-10-21,2613.68
5634,2008-10-22,2598.97
5635,2008-10-23,2457.97
5636,2008-10-24,2452.03
5637,2008-10-27,2333.28
5638,2008-10-28,2293.05
5639,2008-10-29,2381.68
5640,2008-10-30,2515.24
5641,2008-10-31,2528.04
5642,2008-11-03,2591.76
5643,2008-11-04,2610.04
5644,2008-11-05,2755.12
5645,2008-11-06,2710.65
5646,2008-11-07,2542.04
5647,2008-11-10,2602.54
5648,2008-11-11,2625.84
5649,2008-11-12,2483.61
5650,2008-11-13,2400.74
5651,2008-11-14,2429.94
5652,2008-11-17,2456.43
5653,2008-11-18,2364.83
5654,2008-11-19,2390.1
5655,2008-11-20,2295.36
5656,2008-11-21,2225.99
5657,2008-11-24,2165.91
5658,2008-11-25,2380.3
5659,2008-11-26,2385.9
5660,2008-11-27,2373.82
5661,2008-11-28,2427.97
5662,2008-12-01,2430.31
5663,2008-12-02,2288.39
5664,2008-12-03,2354.13
5665,2008-12-04,2369.52
5666,2008-12-05,2368.72
5667,2008-12-08,2252.09
5668,2008-12-09,2449.28
5669,2008-12-10,2480.79
5670,2008-12-11,2495.58
5671,2008-12-12,2485.39
5672,2008-12-15,2418.91
5673,2008-12-16,2407.47
5674,2008-12-17,2450.36
5675,2008-12-18,2444.46
5676,2008-12-19,2452.42
5677,2008-12-22,2444.14
5678,2008-12-23,2397.65
5679,2008-12-24,2382.14
5680,2008-12-29,2377.42
5681,2008-12-30,2388.3
5682,2008-12-31,2451.48
5683,2009-01-02,2447.62
5684,2009-01-05,2536.47
5685,2009-01-06,2553.41
5686,2009-01-07,2578.43
5687,2009-01-08,2538.55
5688,2009-01-09,2516.56
5689,2009-01-12,2486.59
5690,2009-01-13,2451.87
5691,2009-01-14,2411.28
5692,2009-01-15,2298.46
5693,2009-01-16,2257.67
5694,2009-01-19,2281.45
5695,2009-01-20,2252.39
5696,2009-01-21,2200.8
5697,2009-01-22,2188.43
5698,2009-01-23,2160.07
5699,2009-01-26,2147.87
5700,2009-01-27,2226.77
5701,2009-01-28,2224.62
5702,2009-01-29,2322.78
5703,2009-01-30,2269.4
5704,2009-02-02,2236.98
5705,2009-02-03,2198.74
5706,2009-02-04,2244.89
5707,2009-02-05,2297.73
5708,2009-02-06,2293.23
5709,2009-02-09,2343.66
5710,2009-02-10,2348.95
5711,2009-02-11,2268.15
5712,2009-02-12,2267.9
5713,2009-02-13,2214.95
5714,2009-02-16,2228.29
5715,2009-02-17,2193.64
5716,2009-02-18,2119.98
5717,2009-02-19,2118.47
5718,2009-02-20,2114.84
5719,2009-02-23,2011.68
5720,2009-02-24,1991.63
5721,2009-02-25,1977.5
5722,2009-02-26,1965.26
5723,2009-02-27,2021.14
5724,2009-03-02,1976.23
5725,2009-03-03,1882.79
5726,2009-03-04,1864.73
5727,2009-03-05,1943.46
5728,2009-03-06,1852.25
5729,2009-03-09,1817.24
5730,2009-03-10,1809.98
5731,2009-03-11,1919.53
5732,2009-03-12,1932.79
5733,2009-03-13,1962.64
5734,2009-03-16,1969.52
5735,2009-03-17,2033.72
5736,2009-03-18,2012.25
5737,2009-03-19,2019.19
5738,2009-03-20,2039.58
5739,2009-03-23,2050.96
5740,2009-03-24,2121.72
5741,2009-03-25,2127.37
5742,2009-03-26,2149.18
5743,2009-03-27,2156.97
5744,2009-03-30,2118.76
5745,2009-03-31,2010.61
5746,2009-04-01,2071.13
5747,2009-04-02,2097.57
5748,2009-04-03,2216.49
5749,2009-04-06,2198.75
5750,2009-04-07,2179.73
5751,2009-04-08,2165.56
5752,2009-04-09,2186.79
5753,2009-04-14,2247.89
5754,2009-04-15,2278.65
5755,2009-04-16,2262.96
5756,2009-04-17,2300.51
5757,2009-04-20,2341.15
5758,2009-04-21,2249.44
5759,2009-04-22,2243.63
5760,2009-04-23,2285.69
5761,2009-04-24,2259.54
5762,2009-04-27,2319.89
5763,2009-04-28,2317.36
5764,2009-04-29,2280.52
5765,2009-04-30,2334.59
5766,2009-05-01,2375.34
5767,2009-05-04,2375.34
5768,2009-05-05,2419.53
5769,2009-05-06,2407.55
5770,2009-05-07,2437.27
5771,2009-05-08,2406.08
5772,2009-05-11,2462.39
5773,2009-05-12,2433.59
5774,2009-05-13,2424.34
5775,2009-05-14,2357.3
5776,2009-05-15,2353.53
5777,2009-05-18,2364.1
5778,2009-05-19,2422.74
5779,2009-05-20,2459.59
5780,2009-05-21,2487.17
5781,2009-05-22,2423.72
5782,2009-05-25,2433.52
5783,2009-05-26,2440.23
5784,2009-05-27,2468.45
5785,2009-05-28,2479.48
5786,2009-05-29,2453.15
5787,2009-06-01,2451.24
5788,2009-06-02,2537.35
5789,2009-06-03,2534.17
5790,2009-06-04,2483.39
5791,2009-06-05,2487.08
5792,2009-06-08,2503.17
5793,2009-06-09,2468.37
5794,2009-06-10,2479.38
5795,2009-06-11,2500.94
5796,2009-06-12,2522.33
5797,2009-06-15,2509.22
5798,2009-06-16,2431.4
5799,2009-06-17,2425.97
5800,2009-06-18,2383.71
5801,2009-06-19,2414.44
5802,2009-06-22,2434.77
5803,2009-06-23,2359.28
5804,2009-06-24,2353.48
5805,2009-06-25,2418.46
5806,2009-06-26,2402.32
5807,2009-06-29,2389.91
5808,2009-06-30,2437.72
5809,2009-07-01,2401.69
5810,2009-07-02,2449.73
5811,2009-07-03,2369.65
5812,2009-07-06,2376.48
5813,2009-07-07,2343.88
5814,2009-07-08,2320.9
5815,2009-07-09,2291.33
5816,2009-07-10,2313.87
5817,2009-07-13,2281.47
5818,2009-07-14,2345.22
5819,2009-07-15,2370.71
5820,2009-07-16,2451.02
5821,2009-07-17,2458.97
5822,2009-07-20,2469.2
5823,2009-07-21,2500.69
5824,2009-07-22,2519.99
5825,2009-07-23,2528.85
5826,2009-07-24,2585.79
5827,2009-07-27,2582.76
5828,2009-07-28,2601.41
5829,2009-07-29,2573.08
5830,2009-07-30,2600.31
5831,2009-07-31,2654.74
5832,2009-08-03,2638.13
5833,2009-08-04,2674.07
5834,2009-08-05,2670.96
5835,2009-08-06,2643.13
5836,2009-08-07,2662.01
5837,2009-08-10,2706.22
5838,2009-08-11,2693.61
5839,2009-08-12,2650.94
5840,2009-08-13,2688.21
5841,2009-08-14,2705.74
5842,2009-08-17,2669.41
5843,2009-08-18,2603.79
5844,2009-08-19,2630.6
5845,2009-08-20,2622.88
5846,2009-08-21,2663.67
5847,2009-08-24,2745.62
5848,2009-08-25,2778.34
5849,2009-08-26,2801.14
5850,2009-08-27,2788.9
5851,2009-08-28,2777.62
5852,2009-08-31,2803.65
5853,2009-09-01,2775.17
5854,2009-09-02,2715.74
5855,2009-09-03,2703.76
5856,2009-09-04,2699.22
5857,2009-09-07,2743.34
5858,2009-09-08,2783.84
5859,2009-09-09,2786.25
5860,2009-09-10,2820.58
5861,2009-09-11,2817.5
5862,2009-09-14,2831.37
5863,2009-09-15,2829.25
5864,2009-09-16,2843.0
5865,2009-09-17,2882.28
5866,2009-09-18,2895.45
5867,2009-09-21,2887.24
5868,2009-09-22,2872.51
5869,2009-09-23,2881.6
5870,2009-09-24,2887.24
5871,2009-09-25,2838.22
5872,2009-09-28,2831.95
5873,2009-09-29,2899.12
5874,2009-09-30,2892.44
5875,2009-10-01,2872.63
5876,2009-10-02,2810.46
5877,2009-10-05,2760.6
5878,2009-10-06,2790.78
5879,2009-10-07,2865.7
5880,2009-10-08,2852.17
5881,2009-10-09,2887.61
5882,2009-10-12,2882.18
5883,2009-10-13,2914.35
5884,2009-10-14,2879.06
5885,2009-10-15,2950.82
5886,2009-10-16,2939.09
5887,2009-10-19,2893.53
5888,2009-10-20,2947.41
5889,2009-10-21,2925.08
5890,2009-10-22,2936.83
5891,2009-10-23,2902.19
5892,2009-10-26,2886.08
5893,2009-10-27,2834.82
5894,2009-10-28,2835.17
5895,2009-10-29,2778.46
5896,2009-10-30,2824.78
5897,2009-11-02,2743.5
5898,2009-11-03,2762.95
5899,2009-11-04,2712.3
5900,2009-11-05,2763.29
5901,2009-11-06,2793.44
5902,2009-11-09,2794.25
5903,2009-11-10,2860.11
5904,2009-11-11,2856.44
5905,2009-11-12,2881.01
5906,2009-11-13,2876.92
5907,2009-11-16,2883.04
5908,2009-11-17,2926.15
5909,2009-11-18,2906.92
5910,2009-11-19,2908.53
5911,2009-11-20,2860.29
5912,2009-11-23,2833.06
5913,2009-11-24,2898.19
5914,2009-11-25,2877.58
5915,2009-11-26,2896.9
5916,2009-11-27,2799.44
5917,2009-11-30,2831.14
5918,2009-12-01,2797.25
5919,2009-12-02,2871.75
5920,2009-12-03,2877.94
5921,2009-12-04,2876.14
5922,2009-12-07,2910.33
5923,2009-12-08,2896.23
5924,2009-12-09,2849.17
5925,2009-12-10,2818.1
5926,2009-12-11,2851.29
5927,2009-12-14,2862.32
5928,2009-12-15,2885.0
5929,2009-12-16,2888.58
5930,2009-12-17,2926.52
5931,2009-12-18,2891.66
5932,2009-12-21,2871.22
5933,2009-12-22,2926.05
5934,2009-12-23,2945.71
5935,2009-12-24,2957.48
5936,2009-12-28,2957.03
5937,2009-12-29,2982.42
5938,2009-12-30,2992.08
5939,2009-12-31,2966.24
5940,2010-01-04,2964.96
5941,2010-01-05,3017.8
5942,2010-01-06,3012.36
5943,2010-01-07,3009.66
5944,2010-01-08,3007.34
5945,2010-01-11,3017.85
5946,2010-01-12,3010.24
5947,2010-01-13,2976.89
5948,2010-01-14,2978.41
5949,2010-01-15,2989.71
5950,2010-01-18,2940.25
5951,2010-01-19,2957.87
5952,2010-01-20,2984.82
5953,2010-01-21,2914.6
5954,2010-01-22,2863.25
5955,2010-01-25,2836.8
5956,2010-01-26,2807.3
5957,2010-01-27,2827.74
5958,2010-01-28,2787.4
5959,2010-01-29,2737.33
5960,2010-02-01,2776.83
5961,2010-02-02,2793.29
5962,2010-02-03,2830.01
5963,2010-02-04,2804.61
5964,2010-02-05,2707.45
5965,2010-02-08,2631.64
5966,2010-02-09,2664.29
5967,2010-02-10,2668.43
5968,2010-02-11,2700.17
5969,2010-02-12,2680.25
5970,2010-02-15,2674.46
5971,2010-02-16,2683.83
5972,2010-02-17,2720.77
5973,2010-02-18,2762.25
5974,2010-02-19,2778.3
5975,2010-02-22,2793.37
5976,2010-02-23,2778.12
5977,2010-02-24,2730.57
5978,2010-02-25,2734.95
5979,2010-02-26,2684.42
5980,2010-03-01,2728.47
5981,2010-03-02,2772.7
5982,2010-03-03,2796.33
5983,2010-03-04,2822.59
5984,2010-03-05,2816.1
5985,2010-03-08,2877.44
5986,2010-03-09,2879.29
5987,2010-03-10,2880.71
5988,2010-03-11,2909.4
5989,2010-03-12,2895.74
5990,2010-03-15,2898.36
5991,2010-03-16,2870.55
5992,2010-03-17,2905.93
5993,2010-03-18,2931.31
5994,2010-03-19,2913.74
5995,2010-03-22,2897.95
5996,2010-03-23,2890.75
5997,2010-03-24,2910.52
5998,2010-03-25,2903.94
5999,2010-03-26,2948.09
6000,2010-03-29,2940.94
6001,2010-03-30,2947.49
6002,2010-03-31,2939.68
6003,2010-04-01,2931.16
6004,2010-04-06,2978.5
6005,2010-04-07,2989.49
6006,2010-04-08,2974.62
6007,2010-04-09,2942.31
6008,2010-04-12,2993.54
6009,2010-04-13,3002.23
6010,2010-04-14,2988.24
6011,2010-04-15,3008.03
6012,2010-04-16,3012.65
6013,2010-04-19,2949.65
6014,2010-04-20,2940.19
6015,2010-04-21,2983.91
6016,2010-04-22,2947.64
6017,2010-04-23,2897.59
6018,2010-04-26,2918.11
6019,2010-04-27,2947.04
6020,2010-04-28,2838.78
6021,2010-04-29,2788.54
6022,2010-04-30,2828.12
6023,2010-05-03,2816.86
6024,2010-05-04,2816.5
6025,2010-05-05,2708.12
6026,2010-05-06,2679.3
6027,2010-05-07,2611.41
6028,2010-05-10,2500.18
6029,2010-05-11,2758.89
6030,2010-05-12,2730.48
6031,2010-05-13,2764.31
6032,2010-05-14,2764.05
6033,2010-05-17,2633.92
6034,2010-05-18,2635.34
6035,2010-05-19,2698.21
6036,2010-05-20,2619.48
6037,2010-05-21,2569.58
6038,2010-05-24,2574.18
6039,2010-05-25,2558.27
6040,2010-05-26,2488.5
6041,2010-05-27,2530.34
6042,2010-05-28,2619.36
6043,2010-05-31,2614.06
6044,2010-06-01,2610.26
6045,2010-06-02,2606.58
6046,2010-06-03,2601.98
6047,2010-06-04,2634.16
6048,2010-06-07,2553.59
6049,2010-06-08,2529.97
6050,2010-06-09,2510.84
6051,2010-06-10,2556.68
6052,2010-06-11,2608.74
6053,2010-06-14,2638.31
6054,2010-06-15,2683.46
6055,2010-06-16,2716.3
6056,2010-06-17,2718.73
6057,2010-06-18,2728.12
6058,2010-06-21,2737.02
6059,2010-06-22,2768.27
6060,2010-06-23,2745.97
6061,2010-06-24,2704.8
6062,2010-06-25,2645.32
6063,2010-06-28,2629.25
6064,2010-06-29,2668.67
6065,2010-06-30,2556.34
6066,2010-07-01,2573.32
6067,2010-07-02,2518.65
6068,2010-07-05,2522.36
6069,2010-07-06,2507.83
6070,2010-07-07,2578.69
6071,2010-07-08,2634.39
6072,2010-07-09,2666.42
6073,2010-07-12,2681.2
6074,2010-07-13,2686.09
6075,2010-07-14,2737.59
6076,2010-07-15,2738.96
6077,2010-07-16,2702.81
6078,2010-07-19,2645.61
6079,2010-07-20,2634.6
6080,2010-07-21,2627.28
6081,2010-07-22,2639.52
6082,2010-07-23,2714.21
6083,2010-07-26,2719.13
6084,2010-07-27,2743.12
6085,2010-07-28,2769.31
6086,2010-07-29,2766.11
6087,2010-07-30,2752.93
6088,2010-08-02,2742.14
6089,2010-08-03,2822.17
6090,2010-08-04,2818.97
6091,2010-08-05,2825.08
6092,2010-08-06,2819.34
6093,2010-08-09,2779.34
6094,2010-08-10,2827.27
6095,2010-08-11,2800.02
6096,2010-08-12,2724.16
6097,2010-08-13,2720.85
6098,2010-08-16,2708.73
6099,2010-08-17,2698.29
6100,2010-08-18,2737.69
6101,2010-08-19,2728.66
6102,2010-08-20,2675.02
6103,2010-08-23,2643.98
6104,2010-08-24,2660.84
6105,2010-08-25,2614.54
6106,2010-08-26,2587.4
6107,2010-08-27,2606.89
6108,2010-08-30,2630.35
6109,2010-08-31,2616.57
6110,2010-09-01,2622.95
6111,2010-09-02,2715.27
6112,2010-09-03,2715.19
6113,2010-09-06,2746.23
6114,2010-09-07,2753.6
6115,2010-09-08,2727.16
6116,2010-09-09,2752.89
6117,2010-09-10,2782.43
6118,2010-09-13,2780.4
6119,2010-09-14,2805.06
6120,2010-09-15,2806.47
6121,2010-09-16,2794.36
6122,2010-09-17,2784.61
6123,2010-09-20,2757.37
6124,2010-09-21,2802.67
6125,2010-09-22,2794.55
6126,2010-09-23,2752.77
6127,2010-09-24,2738.61
6128,2010-09-27,2792.75
6129,2010-09-28,2776.33
6130,2010-09-29,2774.62
6131,2010-09-30,2752.71
6132,2010-10-01,2747.9
6133,2010-10-04,2732.91
6134,2010-10-05,2701.02
6135,2010-10-06,2758.56
6136,2010-10-07,2780.0
6137,2010-10-08,2786.88
6138,2010-10-11,2785.43
6139,2010-10-12,2789.72
6140,2010-10-13,2775.75
6141,2010-10-14,2840.55
6142,2010-10-15,2836.11
6143,2010-10-18,2841.65
6144,2010-10-19,2850.72
6145,2010-10-20,2837.33
6146,2010-10-21,2851.52
6147,2010-10-22,2882.29
6148,2010-10-25,2873.74
6149,2010-10-26,2871.48
6150,2010-10-27,2856.31
6151,2010-10-28,2829.42
6152,2010-10-29,2845.53
6153,2010-11-01,2844.99
6154,2010-11-02,2836.73
6155,2010-11-03,2861.01
6156,2010-11-04,2830.43
6157,2010-11-05,2884.21
6158,2010-11-08,2875.94
6159,2010-11-09,2867.96
6160,2010-11-10,2890.64
6161,2010-11-11,2845.93
6162,2010-11-12,2831.22
6163,2010-11-15,2822.43
6164,2010-11-16,2848.45
6165,2010-11-17,2781.77
6166,2010-11-18,2802.7
6167,2010-11-19,2855.23
6168,2010-11-22,2845.75
6169,2010-11-23,2811.43
6170,2010-11-24,2739.37
6171,2010-11-25,2758.02
6172,2010-11-26,2765.05
6173,2010-11-29,2736.96
6174,2010-11-30,2669.96
6175,2010-12-01,2650.99
6176,2010-12-02,2721.87
6177,2010-12-03,2781.39
6178,2010-12-06,2782.39
6179,2010-12-07,2769.96
6180,2010-12-08,2802.74
6181,2010-12-09,2818.95
6182,2010-12-10,2840.71
6183,2010-12-13,2839.53
6184,2010-12-14,2855.37
6185,2010-12-15,2861.67
6186,2010-12-16,2841.99
6187,2010-12-17,2845.78
6188,2010-12-20,2821.77
6189,2010-12-21,2839.22
6190,2010-12-22,2876.99
6191,2010-12-23,2869.63
6192,2010-12-24,2864.52
6193,2010-12-27,2861.94
6194,2010-12-28,2826.51
6195,2010-12-29,2824.3
6196,2010-12-30,2841.23
6197,2010-12-31,2807.04
6198,2011-01-03,2792.82
6199,2011-01-04,2839.43
6200,2011-01-05,2844.17
6201,2011-01-06,2833.74
6202,2011-01-07,2836.23
6203,2011-01-10,2808.25
6204,2011-01-11,2760.88
6205,2011-01-12,2796.6
6206,2011-01-13,2879.11
6207,2011-01-14,2915.62
6208,2011-01-17,2920.4
6209,2011-01-18,2910.63
6210,2011-01-19,2945.62
6211,2011-01-20,2923.76
6212,2011-01-21,2927.42
6213,2011-01-24,2970.56
6214,2011-01-25,2979.06
6215,2011-01-26,2957.78
6216,2011-01-27,2967.78
6217,2011-01-28,2989.75
6218,2011-01-31,2954.13
6219,2011-02-01,2953.63
6220,2011-02-02,3006.81
6221,2011-02-03,3012.7
6222,2011-02-04,2995.49
6223,2011-02-07,3003.19
6224,2011-02-08,3031.18
6225,2011-02-09,3042.5
6226,2011-02-10,3031.62
6227,2011-02-11,3025.68
6228,2011-02-14,3024.37
6229,2011-02-15,3018.38
6230,2011-02-16,3030.46
6231,2011-02-17,3061.92
6232,2011-02-18,3064.54
6233,2011-02-21,3068.0
6234,2011-02-22,3012.34
6235,2011-02-23,2983.33
6236,2011-02-24,2954.92
6237,2011-02-25,2949.13
6238,2011-02-28,2985.02
6239,2011-03-01,3013.09
6240,2011-03-02,2983.27
6241,2011-03-03,2958.8
6242,2011-03-04,2969.24
6243,2011-03-07,2949.18
6244,2011-03-08,2931.42
6245,2011-03-09,2945.42
6246,2011-03-10,2935.11
6247,2011-03-11,2909.73
6248,2011-03-14,2883.84
6249,2011-03-15,2852.11
6250,2011-03-16,2784.2
6251,2011-03-17,2721.24
6252,2011-03-18,2786.16
6253,2011-03-21,2792.61
6254,2011-03-22,2860.81
6255,2011-03-23,2854.79
6256,2011-03-24,2866.23
6257,2011-03-25,2909.78
6258,2011-03-28,2911.33
6259,2011-03-29,2914.76
6260,2011-03-30,2910.93
6261,2011-03-31,2936.44
6262,2011-04-01,2910.91
6263,2011-04-04,2962.92
6264,2011-04-05,2955.84
6265,2011-04-06,2950.96
6266,2011-04-07,2971.48
6267,2011-04-08,2963.69
6268,2011-04-11,2984.66
6269,2011-04-12,2974.58
6270,2011-04-13,2932.33
6271,2011-04-14,2949.98
6272,2011-04-15,2917.72
6273,2011-04-18,2919.05
6274,2011-04-19,2847.96
6275,2011-04-20,2857.61
6276,2011-04-21,2921.43
6277,2011-04-26,2936.3
6278,2011-04-27,2955.36
6279,2011-04-28,2977.59
6280,2011-04-29,3005.33
6281,2011-05-02,3011.25
6282,2011-05-03,3008.89
6283,2011-05-04,3000.39
6284,2011-05-05,2952.02
6285,2011-05-06,2926.54
6286,2011-05-09,2952.9
6287,2011-05-10,2902.4
6288,2011-05-11,2939.02
6289,2011-05-12,2942.43
6290,2011-05-13,2917.05
6291,2011-05-16,2894.6
6292,2011-05-17,2881.31
6293,2011-05-18,2849.6
6294,2011-05-19,2867.3
6295,2011-05-20,2890.6
6296,2011-05-23,2853.98
6297,2011-05-24,2794.26
6298,2011-05-25,2801.27
6299,2011-05-26,2816.84
6300,2011-05-27,2799.82
6301,2011-05-30,2819.4
6302,2011-05-31,2814.34
6303,2011-06-01,2861.92
6304,2011-06-02,2827.66
6305,2011-06-03,2782.57
6306,2011-06-06,2789.11
6307,2011-06-07,2765.33
6308,2011-06-08,2774.5
6309,2011-06-09,2752.06
6310,2011-06-10,2778.12
6311,2011-06-13,2732.54
6312,2011-06-14,2733.95
6313,2011-06-15,2779.94
6314,2011-06-16,2731.5
6315,2011-06-17,2730.62
6316,2011-06-20,2770.12
6317,2011-06-21,2748.01
6318,2011-06-22,2801.99
6319,2011-06-23,2795.07
6320,2011-06-24,2730.86
6321,2011-06-27,2715.88
6322,2011-06-28,2723.93
6323,2011-06-29,2750.49
6324,2011-06-30,2802.55
6325,2011-07-01,2848.53
6326,2011-07-04,2875.67
6327,2011-07-05,2870.19
6328,2011-07-06,2850.51
6329,2011-07-07,2832.63
6330,2011-07-08,2844.51
6331,2011-07-11,2790.09
6332,2011-07-12,2709.14
6333,2011-07-13,2693.53
6334,2011-07-14,2715.05
6335,2011-07-15,2695.29
6336,2011-07-18,2675.38
6337,2011-07-19,2622.36
6338,2011-07-20,2657.45
6339,2011-07-21,2705.75
6340,2011-07-22,2763.34
6341,2011-07-25,2772.6
6342,2011-07-26,2742.7
6343,2011-07-27,2739.65
6344,2011-07-28,2693.71
6345,2011-07-29,2692.76
6346,2011-08-01,2670.37
6347,2011-08-02,2593.34
6348,2011-08-03,2544.89
6349,2011-08-04,2497.83
6350,2011-08-05,2412.29
6351,2011-08-08,2375.15
6352,2011-08-09,2286.91
6353,2011-08-10,2294.24
6354,2011-08-11,2153.77
6355,2011-08-12,2215.45
6356,2011-08-15,2307.33
6357,2011-08-16,2324.48
6358,2011-08-17,2323.67
6359,2011-08-18,2331.12
6360,2011-08-19,2206.61
6361,2011-08-22,2159.07
6362,2011-08-23,2183.39
6363,2011-08-24,2199.98
6364,2011-08-25,2238.7
6365,2011-08-26,2216.7
6366,2011-08-29,2190.44
6367,2011-08-30,2239.3
6368,2011-08-31,2239.14
6369,2011-09-01,2302.08
6370,2011-09-02,2305.75
6371,2011-09-05,2220.72
6372,2011-09-06,2107.27
6373,2011-09-07,2080.1
6374,2011-09-08,2151.16
6375,2011-09-09,2163.4
6376,2011-09-12,2073.67
6377,2011-09-13,1995.01
6378,2011-09-14,2036.64
6379,2011-09-15,2083.38
6380,2011-09-16,2155.62
6381,2011-09-19,2159.28
6382,2011-09-20,2096.1
6383,2011-09-21,2140.41
6384,2011-09-22,2098.49
6385,2011-09-23,1995.75
6386,2011-09-26,2026.03
6387,2011-09-27,2083.35
6388,2011-09-28,2194.03
6389,2011-09-29,2176.64
6390,2011-09-30,2212.44
6391,2011-10-03,2179.66
6392,2011-10-04,2138.24
6393,2011-10-05,2091.09
6394,2011-10-06,2179.42
6395,2011-10-07,2248.78
6396,2011-10-10,2269.19
6397,2011-10-11,2320.8
6398,2011-10-12,2315.97
6399,2011-10-13,2372.15
6400,2011-10-14,2332.52
6401,2011-10-17,2355.48
6402,2011-10-18,2315.89
6403,2011-10-19,2306.81
6404,2011-10-20,2330.08
6405,2011-10-21,2271.77
6406,2011-10-24,2337.51
6407,2011-10-25,2369.07
6408,2011-10-26,2343.96
6409,2011-10-27,2335.06
6410,2011-10-28,2476.92
6411,2011-10-31,2462.36
6412,2011-11-01,2385.22
6413,2011-11-02,2259.73
6414,2011-11-03,2291.89
6415,2011-11-04,2347.94
6416,2011-11-07,2291.47
6417,2011-11-08,2275.92
6418,2011-11-09,2303.2
6419,2011-11-10,2249.39
6420,2011-11-11,2254.92
6421,2011-11-14,2324.81
6422,2011-11-15,2288.32
6423,2011-11-16,2254.0
6424,2011-11-17,2267.96
6425,2011-11-18,2242.78
6426,2011-11-21,2236.68
6427,2011-11-22,2160.28
6428,2011-11-23,2136.81
6429,2011-11-24,2096.79
6430,2011-11-25,2090.25
6431,2011-11-28,2111.26
6432,2011-11-29,2221.76
6433,2011-11-30,2234.17
6434,2011-12-01,2330.43
6435,2011-12-02,2313.84
6436,2011-12-05,2342.5
6437,2011-12-06,2369.39
6438,2011-12-07,2356.71
6439,2011-12-08,2344.92
6440,2011-12-09,2288.05
6441,2011-12-12,2342.59
6442,2011-12-13,2269.46
6443,2011-12-14,2260.98
6444,2011-12-15,2205.91
6445,2011-12-16,2224.89
6446,2011-12-19,2202.72
6447,2011-12-20,2202.95
6448,2011-12-21,2262.39
6449,2011-12-22,2244.35
6450,2011-12-23,2273.02
6451,2011-12-27,2290.37
6452,2011-12-28,2290.31
6453,2011-12-29,2255.03
6454,2011-12-30,2292.28
6455,2012-01-02,2316.55
6456,2012-01-03,2370.2
6457,2012-01-04,2389.91
6458,2012-01-05,2349.89
6459,2012-01-06,2315.75
6460,2012-01-09,2298.65
6461,2012-01-10,2286.45
6462,2012-01-11,2347.47
6463,2012-01-12,2339.51
6464,2012-01-13,2345.85
6465,2012-01-16,2338.01
6466,2012-01-17,2361.56
6467,2012-01-18,2396.63
6468,2012-01-19,2390.64
6469,2012-01-20,2435.04
6470,2012-01-23,2426.96
6471,2012-01-24,2441.44
6472,2012-01-25,2432.07
6473,2012-01-26,2421.12
6474,2012-01-27,2460.4
6475,2012-01-30,2436.62
6476,2012-01-31,2404.62
6477,2012-02-01,2416.66
6478,2012-02-02,2470.79
6479,2012-02-03,2478.15
6480,2012-02-06,2515.15
6481,2012-02-07,2507.89
6482,2012-02-08,2514.12
6483,2012-02-09,2512.92
6484,2012-02-10,2522.34
6485,2012-02-13,2480.76
6486,2012-02-14,2491.54
6487,2012-02-15,2488.29
6488,2012-02-16,2493.96
6489,2012-02-17,2489.35
6490,2012-02-20,2520.31
6491,2012-02-21,2550.28
6492,2012-02-22,2541.6
6493,2012-02-23,2519.0
6494,2012-02-24,2508.08
6495,2012-02-27,2523.69
6496,2012-02-28,2513.06
6497,2012-02-29,2519.72
6498,2012-03-01,2512.11
6499,2012-03-02,2548.66
6500,2012-03-05,2546.16
6501,2012-03-06,2529.86
6502,2012-03-07,2443.52
6503,2012-03-08,2460.77
6504,2012-03-09,2514.22
6505,2012-03-12,2515.95
6506,2012-03-13,2514.97
6507,2012-03-14,2556.82
6508,2012-03-15,2574.79
6509,2012-03-16,2593.97
6510,2012-03-19,2608.3
6511,2012-03-20,2608.42
6512,2012-03-21,2576.61
6513,2012-03-22,2567.58
6514,2012-03-23,2530.22
6515,2012-03-26,2525.43
6516,2012-03-27,2539.87
6517,2012-03-28,2525.21
6518,2012-03-29,2496.68
6519,2012-03-30,2452.74
6520,2012-04-02,2477.28
6521,2012-04-03,2501.18
6522,2012-04-04,2458.98
6523,2012-04-05,2398.46
6524,2012-04-10,2392.54
6525,2012-04-11,2321.53
6526,2012-04-12,2341.36
6527,2012-04-13,2352.24
6528,2012-04-16,2291.51
6529,2012-04-17,2301.19
6530,2012-04-18,2367.05
6531,2012-04-19,2327.84
6532,2012-04-20,2284.67
6533,2012-04-23,2311.27
6534,2012-04-24,2244.83
6535,2012-04-25,2284.08
6536,2012-04-26,2322.91
6537,2012-04-27,2322.69
6538,2012-04-30,2344.02
6539,2012-05-01,2306.43
6540,2012-05-02,2306.69
6541,2012-05-03,2290.31
6542,2012-05-04,2287.1
6543,2012-05-07,2248.34
6544,2012-05-08,2283.09
6545,2012-05-09,2236.11
6546,2012-05-10,2225.63
6547,2012-05-11,2247.38
6548,2012-05-14,2254.54
6549,2012-05-15,2201.95
6550,2012-05-16,2178.67
6551,2012-05-17,2175.34
6552,2012-05-18,2146.91
6553,2012-05-21,2144.69
6554,2012-05-22,2150.16
6555,2012-05-23,2192.85
6556,2012-05-24,2134.05
6557,2012-05-25,2156.52
6558,2012-05-28,2161.87
6559,2012-05-29,2147.92
6560,2012-05-30,2160.31
6561,2012-05-31,2116.18
6562,2012-06-01,2118.94
6563,2012-06-04,2068.66
6564,2012-06-05,2078.96
6565,2012-06-06,2087.31
6566,2012-06-07,2137.73
6567,2012-06-08,2143.08
6568,2012-06-11,2143.9
6569,2012-06-12,2137.7
6570,2012-06-13,2143.38
6571,2012-06-14,2143.5
6572,2012-06-15,2148.21
6573,2012-06-18,2181.23
6574,2012-06-19,2155.64
6575,2012-06-20,2198.01
6576,2012-06-21,2207.49
6577,2012-06-22,2199.42
6578,2012-06-25,2186.81
6579,2012-06-26,2130.71
6580,2012-06-27,2127.95
6581,2012-06-28,2165.61
6582,2012-06-29,2157.62
6583,2012-07-02,2264.72
6584,2012-07-03,2292.08
6585,2012-07-04,2320.43
6586,2012-07-05,2312.41
6587,2012-07-06,2284.92
6588,2012-07-09,2235.51
6589,2012-07-10,2227.91
6590,2012-07-11,2241.85
6591,2012-07-12,2246.23
6592,2012-07-13,2228.01
6593,2012-07-16,2259.09
6594,2012-07-17,2251.96
6595,2012-07-18,2250.75
6596,2012-07-19,2284.7
6597,2012-07-20,2302.45
6598,2012-07-23,2237.33
6599,2012-07-24,2179.31
6600,2012-07-25,2151.54
6601,2012-07-26,2159.09
6602,2012-07-27,2251.05
6603,2012-07-30,2301.23
6604,2012-07-31,2340.31
6605,2012-08-01,2325.72
6606,2012-08-02,2333.38
6607,2012-08-03,2263.36
6608,2012-08-06,2372.58
6609,2012-08-07,2399.32
6610,2012-08-08,2440.24
6611,2012-08-09,2432.28
6612,2012-08-10,2437.04
6613,2012-08-13,2423.22
6614,2012-08-14,2415.96
6615,2012-08-15,2432.29
6616,2012-08-16,2430.39
6617,2012-08-17,2456.53
6618,2012-08-20,2471.53
6619,2012-08-21,2466.32
6620,2012-08-22,2490.27
6621,2012-08-23,2452.73
6622,2012-08-24,2429.17
6623,2012-08-27,2434.23
6624,2012-08-28,2461.82
6625,2012-08-29,2442.12
6626,2012-08-30,2434.23
6627,2012-08-31,2403.8
6628,2012-09-03,2440.71
6629,2012-09-04,2463.17
6630,2012-09-05,2436.54
6631,2012-09-06,2441.81
6632,2012-09-07,2524.95
6633,2012-09-10,2538.6
6634,2012-09-11,2528.53
6635,2012-09-12,2557.65
6636,2012-09-13,2564.8
6637,2012-09-14,2543.22
6638,2012-09-17,2594.56
6639,2012-09-18,2583.57
6640,2012-09-19,2553.4
6641,2012-09-20,2567.67
6642,2012-09-21,2553.03
6643,2012-09-24,2577.08
6644,2012-09-25,2557.89
6645,2012-09-26,2568.48
6646,2012-09-27,2498.52
6647,2012-09-28,2506.06
6648,2012-10-01,2454.26
6649,2012-10-02,2498.81
6650,2012-10-03,2493.59
6651,2012-10-04,2492.48
6652,2012-10-05,2485.75
6653,2012-10-08,2531.21
6654,2012-10-09,2496.09
6655,2012-10-10,2472.23
6656,2012-10-11,2456.54
6657,2012-10-12,2487.08
6658,2012-10-15,2469.09
6659,2012-10-16,2485.12
6660,2012-10-17,2547.9
6661,2012-10-18,2569.83
6662,2012-10-19,2574.19
6663,2012-10-22,2542.24
6664,2012-10-23,2531.1
6665,2012-10-24,2477.92
6666,2012-10-25,2490.58
6667,2012-10-26,2483.43
6668,2012-10-29,2496.1
6669,2012-10-30,2478.84
6670,2012-10-31,2515.99
6671,2012-11-01,2503.64
6672,2012-11-02,2533.87
6673,2012-11-05,2547.15
6674,2012-11-06,2517.67
6675,2012-11-07,2535.94
6676,2012-11-08,2479.1
6677,2012-11-09,2479.13
6678,2012-11-12,2479.82
6679,2012-11-13,2473.52
6680,2012-11-14,2493.14
6681,2012-11-15,2472.84
6682,2012-11-16,2461.77
6683,2012-11-19,2427.32
6684,2012-11-20,2495.21
6685,2012-11-21,2509.62
6686,2012-11-22,2519.68
6687,2012-11-23,2535.09
6688,2012-11-26,2557.03
6689,2012-11-27,2542.52
6690,2012-11-28,2543.45
6691,2012-11-29,2546.84
6692,2012-11-30,2581.69
6693,2012-12-03,2575.25
6694,2012-12-04,2582.36
6695,2012-12-05,2590.83
6696,2012-12-06,2592.09
6697,2012-12-07,2603.41
6698,2012-12-10,2601.37
6699,2012-12-11,2596.02
6700,2012-12-12,2624.03
6701,2012-12-13,2630.34
6702,2012-12-14,2627.66
6703,2012-12-17,2630.54
6704,2012-12-18,2628.01
6705,2012-12-19,2643.5
6706,2012-12-20,2654.69
6707,2012-12-21,2658.3
6708,2012-12-24,2651.09
6709,2012-12-27,2648.53
6710,2012-12-28,2659.95
6711,2012-12-31,2626.85
6712,2013-01-02,2635.93
6713,2013-01-03,2711.25
6714,2013-01-04,2701.22
6715,2013-01-07,2709.35
6716,2013-01-08,2695.56
6717,2013-01-09,2691.45
6718,2013-01-10,2706.39
6719,2013-01-11,2708.27
6720,2013-01-14,2717.79
6721,2013-01-15,2715.16
6722,2013-01-16,2701.59
6723,2013-01-17,2702.54
6724,2013-01-18,2718.93
6725,2013-01-21,2709.59
6726,2013-01-22,2726.63
6727,2013-01-23,2716.7
6728,2013-01-24,2708.28
6729,2013-01-25,2722.96
6730,2013-01-28,2744.18
6731,2013-01-29,2744.5
6732,2013-01-30,2749.27
6733,2013-01-31,2732.12
6734,2013-02-01,2702.98
6735,2013-02-04,2710.08
6736,2013-02-05,2625.17
6737,2013-02-06,2651.21
6738,2013-02-07,2617.35
6739,2013-02-08,2597.92
6740,2013-02-11,2630.3
6741,2013-02-12,2622.61
6742,2013-02-13,2648.83
6743,2013-02-14,2656.86
6744,2013-02-15,2635.35
6745,2013-02-18,2615.26
6746,2013-02-19,2616.65
6747,2013-02-20,2662.37
6748,2013-02-21,2640.35
6749,2013-02-22,2579.76
6750,2013-02-25,2630.05
6751,2013-02-26,2651.86
6752,2013-02-27,2570.52
6753,2013-02-28,2611.89
6754,2013-03-01,2633.55
6755,2013-03-04,2616.75
6756,2013-03-05,2619.78
6757,2013-03-06,2683.02
6758,2013-03-07,2679.89
6759,2013-03-08,2690.85
6760,2013-03-11,2728.78
6761,2013-03-12,2718.71
6762,2013-03-13,2711.85
6763,2013-03-14,2704.73
6764,2013-03-15,2744.7
6765,2013-03-18,2725.72
6766,2013-03-19,2705.47
6767,2013-03-20,2671.96
6768,2013-03-21,2708.9
6769,2013-03-22,2683.92
6770,2013-03-25,2681.67
6771,2013-03-26,2649.28
6772,2013-03-27,2641.12
6773,2013-03-28,2612.46
6774,2013-04-02,2624.02
6775,2013-04-03,2679.8
6776,2013-04-04,2639.01
6777,2013-04-05,2621.43
6778,2013-04-08,2585.28
6779,2013-04-09,2589.25
6780,2013-04-10,2595.13
6781,2013-04-11,2661.62
6782,2013-04-12,2674.33
6783,2013-04-15,2633.47
6784,2013-04-16,2624.71
6785,2013-04-17,2609.3
6786,2013-04-18,2553.49
6787,2013-04-19,2555.5
6788,2013-04-22,2575.16
6789,2013-04-23,2583.62
6790,2013-04-24,2662.88
6791,2013-04-25,2702.05
6792,2013-04-26,2704.41
6793,2013-04-29,2683.43
6794,2013-04-30,2717.38
6795,2013-05-01,2712.0
6796,2013-05-02,2711.74
6797,2013-05-03,2718.9
6798,2013-05-06,2763.68
6799,2013-05-07,2750.52
6800,2013-05-08,2769.08
6801,2013-05-09,2784.62
6802,2013-05-10,2773.16
6803,2013-05-13,2785.24
6804,2013-05-14,2777.39
6805,2013-05-15,2795.63
6806,2013-05-16,2809.58
6807,2013-05-17,2806.7
6808,2013-05-20,2817.99
6809,2013-05-21,2824.5
6810,2013-05-22,2821.65
6811,2013-05-23,2835.01
6812,2013-05-24,2776.78
6813,2013-05-27,2764.29
6814,2013-05-28,2795.0
6815,2013-05-29,2835.87
6816,2013-05-30,2786.54
6817,2013-05-31,2799.2
6818,2013-06-03,2769.64
6819,2013-06-04,2747.74
6820,2013-06-05,2755.7
6821,2013-06-06,2709.33
6822,2013-06-07,2676.21
6823,2013-06-10,2724.08
6824,2013-06-11,2719.4
6825,2013-06-12,2683.2
6826,2013-06-13,2666.52
6827,2013-06-14,2661.71
6828,2013-06-17,2667.32
6829,2013-06-18,2702.69
6830,2013-06-19,2700.93
6831,2013-06-20,2683.98
6832,2013-06-21,2586.45
6833,2013-06-24,2549.48
6834,2013-06-25,2511.83
6835,2013-06-26,2543.37
6836,2013-06-27,2602.81
6837,2013-06-28,2619.86
6838,2013-07-01,2602.59
6839,2013-07-02,2622.62
6840,2013-07-03,2603.2
6841,2013-07-04,2570.76
6842,2013-07-05,2646.54
6843,2013-07-08,2596.01
6844,2013-07-09,2650.85
6845,2013-07-10,2664.14
6846,2013-07-11,2659.71
6847,2013-07-12,2681.32
6848,2013-07-15,2674.87
6849,2013-07-16,2686.69
6850,2013-07-17,2665.61
6851,2013-07-18,2681.88
6852,2013-07-19,2717.99
6853,2013-07-22,2716.17
6854,2013-07-23,2725.4
6855,2013-07-24,2722.9
6856,2013-07-25,2752.25
6857,2013-07-26,2740.29
6858,2013-07-29,2741.96
6859,2013-07-30,2741.73
6860,2013-07-31,2759.21
6861,2013-08-01,2768.15
6862,2013-08-02,2808.64
6863,2013-08-05,2811.0
6864,2013-08-06,2809.08
6865,2013-08-07,2790.78
6866,2013-08-08,2794.44
6867,2013-08-09,2816.88
6868,2013-08-12,2825.62
6869,2013-08-13,2827.15
6870,2013-08-14,2841.61
6871,2013-08-15,2852.08
6872,2013-08-16,2835.86
6873,2013-08-19,2854.27
6874,2013-08-20,2823.35
6875,2013-08-21,2787.98
6876,2013-08-22,2774.58
6877,2013-08-23,2812.32
6878,2013-08-26,2826.05
6879,2013-08-27,2821.45
6880,2013-08-28,2749.27
6881,2013-08-29,2742.61
6882,2013-08-30,2758.31
6883,2013-09-02,2721.37
6884,2013-09-03,2774.09
6885,2013-09-04,2753.35
6886,2013-09-05,2758.29
6887,2013-09-06,2774.2
6888,2013-09-09,2803.42
6889,2013-09-10,2798.31
6890,2013-09-11,2851.4
6891,2013-09-12,2863.44
6892,2013-09-13,2862.07
6893,2013-09-16,2867.11
6894,2013-09-17,2894.64
6895,2013-09-18,2890.95
6896,2013-09-19,2908.92
6897,2013-09-20,2936.2
6898,2013-09-23,2927.19
6899,2013-09-24,2906.35
6900,2013-09-25,2922.93
6901,2013-09-26,2927.35
6902,2013-09-27,2922.99
6903,2013-09-30,2919.34
6904,2013-10-01,2893.15
6905,2013-10-02,2933.02
6906,2013-10-03,2918.31
6907,2013-10-04,2902.12
6908,2013-10-07,2928.31
6909,2013-10-08,2923.04
6910,2013-10-09,2903.35
6911,2013-10-10,2904.73
6912,2013-10-11,2969.41
6913,2013-10-14,2974.28
6914,2013-10-15,2977.69
6915,2013-10-16,3004.56
6916,2013-10-17,3015.4
6917,2013-10-18,3010.39
6918,2013-10-21,3033.31
6919,2013-10-22,3028.65
6920,2013-10-23,3045.77
6921,2013-10-24,3017.16
6922,2013-10-25,3038.96
6923,2013-10-28,3034.5
6924,2013-10-29,3022.04
6925,2013-10-30,3050.64
6926,2013-10-31,3040.69
6927,2013-11-01,3067.95
6928,2013-11-04,3052.14
6929,2013-11-05,3061.18
6930,2013-11-06,3035.92
6931,2013-11-07,3056.4
6932,2013-11-08,3042.98
6933,2013-11-11,3034.91
6934,2013-11-12,3052.83
6935,2013-11-13,3034.68
6936,2013-11-14,3021.17
6937,2013-11-15,3053.69
6938,2013-11-18,3054.53
6939,2013-11-19,3081.3
6940,2013-11-20,3049.17
6941,2013-11-21,3047.32
6942,2013-11-22,3044.34
6943,2013-11-25,3055.98
6944,2013-11-26,3072.75
6945,2013-11-27,3062.62
6946,2013-11-28,3082.65
6947,2013-11-29,3092.42
6948,2013-12-02,3086.64
6949,2013-12-03,3077.23
6950,2013-12-04,3013.88
6951,2013-12-05,2991.76
6952,2013-12-06,2953.17
6953,2013-12-09,2979.94
6954,2013-12-10,2988.67
6955,2013-12-11,2960.86
6956,2013-12-12,2947.31
6957,2013-12-13,2928.12
6958,2013-12-16,2921.92
6959,2013-12-17,2978.77
6960,2013-12-18,2941.76
6961,2013-12-19,2975.09
6962,2013-12-20,3031.05
6963,2013-12-23,3049.35
6964,2013-12-24,3070.91
6965,2013-12-27,3072.88
6966,2013-12-30,3111.37
6967,2013-12-31,3100.93
6968,2014-01-02,3109.0
6969,2014-01-03,3059.93
6970,2014-01-06,3074.43
6971,2014-01-07,3069.16
6972,2014-01-08,3110.96
6973,2014-01-09,3110.66
6974,2014-01-10,3090.26
6975,2014-01-13,3104.15
6976,2014-01-14,3111.94
6977,2014-01-15,3119.53
6978,2014-01-16,3168.76
6979,2014-01-17,3150.2
6980,2014-01-20,3154.1
6981,2014-01-21,3153.17
6982,2014-01-22,3153.08
6983,2014-01-23,3151.27
6984,2014-01-24,3117.08
6985,2014-01-27,3028.2
6986,2014-01-28,3014.62
6987,2014-01-29,3038.6
6988,2014-01-30,3011.45
6989,2014-01-31,3027.3
6990,2014-02-03,3013.96
6991,2014-02-04,2963.96
6992,2014-02-05,2962.49
6993,2014-02-06,2962.51
6994,2014-02-07,3010.79
6995,2014-02-10,3038.49
6996,2014-02-11,3032.53
6997,2014-02-12,3077.08
6998,2014-02-13,3094.89
6999,2014-02-14,3097.95
7000,2014-02-17,3119.06
7001,2014-02-18,3118.91
7002,2014-02-19,3117.44
7003,2014-02-20,3120.8
7004,2014-02-21,3121.59
7005,2014-02-24,3131.67
7006,2014-02-25,3157.31
7007,2014-02-26,3157.48
7008,2014-02-27,3148.19
7009,2014-02-28,3134.94
7010,2014-03-03,3149.23
7011,2014-03-04,3053.99
7012,2014-03-05,3136.33
7013,2014-03-06,3135.97
7014,2014-03-07,3144.53
7015,2014-03-10,3095.31
7016,2014-03-11,3092.79
7017,2014-03-12,3092.55
7018,2014-03-13,3065.46
7019,2014-03-14,3019.54
7020,2014-03-17,3004.64
7021,2014-03-18,3049.19
7022,2014-03-19,3073.75
7023,2014-03-20,3076.36
7024,2014-03-21,3088.9
7025,2014-03-24,3096.49
7026,2014-03-25,3052.91
7027,2014-03-26,3096.64
7028,2014-03-27,3130.17
7029,2014-03-28,3133.75
7030,2014-03-31,3172.43
7031,2014-04-01,3161.6
7032,2014-04-02,3186.34
7033,2014-04-03,3187.45
7034,2014-04-04,3206.76
7035,2014-04-07,3230.33
7036,2014-04-08,3185.97
7037,2014-04-09,3177.66
7038,2014-04-10,3182.79
7039,2014-04-11,3152.86
7040,2014-04-14,3116.54
7041,2014-04-15,3131.57
7042,2014-04-16,3091.52
7043,2014-04-17,3139.26
7044,2014-04-22,3155.81
7045,2014-04-23,3199.69
7046,2014-04-24,3175.97
7047,2014-04-25,3189.81
7048,2014-04-28,3147.4
7049,2014-04-29,3165.84
7050,2014-04-30,3208.68
7051,2014-05-01,3198.39
7052,2014-05-02,3198.66
7053,2014-05-05,3177.89
7054,2014-05-06,3171.29
7055,2014-05-07,3149.79
7056,2014-05-08,3159.67
7057,2014-05-09,3204.3
7058,2014-05-12,3184.09
7059,2014-05-13,3206.97
7060,2014-05-14,3211.78
7061,2014-05-15,3210.42
7062,2014-05-16,3163.22
7063,2014-05-19,3172.72
7064,2014-05-20,3169.9
7065,2014-05-21,3163.93
7066,2014-05-22,3187.08
7067,2014-05-23,3187.63
7068,2014-05-26,3203.28
7069,2014-05-27,3240.39
7070,2014-05-28,3244.28
7071,2014-05-29,3246.24
7072,2014-05-30,3244.66
7073,2014-06-02,3244.6
7074,2014-06-03,3247.8
7075,2014-06-04,3241.04
7076,2014-06-05,3237.93
7077,2014-06-06,3267.05
7078,2014-06-09,3294.28
7079,2014-06-10,3305.26
7080,2014-06-11,3313.8
7081,2014-06-12,3289.09
7082,2014-06-13,3284.28
7083,2014-06-16,3282.84
7084,2014-06-17,3261.42
7085,2014-06-18,3275.33
7086,2014-06-19,3279.2
7087,2014-06-20,3314.8
7088,2014-06-23,3302.36
7089,2014-06-24,3282.58
7090,2014-06-25,3284.81
7091,2014-06-26,3252.31
7092,2014-06-27,3233.19
7093,2014-06-30,3227.85
7094,2014-07-01,3228.24
7095,2014-07-02,3258.71
7096,2014-07-03,3252.25
7097,2014-07-04,3289.75
7098,2014-07-07,3270.47
7099,2014-07-08,3230.92
7100,2014-07-09,3184.38
7101,2014-07-10,3203.1
7102,2014-07-11,3150.59
7103,2014-07-14,3157.05
7104,2014-07-15,3185.86
7105,2014-07-16,3153.75
7106,2014-07-17,3202.94
7107,2014-07-18,3157.82
7108,2014-07-21,3164.21
7109,2014-07-22,3137.06
7110,2014-07-23,3189.22
7111,2014-07-24,3193.13
7112,2014-07-25,3220.07
7113,2014-07-28,3174.99
7114,2014-07-29,3171.55
7115,2014-07-30,3190.54
7116,2014-07-31,3169.23
7117,2014-08-01,3115.51
7118,2014-08-04,3072.57
7119,2014-08-05,3070.46
7120,2014-08-06,3072.2
7121,2014-08-07,3050.37
7122,2014-08-08,3012.88
7123,2014-08-11,3006.83
7124,2014-08-12,3047.56
7125,2014-08-13,3023.77
7126,2014-08-14,3056.17
7127,2014-08-15,3058.16
7128,2014-08-18,3033.52
7129,2014-08-19,3073.45
7130,2014-08-20,3091.11
7131,2014-08-21,3083.5
7132,2014-08-22,3124.56
7133,2014-08-25,3098.5
7134,2014-08-26,3165.47
7135,2014-08-27,3197.54
7136,2014-08-28,3194.45
7137,2014-08-29,3164.44
7138,2014-09-01,3172.63
7139,2014-09-02,3175.05
7140,2014-09-03,3180.29
7141,2014-09-04,3218.84
7142,2014-09-05,3277.25
7143,2014-09-08,3275.25
7144,2014-09-09,3267.54
7145,2014-09-10,3245.43
7146,2014-09-11,3244.16
7147,2014-09-12,3237.76
7148,2014-09-15,3235.07
7149,2014-09-16,3231.7
7150,2014-09-17,3221.73
7151,2014-09-18,3237.44
7152,2014-09-19,3271.37
7153,2014-09-22,3273.25
7154,2014-09-23,3257.48
7155,2014-09-24,3205.93
7156,2014-09-25,3244.01
7157,2014-09-26,3202.31
7158,2014-09-29,3219.58
7159,2014-09-30,3186.95
7160,2014-10-01,3225.93
7161,2014-10-02,3195.08
7162,2014-10-03,3106.42
7163,2014-10-06,3133.37
7164,2014-10-07,3138.67
7165,2014-10-08,3082.1
7166,2014-10-09,3053.31
7167,2014-10-10,3042.45
7168,2014-10-13,2991.5
7169,2014-10-14,2998.32
7170,2014-10-15,3000.99
7171,2014-10-16,2892.55
7172,2014-10-17,2874.65
7173,2014-10-20,2962.24
7174,2014-10-21,2927.3
7175,2014-10-22,2991.46
7176,2014-10-23,3008.53
7177,2014-10-24,3044.3
7178,2014-10-27,3030.37
7179,2014-10-28,2998.84
7180,2014-10-29,3036.15
7181,2014-10-30,3022.42
7182,2014-10-31,3035.9
7183,2014-11-03,3113.32
7184,2014-11-04,3082.32
7185,2014-11-05,3034.24
7186,2014-11-06,3091.54
7187,2014-11-07,3102.07
7188,2014-11-10,3064.92
7189,2014-11-11,3094.6
7190,2014-11-12,3104.59
7191,2014-11-13,3047.3
7192,2014-11-14,3056.8
7193,2014-11-17,3059.99
7194,2014-11-18,3084.79
7195,2014-11-19,3120.42
7196,2014-11-20,3123.12
7197,2014-11-21,3102.21
7198,2014-11-24,3194.22
7199,2014-11-25,3211.7
7200,2014-11-26,3226.15
7201,2014-11-27,3226.08
7202,2014-11-28,3244.92
7203,2014-12-01,3250.93
7204,2014-12-02,3232.91
7205,2014-12-03,3238.35
7206,2014-12-04,3247.72
7207,2014-12-05,3191.25
7208,2014-12-08,3277.38
7209,2014-12-09,3247.99
7210,2014-12-10,3162.77
7211,2014-12-11,3150.95
7212,2014-12-12,3159.11
7213,2014-12-15,3067.32
7214,2014-12-16,2982.9
7215,2014-12-17,3049.99
7216,2014-12-18,3051.99
7217,2014-12-19,3153.77
7218,2014-12-22,3141.28
7219,2014-12-23,3154.91
7220,2014-12-24,3192.47
7221,2014-12-29,3184.66
7222,2014-12-30,3185.17
7223,2014-12-31,3135.95
7224,2015-01-02,3146.43
7225,2015-01-05,3139.44
7226,2015-01-06,3023.14
7227,2015-01-07,3007.91
7228,2015-01-08,3026.79
7229,2015-01-09,3135.08
7230,2015-01-12,3042.9
7231,2015-01-13,3084.18
7232,2015-01-14,3133.86
7233,2015-01-15,3089.67
7234,2015-01-16,3157.36
7235,2015-01-19,3202.24
7236,2015-01-20,3220.9
7237,2015-01-21,3244.92
7238,2015-01-22,3269.73
7239,2015-01-23,3322.65
7240,2015-01-26,3382.55
7241,2015-01-27,3414.28
7242,2015-01-28,3372.58
7243,2015-01-29,3358.96
7244,2015-01-30,3371.83
7245,2015-02-02,3351.44
7246,2015-02-03,3370.11
7247,2015-02-04,3414.18
7248,2015-02-05,3415.53
7249,2015-02-06,3408.96
7250,2015-02-09,3398.16
7251,2015-02-10,3347.75
7252,2015-02-11,3383.13
7253,2015-02-12,3374.14
7254,2015-02-13,3417.61
7255,2015-02-16,3447.59
7256,2015-02-17,3433.3
7257,2015-02-18,3438.44
7258,2015-02-19,3465.8
7259,2015-02-20,3488.08
7260,2015-02-23,3490.53
7261,2015-02-24,3519.58
7262,2015-02-25,3547.1
7263,2015-02-26,3541.78
7264,2015-02-27,3574.94
7265,2015-03-02,3599.0
7266,2015-03-03,3591.09
7267,2015-03-04,3549.11
7268,2015-03-05,3583.44
7269,2015-03-06,3618.21
7270,2015-03-09,3617.62
7271,2015-03-10,3610.28
7272,2015-03-11,3567.25
7273,2015-03-12,3649.54
7274,2015-03-13,3641.32
7275,2015-03-16,3656.21
7276,2015-03-17,3706.75
7277,2015-03-18,3672.16
7278,2015-03-19,3668.52
7279,2015-03-20,3670.73
7280,2015-03-23,3726.07
7281,2015-03-24,3699.04
7282,2015-03-25,3731.35
7283,2015-03-26,3684.04
7284,2015-03-27,3669.79
7285,2015-03-30,3679.03
7286,2015-03-31,3727.8
7287,2015-04-01,3697.38
7288,2015-04-02,3714.89
7289,2015-04-07,3715.27
7290,2015-04-08,3768.72
7291,2015-04-09,3742.63
7292,2015-04-10,3781.79
7293,2015-04-13,3816.76
7294,2015-04-14,3828.78
7295,2015-04-15,3784.53
7296,2015-04-16,3803.55
7297,2015-04-17,3751.72
7298,2015-04-20,3674.05
7299,2015-04-21,3718.04
7300,2015-04-22,3719.38
7301,2015-04-23,3724.49
7302,2015-04-24,3697.88
7303,2015-04-27,3713.96
7304,2015-04-28,3771.45
7305,2015-04-29,3715.42
7306,2015-04-30,3617.11
7307,2015-05-01,3615.59
7308,2015-05-04,3615.59
7309,2015-05-05,3632.94
7310,2015-05-06,3546.56
7311,2015-05-07,3558.03
7312,2015-05-08,3556.21
7313,2015-05-11,3649.48
7314,2015-05-12,3624.41
7315,2015-05-13,3573.1
7316,2015-05-14,3553.42
7317,2015-05-15,3602.22
7318,2015-05-18,3573.07
7319,2015-05-19,3589.22
7320,2015-05-20,3670.52
7321,2015-05-21,3683.48
7322,2015-05-22,3688.72
7323,2015-05-25,3679.14
7324,2015-05-26,3655.41
7325,2015-05-27,3619.3
7326,2015-05-28,3682.87
7327,2015-05-29,3650.71
7328,2015-06-01,3570.78
7329,2015-06-02,3575.04
7330,2015-06-03,3561.89
7331,2015-06-04,3583.82
7332,2015-06-05,3556.38
7333,2015-06-08,3510.01
7334,2015-06-09,3468.31
7335,2015-06-10,3456.79
7336,2015-06-11,3526.48
7337,2015-06-12,3551.91
7338,2015-06-15,3502.77
7339,2015-06-16,3438.07
7340,2015-06-17,3454.09
7341,2015-06-18,3428.76
7342,2015-06-19,3450.45
7343,2015-06-22,3455.8
7344,2015-06-23,3596.07
7345,2015-06-24,3625.97
7346,2015-06-25,3610.95
7347,2015-06-26,3610.91
7348,2015-06-29,3621.37
7349,2015-06-30,3468.9
7350,2015-07-01,3424.3
7351,2015-07-02,3496.28
7352,2015-07-03,3463.25
7353,2015-07-06,3441.76
7354,2015-07-07,3365.2
7355,2015-07-08,3294.19
7356,2015-07-09,3327.5
7357,2015-07-10,3420.03
7358,2015-07-13,3528.81
7359,2015-07-14,3590.43
7360,2015-07-15,3607.19
7361,2015-07-16,3623.87
7362,2015-07-17,3676.41
7363,2015-07-20,3670.34
7364,2015-07-21,3686.58
7365,2015-07-22,3647.96
7366,2015-07-23,3635.58
7367,2015-07-24,3634.64
7368,2015-07-27,3600.0
7369,2015-07-28,3513.1
7370,2015-07-29,3554.11
7371,2015-07-30,3575.53
7372,2015-07-31,3583.79
7373,2015-08-03,3600.69
7374,2015-08-04,3635.4
7375,2015-08-05,3619.31
7376,2015-08-06,3676.75
7377,2015-08-07,3668.47
7378,2015-08-10,3637.8
7379,2015-08-11,3674.94
7380,2015-08-12,3605.28
7381,2015-08-13,3484.41
7382,2015-08-14,3516.15
7383,2015-08-17,3491.03
7384,2015-08-18,3497.9
7385,2015-08-19,3495.38
7386,2015-08-20,3429.84
7387,2015-08-21,3353.48
7388,2015-08-24,3247.26
7389,2015-08-25,3073.39
7390,2015-08-26,3218.01
7391,2015-08-27,3170.73
7392,2015-08-28,3280.78
7393,2015-08-31,3286.59
7394,2015-09-01,3269.63
7395,2015-09-02,3188.73
7396,2015-09-03,3198.86
7397,2015-09-04,3270.09
7398,2015-09-07,3180.25
7399,2015-09-08,3197.97
7400,2015-09-09,3233.84
7401,2015-09-10,3269.98
7402,2015-09-11,3221.14
7403,2015-09-14,3187.94
7404,2015-09-15,3175.62
7405,2015-09-16,3207.6
7406,2015-09-17,3251.79
7407,2015-09-18,3255.79
7408,2015-09-21,3157.3
7409,2015-09-22,3184.72
7410,2015-09-23,3076.05
7411,2015-09-24,3079.99
7412,2015-09-25,3019.34
7413,2015-09-28,3113.16
7414,2015-09-29,3039.44
7415,2015-09-30,3029.86
7416,2015-10-01,3100.67
7417,2015-10-02,3069.05
7418,2015-10-05,3088.18
7419,2015-10-06,3190.39
7420,2015-10-07,3220.09
7421,2015-10-08,3226.4
7422,2015-10-09,3224.96
7423,2015-10-12,3250.31
7424,2015-10-13,3247.33
7425,2015-10-14,3221.28
7426,2015-10-15,3191.57
7427,2015-10-16,3238.81
7428,2015-10-19,3264.93
7429,2015-10-20,3272.04
7430,2015-10-21,3255.72
7431,2015-10-22,3272.23
7432,2015-10-23,3353.11
7433,2015-10-26,3425.81
7434,2015-10-27,3414.6
7435,2015-10-28,3381.01
7436,2015-10-29,3421.09
7437,2015-10-30,3413.39
7438,2015-11-02,3418.23
7439,2015-11-03,3434.5
7440,2015-11-04,3442.68
7441,2015-11-05,3439.16
7442,2015-11-06,3447.49
7443,2015-11-09,3468.21
7444,2015-11-10,3418.36
7445,2015-11-11,3425.4
7446,2015-11-12,3448.42
7447,2015-11-13,3387.7
7448,2015-11-16,3360.65
7449,2015-11-17,3362.23
7450,2015-11-18,3451.94
7451,2015-11-19,3431.92
7452,2015-11-20,3448.93
7453,2015-11-23,3452.45
7454,2015-11-24,3445.26
7455,2015-11-25,3409.6
7456,2015-11-26,3462.06
7457,2015-11-27,3498.62
7458,2015-11-30,3488.99
7459,2015-12-01,3506.45
7460,2015-12-02,3479.64
7461,2015-12-03,3468.66
7462,2015-12-04,3343.34
7463,2015-12-07,3330.75
7464,2015-12-08,3360.21
7465,2015-12-09,3297.46
7466,2015-12-10,3277.21
7467,2015-12-11,3269.97
7468,2015-12-14,3203.21
7469,2015-12-15,3139.24
7470,2015-12-16,3241.51
7471,2015-12-17,3246.78
7472,2015-12-18,3306.47
7473,2015-12-21,3260.72
7474,2015-12-22,3213.01
7475,2015-12-23,3214.32
7476,2015-12-24,3286.68
7477,2015-12-28,3284.47
7478,2015-12-29,3256.49
7479,2015-12-30,3314.28
7480,2015-12-31,3287.98
7481,2016-01-04,3267.52
7482,2016-01-05,3164.76
7483,2016-01-06,3178.01
7484,2016-01-07,3139.32
7485,2016-01-08,3084.68
7486,2016-01-11,3033.47
7487,2016-01-12,3027.49
7488,2016-01-13,3064.66
7489,2016-01-14,3073.02
7490,2016-01-15,3024.0
7491,2016-01-18,2952.48
7492,2016-01-19,2935.39
7493,2016-01-20,2980.49
7494,2016-01-21,2882.59
7495,2016-01-22,2943.92
7496,2016-01-25,3023.21
7497,2016-01-26,3001.78
7498,2016-01-27,3032.84
7499,2016-01-28,3043.47
7500,2016-01-29,2979.42
7501,2016-02-01,3045.09
7502,2016-02-02,3021.01
7503,2016-02-03,2951.85
7504,2016-02-04,2896.63
7505,2016-02-05,2905.3
7506,2016-02-08,2879.39
7507,2016-02-09,2785.17
7508,2016-02-10,2736.5
7509,2016-02-11,2789.05
7510,2016-02-12,2680.35
7511,2016-02-15,2756.16
7512,2016-02-16,2833.87
7513,2016-02-17,2821.26
7514,2016-02-18,2897.72
7515,2016-02-19,2895.15
7516,2016-02-22,2871.05
7517,2016-02-23,2933.91
7518,2016-02-24,2887.38
7519,2016-02-25,2820.24
7520,2016-02-26,2877.42
7521,2016-02-29,2929.16
7522,2016-03-01,2945.75
7523,2016-03-02,2996.39
7524,2016-03-03,3022.14
7525,2016-03-04,3012.87
7526,2016-03-07,3037.35
7527,2016-03-08,3021.09
7528,2016-03-09,3002.01
7529,2016-03-10,3016.18
7530,2016-03-11,2970.78
7531,2016-03-14,3073.8
7532,2016-03-15,3091.98
7533,2016-03-16,3067.21
7534,2016-03-17,3062.05
7535,2016-03-18,3043.1
7536,2016-03-21,3059.77
7537,2016-03-22,3048.77
7538,2016-03-23,3051.23
7539,2016-03-24,3042.42
7540,2016-03-29,2986.73
7541,2016-03-30,3004.87
7542,2016-03-31,3044.1
7543,2016-04-01,3004.93
7544,2016-04-04,2953.28
7545,2016-04-05,2962.28
7546,2016-04-06,2890.35
7547,2016-04-07,2909.36
7548,2016-04-08,2871.57
7549,2016-04-11,2911.98
7550,2016-04-12,2924.23
7551,2016-04-13,2942.09
7552,2016-04-14,3039.19
7553,2016-04-15,3060.86
7554,2016-04-18,3054.34
7555,2016-04-19,3064.03
7556,2016-04-20,3112.99
7557,2016-04-21,3142.52
7558,2016-04-22,3151.69
7559,2016-04-25,3141.12
7560,2016-04-26,3117.62
7561,2016-04-27,3121.29
7562,2016-04-28,3130.43
7563,2016-04-29,3125.43
7564,2016-05-02,3028.21
7565,2016-05-03,3032.6
7566,2016-05-04,2974.2
7567,2016-05-05,2938.75
7568,2016-05-06,2940.35
7569,2016-05-09,2936.84
7570,2016-05-10,2955.83
7571,2016-05-11,2978.97
7572,2016-05-12,2956.71
7573,2016-05-13,2935.46
7574,2016-05-16,2956.63
7575,2016-05-17,2951.39
7576,2016-05-18,2938.09
7577,2016-05-19,2956.43
7578,2016-05-20,2919.22
7579,2016-05-23,2962.16
7580,2016-05-24,2932.93
7581,2016-05-25,3010.12
7582,2016-05-26,3061.6
7583,2016-05-27,3071.21
7584,2016-05-30,3078.48
7585,2016-05-31,3090.01
7586,2016-06-01,3063.48
7587,2016-06-02,3038.77
7588,2016-06-03,3033.86
7589,2016-06-06,2997.55
7590,2016-06-07,3001.9
7591,2016-06-08,3040.69
7592,2016-06-09,3019.76
7593,2016-06-10,2989.03
7594,2016-06-13,2911.11
7595,2016-06-14,2853.52
7596,2016-06-15,2797.18
7597,2016-06-16,2830.3
7598,2016-06-17,2819.3
7599,2016-06-20,2849.17
7600,2016-06-21,2942.88
7601,2016-06-22,2967.34
7602,2016-06-23,2978.31
7603,2016-06-24,3037.86
7604,2016-06-27,2776.09
7605,2016-06-28,2697.44
7606,2016-06-29,2758.67
7607,2016-06-30,2832.18
7608,2016-07-01,2864.74
7609,2016-07-04,2883.06
7610,2016-07-05,2862.21
7611,2016-07-06,2812.88
7612,2016-07-07,2761.37
7613,2016-07-08,2780.1
7614,2016-07-11,2838.01
7615,2016-07-12,2885.32
7616,2016-07-13,2933.44
7617,2016-07-14,2926.14
7618,2016-07-15,2963.07
7619,2016-07-18,2958.65
7620,2016-07-19,2949.17
7621,2016-07-20,2931.1
7622,2016-07-21,2966.95
7623,2016-07-22,2968.49
7624,2016-07-25,2972.23
7625,2016-07-26,2973.22
7626,2016-07-27,2978.9
7627,2016-07-28,2999.48
7628,2016-07-29,2966.1
7629,2016-08-01,2990.76
7630,2016-08-02,2967.31
7631,2016-08-03,2906.98
7632,2016-08-04,2911.06
7633,2016-08-05,2932.34
7634,2016-08-08,2973.71
7635,2016-08-09,2982.92
7636,2016-08-10,3029.18
7637,2016-08-11,3018.46
7638,2016-08-12,3049.03
7639,2016-08-15,3044.94
7640,2016-08-16,3046.65
7641,2016-08-17,3016.19
7642,2016-08-18,2980.54
7643,2016-08-19,2995.3
7644,2016-08-22,2968.2
7645,2016-08-23,2960.37
7646,2016-08-24,2993.73
7647,2016-08-25,3008.59
7648,2016-08-26,2987.69
7649,2016-08-29,3010.36
7650,2016-08-30,2998.5
7651,2016-08-31,3030.75
7652,2016-09-01,3023.13
7653,2016-09-02,3017.49
7654,2016-09-05,3079.74
7655,2016-09-06,3077.66
7656,2016-09-07,3070.16
7657,2016-09-08,3091.66
7658,2016-09-09,3083.54
7659,2016-09-12,3053.2
7660,2016-09-13,3012.88
7661,2016-09-14,2974.8
7662,2016-09-15,2964.9
7663,2016-09-16,2973.77
7664,2016-09-19,2935.25
7665,2016-09-20,2968.31
7666,2016-09-21,2964.86
7667,2016-09-22,2982.18
7668,2016-09-23,3051.69
7669,2016-09-26,3032.31
7670,2016-09-27,2975.88
7671,2016-09-28,2970.84
7672,2016-09-29,2991.11
7673,2016-09-30,2991.58
7674,2016-10-03,3002.24
7675,2016-10-04,2998.5
7676,2016-10-05,3029.5
7677,2016-10-06,3026.28
7678,2016-10-07,3021.58
7679,2016-10-10,3000.57
7680,2016-10-11,3035.76
7681,2016-10-12,3020.69
7682,2016-10-13,3008.03
7683,2016-10-14,2975.04
7684,2016-10-17,3025.19
7685,2016-10-18,3008.72
7686,2016-10-19,3046.99
7687,2016-10-20,3055.94
7688,2016-10-21,3076.63
7689,2016-10-24,3077.65
7690,2016-10-25,3093.86
7691,2016-10-26,3087.41
7692,2016-10-27,3080.98
7693,2016-10-28,3085.17
7694,2016-10-31,3079.24
7695,2016-11-01,3055.25
7696,2016-11-02,3023.15
7697,2016-11-03,2980.17
7698,2016-11-04,2973.49
7699,2016-11-07,2954.53
7700,2016-11-08,3009.28
7701,2016-11-09,3023.43
7702,2016-11-10,3056.29
7703,2016-11-11,3046.59
7704,2016-11-14,3030.02
7705,2016-11-15,3039.8
7706,2016-11-16,3049.72
7707,2016-11-17,3026.36
7708,2016-11-18,3041.79
7709,2016-11-21,3020.83
7710,2016-11-22,3032.97
7711,2016-11-23,3044.33
7712,2016-11-24,3032.14
7713,2016-11-25,3040.6
7714,2016-11-28,3048.38
7715,2016-11-29,3016.8
7716,2016-11-30,3038.42
7717,2016-12-01,3051.61
7718,2016-12-02,3030.98
7719,2016-12-05,3015.13
7720,2016-12-06,3052.75
7721,2016-12-07,3100.76
7722,2016-12-08,3142.24
7723,2016-12-09,3185.79
7724,2016-12-12,3197.54
7725,2016-12-13,3199.11
7726,2016-12-14,3236.71
7727,2016-12-15,3211.71
7728,2016-12-16,3249.74
7729,2016-12-19,3259.24
7730,2016-12-20,3257.85
7731,2016-12-21,3279.41
7732,2016-12-22,3270.75
7733,2016-12-23,3269.51
7734,2016-12-27,3273.97
7735,2016-12-28,3278.53
7736,2016-12-29,3278.72
7737,2016-12-30,3271.76
7738,2017-01-02,3290.52
7739,2017-01-03,3308.67
7740,2017-01-04,3315.02
7741,2017-01-05,3317.52
7742,2017-01-06,3316.47
7743,2017-01-09,3321.17
7744,2017-01-10,3308.97
7745,2017-01-11,3306.21
7746,2017-01-12,3307.94
7747,2017-01-13,3286.7
7748,2017-01-16,3324.34
7749,2017-01-17,3294.53
7750,2017-01-18,3285.04
7751,2017-01-19,3294.0
7752,2017-01-20,3290.33
7753,2017-01-23,3299.44
7754,2017-01-24,3273.04
7755,2017-01-25,3281.53
7756,2017-01-26,3326.15
7757,2017-01-27,3319.13
7758,2017-01-30,3303.33
7759,2017-01-31,3262.72
7760,2017-02-01,3230.68
7761,2017-02-02,3258.92
7762,2017-02-03,3253.61
7763,2017-02-06,3273.11
7764,2017-02-07,3238.31
7765,2017-02-08,3235.71
7766,2017-02-09,3238.04
7767,2017-02-10,3277.79
7768,2017-02-13,3270.83
7769,2017-02-14,3305.23
7770,2017-02-15,3308.89
7771,2017-02-16,3323.71
7772,2017-02-17,3311.04
7773,2017-02-20,3308.81
7774,2017-02-21,3312.39
7775,2017-02-22,3339.33
7776,2017-02-23,3339.27
7777,2017-02-24,3333.96
7778,2017-02-27,3304.09
7779,2017-02-28,3309.3
7780,2017-03-01,3319.61
7781,2017-03-02,3390.2
7782,2017-03-03,3384.71
7783,2017-03-06,3403.39
7784,2017-03-07,3387.46
7785,2017-03-08,3385.12
7786,2017-03-09,3389.62
7787,2017-03-10,3409.89
7788,2017-03-13,3416.27
7789,2017-03-14,3415.49
7790,2017-03-15,3399.43
7791,2017-03-16,3409.32
7792,2017-03-17,3439.96
7793,2017-03-20,3448.41
7794,2017-03-21,3437.48
7795,2017-03-22,3429.62
7796,2017-03-23,3420.7
7797,2017-03-24,3452.18
7798,2017-03-27,3444.15
7799,2017-03-28,3437.14
7800,2017-03-29,3465.07
7801,2017-03-30,3475.27
7802,2017-03-31,3481.58
7803,2017-04-03,3500.93
7804,2017-04-04,3472.94
7805,2017-04-05,3481.66
7806,2017-04-06,3472.58
7807,2017-04-07,3489.57
7808,2017-04-10,3495.8
7809,2017-04-11,3480.44
7810,2017-04-12,3470.04
7811,2017-04-13,3468.51
7812,2017-04-18,3448.26
7813,2017-04-19,3409.78
7814,2017-04-20,3420.99
7815,2017-04-21,3440.03
7816,2017-04-24,3440.27
7817,2017-04-25,3577.38
7818,2017-04-26,3583.16
7819,2017-04-27,3578.71
7820,2017-04-28,3563.29
7821,2017-05-01,3559.59
7822,2017-05-02,3559.59
7823,2017-05-03,3578.21
7824,2017-05-04,3586.25
7825,2017-05-05,3627.88
7826,2017-05-08,3658.79
7827,2017-05-09,3642.11
7828,2017-05-10,3649.08
7829,2017-05-11,3645.74
7830,2017-05-12,3623.55
7831,2017-05-15,3637.52
7832,2017-05-16,3641.88
7833,2017-05-17,3641.89
7834,2017-05-18,3584.83
7835,2017-05-19,3562.22
7836,2017-05-22,3587.01
7837,2017-05-23,3576.53
7838,2017-05-24,3595.03
7839,2017-05-25,3586.62
7840,2017-05-26,3584.55
7841,2017-05-29,3579.02
7842,2017-05-30,3578.95
7843,2017-05-31,3561.22
7844,2017-06-01,3554.59
7845,2017-06-02,3567.02
7846,2017-06-05,3591.82
7847,2017-06-06,3579.55
7848,2017-06-07,3554.18
7849,2017-06-08,3548.84
7850,2017-06-09,3563.88
7851,2017-06-12,3586.07
7852,2017-06-13,3543.95
7853,2017-06-14,3557.87
7854,2017-06-15,3547.15
7855,2017-06-16,3525.46
7856,2017-06-19,3543.88
7857,2017-06-20,3579.58
7858,2017-06-21,3560.66
7859,2017-06-22,3554.35
7860,2017-06-23,3555.76
7861,2017-06-26,3543.68
7862,2017-06-27,3561.76
7863,2017-06-28,3538.32
7864,2017-06-29,3535.7
7865,2017-06-30,3471.33
7866,2017-07-03,3441.88
7867,2017-07-04,3491.81
7868,2017-07-05,3479.47
7869,2017-07-06,3478.41
7870,2017-07-07,3462.06
7871,2017-07-10,3463.84
7872,2017-07-11,3478.06
7873,2017-07-12,3464.48
7874,2017-07-13,3515.23
7875,2017-07-14,3527.83
7876,2017-07-17,3525.94
7877,2017-07-18,3516.35
7878,2017-07-19,3478.68
7879,2017-07-20,3500.28
7880,2017-07-21,3499.49
7881,2017-07-24,3451.71
7882,2017-07-25,3453.17
7883,2017-07-26,3473.54
7884,2017-07-27,3491.19
7885,2017-07-28,3493.14
7886,2017-07-31,3467.73
7887,2017-08-01,3449.36
7888,2017-08-02,3477.39
7889,2017-08-03,3459.32
7890,2017-08-04,3466.37
7891,2017-08-07,3507.41
7892,2017-08-08,3505.8
7893,2017-08-09,3515.63
7894,2017-08-10,3468.45
7895,2017-08-11,3433.54
7896,2017-08-14,3406.34
7897,2017-08-15,3450.66
7898,2017-08-16,3461.91
7899,2017-08-17,3484.57
7900,2017-08-18,3461.97
7901,2017-08-21,3446.03
7902,2017-08-22,3423.53
7903,2017-08-23,3455.59
7904,2017-08-24,3438.63
7905,2017-08-25,3444.73
7906,2017-08-28,3438.55
7907,2017-08-29,3421.03
7908,2017-08-30,3388.22
7909,2017-08-31,3403.71
7910,2017-09-01,3421.47
7911,2017-09-04,3443.88
7912,2017-09-05,3429.98
7913,2017-09-06,3420.86
7914,2017-09-07,3433.8
7915,2017-09-08,3447.66
7916,2017-09-11,3447.69
7917,2017-09-12,3495.19
7918,2017-09-13,3512.56
7919,2017-09-14,3523.14
7920,2017-09-15,3526.48
7921,2017-09-18,3515.55
7922,2017-09-19,3526.74
7923,2017-09-20,3531.18
7924,2017-09-21,3525.55
7925,2017-09-22,3539.59
7926,2017-09-25,3541.42
7927,2017-09-26,3537.81
7928,2017-09-27,3536.38
7929,2017-09-28,3555.17
7930,2017-09-29,3563.64
7931,2017-10-02,3594.85
7932,2017-10-03,3602.69
7933,2017-10-04,3605.73
7934,2017-10-05,3594.91
7935,2017-10-06,3613.54
7936,2017-10-09,3603.32
7937,2017-10-10,3610.5
7938,2017-10-11,3598.79
7939,2017-10-12,3607.39
7940,2017-10-13,3605.54
7941,2017-10-16,3604.55
7942,2017-10-17,3606.27
7943,2017-10-18,3607.77
7944,2017-10-19,3619.65
7945,2017-10-20,3602.08
7946,2017-10-23,3605.09
7947,2017-10-24,3608.87
7948,2017-10-25,3610.69
7949,2017-10-26,3591.46
7950,2017-10-27,3637.2
7951,2017-10-30,3652.23
7952,2017-10-31,3662.18
7953,2017-11-01,3673.95
7954,2017-11-02,3697.4
7955,2017-11-03,3688.8
7956,2017-11-06,3689.96
7957,2017-11-07,3682.36
7958,2017-11-08,3658.77
7959,2017-11-09,3655.04
7960,2017-11-10,3612.5
7961,2017-11-13,3593.76
7962,2017-11-14,3574.52
7963,2017-11-15,3556.38
7964,2017-11-16,3545.72
7965,2017-11-17,3564.8
7966,2017-11-20,3547.46
7967,2017-11-21,3561.41
7968,2017-11-22,3579.32
7969,2017-11-23,3562.65
7970,2017-11-24,3572.07
7971,2017-11-27,3581.23
7972,2017-11-28,3564.02
7973,2017-11-29,3583.49
7974,2017-11-30,3589.91
7975,2017-12-01,3569.93
7976,2017-12-04,3527.55
7977,2017-12-05,3576.22
7978,2017-12-06,3570.57
7979,2017-12-07,3561.57
7980,2017-12-08,3573.13
7981,2017-12-11,3591.45
7982,2017-12-12,3582.21
7983,2017-12-13,3600.35
7984,2017-12-14,3581.75
7985,2017-12-15,3556.22
7986,2017-12-18,3560.53
7987,2017-12-19,3609.42
7988,2017-12-20,3582.22
7989,2017-12-21,3552.65
7990,2017-12-22,3570.78
7991,2017-12-27,3553.39
7992,2017-12-28,3550.17
7993,2017-12-29,3524.31
