,Unnamed: 0,SPX
13335,2003-01-02,879.82
13336,2003-01-03,909.03
13337,2003-01-06,908.59
13338,2003-01-07,929.01
13339,2003-01-08,922.93
13340,2003-01-09,909.93
13341,2003-01-10,927.58
13342,2003-01-13,927.57
13343,2003-01-14,926.26
13344,2003-01-15,931.66
13345,2003-01-16,918.22
13346,2003-01-17,914.6
13347,2003-01-21,901.78
13348,2003-01-22,887.62
13349,2003-01-23,878.36
13350,2003-01-24,887.34
13351,2003-01-27,861.4
13352,2003-01-28,847.48
13353,2003-01-29,858.54
13354,2003-01-30,864.36
13355,2003-01-31,844.61
13356,2003-02-03,855.7
13357,2003-02-04,860.32
13358,2003-02-05,848.2
13359,2003-02-06,843.59
13360,2003-02-07,838.15
13361,2003-02-10,829.69
13362,2003-02-11,835.97
13363,2003-02-12,829.2
13364,2003-02-13,818.68
13365,2003-02-14,817.37
13366,2003-02-18,834.89
13367,2003-02-19,851.17
13368,2003-02-20,845.13
13369,2003-02-21,837.1
13370,2003-02-24,848.17
13371,2003-02-25,832.58
13372,2003-02-26,838.57
13373,2003-02-27,827.55
13374,2003-02-28,837.28
13375,2003-03-03,841.15
13376,2003-03-04,834.81
13377,2003-03-05,821.99
13378,2003-03-06,829.85
13379,2003-03-07,822.1
13380,2003-03-10,828.89
13381,2003-03-11,807.48
13382,2003-03-12,800.73
13383,2003-03-13,804.19
13384,2003-03-14,831.9
13385,2003-03-17,833.27
13386,2003-03-18,862.79
13387,2003-03-19,866.45
13388,2003-03-20,874.02
13389,2003-03-21,875.67
13390,2003-03-24,895.79
13391,2003-03-25,864.23
13392,2003-03-26,874.74
13393,2003-03-27,869.95
13394,2003-03-28,868.52
13395,2003-03-31,863.5
13396,2003-04-01,848.18
13397,2003-04-02,858.48
13398,2003-04-03,880.9
13399,2003-04-04,876.45
13400,2003-04-07,878.85
13401,2003-04-08,879.93
13402,2003-04-09,878.29
13403,2003-04-10,865.99
13404,2003-04-11,871.58
13405,2003-04-14,868.3
13406,2003-04-15,885.23
13407,2003-04-16,890.81
13408,2003-04-17,879.91
13409,2003-04-21,893.58
13410,2003-04-22,892.01
13411,2003-04-23,911.37
13412,2003-04-24,919.02
13413,2003-04-25,911.43
13414,2003-04-28,898.81
13415,2003-04-29,914.84
13416,2003-04-30,917.84
13417,2003-05-01,916.92
13418,2003-05-02,916.3
13419,2003-05-05,930.08
13420,2003-05-06,926.55
13421,2003-05-07,934.39
13422,2003-05-08,929.62
13423,2003-05-09,920.27
13424,2003-05-12,933.41
13425,2003-05-13,945.11
13426,2003-05-14,942.3
13427,2003-05-15,939.28
13428,2003-05-16,946.67
13429,2003-05-19,944.3
13430,2003-05-20,920.77
13431,2003-05-21,919.73
13432,2003-05-22,923.42
13433,2003-05-23,931.87
13434,2003-05-27,933.22
13435,2003-05-28,951.48
13436,2003-05-29,953.22
13437,2003-05-30,949.64
13438,2003-06-02,963.59
13439,2003-06-03,967.0
13440,2003-06-04,971.56
13441,2003-06-05,986.24
13442,2003-06-06,990.14
13443,2003-06-09,987.76
13444,2003-06-10,975.93
13445,2003-06-11,984.84
13446,2003-06-12,997.48
13447,2003-06-13,998.51
13448,2003-06-16,988.61
13449,2003-06-17,1010.74
13450,2003-06-18,1011.66
13451,2003-06-19,1010.09
13452,2003-06-20,994.7
13453,2003-06-23,995.69
13454,2003-06-24,981.64
13455,2003-06-25,983.45
13456,2003-06-26,975.32
13457,2003-06-27,985.82
13458,2003-06-30,976.22
13459,2003-07-01,974.5
13460,2003-07-02,982.32
13461,2003-07-03,993.75
13462,2003-07-07,985.7
13463,2003-07-08,1004.42
13464,2003-07-09,1007.84
13465,2003-07-10,1002.21
13466,2003-07-11,988.7
13467,2003-07-14,998.14
13468,2003-07-15,1003.86
13469,2003-07-16,1000.42
13470,2003-07-17,994.0
13471,2003-07-18,981.73
13472,2003-07-21,993.32
13473,2003-07-22,978.8
13474,2003-07-23,988.11
13475,2003-07-24,988.61
13476,2003-07-25,981.6
13477,2003-07-28,998.68
13478,2003-07-29,996.52
13479,2003-07-30,989.28
13480,2003-07-31,987.49
13481,2003-08-01,990.31
13482,2003-08-04,980.15
13483,2003-08-05,982.82
13484,2003-08-06,965.46
13485,2003-08-07,967.08
13486,2003-08-08,974.12
13487,2003-08-11,977.59
13488,2003-08-12,980.59
13489,2003-08-13,990.35
13490,2003-08-14,984.03
13491,2003-08-15,990.51
13492,2003-08-18,990.67
13493,2003-08-19,999.74
13494,2003-08-20,1002.35
13495,2003-08-21,1000.3
13496,2003-08-22,1003.27
13497,2003-08-25,993.06
13498,2003-08-26,993.71
13499,2003-08-27,996.73
13500,2003-08-28,996.79
13501,2003-08-29,1002.84
13502,2003-09-02,1008.01
13503,2003-09-03,1021.99
13504,2003-09-04,1026.27
13505,2003-09-05,1027.97
13506,2003-09-08,1021.39
13507,2003-09-09,1031.64
13508,2003-09-10,1023.17
13509,2003-09-11,1010.92
13510,2003-09-12,1016.42
13511,2003-09-15,1018.63
13512,2003-09-16,1014.81
13513,2003-09-17,1029.32
13514,2003-09-18,1025.97
13515,2003-09-19,1039.58
13516,2003-09-22,1036.3
13517,2003-09-23,1022.82
13518,2003-09-24,1029.03
13519,2003-09-25,1009.38
13520,2003-09-26,1003.27
13521,2003-09-29,996.85
13522,2003-09-30,1006.58
13523,2003-10-01,995.97
13524,2003-10-02,1018.22
13525,2003-10-03,1020.24
13526,2003-10-06,1029.85
13527,2003-10-07,1034.35
13528,2003-10-08,1039.25
13529,2003-10-09,1033.78
13530,2003-10-10,1038.73
13531,2003-10-13,1038.06
13532,2003-10-14,1045.35
13533,2003-10-15,1049.48
13534,2003-10-16,1046.76
13535,2003-10-17,1050.07
13536,2003-10-20,1039.32
13537,2003-10-21,1044.68
13538,2003-10-22,1046.03
13539,2003-10-23,1030.36
13540,2003-10-24,1033.77
13541,2003-10-27,1028.91
13542,2003-10-28,1031.13
13543,2003-10-29,1046.79
13544,2003-10-30,1048.11
13545,2003-10-31,1046.94
13546,2003-11-03,1050.71
13547,2003-11-04,1059.02
13548,2003-11-05,1053.25
13549,2003-11-06,1051.81
13550,2003-11-07,1058.05
13551,2003-11-10,1053.21
13552,2003-11-11,1047.11
13553,2003-11-12,1046.57
13554,2003-11-13,1058.56
13555,2003-11-14,1058.41
13556,2003-11-17,1050.35
13557,2003-11-18,1043.63
13558,2003-11-19,1034.15
13559,2003-11-20,1042.44
13560,2003-11-21,1033.65
13561,2003-11-24,1035.28
13562,2003-11-25,1052.08
13563,2003-11-26,1053.89
13564,2003-11-28,1058.45
13565,2003-12-01,1058.2
13566,2003-12-02,1070.12
13567,2003-12-03,1066.62
13568,2003-12-04,1064.73
13569,2003-12-05,1069.72
13570,2003-12-08,1061.5
13571,2003-12-09,1069.3
13572,2003-12-10,1060.18
13573,2003-12-11,1059.05
13574,2003-12-12,1071.21
13575,2003-12-15,1074.14
13576,2003-12-16,1068.04
13577,2003-12-17,1075.13
13578,2003-12-18,1076.48
13579,2003-12-19,1089.18
13580,2003-12-22,1088.67
13581,2003-12-23,1092.94
13582,2003-12-24,1096.02
13583,2003-12-26,1094.04
13584,2003-12-29,1095.89
13585,2003-12-30,1109.48
13586,2003-12-31,1109.64
13587,2004-01-02,1111.92
13588,2004-01-05,1108.48
13589,2004-01-06,1122.22
13590,2004-01-07,1123.67
13591,2004-01-08,1126.33
13592,2004-01-09,1131.92
13593,2004-01-12,1121.86
13594,2004-01-13,1127.23
13595,2004-01-14,1121.22
13596,2004-01-15,1130.52
13597,2004-01-16,1132.05
13598,2004-01-20,1139.83
13599,2004-01-21,1138.77
13600,2004-01-22,1147.62
13601,2004-01-23,1143.94
13602,2004-01-26,1141.55
13603,2004-01-27,1155.37
13604,2004-01-28,1144.05
13605,2004-01-29,1128.48
13606,2004-01-30,1134.11
13607,2004-02-02,1131.13
13608,2004-02-03,1135.26
13609,2004-02-04,1136.03
13610,2004-02-05,1126.52
13611,2004-02-06,1128.59
13612,2004-02-09,1142.76
13613,2004-02-10,1139.81
13614,2004-02-11,1145.54
13615,2004-02-12,1157.76
13616,2004-02-13,1152.11
13617,2004-02-17,1145.81
13618,2004-02-18,1156.99
13619,2004-02-19,1151.82
13620,2004-02-20,1147.06
13621,2004-02-23,1144.11
13622,2004-02-24,1140.99
13623,2004-02-25,1139.09
13624,2004-02-26,1143.67
13625,2004-02-27,1144.91
13626,2004-03-01,1144.94
13627,2004-03-02,1155.96
13628,2004-03-03,1149.1
13629,2004-03-04,1151.04
13630,2004-03-05,1154.88
13631,2004-03-08,1156.87
13632,2004-03-09,1147.21
13633,2004-03-10,1140.58
13634,2004-03-11,1123.89
13635,2004-03-12,1106.78
13636,2004-03-15,1120.57
13637,2004-03-16,1104.49
13638,2004-03-17,1110.7
13639,2004-03-18,1123.75
13640,2004-03-19,1122.32
13641,2004-03-22,1109.78
13642,2004-03-23,1095.4
13643,2004-03-24,1093.95
13644,2004-03-25,1091.33
13645,2004-03-26,1109.19
13646,2004-03-29,1108.06
13647,2004-03-30,1122.47
13648,2004-03-31,1127.0
13649,2004-04-01,1126.21
13650,2004-04-02,1132.17
13651,2004-04-05,1141.81
13652,2004-04-06,1150.57
13653,2004-04-07,1148.16
13654,2004-04-08,1140.53
13655,2004-04-12,1139.32
13656,2004-04-13,1145.2
13657,2004-04-14,1129.44
13658,2004-04-15,1128.17
13659,2004-04-16,1128.84
13660,2004-04-19,1134.61
13661,2004-04-20,1135.82
13662,2004-04-21,1118.15
13663,2004-04-22,1124.09
13664,2004-04-23,1139.93
13665,2004-04-26,1140.6
13666,2004-04-27,1135.53
13667,2004-04-28,1138.11
13668,2004-04-29,1122.41
13669,2004-04-30,1113.89
13670,2004-05-03,1107.3
13671,2004-05-04,1117.49
13672,2004-05-05,1119.55
13673,2004-05-06,1121.53
13674,2004-05-07,1113.99
13675,2004-05-10,1098.7
13676,2004-05-11,1087.12
13677,2004-05-12,1095.45
13678,2004-05-13,1097.28
13679,2004-05-14,1096.44
13680,2004-05-17,1095.7
13681,2004-05-18,1084.1
13682,2004-05-19,1091.49
13683,2004-05-20,1088.68
13684,2004-05-21,1089.19
13685,2004-05-24,1093.56
13686,2004-05-25,1095.41
13687,2004-05-26,1113.05
13688,2004-05-27,1114.94
13689,2004-05-28,1121.28
13690,2004-06-01,1120.68
13691,2004-06-02,1121.2
13692,2004-06-03,1124.99
13693,2004-06-04,1116.64
13694,2004-06-07,1122.5
13695,2004-06-08,1140.42
13696,2004-06-09,1142.18
13697,2004-06-10,1131.33
13698,2004-06-14,1136.47
13699,2004-06-15,1125.29
13700,2004-06-16,1132.01
13701,2004-06-17,1133.56
13702,2004-06-18,1132.05
13703,2004-06-21,1135.02
13704,2004-06-22,1130.3
13705,2004-06-23,1134.41
13706,2004-06-24,1144.06
13707,2004-06-25,1140.65
13708,2004-06-28,1134.43
13709,2004-06-29,1133.35
13710,2004-06-30,1136.2
13711,2004-07-01,1140.84
13712,2004-07-02,1128.94
13713,2004-07-06,1125.38
13714,2004-07-07,1116.21
13715,2004-07-08,1118.33
13716,2004-07-09,1109.11
13717,2004-07-12,1112.81
13718,2004-07-13,1114.35
13719,2004-07-14,1115.14
13720,2004-07-15,1111.47
13721,2004-07-16,1106.69
13722,2004-07-19,1101.39
13723,2004-07-20,1100.9
13724,2004-07-21,1108.67
13725,2004-07-22,1093.88
13726,2004-07-23,1096.84
13727,2004-07-26,1086.2
13728,2004-07-27,1084.07
13729,2004-07-28,1094.83
13730,2004-07-29,1095.42
13731,2004-07-30,1100.43
13732,2004-08-02,1101.72
13733,2004-08-03,1106.62
13734,2004-08-04,1099.69
13735,2004-08-05,1098.63
13736,2004-08-06,1080.7
13737,2004-08-09,1063.97
13738,2004-08-10,1065.22
13739,2004-08-11,1079.04
13740,2004-08-12,1075.79
13741,2004-08-13,1063.23
13742,2004-08-16,1064.8
13743,2004-08-17,1079.34
13744,2004-08-18,1081.71
13745,2004-08-19,1095.17
13746,2004-08-20,1091.23
13747,2004-08-23,1098.35
13748,2004-08-24,1095.68
13749,2004-08-25,1096.19
13750,2004-08-26,1104.96
13751,2004-08-27,1105.09
13752,2004-08-30,1107.77
13753,2004-08-31,1099.15
13754,2004-09-01,1104.24
13755,2004-09-02,1105.91
13756,2004-09-03,1118.31
13757,2004-09-07,1113.63
13758,2004-09-08,1121.3
13759,2004-09-09,1116.27
13760,2004-09-10,1118.38
13761,2004-09-13,1123.92
13762,2004-09-14,1125.82
13763,2004-09-15,1128.33
13764,2004-09-16,1120.37
13765,2004-09-17,1123.5
13766,2004-09-20,1128.55
13767,2004-09-21,1122.2
13768,2004-09-22,1129.3
13769,2004-09-23,1113.56
13770,2004-09-24,1108.36
13771,2004-09-27,1110.11
13772,2004-09-28,1103.52
13773,2004-09-29,1110.06
13774,2004-09-30,1114.8
13775,2004-10-01,1114.58
13776,2004-10-04,1131.5
13777,2004-10-05,1135.17
13778,2004-10-06,1134.48
13779,2004-10-07,1142.05
13780,2004-10-08,1130.65
13781,2004-10-11,1122.14
13782,2004-10-12,1124.39
13783,2004-10-13,1121.84
13784,2004-10-14,1113.65
13785,2004-10-15,1103.29
13786,2004-10-18,1108.2
13787,2004-10-19,1114.02
13788,2004-10-20,1103.23
13789,2004-10-21,1103.66
13790,2004-10-22,1106.49
13791,2004-10-25,1095.74
13792,2004-10-26,1094.81
13793,2004-10-27,1111.09
13794,2004-10-28,1125.4
13795,2004-10-29,1127.44
13796,2004-11-01,1130.2
13797,2004-11-02,1130.51
13798,2004-11-03,1130.54
13799,2004-11-04,1143.2
13800,2004-11-05,1161.67
13801,2004-11-08,1166.17
13802,2004-11-09,1164.89
13803,2004-11-10,1164.08
13804,2004-11-11,1162.91
13805,2004-11-12,1173.48
13806,2004-11-15,1184.17
13807,2004-11-16,1183.81
13808,2004-11-17,1175.43
13809,2004-11-18,1181.94
13810,2004-11-19,1183.55
13811,2004-11-22,1170.34
13812,2004-11-23,1177.24
13813,2004-11-24,1176.94
13814,2004-11-26,1181.76
13815,2004-11-29,1182.65
13816,2004-11-30,1178.57
13817,2004-12-01,1173.82
13818,2004-12-02,1191.37
13819,2004-12-03,1190.33
13820,2004-12-06,1191.17
13821,2004-12-07,1190.25
13822,2004-12-08,1177.07
13823,2004-12-09,1182.81
13824,2004-12-10,1189.24
13825,2004-12-13,1188.0
13826,2004-12-14,1198.68
13827,2004-12-15,1203.38
13828,2004-12-16,1205.72
13829,2004-12-17,1203.21
13830,2004-12-20,1194.22
13831,2004-12-21,1194.65
13832,2004-12-22,1205.45
13833,2004-12-23,1209.57
13834,2004-12-27,1210.13
13835,2004-12-28,1204.92
13836,2004-12-29,1213.54
13837,2004-12-30,1213.45
13838,2004-12-31,1213.55
13839,2005-01-03,1211.92
13840,2005-01-04,1202.08
13841,2005-01-05,1188.05
13842,2005-01-06,1183.74
13843,2005-01-07,1187.89
13844,2005-01-10,1186.19
13845,2005-01-11,1190.25
13846,2005-01-12,1182.99
13847,2005-01-13,1187.7
13848,2005-01-14,1177.45
13849,2005-01-18,1184.52
13850,2005-01-19,1195.98
13851,2005-01-20,1184.63
13852,2005-01-21,1175.41
13853,2005-01-24,1167.87
13854,2005-01-25,1163.75
13855,2005-01-26,1168.41
13856,2005-01-27,1174.07
13857,2005-01-28,1174.55
13858,2005-01-31,1171.36
13859,2005-02-01,1181.27
13860,2005-02-02,1189.41
13861,2005-02-03,1193.19
13862,2005-02-04,1189.89
13863,2005-02-07,1203.03
13864,2005-02-08,1201.72
13865,2005-02-09,1202.3
13866,2005-02-10,1191.99
13867,2005-02-11,1197.01
13868,2005-02-14,1205.3
13869,2005-02-15,1206.14
13870,2005-02-16,1210.12
13871,2005-02-17,1210.34
13872,2005-02-18,1200.75
13873,2005-02-22,1201.59
13874,2005-02-23,1184.16
13875,2005-02-24,1190.8
13876,2005-02-25,1200.2
13877,2005-02-28,1211.37
13878,2005-03-01,1203.6
13879,2005-03-02,1210.41
13880,2005-03-03,1210.08
13881,2005-03-04,1210.47
13882,2005-03-07,1222.12
13883,2005-03-08,1225.31
13884,2005-03-09,1219.43
13885,2005-03-10,1207.01
13886,2005-03-11,1209.25
13887,2005-03-14,1200.08
13888,2005-03-15,1206.83
13889,2005-03-16,1197.75
13890,2005-03-17,1188.07
13891,2005-03-18,1190.21
13892,2005-03-21,1189.65
13893,2005-03-22,1183.78
13894,2005-03-23,1171.71
13895,2005-03-24,1172.53
13896,2005-03-28,1171.42
13897,2005-03-29,1174.28
13898,2005-03-30,1165.36
13899,2005-03-31,1181.41
13900,2005-04-01,1180.59
13901,2005-04-04,1172.92
13902,2005-04-05,1176.12
13903,2005-04-06,1181.39
13904,2005-04-07,1184.07
13905,2005-04-08,1191.14
13906,2005-04-11,1181.2
13907,2005-04-12,1181.21
13908,2005-04-13,1187.76
13909,2005-04-14,1173.79
13910,2005-04-15,1162.05
13911,2005-04-18,1142.62
13912,2005-04-19,1145.98
13913,2005-04-20,1152.78
13914,2005-04-21,1137.5
13915,2005-04-22,1159.95
13916,2005-04-25,1152.12
13917,2005-04-26,1162.1
13918,2005-04-27,1151.74
13919,2005-04-28,1156.38
13920,2005-04-29,1143.22
13921,2005-05-02,1156.85
13922,2005-05-03,1162.16
13923,2005-05-04,1161.17
13924,2005-05-05,1175.65
13925,2005-05-06,1172.63
13926,2005-05-09,1171.35
13927,2005-05-10,1178.84
13928,2005-05-11,1166.22
13929,2005-05-12,1171.11
13930,2005-05-13,1159.36
13931,2005-05-16,1154.05
13932,2005-05-17,1165.69
13933,2005-05-18,1173.8
13934,2005-05-19,1185.56
13935,2005-05-20,1191.08
13936,2005-05-23,1189.28
13937,2005-05-24,1193.86
13938,2005-05-25,1194.07
13939,2005-05-26,1190.01
13940,2005-05-27,1197.62
13941,2005-05-31,1198.78
13942,2005-06-01,1191.5
13943,2005-06-02,1202.27
13944,2005-06-03,1204.29
13945,2005-06-06,1196.02
13946,2005-06-07,1197.51
13947,2005-06-08,1197.26
13948,2005-06-09,1194.67
13949,2005-06-10,1200.93
13950,2005-06-13,1198.11
13951,2005-06-14,1200.82
13952,2005-06-15,1203.91
13953,2005-06-16,1206.58
13954,2005-06-17,1210.96
13955,2005-06-20,1216.96
13956,2005-06-21,1216.1
13957,2005-06-22,1213.61
13958,2005-06-23,1213.88
13959,2005-06-24,1200.73
13960,2005-06-27,1191.57
13961,2005-06-28,1190.69
13962,2005-06-29,1201.57
13963,2005-06-30,1199.85
13964,2005-07-01,1191.33
13965,2005-07-05,1194.44
13966,2005-07-06,1204.99
13967,2005-07-07,1194.94
13968,2005-07-08,1197.87
13969,2005-07-11,1211.86
13970,2005-07-12,1219.44
13971,2005-07-13,1222.21
13972,2005-07-14,1223.29
13973,2005-07-15,1226.5
13974,2005-07-18,1227.92
13975,2005-07-19,1221.13
13976,2005-07-20,1229.35
13977,2005-07-21,1235.2
13978,2005-07-22,1227.04
13979,2005-07-25,1233.68
13980,2005-07-26,1229.03
13981,2005-07-27,1231.16
13982,2005-07-28,1236.79
13983,2005-07-29,1243.72
13984,2005-08-01,1234.18
13985,2005-08-02,1235.35
13986,2005-08-03,1244.12
13987,2005-08-04,1245.04
13988,2005-08-05,1235.86
13989,2005-08-08,1226.42
13990,2005-08-09,1223.13
13991,2005-08-10,1231.38
13992,2005-08-11,1229.13
13993,2005-08-12,1237.81
13994,2005-08-15,1230.39
13995,2005-08-16,1233.87
13996,2005-08-17,1219.34
13997,2005-08-18,1220.24
13998,2005-08-19,1219.02
13999,2005-08-22,1219.71
14000,2005-08-23,1221.73
14001,2005-08-24,1217.57
14002,2005-08-25,1209.59
14003,2005-08-26,1212.4
14004,2005-08-29,1205.1
14005,2005-08-30,1212.28
14006,2005-08-31,1208.41
14007,2005-09-01,1220.33
14008,2005-09-02,1221.59
14009,2005-09-06,1218.02
14010,2005-09-07,1233.39
14011,2005-09-08,1236.36
14012,2005-09-09,1231.67
14013,2005-09-12,1241.48
14014,2005-09-13,1240.56
14015,2005-09-14,1231.2
14016,2005-09-15,1227.16
14017,2005-09-16,1227.73
14018,2005-09-19,1237.91
14019,2005-09-20,1231.02
14020,2005-09-21,1221.34
14021,2005-09-22,1210.2
14022,2005-09-23,1214.62
14023,2005-09-26,1215.29
14024,2005-09-27,1215.63
14025,2005-09-28,1215.66
14026,2005-09-29,1216.89
14027,2005-09-30,1227.68
14028,2005-10-03,1228.81
14029,2005-10-04,1226.7
14030,2005-10-05,1214.47
14031,2005-10-06,1196.39
14032,2005-10-07,1191.49
14033,2005-10-10,1195.9
14034,2005-10-11,1187.33
14035,2005-10-12,1184.87
14036,2005-10-13,1177.68
14037,2005-10-14,1176.84
14038,2005-10-17,1186.57
14039,2005-10-18,1190.1
14040,2005-10-19,1178.14
14041,2005-10-20,1195.76
14042,2005-10-21,1177.8
14043,2005-10-24,1179.59
14044,2005-10-25,1199.38
14045,2005-10-26,1196.54
14046,2005-10-27,1191.38
14047,2005-10-28,1178.9
14048,2005-10-31,1198.41
14049,2005-11-01,1207.01
14050,2005-11-02,1202.76
14051,2005-11-03,1214.76
14052,2005-11-04,1219.94
14053,2005-11-07,1220.14
14054,2005-11-08,1222.81
14055,2005-11-09,1218.59
14056,2005-11-10,1220.65
14057,2005-11-11,1230.96
14058,2005-11-14,1234.72
14059,2005-11-15,1233.76
14060,2005-11-16,1229.01
14061,2005-11-17,1231.21
14062,2005-11-18,1242.8
14063,2005-11-21,1248.27
14064,2005-11-22,1254.85
14065,2005-11-23,1261.23
14066,2005-11-25,1265.61
14067,2005-11-28,1268.25
14068,2005-11-29,1257.46
14069,2005-11-30,1257.48
14070,2005-12-01,1249.48
14071,2005-12-02,1264.67
14072,2005-12-05,1265.08
14073,2005-12-06,1262.09
14074,2005-12-07,1263.7
14075,2005-12-08,1257.37
14076,2005-12-09,1255.84
14077,2005-12-12,1259.37
14078,2005-12-13,1260.43
14079,2005-12-14,1267.43
14080,2005-12-15,1272.74
14081,2005-12-16,1270.94
14082,2005-12-19,1267.32
14083,2005-12-20,1259.92
14084,2005-12-21,1259.62
14085,2005-12-22,1262.79
14086,2005-12-23,1268.12
14087,2005-12-27,1268.66
14088,2005-12-28,1256.54
14089,2005-12-29,1258.17
14090,2005-12-30,1254.42
14091,2006-01-03,1248.29
14092,2006-01-04,1268.8
14093,2006-01-05,1273.46
14094,2006-01-06,1273.48
14095,2006-01-09,1285.45
14096,2006-01-10,1290.15
14097,2006-01-11,1289.69
14098,2006-01-12,1294.18
14099,2006-01-13,1286.06
14100,2006-01-17,1287.61
14101,2006-01-18,1282.93
14102,2006-01-19,1277.93
14103,2006-01-20,1285.04
14104,2006-01-23,1261.49
14105,2006-01-24,1263.82
14106,2006-01-25,1266.86
14107,2006-01-26,1264.68
14108,2006-01-27,1273.83
14109,2006-01-30,1283.72
14110,2006-01-31,1285.2
14111,2006-02-01,1280.08
14112,2006-02-02,1282.46
14113,2006-02-03,1270.84
14114,2006-02-06,1264.03
14115,2006-02-07,1265.02
14116,2006-02-08,1254.78
14117,2006-02-09,1265.65
14118,2006-02-10,1263.78
14119,2006-02-13,1266.99
14120,2006-02-14,1262.86
14121,2006-02-15,1275.53
14122,2006-02-16,1280.0
14123,2006-02-17,1289.38
14124,2006-02-21,1287.24
14125,2006-02-22,1283.03
14126,2006-02-23,1292.67
14127,2006-02-24,1287.79
14128,2006-02-27,1289.43
14129,2006-02-28,1294.12
14130,2006-03-01,1280.66
14131,2006-03-02,1291.24
14132,2006-03-03,1289.14
14133,2006-03-06,1287.23
14134,2006-03-07,1278.26
14135,2006-03-08,1275.88
14136,2006-03-09,1278.47
14137,2006-03-10,1272.23
14138,2006-03-13,1281.58
14139,2006-03-14,1284.13
14140,2006-03-15,1297.48
14141,2006-03-16,1303.02
14142,2006-03-17,1305.33
14143,2006-03-20,1307.25
14144,2006-03-21,1305.08
14145,2006-03-22,1297.23
14146,2006-03-23,1305.04
14147,2006-03-24,1301.67
14148,2006-03-27,1302.95
14149,2006-03-28,1301.61
14150,2006-03-29,1293.23
14151,2006-03-30,1302.89
14152,2006-03-31,1300.25
14153,2006-04-03,1294.83
14154,2006-04-04,1297.81
14155,2006-04-05,1305.93
14156,2006-04-06,1311.56
14157,2006-04-07,1309.04
14158,2006-04-10,1295.5
14159,2006-04-11,1296.6
14160,2006-04-12,1286.57
14161,2006-04-13,1288.12
14162,2006-04-17,1289.12
14163,2006-04-18,1285.33
14164,2006-04-19,1307.65
14165,2006-04-20,1309.93
14166,2006-04-21,1311.46
14167,2006-04-24,1311.28
14168,2006-04-25,1308.11
14169,2006-04-26,1301.74
14170,2006-04-27,1305.41
14171,2006-04-28,1309.72
14172,2006-05-01,1310.61
14173,2006-05-02,1305.19
14174,2006-05-03,1313.21
14175,2006-05-04,1307.85
14176,2006-05-05,1312.25
14177,2006-05-08,1325.76
14178,2006-05-09,1324.66
14179,2006-05-10,1325.14
14180,2006-05-11,1322.85
14181,2006-05-12,1305.92
14182,2006-05-15,1291.24
14183,2006-05-16,1294.5
14184,2006-05-17,1292.08
14185,2006-05-18,1270.32
14186,2006-05-19,1261.81
14187,2006-05-22,1267.03
14188,2006-05-23,1262.07
14189,2006-05-24,1256.58
14190,2006-05-25,1258.57
14191,2006-05-26,1272.88
14192,2006-05-30,1280.16
14193,2006-05-31,1259.84
14194,2006-06-01,1270.09
14195,2006-06-02,1285.71
14196,2006-06-05,1288.22
14197,2006-06-06,1265.29
14198,2006-06-07,1263.85
14199,2006-06-08,1256.15
14200,2006-06-09,1257.93
14201,2006-06-12,1252.3
14202,2006-06-13,1236.4
14203,2006-06-14,1223.69
14204,2006-06-15,1230.04
14205,2006-06-16,1256.16
14206,2006-06-19,1251.54
14207,2006-06-20,1240.14
14208,2006-06-21,1240.12
14209,2006-06-22,1252.2
14210,2006-06-23,1245.6
14211,2006-06-26,1244.5
14212,2006-06-27,1250.56
14213,2006-06-28,1239.2
14214,2006-06-29,1246.0
14215,2006-06-30,1272.87
14216,2006-07-03,1270.2
14217,2006-07-05,1280.19
14218,2006-07-06,1270.91
14219,2006-07-07,1274.08
14220,2006-07-10,1265.48
14221,2006-07-11,1267.34
14222,2006-07-12,1272.52
14223,2006-07-13,1258.6
14224,2006-07-14,1242.29
14225,2006-07-17,1236.2
14226,2006-07-18,1234.49
14227,2006-07-19,1236.86
14228,2006-07-20,1259.81
14229,2006-07-21,1249.13
14230,2006-07-24,1240.29
14231,2006-07-25,1260.91
14232,2006-07-26,1268.88
14233,2006-07-27,1268.4
14234,2006-07-28,1263.2
14235,2006-07-31,1278.55
14236,2006-08-01,1276.66
14237,2006-08-02,1270.92
14238,2006-08-03,1278.55
14239,2006-08-04,1280.27
14240,2006-08-07,1279.36
14241,2006-08-08,1275.77
14242,2006-08-09,1271.48
14243,2006-08-10,1265.95
14244,2006-08-11,1271.81
14245,2006-08-14,1266.74
14246,2006-08-15,1268.21
14247,2006-08-16,1285.58
14248,2006-08-17,1295.43
14249,2006-08-18,1297.48
14250,2006-08-21,1302.3
14251,2006-08-22,1297.52
14252,2006-08-23,1298.82
14253,2006-08-24,1292.99
14254,2006-08-25,1296.06
14255,2006-08-28,1295.09
14256,2006-08-29,1301.78
14257,2006-08-30,1304.28
14258,2006-08-31,1304.27
14259,2006-09-01,1303.82
14260,2006-09-05,1311.01
14261,2006-09-06,1313.25
14262,2006-09-07,1300.26
14263,2006-09-08,1294.02
14264,2006-09-11,1298.92
14265,2006-09-12,1299.54
14266,2006-09-13,1313.11
14267,2006-09-14,1318.07
14268,2006-09-15,1316.28
14269,2006-09-18,1319.87
14270,2006-09-19,1321.18
14271,2006-09-20,1318.31
14272,2006-09-21,1325.18
14273,2006-09-22,1318.03
14274,2006-09-25,1314.78
14275,2006-09-26,1326.37
14276,2006-09-27,1336.34
14277,2006-09-28,1336.59
14278,2006-09-29,1339.15
14279,2006-10-02,1335.85
14280,2006-10-03,1331.32
14281,2006-10-04,1334.11
14282,2006-10-05,1350.22
14283,2006-10-06,1353.22
14284,2006-10-09,1349.58
14285,2006-10-10,1350.66
14286,2006-10-11,1353.42
14287,2006-10-12,1349.95
14288,2006-10-13,1362.83
14289,2006-10-16,1365.62
14290,2006-10-17,1369.05
14291,2006-10-18,1364.05
14292,2006-10-19,1365.96
14293,2006-10-20,1366.96
14294,2006-10-23,1368.6
14295,2006-10-24,1377.02
14296,2006-10-25,1377.38
14297,2006-10-26,1382.22
14298,2006-10-27,1389.08
14299,2006-10-30,1377.34
14300,2006-10-31,1377.93
14301,2006-11-01,1377.94
14302,2006-11-02,1367.81
14303,2006-11-03,1367.34
14304,2006-11-06,1364.3
14305,2006-11-07,1379.78
14306,2006-11-08,1382.84
14307,2006-11-09,1385.72
14308,2006-11-10,1378.33
14309,2006-11-13,1380.9
14310,2006-11-14,1384.42
14311,2006-11-15,1393.22
14312,2006-11-16,1396.57
14313,2006-11-17,1399.76
14314,2006-11-20,1401.2
14315,2006-11-21,1400.5
14316,2006-11-22,1402.81
14317,2006-11-24,1406.09
14318,2006-11-27,1400.95
14319,2006-11-28,1381.9
14320,2006-11-29,1386.72
14321,2006-11-30,1399.48
14322,2006-12-01,1400.63
14323,2006-12-04,1396.71
14324,2006-12-05,1409.12
14325,2006-12-06,1414.76
14326,2006-12-07,1412.9
14327,2006-12-08,1407.29
14328,2006-12-11,1409.84
14329,2006-12-12,1413.04
14330,2006-12-13,1411.56
14331,2006-12-14,1413.21
14332,2006-12-15,1425.49
14333,2006-12-18,1427.09
14334,2006-12-19,1422.48
14335,2006-12-20,1425.55
14336,2006-12-21,1423.53
14337,2006-12-22,1418.3
14338,2006-12-26,1410.76
14339,2006-12-27,1416.9
14340,2006-12-28,1426.84
14341,2006-12-29,1424.73
14342,2007-01-03,1418.3
14343,2007-01-04,1416.6
14344,2007-01-05,1418.34
14345,2007-01-08,1409.71
14346,2007-01-09,1412.84
14347,2007-01-10,1412.11
14348,2007-01-11,1414.85
14349,2007-01-12,1423.82
14350,2007-01-16,1430.73
14351,2007-01-17,1431.9
14352,2007-01-18,1430.62
14353,2007-01-19,1426.37
14354,2007-01-22,1430.5
14355,2007-01-23,1422.95
14356,2007-01-24,1427.99
14357,2007-01-25,1440.13
14358,2007-01-26,1423.9
14359,2007-01-29,1422.18
14360,2007-01-30,1420.62
14361,2007-01-31,1428.82
14362,2007-02-01,1438.24
14363,2007-02-02,1445.94
14364,2007-02-05,1448.39
14365,2007-02-06,1446.99
14366,2007-02-07,1448.0
14367,2007-02-08,1450.02
14368,2007-02-09,1448.31
14369,2007-02-12,1438.06
14370,2007-02-13,1433.37
14371,2007-02-14,1444.26
14372,2007-02-15,1455.3
14373,2007-02-16,1456.81
14374,2007-02-20,1455.54
14375,2007-02-21,1459.68
14376,2007-02-22,1457.63
14377,2007-02-23,1456.38
14378,2007-02-26,1451.19
14379,2007-02-27,1449.37
14380,2007-02-28,1399.04
14381,2007-03-01,1406.82
14382,2007-03-02,1403.17
14383,2007-03-05,1387.17
14384,2007-03-06,1374.12
14385,2007-03-07,1395.41
14386,2007-03-08,1391.97
14387,2007-03-09,1401.89
14388,2007-03-12,1402.85
14389,2007-03-13,1406.6
14390,2007-03-14,1377.95
14391,2007-03-15,1387.17
14392,2007-03-16,1392.28
14393,2007-03-19,1386.95
14394,2007-03-20,1402.06
14395,2007-03-21,1410.94
14396,2007-03-22,1435.04
14397,2007-03-23,1434.54
14398,2007-03-26,1436.11
14399,2007-03-27,1437.5
14400,2007-03-28,1428.61
14401,2007-03-29,1417.23
14402,2007-03-30,1422.53
14403,2007-04-02,1420.86
14404,2007-04-03,1424.55
14405,2007-04-04,1437.77
14406,2007-04-05,1439.37
14407,2007-04-09,1443.76
14408,2007-04-10,1444.61
14409,2007-04-11,1448.39
14410,2007-04-12,1438.87
14411,2007-04-13,1447.8
14412,2007-04-16,1452.85
14413,2007-04-17,1468.47
14414,2007-04-18,1471.48
14415,2007-04-19,1472.5
14416,2007-04-20,1470.73
14417,2007-04-23,1484.35
14418,2007-04-24,1480.93
14419,2007-04-25,1480.41
14420,2007-04-26,1495.42
14421,2007-04-27,1494.25
14422,2007-04-30,1494.07
14423,2007-05-01,1482.37
14424,2007-05-02,1486.3
14425,2007-05-03,1495.92
14426,2007-05-04,1502.39
14427,2007-05-07,1505.62
14428,2007-05-08,1509.48
14429,2007-05-09,1507.72
14430,2007-05-10,1512.58
14431,2007-05-11,1491.47
14432,2007-05-14,1505.85
14433,2007-05-15,1503.15
14434,2007-05-16,1501.19
14435,2007-05-17,1514.14
14436,2007-05-18,1512.75
14437,2007-05-21,1522.75
14438,2007-05-22,1525.1
14439,2007-05-23,1524.12
14440,2007-05-24,1522.28
14441,2007-05-25,1507.51
14442,2007-05-29,1515.73
14443,2007-05-30,1518.11
14444,2007-05-31,1530.23
14445,2007-06-01,1530.62
14446,2007-06-04,1536.34
14447,2007-06-05,1539.18
14448,2007-06-06,1530.95
14449,2007-06-07,1517.38
14450,2007-06-08,1490.72
14451,2007-06-11,1507.67
14452,2007-06-12,1509.12
14453,2007-06-13,1493.0
14454,2007-06-14,1515.67
14455,2007-06-15,1522.97
14456,2007-06-18,1532.91
14457,2007-06-19,1531.05
14458,2007-06-20,1533.7
14459,2007-06-21,1512.84
14460,2007-06-22,1522.19
14461,2007-06-25,1502.56
14462,2007-06-26,1497.74
14463,2007-06-27,1492.89
14464,2007-06-28,1506.34
14465,2007-06-29,1505.71
14466,2007-07-02,1503.35
14467,2007-07-03,1519.43
14468,2007-07-05,1524.87
14469,2007-07-06,1525.4
14470,2007-07-09,1530.44
14471,2007-07-10,1531.85
14472,2007-07-11,1510.12
14473,2007-07-12,1518.76
14474,2007-07-13,1547.7
14475,2007-07-16,1552.5
14476,2007-07-17,1549.52
14477,2007-07-18,1549.37
14478,2007-07-19,1546.17
14479,2007-07-20,1553.08
14480,2007-07-23,1534.1
14481,2007-07-24,1541.57
14482,2007-07-25,1511.04
14483,2007-07-26,1518.09
14484,2007-07-27,1482.66
14485,2007-07-30,1458.95
14486,2007-07-31,1473.91
14487,2007-08-01,1455.27
14488,2007-08-02,1465.81
14489,2007-08-03,1472.2
14490,2007-08-06,1433.06
14491,2007-08-07,1467.67
14492,2007-08-08,1476.71
14493,2007-08-09,1497.49
14494,2007-08-10,1453.09
14495,2007-08-13,1453.64
14496,2007-08-14,1452.92
14497,2007-08-15,1426.54
14498,2007-08-16,1406.7
14499,2007-08-17,1411.27
14500,2007-08-20,1445.94
14501,2007-08-21,1445.55
14502,2007-08-22,1447.12
14503,2007-08-23,1464.07
14504,2007-08-24,1462.5
14505,2007-08-27,1479.37
14506,2007-08-28,1466.79
14507,2007-08-29,1432.36
14508,2007-08-30,1463.76
14509,2007-08-31,1457.64
14510,2007-09-04,1473.99
14511,2007-09-05,1489.42
14512,2007-09-06,1472.29
14513,2007-09-07,1478.55
14514,2007-09-10,1453.55
14515,2007-09-11,1451.7
14516,2007-09-12,1471.49
14517,2007-09-13,1471.56
14518,2007-09-14,1483.95
14519,2007-09-17,1484.25
14520,2007-09-18,1476.65
14521,2007-09-19,1519.78
14522,2007-09-20,1529.03
14523,2007-09-21,1518.75
14524,2007-09-24,1525.75
14525,2007-09-25,1517.73
14526,2007-09-26,1517.21
14527,2007-09-27,1525.42
14528,2007-09-28,1531.38
14529,2007-10-01,1526.75
14530,2007-10-02,1547.04
14531,2007-10-03,1546.63
14532,2007-10-04,1539.59
14533,2007-10-05,1542.84
14534,2007-10-08,1557.59
14535,2007-10-09,1552.58
14536,2007-10-10,1565.15
14537,2007-10-11,1562.47
14538,2007-10-12,1554.41
14539,2007-10-15,1561.8
14540,2007-10-16,1548.71
14541,2007-10-17,1538.53
14542,2007-10-18,1541.24
14543,2007-10-19,1540.08
14544,2007-10-22,1500.63
14545,2007-10-23,1506.33
14546,2007-10-24,1519.59
14547,2007-10-25,1515.88
14548,2007-10-26,1514.4
14549,2007-10-29,1535.28
14550,2007-10-30,1540.98
14551,2007-10-31,1531.02
14552,2007-11-01,1549.38
14553,2007-11-02,1508.44
14554,2007-11-05,1509.65
14555,2007-11-06,1502.17
14556,2007-11-07,1520.27
14557,2007-11-08,1475.62
14558,2007-11-09,1474.77
14559,2007-11-12,1453.7
14560,2007-11-13,1439.18
14561,2007-11-14,1481.05
14562,2007-11-15,1470.58
14563,2007-11-16,1451.15
14564,2007-11-19,1458.74
14565,2007-11-20,1433.27
14566,2007-11-21,1439.7
14567,2007-11-23,1416.77
14568,2007-11-26,1440.7
14569,2007-11-27,1407.22
14570,2007-11-28,1428.23
14571,2007-11-29,1469.02
14572,2007-11-30,1469.72
14573,2007-12-03,1481.14
14574,2007-12-04,1472.42
14575,2007-12-05,1462.79
14576,2007-12-06,1485.01
14577,2007-12-07,1507.34
14578,2007-12-10,1504.66
14579,2007-12-11,1515.96
14580,2007-12-12,1477.65
14581,2007-12-13,1486.59
14582,2007-12-14,1488.41
14583,2007-12-17,1467.95
14584,2007-12-18,1445.9
14585,2007-12-19,1454.98
14586,2007-12-20,1453.0
14587,2007-12-21,1460.12
14588,2007-12-24,1484.46
14589,2007-12-26,1496.45
14590,2007-12-27,1497.66
14591,2007-12-28,1476.37
14592,2007-12-31,1478.49
14593,2008-01-02,1468.36
14594,2008-01-03,1447.16
14595,2008-01-04,1447.16
14596,2008-01-07,1411.63
14597,2008-01-08,1416.18
14598,2008-01-09,1390.19
14599,2008-01-10,1409.13
14600,2008-01-11,1420.33
14601,2008-01-14,1401.02
14602,2008-01-15,1416.25
14603,2008-01-16,1380.95
14604,2008-01-17,1373.2
14605,2008-01-18,1333.25
14606,2008-01-22,1325.19
14607,2008-01-23,1310.5
14608,2008-01-24,1338.6
14609,2008-01-25,1352.07
14610,2008-01-28,1330.61
14611,2008-01-29,1353.97
14612,2008-01-30,1362.3
14613,2008-01-31,1355.81
14614,2008-02-01,1378.55
14615,2008-02-04,1395.42
14616,2008-02-05,1380.82
14617,2008-02-06,1336.64
14618,2008-02-07,1326.45
14619,2008-02-08,1336.91
14620,2008-02-11,1331.29
14621,2008-02-12,1339.13
14622,2008-02-13,1348.86
14623,2008-02-14,1367.21
14624,2008-02-15,1348.86
14625,2008-02-19,1349.99
14626,2008-02-20,1348.78
14627,2008-02-21,1360.03
14628,2008-02-22,1342.53
14629,2008-02-25,1353.11
14630,2008-02-26,1371.8
14631,2008-02-27,1381.29
14632,2008-02-28,1380.02
14633,2008-02-29,1367.68
14634,2008-03-03,1330.63
14635,2008-03-04,1331.34
14636,2008-03-05,1326.75
14637,2008-03-06,1333.7
14638,2008-03-07,1304.34
14639,2008-03-10,1293.37
14640,2008-03-11,1273.37
14641,2008-03-12,1320.65
14642,2008-03-13,1308.77
14643,2008-03-14,1315.48
14644,2008-03-17,1288.14
14645,2008-03-18,1276.6
14646,2008-03-19,1330.74
14647,2008-03-20,1298.42
14648,2008-03-24,1329.51
14649,2008-03-25,1349.88
14650,2008-03-26,1352.99
14651,2008-03-27,1341.13
14652,2008-03-28,1325.76
14653,2008-03-31,1315.22
14654,2008-04-01,1322.7
14655,2008-04-02,1370.18
14656,2008-04-03,1367.53
14657,2008-04-04,1369.31
14658,2008-04-07,1370.4
14659,2008-04-08,1372.54
14660,2008-04-09,1365.54
14661,2008-04-10,1354.49
14662,2008-04-11,1360.55
14663,2008-04-14,1332.83
14664,2008-04-15,1328.32
14665,2008-04-16,1334.43
14666,2008-04-17,1364.71
14667,2008-04-18,1365.56
14668,2008-04-21,1390.33
14669,2008-04-22,1388.17
14670,2008-04-23,1375.94
14671,2008-04-24,1379.93
14672,2008-04-25,1388.82
14673,2008-04-28,1397.84
14674,2008-04-29,1396.37
14675,2008-04-30,1390.94
14676,2008-05-01,1385.59
14677,2008-05-02,1409.34
14678,2008-05-05,1413.9
14679,2008-05-06,1407.49
14680,2008-05-07,1418.26
14681,2008-05-08,1392.57
14682,2008-05-09,1397.68
14683,2008-05-12,1388.28
14684,2008-05-13,1403.58
14685,2008-05-14,1403.04
14686,2008-05-15,1408.66
14687,2008-05-16,1423.57
14688,2008-05-19,1425.35
14689,2008-05-20,1426.63
14690,2008-05-21,1413.4
14691,2008-05-22,1390.71
14692,2008-05-23,1394.35
14693,2008-05-27,1375.93
14694,2008-05-28,1385.35
14695,2008-05-29,1390.84
14696,2008-05-30,1398.26
14697,2008-06-02,1400.38
14698,2008-06-03,1385.67
14699,2008-06-04,1377.65
14700,2008-06-05,1377.2
14701,2008-06-06,1404.05
14702,2008-06-09,1360.68
14703,2008-06-10,1361.76
14704,2008-06-11,1358.44
14705,2008-06-12,1335.49
14706,2008-06-13,1339.87
14707,2008-06-16,1360.03
14708,2008-06-17,1360.14
14709,2008-06-18,1350.93
14710,2008-06-19,1337.81
14711,2008-06-20,1342.83
14712,2008-06-23,1317.93
14713,2008-06-24,1318.0
14714,2008-06-25,1314.29
14715,2008-06-26,1321.97
14716,2008-06-27,1283.15
14717,2008-06-30,1278.38
14718,2008-07-01,1280.0
14719,2008-07-02,1284.91
14720,2008-07-03,1261.52
14721,2008-07-07,1262.9
14722,2008-07-08,1252.31
14723,2008-07-09,1273.7
14724,2008-07-10,1244.69
14725,2008-07-11,1253.39
14726,2008-07-14,1239.49
14727,2008-07-15,1228.3
14728,2008-07-16,1214.91
14729,2008-07-17,1245.36
14730,2008-07-18,1260.32
14731,2008-07-21,1260.68
14732,2008-07-22,1260.0
14733,2008-07-23,1277.0
14734,2008-07-24,1282.19
14735,2008-07-25,1252.54
14736,2008-07-28,1257.76
14737,2008-07-29,1234.37
14738,2008-07-30,1263.2
14739,2008-07-31,1284.26
14740,2008-08-01,1267.38
14741,2008-08-04,1260.31
14742,2008-08-05,1249.01
14743,2008-08-06,1284.88
14744,2008-08-07,1289.19
14745,2008-08-08,1266.07
14746,2008-08-11,1296.32
14747,2008-08-12,1305.32
14748,2008-08-13,1289.59
14749,2008-08-14,1285.83
14750,2008-08-15,1292.93
14751,2008-08-18,1298.2
14752,2008-08-19,1278.6
14753,2008-08-20,1266.69
14754,2008-08-21,1274.54
14755,2008-08-22,1277.72
14756,2008-08-25,1292.2
14757,2008-08-26,1266.84
14758,2008-08-27,1271.51
14759,2008-08-28,1281.66
14760,2008-08-29,1300.68
14761,2008-09-02,1282.83
14762,2008-09-03,1277.58
14763,2008-09-04,1274.98
14764,2008-09-05,1236.83
14765,2008-09-08,1242.31
14766,2008-09-09,1267.79
14767,2008-09-10,1224.51
14768,2008-09-11,1232.04
14769,2008-09-12,1249.05
14770,2008-09-15,1251.7
14771,2008-09-16,1192.7
14772,2008-09-17,1213.59
14773,2008-09-18,1156.39
14774,2008-09-19,1206.51
14775,2008-09-22,1255.08
14776,2008-09-23,1207.09
14777,2008-09-24,1188.22
14778,2008-09-25,1185.87
14779,2008-09-26,1209.18
14780,2008-09-29,1213.01
14781,2008-09-30,1106.39
14782,2008-10-01,1166.36
14783,2008-10-02,1161.06
14784,2008-10-03,1114.28
14785,2008-10-06,1099.23
14786,2008-10-07,1056.89
14787,2008-10-08,996.23
14788,2008-10-09,984.94
14789,2008-10-10,909.92
14790,2008-10-13,899.22
14791,2008-10-14,1003.35
14792,2008-10-15,998.01
14793,2008-10-16,907.84
14794,2008-10-17,946.43
14795,2008-10-20,940.55
14796,2008-10-21,985.4
14797,2008-10-22,955.05
14798,2008-10-23,896.78
14799,2008-10-24,908.11
14800,2008-10-27,876.77
14801,2008-10-28,848.92
14802,2008-10-29,940.51
14803,2008-10-30,930.09
14804,2008-10-31,954.09
14805,2008-11-03,968.75
14806,2008-11-04,966.3
14807,2008-11-05,1005.75
14808,2008-11-06,952.77
14809,2008-11-07,904.88
14810,2008-11-10,930.99
14811,2008-11-11,919.21
14812,2008-11-12,898.95
14813,2008-11-13,852.3
14814,2008-11-14,911.29
14815,2008-11-17,873.29
14816,2008-11-18,850.75
14817,2008-11-19,859.12
14818,2008-11-20,806.58
14819,2008-11-21,752.44
14820,2008-11-24,800.03
14821,2008-11-25,851.81
14822,2008-11-26,857.39
14823,2008-11-28,887.68
14824,2008-12-01,896.24
14825,2008-12-02,816.21
14826,2008-12-03,848.81
14827,2008-12-04,870.74
14828,2008-12-05,845.22
14829,2008-12-08,876.07
14830,2008-12-09,909.7
14831,2008-12-10,888.67
14832,2008-12-11,899.24
14833,2008-12-12,873.59
14834,2008-12-15,879.73
14835,2008-12-16,868.57
14836,2008-12-17,913.18
14837,2008-12-18,904.42
14838,2008-12-19,885.28
14839,2008-12-22,887.88
14840,2008-12-23,871.63
14841,2008-12-24,863.16
14842,2008-12-26,868.15
14843,2008-12-29,872.8
14844,2008-12-30,869.42
14845,2008-12-31,890.64
14846,2009-01-02,903.25
14847,2009-01-05,931.8
14848,2009-01-06,927.45
14849,2009-01-07,934.7
14850,2009-01-08,906.65
14851,2009-01-09,909.73
14852,2009-01-12,890.35
14853,2009-01-13,870.26
14854,2009-01-14,871.79
14855,2009-01-15,842.62
14856,2009-01-16,843.74
14857,2009-01-20,850.12
14858,2009-01-21,805.22
14859,2009-01-22,840.24
14860,2009-01-23,827.5
14861,2009-01-26,831.95
14862,2009-01-27,836.57
14863,2009-01-28,845.71
14864,2009-01-29,874.09
14865,2009-01-30,845.14
14866,2009-02-02,825.88
14867,2009-02-03,825.44
14868,2009-02-04,838.51
14869,2009-02-05,832.23
14870,2009-02-06,845.85
14871,2009-02-09,868.6
14872,2009-02-10,869.89
14873,2009-02-11,827.16
14874,2009-02-12,833.74
14875,2009-02-13,835.19
14876,2009-02-17,826.84
14877,2009-02-18,789.17
14878,2009-02-19,788.42
14879,2009-02-20,778.94
14880,2009-02-23,770.05
14881,2009-02-24,743.33
14882,2009-02-25,773.14
14883,2009-02-26,764.9
14884,2009-02-27,752.83
14885,2009-03-02,735.09
14886,2009-03-03,700.82
14887,2009-03-04,696.33
14888,2009-03-05,712.87
14889,2009-03-06,682.55
14890,2009-03-09,683.38
14891,2009-03-10,676.53
14892,2009-03-11,719.6
14893,2009-03-12,721.36
14894,2009-03-13,750.74
14895,2009-03-16,756.55
14896,2009-03-17,753.89
14897,2009-03-18,778.12
14898,2009-03-19,794.35
14899,2009-03-20,784.04
14900,2009-03-23,768.54
14901,2009-03-24,822.92
14902,2009-03-25,806.12
14903,2009-03-26,813.88
14904,2009-03-27,832.86
14905,2009-03-30,815.94
14906,2009-03-31,787.53
14907,2009-04-01,797.87
14908,2009-04-02,811.08
14909,2009-04-03,834.38
14910,2009-04-06,842.5
14911,2009-04-07,835.48
14912,2009-04-08,815.55
14913,2009-04-09,825.16
14914,2009-04-13,856.56
14915,2009-04-14,858.73
14916,2009-04-15,841.5
14917,2009-04-16,852.06
14918,2009-04-17,865.3
14919,2009-04-20,869.6
14920,2009-04-21,832.39
14921,2009-04-22,850.08
14922,2009-04-23,843.55
14923,2009-04-24,851.92
14924,2009-04-27,866.23
14925,2009-04-28,857.51
14926,2009-04-29,855.16
14927,2009-04-30,873.64
14928,2009-05-01,872.81
14929,2009-05-04,877.52
14930,2009-05-05,907.24
14931,2009-05-06,903.8
14932,2009-05-07,919.53
14933,2009-05-08,907.39
14934,2009-05-11,929.23
14935,2009-05-12,909.24
14936,2009-05-13,908.35
14937,2009-05-14,883.92
14938,2009-05-15,893.07
14939,2009-05-18,882.88
14940,2009-05-19,909.71
14941,2009-05-20,908.13
14942,2009-05-21,903.47
14943,2009-05-22,888.33
14944,2009-05-26,887.0
14945,2009-05-27,910.33
14946,2009-05-28,893.06
14947,2009-05-29,906.83
14948,2009-06-01,919.14
14949,2009-06-02,942.87
14950,2009-06-03,944.74
14951,2009-06-04,931.76
14952,2009-06-05,942.46
14953,2009-06-08,940.09
14954,2009-06-09,939.14
14955,2009-06-10,942.43
14956,2009-06-11,939.15
14957,2009-06-12,944.89
14958,2009-06-15,946.21
14959,2009-06-16,923.72
14960,2009-06-17,911.97
14961,2009-06-18,910.71
14962,2009-06-19,918.37
14963,2009-06-22,921.23
14964,2009-06-23,893.04
14965,2009-06-24,895.1
14966,2009-06-25,900.94
14967,2009-06-26,920.26
14968,2009-06-29,918.9
14969,2009-06-30,927.23
14970,2009-07-01,919.32
14971,2009-07-02,923.33
14972,2009-07-06,896.42
14973,2009-07-07,898.72
14974,2009-07-08,881.03
14975,2009-07-09,879.56
14976,2009-07-10,882.68
14977,2009-07-13,879.13
14978,2009-07-14,901.05
14979,2009-07-15,905.84
14980,2009-07-16,932.68
14981,2009-07-17,940.74
14982,2009-07-20,940.38
14983,2009-07-21,951.13
14984,2009-07-22,954.58
14985,2009-07-23,954.07
14986,2009-07-24,976.29
14987,2009-07-27,979.26
14988,2009-07-28,982.18
14989,2009-07-29,979.62
14990,2009-07-30,975.15
14991,2009-07-31,986.75
14992,2009-08-03,987.48
14993,2009-08-04,1002.63
14994,2009-08-05,1005.65
14995,2009-08-06,1002.72
14996,2009-08-07,997.08
14997,2009-08-10,1010.48
14998,2009-08-11,1007.1
14999,2009-08-12,994.35
15000,2009-08-13,1005.81
15001,2009-08-14,1012.73
15002,2009-08-17,1004.09
15003,2009-08-18,979.73
15004,2009-08-19,989.67
15005,2009-08-20,996.46
15006,2009-08-21,1007.37
15007,2009-08-24,1026.13
15008,2009-08-25,1025.57
15009,2009-08-26,1028.0
15010,2009-08-27,1028.12
15011,2009-08-28,1030.98
15012,2009-08-31,1028.93
15013,2009-09-01,1020.62
15014,2009-09-02,998.04
15015,2009-09-03,994.75
15016,2009-09-04,1003.24
15017,2009-09-08,1016.4
15018,2009-09-09,1025.39
15019,2009-09-10,1033.37
15020,2009-09-11,1044.14
15021,2009-09-14,1042.73
15022,2009-09-15,1049.34
15023,2009-09-16,1052.63
15024,2009-09-17,1068.76
15025,2009-09-18,1065.49
15026,2009-09-21,1068.3
15027,2009-09-22,1064.66
15028,2009-09-23,1071.66
15029,2009-09-24,1060.87
15030,2009-09-25,1050.78
15031,2009-09-28,1044.38
15032,2009-09-29,1062.98
15033,2009-09-30,1060.61
15034,2009-10-01,1057.08
15035,2009-10-02,1029.85
15036,2009-10-05,1025.21
15037,2009-10-06,1040.46
15038,2009-10-07,1054.72
15039,2009-10-08,1057.58
15040,2009-10-09,1065.48
15041,2009-10-12,1071.49
15042,2009-10-13,1076.19
15043,2009-10-14,1073.19
15044,2009-10-15,1092.02
15045,2009-10-16,1096.56
15046,2009-10-19,1087.68
15047,2009-10-20,1097.91
15048,2009-10-21,1091.06
15049,2009-10-22,1081.4
15050,2009-10-23,1092.91
15051,2009-10-26,1079.6
15052,2009-10-27,1066.95
15053,2009-10-28,1063.41
15054,2009-10-29,1042.63
15055,2009-10-30,1066.11
15056,2009-11-02,1036.19
15057,2009-11-03,1042.88
15058,2009-11-04,1045.41
15059,2009-11-05,1046.5
15060,2009-11-06,1066.63
15061,2009-11-09,1069.3
15062,2009-11-10,1093.08
15063,2009-11-11,1093.01
15064,2009-11-12,1098.51
15065,2009-11-13,1087.24
15066,2009-11-16,1093.48
15067,2009-11-17,1109.3
15068,2009-11-18,1110.32
15069,2009-11-19,1109.8
15070,2009-11-20,1094.9
15071,2009-11-23,1091.38
15072,2009-11-24,1106.24
15073,2009-11-25,1105.65
15074,2009-11-27,1110.63
15075,2009-11-30,1091.49
15076,2009-12-01,1095.63
15077,2009-12-02,1108.86
15078,2009-12-03,1109.24
15079,2009-12-04,1099.92
15080,2009-12-07,1105.98
15081,2009-12-08,1103.25
15082,2009-12-09,1091.94
15083,2009-12-10,1095.95
15084,2009-12-11,1102.35
15085,2009-12-14,1106.41
15086,2009-12-15,1114.11
15087,2009-12-16,1107.93
15088,2009-12-17,1109.18
15089,2009-12-18,1096.08
15090,2009-12-21,1102.47
15091,2009-12-22,1114.05
15092,2009-12-23,1118.02
15093,2009-12-24,1120.59
15094,2009-12-28,1126.48
15095,2009-12-29,1127.78
15096,2009-12-30,1126.2
15097,2009-12-31,1126.42
15098,2010-01-04,1115.1
15099,2010-01-05,1132.99
15100,2010-01-06,1136.52
15101,2010-01-07,1137.14
15102,2010-01-08,1141.69
15103,2010-01-11,1144.98
15104,2010-01-12,1146.98
15105,2010-01-13,1136.22
15106,2010-01-14,1145.68
15107,2010-01-15,1148.46
15108,2010-01-19,1136.03
15109,2010-01-20,1150.23
15110,2010-01-21,1138.04
15111,2010-01-22,1116.48
15112,2010-01-25,1091.76
15113,2010-01-26,1096.78
15114,2010-01-27,1092.17
15115,2010-01-28,1097.5
15116,2010-01-29,1084.53
15117,2010-02-01,1073.87
15118,2010-02-02,1089.19
15119,2010-02-03,1103.32
15120,2010-02-04,1097.28
15121,2010-02-05,1063.11
15122,2010-02-08,1066.19
15123,2010-02-09,1056.74
15124,2010-02-10,1070.52
15125,2010-02-11,1068.13
15126,2010-02-12,1078.47
15127,2010-02-16,1075.51
15128,2010-02-17,1094.87
15129,2010-02-18,1099.51
15130,2010-02-19,1106.75
15131,2010-02-22,1109.17
15132,2010-02-23,1108.01
15133,2010-02-24,1094.6
15134,2010-02-25,1105.24
15135,2010-02-26,1102.94
15136,2010-03-01,1104.49
15137,2010-03-02,1115.71
15138,2010-03-03,1118.31
15139,2010-03-04,1118.79
15140,2010-03-05,1122.97
15141,2010-03-08,1138.7
15142,2010-03-09,1138.5
15143,2010-03-10,1140.45
15144,2010-03-11,1145.61
15145,2010-03-12,1150.24
15146,2010-03-15,1149.99
15147,2010-03-16,1150.51
15148,2010-03-17,1159.46
15149,2010-03-18,1166.21
15150,2010-03-19,1165.83
15151,2010-03-22,1159.9
15152,2010-03-23,1165.81
15153,2010-03-24,1174.17
15154,2010-03-25,1167.72
15155,2010-03-26,1165.73
15156,2010-03-29,1166.59
15157,2010-03-30,1173.22
15158,2010-03-31,1173.27
15159,2010-04-01,1169.43
15160,2010-04-05,1178.1
15161,2010-04-06,1187.44
15162,2010-04-07,1189.44
15163,2010-04-08,1182.45
15164,2010-04-09,1186.44
15165,2010-04-12,1194.37
15166,2010-04-13,1196.48
15167,2010-04-14,1197.3
15168,2010-04-15,1210.65
15169,2010-04-16,1211.67
15170,2010-04-19,1192.13
15171,2010-04-20,1197.52
15172,2010-04-21,1207.17
15173,2010-04-22,1205.94
15174,2010-04-23,1208.67
15175,2010-04-26,1217.28
15176,2010-04-27,1212.05
15177,2010-04-28,1183.71
15178,2010-04-29,1191.36
15179,2010-04-30,1206.78
15180,2010-05-03,1186.69
15181,2010-05-04,1202.26
15182,2010-05-05,1173.6
15183,2010-05-06,1165.9
15184,2010-05-07,1128.15
15185,2010-05-10,1110.88
15186,2010-05-11,1159.73
15187,2010-05-12,1155.79
15188,2010-05-13,1171.67
15189,2010-05-14,1157.44
15190,2010-05-17,1135.68
15191,2010-05-18,1136.94
15192,2010-05-19,1120.8
15193,2010-05-20,1115.05
15194,2010-05-21,1071.59
15195,2010-05-24,1087.69
15196,2010-05-25,1073.65
15197,2010-05-26,1074.03
15198,2010-05-27,1067.95
15199,2010-05-28,1103.06
15200,2010-06-01,1089.41
15201,2010-06-02,1070.71
15202,2010-06-03,1098.38
15203,2010-06-04,1102.83
15204,2010-06-07,1064.88
15205,2010-06-08,1050.47
15206,2010-06-09,1062.0
15207,2010-06-10,1055.69
15208,2010-06-11,1086.84
15209,2010-06-14,1091.6
15210,2010-06-15,1089.63
15211,2010-06-16,1115.23
15212,2010-06-17,1114.61
15213,2010-06-18,1116.04
15214,2010-06-21,1117.51
15215,2010-06-22,1113.2
15216,2010-06-23,1095.31
15217,2010-06-24,1092.04
15218,2010-06-25,1073.69
15219,2010-06-28,1076.76
15220,2010-06-29,1074.57
15221,2010-06-30,1041.24
15222,2010-07-01,1030.71
15223,2010-07-02,1027.37
15224,2010-07-06,1022.58
15225,2010-07-07,1028.06
15226,2010-07-08,1060.27
15227,2010-07-09,1070.25
15228,2010-07-12,1077.96
15229,2010-07-13,1078.75
15230,2010-07-14,1095.34
15231,2010-07-15,1095.17
15232,2010-07-16,1096.48
15233,2010-07-19,1064.88
15234,2010-07-20,1071.25
15235,2010-07-21,1083.48
15236,2010-07-22,1069.59
15237,2010-07-23,1093.67
15238,2010-07-26,1102.66
15239,2010-07-27,1115.01
15240,2010-07-28,1113.84
15241,2010-07-29,1106.13
15242,2010-07-30,1101.53
15243,2010-08-02,1101.6
15244,2010-08-03,1125.86
15245,2010-08-04,1120.46
15246,2010-08-05,1127.24
15247,2010-08-06,1125.81
15248,2010-08-09,1121.64
15249,2010-08-10,1127.79
15250,2010-08-11,1121.06
15251,2010-08-12,1089.47
15252,2010-08-13,1083.61
15253,2010-08-16,1079.25
15254,2010-08-17,1079.38
15255,2010-08-18,1092.54
15256,2010-08-19,1094.16
15257,2010-08-20,1075.63
15258,2010-08-23,1071.69
15259,2010-08-24,1067.36
15260,2010-08-25,1051.87
15261,2010-08-26,1055.33
15262,2010-08-27,1047.22
15263,2010-08-30,1064.59
15264,2010-08-31,1048.92
15265,2010-09-01,1049.33
15266,2010-09-02,1080.29
15267,2010-09-03,1090.1
15268,2010-09-07,1104.51
15269,2010-09-08,1091.84
15270,2010-09-09,1098.87
15271,2010-09-10,1104.18
15272,2010-09-13,1109.55
15273,2010-09-14,1121.9
15274,2010-09-15,1121.1
15275,2010-09-16,1125.07
15276,2010-09-17,1124.66
15277,2010-09-20,1125.59
15278,2010-09-21,1142.71
15279,2010-09-22,1139.78
15280,2010-09-23,1134.28
15281,2010-09-24,1124.83
15282,2010-09-27,1148.67
15283,2010-09-28,1142.16
15284,2010-09-29,1147.7
15285,2010-09-30,1144.73
15286,2010-10-01,1141.2
15287,2010-10-04,1146.24
15288,2010-10-05,1137.03
15289,2010-10-06,1160.75
15290,2010-10-07,1159.97
15291,2010-10-08,1158.06
15292,2010-10-11,1165.15
15293,2010-10-12,1165.32
15294,2010-10-13,1169.77
15295,2010-10-14,1178.1
15296,2010-10-15,1173.81
15297,2010-10-18,1176.19
15298,2010-10-19,1184.71
15299,2010-10-20,1165.9
15300,2010-10-21,1178.17
15301,2010-10-22,1180.26
15302,2010-10-25,1183.08
15303,2010-10-26,1185.62
15304,2010-10-27,1185.64
15305,2010-10-28,1182.45
15306,2010-10-29,1183.78
15307,2010-11-01,1183.26
15308,2010-11-02,1184.38
15309,2010-11-03,1193.57
15310,2010-11-04,1197.96
15311,2010-11-05,1221.06
15312,2010-11-08,1225.85
15313,2010-11-09,1223.25
15314,2010-11-10,1213.4
15315,2010-11-11,1218.71
15316,2010-11-12,1213.54
15317,2010-11-15,1199.21
15318,2010-11-16,1197.75
15319,2010-11-17,1178.34
15320,2010-11-18,1178.59
15321,2010-11-19,1196.69
15322,2010-11-22,1199.73
15323,2010-11-23,1197.84
15324,2010-11-24,1180.73
15325,2010-11-26,1198.35
15326,2010-11-29,1189.4
15327,2010-11-30,1187.76
15328,2010-12-01,1180.55
15329,2010-12-02,1206.07
15330,2010-12-03,1221.53
15331,2010-12-06,1224.71
15332,2010-12-07,1223.12
15333,2010-12-08,1223.75
15334,2010-12-09,1228.28
15335,2010-12-10,1233.0
15336,2010-12-13,1240.4
15337,2010-12-14,1240.46
15338,2010-12-15,1241.59
15339,2010-12-16,1235.23
15340,2010-12-17,1242.87
15341,2010-12-20,1243.91
15342,2010-12-21,1247.08
15343,2010-12-22,1254.6
15344,2010-12-23,1258.84
15345,2010-12-27,1256.77
15346,2010-12-28,1257.54
15347,2010-12-29,1258.51
15348,2010-12-30,1259.78
15349,2010-12-31,1257.88
15350,2011-01-03,1257.64
15351,2011-01-04,1271.87
15352,2011-01-05,1270.2
15353,2011-01-06,1276.56
15354,2011-01-07,1273.85
15355,2011-01-10,1271.5
15356,2011-01-11,1269.75
15357,2011-01-12,1274.48
15358,2011-01-13,1285.96
15359,2011-01-14,1283.76
15360,2011-01-18,1293.24
15361,2011-01-19,1295.02
15362,2011-01-20,1281.92
15363,2011-01-21,1280.26
15364,2011-01-24,1283.35
15365,2011-01-25,1290.84
15366,2011-01-26,1291.18
15367,2011-01-27,1296.63
15368,2011-01-28,1299.54
15369,2011-01-31,1276.34
15370,2011-02-01,1286.12
15371,2011-02-02,1307.59
15372,2011-02-03,1304.03
15373,2011-02-04,1307.1
15374,2011-02-07,1310.87
15375,2011-02-08,1319.05
15376,2011-02-09,1324.57
15377,2011-02-10,1320.88
15378,2011-02-11,1321.87
15379,2011-02-14,1329.15
15380,2011-02-15,1332.32
15381,2011-02-16,1328.01
15382,2011-02-17,1336.32
15383,2011-02-18,1340.43
15384,2011-02-22,1343.01
15385,2011-02-23,1315.44
15386,2011-02-24,1307.4
15387,2011-02-25,1306.1
15388,2011-02-28,1319.88
15389,2011-03-01,1327.22
15390,2011-03-02,1306.33
15391,2011-03-03,1308.44
15392,2011-03-04,1330.97
15393,2011-03-07,1321.15
15394,2011-03-08,1310.13
15395,2011-03-09,1321.82
15396,2011-03-10,1320.02
15397,2011-03-11,1295.11
15398,2011-03-14,1304.28
15399,2011-03-15,1296.39
15400,2011-03-16,1281.87
15401,2011-03-17,1256.88
15402,2011-03-18,1273.72
15403,2011-03-21,1279.2
15404,2011-03-22,1298.38
15405,2011-03-23,1293.77
15406,2011-03-24,1297.54
15407,2011-03-25,1309.66
15408,2011-03-28,1313.8
15409,2011-03-29,1310.19
15410,2011-03-30,1319.44
15411,2011-03-31,1328.26
15412,2011-04-01,1325.83
15413,2011-04-04,1332.41
15414,2011-04-05,1332.87
15415,2011-04-06,1332.63
15416,2011-04-07,1335.54
15417,2011-04-08,1333.51
15418,2011-04-11,1328.17
15419,2011-04-12,1324.46
15420,2011-04-13,1314.16
15421,2011-04-14,1314.41
15422,2011-04-15,1314.52
15423,2011-04-18,1319.68
15424,2011-04-19,1305.14
15425,2011-04-20,1312.62
15426,2011-04-21,1330.36
15427,2011-04-25,1337.38
15428,2011-04-26,1335.25
15429,2011-04-27,1347.24
15430,2011-04-28,1355.66
15431,2011-04-29,1360.48
15432,2011-05-02,1363.61
15433,2011-05-03,1361.22
15434,2011-05-04,1356.62
15435,2011-05-05,1347.32
15436,2011-05-06,1335.1
15437,2011-05-09,1340.2
15438,2011-05-10,1346.29
15439,2011-05-11,1357.16
15440,2011-05-12,1342.08
15441,2011-05-13,1348.65
15442,2011-05-16,1337.77
15443,2011-05-17,1329.47
15444,2011-05-18,1328.98
15445,2011-05-19,1340.68
15446,2011-05-20,1343.6
15447,2011-05-23,1333.27
15448,2011-05-24,1317.37
15449,2011-05-25,1316.28
15450,2011-05-26,1320.47
15451,2011-05-27,1325.69
15452,2011-05-31,1331.1
15453,2011-06-01,1345.2
15454,2011-06-02,1314.55
15455,2011-06-03,1312.94
15456,2011-06-06,1300.16
15457,2011-06-07,1286.17
15458,2011-06-08,1284.94
15459,2011-06-09,1279.56
15460,2011-06-10,1289.0
15461,2011-06-13,1270.98
15462,2011-06-14,1271.83
15463,2011-06-15,1287.87
15464,2011-06-16,1265.42
15465,2011-06-17,1267.64
15466,2011-06-20,1271.5
15467,2011-06-21,1278.36
15468,2011-06-22,1295.52
15469,2011-06-23,1287.14
15470,2011-06-24,1283.5
15471,2011-06-27,1268.45
15472,2011-06-28,1280.1
15473,2011-06-29,1296.67
15474,2011-06-30,1307.41
15475,2011-07-01,1320.64
15476,2011-07-05,1339.67
15477,2011-07-06,1337.88
15478,2011-07-07,1339.22
15479,2011-07-08,1353.22
15480,2011-07-11,1343.8
15481,2011-07-12,1319.49
15482,2011-07-13,1313.64
15483,2011-07-14,1317.72
15484,2011-07-15,1308.87
15485,2011-07-18,1316.14
15486,2011-07-19,1305.44
15487,2011-07-20,1326.73
15488,2011-07-21,1325.84
15489,2011-07-22,1343.8
15490,2011-07-25,1345.02
15491,2011-07-26,1337.43
15492,2011-07-27,1331.94
15493,2011-07-28,1304.89
15494,2011-07-29,1300.67
15495,2011-08-01,1292.28
15496,2011-08-02,1286.94
15497,2011-08-03,1254.05
15498,2011-08-04,1260.34
15499,2011-08-05,1200.07
15500,2011-08-08,1199.38
15501,2011-08-09,1119.46
15502,2011-08-10,1172.53
15503,2011-08-11,1120.76
15504,2011-08-12,1172.64
15505,2011-08-15,1178.81
15506,2011-08-16,1204.49
15507,2011-08-17,1192.76
15508,2011-08-18,1193.89
15509,2011-08-19,1140.65
15510,2011-08-22,1123.53
15511,2011-08-23,1123.82
15512,2011-08-24,1162.35
15513,2011-08-25,1177.6
15514,2011-08-26,1159.27
15515,2011-08-29,1176.8
15516,2011-08-30,1210.08
15517,2011-08-31,1212.92
15518,2011-09-01,1218.89
15519,2011-09-02,1204.42
15520,2011-09-06,1173.97
15521,2011-09-07,1165.24
15522,2011-09-08,1198.62
15523,2011-09-09,1185.9
15524,2011-09-12,1154.23
15525,2011-09-13,1162.27
15526,2011-09-14,1172.87
15527,2011-09-15,1188.68
15528,2011-09-16,1209.11
15529,2011-09-19,1216.01
15530,2011-09-20,1204.09
15531,2011-09-21,1202.09
15532,2011-09-22,1166.76
15533,2011-09-23,1129.56
15534,2011-09-26,1136.43
15535,2011-09-27,1162.95
15536,2011-09-28,1175.38
15537,2011-09-29,1151.06
15538,2011-09-30,1160.4
15539,2011-10-03,1131.42
15540,2011-10-04,1099.23
15541,2011-10-05,1123.95
15542,2011-10-06,1144.03
15543,2011-10-07,1164.97
15544,2011-10-10,1155.46
15545,2011-10-11,1194.89
15546,2011-10-12,1195.54
15547,2011-10-13,1207.25
15548,2011-10-14,1203.66
15549,2011-10-17,1224.58
15550,2011-10-18,1200.86
15551,2011-10-19,1225.38
15552,2011-10-20,1209.88
15553,2011-10-21,1215.39
15554,2011-10-24,1238.25
15555,2011-10-25,1254.19
15556,2011-10-26,1229.05
15557,2011-10-27,1242.0
15558,2011-10-28,1284.59
15559,2011-10-31,1285.09
15560,2011-11-01,1253.3
15561,2011-11-02,1218.28
15562,2011-11-03,1237.9
15563,2011-11-04,1261.15
15564,2011-11-07,1253.23
15565,2011-11-08,1261.12
15566,2011-11-09,1275.92
15567,2011-11-10,1229.1
15568,2011-11-11,1239.69
15569,2011-11-14,1263.85
15570,2011-11-15,1251.78
15571,2011-11-16,1257.81
15572,2011-11-17,1236.91
15573,2011-11-18,1216.13
15574,2011-11-21,1215.65
15575,2011-11-22,1192.98
15576,2011-11-23,1188.04
15577,2011-11-25,1161.79
15578,2011-11-28,1158.67
15579,2011-11-29,1192.55
15580,2011-11-30,1195.19
15581,2011-12-01,1246.96
15582,2011-12-02,1244.58
15583,2011-12-05,1244.28
15584,2011-12-06,1257.08
15585,2011-12-07,1258.47
15586,2011-12-08,1261.01
15587,2011-12-09,1234.35
15588,2011-12-12,1255.19
15589,2011-12-13,1236.47
15590,2011-12-14,1225.73
15591,2011-12-15,1211.82
15592,2011-12-16,1215.75
15593,2011-12-19,1219.66
15594,2011-12-20,1205.35
15595,2011-12-21,1241.3
15596,2011-12-22,1243.72
15597,2011-12-23,1254.0
15598,2011-12-27,1265.33
15599,2011-12-28,1265.43
15600,2011-12-29,1249.64
15601,2011-12-30,1263.02
15602,2012-01-03,1257.6
15603,2012-01-04,1277.06
15604,2012-01-05,1277.3
15605,2012-01-06,1281.06
15606,2012-01-09,1277.81
15607,2012-01-10,1280.7
15608,2012-01-11,1292.08
15609,2012-01-12,1292.48
15610,2012-01-13,1295.5
15611,2012-01-17,1289.09
15612,2012-01-18,1293.67
15613,2012-01-19,1308.04
15614,2012-01-20,1314.5
15615,2012-01-23,1315.38
15616,2012-01-24,1316.0
15617,2012-01-25,1314.65
15618,2012-01-26,1326.05
15619,2012-01-27,1318.43
15620,2012-01-30,1316.33
15621,2012-01-31,1313.01
15622,2012-02-01,1312.41
15623,2012-02-02,1324.09
15624,2012-02-03,1325.54
15625,2012-02-06,1344.9
15626,2012-02-07,1344.33
15627,2012-02-08,1347.05
15628,2012-02-09,1349.96
15629,2012-02-10,1351.95
15630,2012-02-13,1342.64
15631,2012-02-14,1351.77
15632,2012-02-15,1350.5
15633,2012-02-16,1343.23
15634,2012-02-17,1358.04
15635,2012-02-21,1361.23
15636,2012-02-22,1362.21
15637,2012-02-23,1357.66
15638,2012-02-24,1363.46
15639,2012-02-27,1365.74
15640,2012-02-28,1367.59
15641,2012-02-29,1372.18
15642,2012-03-01,1365.68
15643,2012-03-02,1374.09
15644,2012-03-05,1369.63
15645,2012-03-06,1364.33
15646,2012-03-07,1343.36
15647,2012-03-08,1352.63
15648,2012-03-09,1365.91
15649,2012-03-12,1370.87
15650,2012-03-13,1371.09
15651,2012-03-14,1395.95
15652,2012-03-15,1394.28
15653,2012-03-16,1402.6
15654,2012-03-19,1404.17
15655,2012-03-20,1409.75
15656,2012-03-21,1405.52
15657,2012-03-22,1402.89
15658,2012-03-23,1392.78
15659,2012-03-26,1397.11
15660,2012-03-27,1416.51
15661,2012-03-28,1412.52
15662,2012-03-29,1405.54
15663,2012-03-30,1403.28
15664,2012-04-02,1408.47
15665,2012-04-03,1419.04
15666,2012-04-04,1413.38
15667,2012-04-05,1398.96
15668,2012-04-09,1398.08
15669,2012-04-10,1382.2
15670,2012-04-11,1358.59
15671,2012-04-12,1368.71
15672,2012-04-13,1387.57
15673,2012-04-16,1370.26
15674,2012-04-17,1369.57
15675,2012-04-18,1390.78
15676,2012-04-19,1385.14
15677,2012-04-20,1376.92
15678,2012-04-23,1378.53
15679,2012-04-24,1366.94
15680,2012-04-25,1371.97
15681,2012-04-26,1390.69
15682,2012-04-27,1399.98
15683,2012-04-30,1403.36
15684,2012-05-01,1397.91
15685,2012-05-02,1405.82
15686,2012-05-03,1402.31
15687,2012-05-04,1391.57
15688,2012-05-07,1369.1
15689,2012-05-08,1369.58
15690,2012-05-09,1363.72
15691,2012-05-10,1354.58
15692,2012-05-11,1357.99
15693,2012-05-14,1353.39
15694,2012-05-15,1338.35
15695,2012-05-16,1330.66
15696,2012-05-17,1324.8
15697,2012-05-18,1304.86
15698,2012-05-21,1295.22
15699,2012-05-22,1315.99
15700,2012-05-23,1316.63
15701,2012-05-24,1318.86
15702,2012-05-25,1320.68
15703,2012-05-29,1317.82
15704,2012-05-30,1332.42
15705,2012-05-31,1313.32
15706,2012-06-01,1310.33
15707,2012-06-04,1278.04
15708,2012-06-05,1278.18
15709,2012-06-06,1285.5
15710,2012-06-07,1315.13
15711,2012-06-08,1314.99
15712,2012-06-11,1325.66
15713,2012-06-12,1308.93
15714,2012-06-13,1324.18
15715,2012-06-14,1314.88
15716,2012-06-15,1329.1
15717,2012-06-18,1342.84
15718,2012-06-19,1344.78
15719,2012-06-20,1357.98
15720,2012-06-21,1355.69
15721,2012-06-22,1325.51
15722,2012-06-25,1335.02
15723,2012-06-26,1313.72
15724,2012-06-27,1319.99
15725,2012-06-28,1331.85
15726,2012-06-29,1329.04
15727,2012-07-02,1362.16
15728,2012-07-03,1365.51
15729,2012-07-05,1374.02
15730,2012-07-06,1367.58
15731,2012-07-09,1354.68
15732,2012-07-10,1352.46
15733,2012-07-11,1341.47
15734,2012-07-12,1341.45
15735,2012-07-13,1334.76
15736,2012-07-16,1356.78
15737,2012-07-17,1353.64
15738,2012-07-18,1363.67
15739,2012-07-19,1372.78
15740,2012-07-20,1376.51
15741,2012-07-23,1362.66
15742,2012-07-24,1350.52
15743,2012-07-25,1338.31
15744,2012-07-26,1337.89
15745,2012-07-27,1360.02
15746,2012-07-30,1385.97
15747,2012-07-31,1385.3
15748,2012-08-01,1379.32
15749,2012-08-02,1375.14
15750,2012-08-03,1365.0
15751,2012-08-06,1390.99
15752,2012-08-07,1394.23
15753,2012-08-08,1401.35
15754,2012-08-09,1402.22
15755,2012-08-10,1402.8
15756,2012-08-13,1405.87
15757,2012-08-14,1404.11
15758,2012-08-15,1403.93
15759,2012-08-16,1405.53
15760,2012-08-17,1415.51
15761,2012-08-20,1418.16
15762,2012-08-21,1418.13
15763,2012-08-22,1413.17
15764,2012-08-23,1413.49
15765,2012-08-24,1402.08
15766,2012-08-27,1411.13
15767,2012-08-28,1410.44
15768,2012-08-29,1409.3
15769,2012-08-30,1410.49
15770,2012-08-31,1399.48
15771,2012-09-04,1406.58
15772,2012-09-05,1404.94
15773,2012-09-06,1403.44
15774,2012-09-07,1432.12
15775,2012-09-10,1437.92
15776,2012-09-11,1429.08
15777,2012-09-12,1433.56
15778,2012-09-13,1436.56
15779,2012-09-14,1459.99
15780,2012-09-17,1465.77
15781,2012-09-18,1461.19
15782,2012-09-19,1459.32
15783,2012-09-20,1461.05
15784,2012-09-21,1460.26
15785,2012-09-24,1460.15
15786,2012-09-25,1456.89
15787,2012-09-26,1441.59
15788,2012-09-27,1433.32
15789,2012-09-28,1447.15
15790,2012-10-01,1440.67
15791,2012-10-02,1444.49
15792,2012-10-03,1445.75
15793,2012-10-04,1450.99
15794,2012-10-05,1461.4
15795,2012-10-08,1460.93
15796,2012-10-09,1455.88
15797,2012-10-10,1441.48
15798,2012-10-11,1432.56
15799,2012-10-12,1432.84
15800,2012-10-15,1428.59
15801,2012-10-16,1440.13
15802,2012-10-17,1454.92
15803,2012-10-18,1460.91
15804,2012-10-19,1457.34
15805,2012-10-22,1433.19
15806,2012-10-23,1433.82
15807,2012-10-24,1413.11
15808,2012-10-25,1408.75
15809,2012-10-26,1412.97
15810,2012-10-31,1411.94
15811,2012-11-01,1412.16
15812,2012-11-02,1427.59
15813,2012-11-05,1414.2
15814,2012-11-06,1417.26
15815,2012-11-07,1428.39
15816,2012-11-08,1394.53
15817,2012-11-09,1377.51
15818,2012-11-12,1379.85
15819,2012-11-13,1380.03
15820,2012-11-14,1374.53
15821,2012-11-15,1355.49
15822,2012-11-16,1353.33
15823,2012-11-19,1359.88
15824,2012-11-20,1386.89
15825,2012-11-21,1387.81
15826,2012-11-23,1391.03
15827,2012-11-26,1409.15
15828,2012-11-27,1406.29
15829,2012-11-28,1398.94
15830,2012-11-29,1409.93
15831,2012-11-30,1415.95
15832,2012-12-03,1416.18
15833,2012-12-04,1409.46
15834,2012-12-05,1407.05
15835,2012-12-06,1409.28
15836,2012-12-07,1413.94
15837,2012-12-10,1418.07
15838,2012-12-11,1418.55
15839,2012-12-12,1427.84
15840,2012-12-13,1428.48
15841,2012-12-14,1419.45
15842,2012-12-17,1413.58
15843,2012-12-18,1430.36
15844,2012-12-19,1446.79
15845,2012-12-20,1435.81
15846,2012-12-21,1443.69
15847,2012-12-24,1430.15
15848,2012-12-26,1426.66
15849,2012-12-27,1419.83
15850,2012-12-28,1418.1
15851,2012-12-31,1402.43
15852,2013-01-02,1426.19
15853,2013-01-03,1462.42
15854,2013-01-04,1459.37
15855,2013-01-07,1466.47
15856,2013-01-08,1461.89
15857,2013-01-09,1457.15
15858,2013-01-10,1461.02
15859,2013-01-11,1472.12
15860,2013-01-14,1472.05
15861,2013-01-15,1470.68
15862,2013-01-16,1472.34
15863,2013-01-17,1472.63
15864,2013-01-18,1480.94
15865,2013-01-22,1485.98
15866,2013-01-23,1492.56
15867,2013-01-24,1494.81
15868,2013-01-25,1494.82
15869,2013-01-28,1502.96
15870,2013-01-29,1500.18
15871,2013-01-30,1507.84
15872,2013-01-31,1501.96
15873,2013-02-01,1498.11
15874,2013-02-04,1513.17
15875,2013-02-05,1495.71
15876,2013-02-06,1511.29
15877,2013-02-07,1512.12
15878,2013-02-08,1509.39
15879,2013-02-11,1517.93
15880,2013-02-12,1517.01
15881,2013-02-13,1519.43
15882,2013-02-14,1520.33
15883,2013-02-15,1521.38
15884,2013-02-19,1519.79
15885,2013-02-20,1530.94
15886,2013-02-21,1511.95
15887,2013-02-22,1502.42
15888,2013-02-25,1515.6
15889,2013-02-26,1487.85
15890,2013-02-27,1496.94
15891,2013-02-28,1515.99
15892,2013-03-01,1514.68
15893,2013-03-04,1518.2
15894,2013-03-05,1525.2
15895,2013-03-06,1539.79
15896,2013-03-07,1541.46
15897,2013-03-08,1544.26
15898,2013-03-11,1551.18
15899,2013-03-12,1556.22
15900,2013-03-13,1552.48
15901,2013-03-14,1554.52
15902,2013-03-15,1563.23
15903,2013-03-18,1560.7
15904,2013-03-19,1552.1
15905,2013-03-20,1548.34
15906,2013-03-21,1558.71
15907,2013-03-22,1545.8
15908,2013-03-25,1556.89
15909,2013-03-26,1551.69
15910,2013-03-27,1563.77
15911,2013-03-28,1562.85
15912,2013-04-01,1569.19
15913,2013-04-02,1562.17
15914,2013-04-03,1570.25
15915,2013-04-04,1553.69
15916,2013-04-05,1559.98
15917,2013-04-08,1553.28
15918,2013-04-09,1563.07
15919,2013-04-10,1568.61
15920,2013-04-11,1587.73
15921,2013-04-12,1593.37
15922,2013-04-15,1588.85
15923,2013-04-16,1552.36
15924,2013-04-17,1574.57
15925,2013-04-18,1552.01
15926,2013-04-19,1541.61
15927,2013-04-22,1555.25
15928,2013-04-23,1562.5
15929,2013-04-24,1578.78
15930,2013-04-25,1578.79
15931,2013-04-26,1585.16
15932,2013-04-29,1582.24
15933,2013-04-30,1593.61
15934,2013-05-01,1597.57
15935,2013-05-02,1582.7
15936,2013-05-03,1597.59
15937,2013-05-06,1614.42
15938,2013-05-07,1617.5
15939,2013-05-08,1625.96
15940,2013-05-09,1632.69
15941,2013-05-10,1626.67
15942,2013-05-13,1633.7
15943,2013-05-14,1633.77
15944,2013-05-15,1650.34
15945,2013-05-16,1658.78
15946,2013-05-17,1650.47
15947,2013-05-20,1667.47
15948,2013-05-21,1666.29
15949,2013-05-22,1669.16
15950,2013-05-23,1655.35
15951,2013-05-24,1650.51
15952,2013-05-28,1649.6
15953,2013-05-29,1660.06
15954,2013-05-30,1648.36
15955,2013-05-31,1654.41
15956,2013-06-03,1630.74
15957,2013-06-04,1640.42
15958,2013-06-05,1631.38
15959,2013-06-06,1608.9
15960,2013-06-07,1622.56
15961,2013-06-10,1643.38
15962,2013-06-11,1642.81
15963,2013-06-12,1626.13
15964,2013-06-13,1612.52
15965,2013-06-14,1636.36
15966,2013-06-17,1626.73
15967,2013-06-18,1639.04
15968,2013-06-19,1651.81
15969,2013-06-20,1628.93
15970,2013-06-21,1588.19
15971,2013-06-24,1592.43
15972,2013-06-25,1573.09
15973,2013-06-26,1588.03
15974,2013-06-27,1603.26
15975,2013-06-28,1613.2
15976,2013-07-01,1606.28
15977,2013-07-02,1614.96
15978,2013-07-03,1614.08
15979,2013-07-05,1615.41
15980,2013-07-08,1631.89
15981,2013-07-09,1640.46
15982,2013-07-10,1652.32
15983,2013-07-11,1652.62
15984,2013-07-12,1675.02
15985,2013-07-15,1680.19
15986,2013-07-16,1682.5
15987,2013-07-17,1676.26
15988,2013-07-18,1680.91
15989,2013-07-19,1689.37
15990,2013-07-22,1692.09
15991,2013-07-23,1695.53
15992,2013-07-24,1692.39
15993,2013-07-25,1685.94
15994,2013-07-26,1690.25
15995,2013-07-29,1691.65
15996,2013-07-30,1685.33
15997,2013-07-31,1685.96
15998,2013-08-01,1685.73
15999,2013-08-02,1706.87
16000,2013-08-05,1709.67
16001,2013-08-06,1707.14
16002,2013-08-07,1697.37
16003,2013-08-08,1690.91
16004,2013-08-09,1697.48
16005,2013-08-12,1691.42
16006,2013-08-13,1689.47
16007,2013-08-14,1694.16
16008,2013-08-15,1685.39
16009,2013-08-16,1661.32
16010,2013-08-19,1655.83
16011,2013-08-20,1646.06
16012,2013-08-21,1652.35
16013,2013-08-22,1642.8
16014,2013-08-23,1656.96
16015,2013-08-26,1663.5
16016,2013-08-27,1656.78
16017,2013-08-28,1630.48
16018,2013-08-29,1634.96
16019,2013-08-30,1638.17
16020,2013-09-03,1632.97
16021,2013-09-04,1639.77
16022,2013-09-05,1653.08
16023,2013-09-06,1655.08
16024,2013-09-09,1655.17
16025,2013-09-10,1671.71
16026,2013-09-11,1683.99
16027,2013-09-12,1689.13
16028,2013-09-13,1683.42
16029,2013-09-16,1687.99
16030,2013-09-17,1697.6
16031,2013-09-18,1704.76
16032,2013-09-19,1725.52
16033,2013-09-20,1722.34
16034,2013-09-23,1709.91
16035,2013-09-24,1701.84
16036,2013-09-25,1697.42
16037,2013-09-26,1692.77
16038,2013-09-27,1698.67
16039,2013-09-30,1691.75
16040,2013-10-01,1681.55
16041,2013-10-02,1695.0
16042,2013-10-03,1693.87
16043,2013-10-04,1678.66
16044,2013-10-07,1690.5
16045,2013-10-08,1676.12
16046,2013-10-09,1655.45
16047,2013-10-10,1656.4
16048,2013-10-11,1692.56
16049,2013-10-14,1703.2
16050,2013-10-15,1710.14
16051,2013-10-16,1698.06
16052,2013-10-17,1721.54
16053,2013-10-18,1733.15
16054,2013-10-21,1744.5
16055,2013-10-22,1744.66
16056,2013-10-23,1754.67
16057,2013-10-24,1746.38
16058,2013-10-25,1752.07
16059,2013-10-28,1759.77
16060,2013-10-29,1762.11
16061,2013-10-30,1771.95
16062,2013-10-31,1763.31
16063,2013-11-01,1756.54
16064,2013-11-04,1761.64
16065,2013-11-05,1767.93
16066,2013-11-06,1762.97
16067,2013-11-07,1770.49
16068,2013-11-08,1747.15
16069,2013-11-11,1770.61
16070,2013-11-12,1771.89
16071,2013-11-13,1767.69
16072,2013-11-14,1782.0
16073,2013-11-15,1790.62
16074,2013-11-18,1798.18
16075,2013-11-19,1791.53
16076,2013-11-20,1787.87
16077,2013-11-21,1781.37
16078,2013-11-22,1795.85
16079,2013-11-25,1804.76
16080,2013-11-26,1802.48
16081,2013-11-27,1802.75
16082,2013-11-29,1807.23
16083,2013-12-02,1805.81
16084,2013-12-03,1800.9
16085,2013-12-04,1795.15
16086,2013-12-05,1792.81
16087,2013-12-06,1785.03
16088,2013-12-09,1805.09
16089,2013-12-10,1808.37
16090,2013-12-11,1802.62
16091,2013-12-12,1782.22
16092,2013-12-13,1775.5
16093,2013-12-16,1775.32
16094,2013-12-17,1786.54
16095,2013-12-18,1781.0
16096,2013-12-19,1810.65
16097,2013-12-20,1809.6
16098,2013-12-23,1818.32
16099,2013-12-24,1827.99
16100,2013-12-26,1833.32
16101,2013-12-27,1842.02
16102,2013-12-30,1841.4
16103,2013-12-31,1841.07
16104,2014-01-02,1848.36
16105,2014-01-03,1831.98
16106,2014-01-06,1831.37
16107,2014-01-07,1826.77
16108,2014-01-08,1837.88
16109,2014-01-09,1837.49
16110,2014-01-10,1838.13
16111,2014-01-13,1842.37
16112,2014-01-14,1819.2
16113,2014-01-15,1838.88
16114,2014-01-16,1848.38
16115,2014-01-17,1845.89
16116,2014-01-21,1838.7
16117,2014-01-22,1843.8
16118,2014-01-23,1844.86
16119,2014-01-24,1828.46
16120,2014-01-27,1790.29
16121,2014-01-28,1781.56
16122,2014-01-29,1792.5
16123,2014-01-30,1774.2
16124,2014-01-31,1794.19
16125,2014-02-03,1782.59
16126,2014-02-04,1741.89
16127,2014-02-05,1755.2
16128,2014-02-06,1751.64
16129,2014-02-07,1773.43
16130,2014-02-10,1797.02
16131,2014-02-11,1799.84
16132,2014-02-12,1819.75
16133,2014-02-13,1819.26
16134,2014-02-14,1829.83
16135,2014-02-18,1838.63
16136,2014-02-19,1840.76
16137,2014-02-20,1828.75
16138,2014-02-21,1839.78
16139,2014-02-24,1836.25
16140,2014-02-25,1847.61
16141,2014-02-26,1845.12
16142,2014-02-27,1845.16
16143,2014-02-28,1854.29
16144,2014-03-03,1859.45
16145,2014-03-04,1845.73
16146,2014-03-05,1873.91
16147,2014-03-06,1873.81
16148,2014-03-07,1877.03
16149,2014-03-10,1878.04
16150,2014-03-11,1877.17
16151,2014-03-12,1867.63
16152,2014-03-13,1868.2
16153,2014-03-14,1846.34
16154,2014-03-17,1841.13
16155,2014-03-18,1858.83
16156,2014-03-19,1872.25
16157,2014-03-20,1860.77
16158,2014-03-21,1872.01
16159,2014-03-24,1866.52
16160,2014-03-25,1857.44
16161,2014-03-26,1865.62
16162,2014-03-27,1852.56
16163,2014-03-28,1849.04
16164,2014-03-31,1857.62
16165,2014-04-01,1872.34
16166,2014-04-02,1885.52
16167,2014-04-03,1890.9
16168,2014-04-04,1888.77
16169,2014-04-07,1865.09
16170,2014-04-08,1845.04
16171,2014-04-09,1851.96
16172,2014-04-10,1872.18
16173,2014-04-11,1833.08
16174,2014-04-14,1815.69
16175,2014-04-15,1830.61
16176,2014-04-16,1842.98
16177,2014-04-17,1862.31
16178,2014-04-21,1864.85
16179,2014-04-22,1871.89
16180,2014-04-23,1879.55
16181,2014-04-24,1875.39
16182,2014-04-25,1878.61
16183,2014-04-28,1863.4
16184,2014-04-29,1869.43
16185,2014-04-30,1878.33
16186,2014-05-01,1883.95
16187,2014-05-02,1883.68
16188,2014-05-05,1881.14
16189,2014-05-06,1884.66
16190,2014-05-07,1867.72
16191,2014-05-08,1878.21
16192,2014-05-09,1875.63
16193,2014-05-12,1878.48
16194,2014-05-13,1896.65
16195,2014-05-14,1897.45
16196,2014-05-15,1888.53
16197,2014-05-16,1870.85
16198,2014-05-19,1877.86
16199,2014-05-20,1885.08
16200,2014-05-21,1872.83
16201,2014-05-22,1888.03
16202,2014-05-23,1892.49
16203,2014-05-27,1900.53
16204,2014-05-28,1911.91
16205,2014-05-29,1909.78
16206,2014-05-30,1920.03
16207,2014-06-02,1923.57
16208,2014-06-03,1924.97
16209,2014-06-04,1924.24
16210,2014-06-05,1927.88
16211,2014-06-06,1940.46
16212,2014-06-09,1949.44
16213,2014-06-10,1951.27
16214,2014-06-11,1950.79
16215,2014-06-12,1943.89
16216,2014-06-13,1930.11
16217,2014-06-16,1936.16
16218,2014-06-17,1937.78
16219,2014-06-18,1941.99
16220,2014-06-19,1956.98
16221,2014-06-20,1959.48
16222,2014-06-23,1962.87
16223,2014-06-24,1962.61
16224,2014-06-25,1949.98
16225,2014-06-26,1959.53
16226,2014-06-27,1957.22
16227,2014-06-30,1960.96
16228,2014-07-01,1960.23
16229,2014-07-02,1973.32
16230,2014-07-03,1974.62
16231,2014-07-07,1985.44
16232,2014-07-08,1977.65
16233,2014-07-09,1963.71
16234,2014-07-10,1972.83
16235,2014-07-11,1964.68
16236,2014-07-14,1967.57
16237,2014-07-15,1977.1
16238,2014-07-16,1973.28
16239,2014-07-17,1981.57
16240,2014-07-18,1958.12
16241,2014-07-21,1978.22
16242,2014-07-22,1973.63
16243,2014-07-23,1983.53
16244,2014-07-24,1987.01
16245,2014-07-25,1987.98
16246,2014-07-28,1978.34
16247,2014-07-29,1978.91
16248,2014-07-30,1969.95
16249,2014-07-31,1970.07
16250,2014-08-01,1930.67
16251,2014-08-04,1925.15
16252,2014-08-05,1938.99
16253,2014-08-06,1920.21
16254,2014-08-07,1920.24
16255,2014-08-08,1909.57
16256,2014-08-11,1931.59
16257,2014-08-12,1936.92
16258,2014-08-13,1933.75
16259,2014-08-14,1946.72
16260,2014-08-15,1955.18
16261,2014-08-18,1955.06
16262,2014-08-19,1971.74
16263,2014-08-20,1981.6
16264,2014-08-21,1986.51
16265,2014-08-22,1992.37
16266,2014-08-25,1988.4
16267,2014-08-26,1997.92
16268,2014-08-27,2000.02
16269,2014-08-28,2000.12
16270,2014-08-29,1996.74
16271,2014-09-02,2003.37
16272,2014-09-03,2002.28
16273,2014-09-04,2000.72
16274,2014-09-05,1997.65
16275,2014-09-08,2007.71
16276,2014-09-09,2001.54
16277,2014-09-10,1988.44
16278,2014-09-11,1995.69
16279,2014-09-12,1997.45
16280,2014-09-15,1985.54
16281,2014-09-16,1984.13
16282,2014-09-17,1998.98
16283,2014-09-18,2001.57
16284,2014-09-19,2011.36
16285,2014-09-22,2010.4
16286,2014-09-23,1994.29
16287,2014-09-24,1982.77
16288,2014-09-25,1998.3
16289,2014-09-26,1965.99
16290,2014-09-29,1982.85
16291,2014-09-30,1977.8
16292,2014-10-01,1972.29
16293,2014-10-02,1946.16
16294,2014-10-03,1946.17
16295,2014-10-06,1967.9
16296,2014-10-07,1964.82
16297,2014-10-08,1935.1
16298,2014-10-09,1968.89
16299,2014-10-10,1928.21
16300,2014-10-13,1906.13
16301,2014-10-14,1874.74
16302,2014-10-15,1877.7
16303,2014-10-16,1862.49
16304,2014-10-17,1862.76
16305,2014-10-20,1886.76
16306,2014-10-21,1904.01
16307,2014-10-22,1941.28
16308,2014-10-23,1927.11
16309,2014-10-24,1950.82
16310,2014-10-27,1964.58
16311,2014-10-28,1961.63
16312,2014-10-29,1985.05
16313,2014-10-30,1982.3
16314,2014-10-31,1994.65
16315,2014-11-03,2018.05
16316,2014-11-04,2017.81
16317,2014-11-05,2012.1
16318,2014-11-06,2023.57
16319,2014-11-07,2031.21
16320,2014-11-10,2031.92
16321,2014-11-11,2038.26
16322,2014-11-12,2039.68
16323,2014-11-13,2038.25
16324,2014-11-14,2039.33
16325,2014-11-17,2039.82
16326,2014-11-18,2041.32
16327,2014-11-19,2051.8
16328,2014-11-20,2048.72
16329,2014-11-21,2052.75
16330,2014-11-24,2063.5
16331,2014-11-25,2069.41
16332,2014-11-26,2067.03
16333,2014-11-28,2072.83
16334,2014-12-01,2067.56
16335,2014-12-02,2053.44
16336,2014-12-03,2066.55
16337,2014-12-04,2074.33
16338,2014-12-05,2071.92
16339,2014-12-08,2075.37
16340,2014-12-09,2060.31
16341,2014-12-10,2059.82
16342,2014-12-11,2026.14
16343,2014-12-12,2035.33
16344,2014-12-15,2002.33
16345,2014-12-16,1989.63
16346,2014-12-17,1972.74
16347,2014-12-18,2012.89
16348,2014-12-19,2061.23
16349,2014-12-22,2070.65
16350,2014-12-23,2078.54
16351,2014-12-24,2082.17
16352,2014-12-26,2081.88
16353,2014-12-29,2088.77
16354,2014-12-30,2090.57
16355,2014-12-31,2080.35
16356,2015-01-02,2058.9
16357,2015-01-05,2058.2
16358,2015-01-06,2020.58
16359,2015-01-07,2002.61
16360,2015-01-08,2025.9
16361,2015-01-09,2062.14
16362,2015-01-12,2044.81
16363,2015-01-13,2028.26
16364,2015-01-14,2023.03
16365,2015-01-15,2011.27
16366,2015-01-16,1992.67
16367,2015-01-20,2019.42
16368,2015-01-21,2022.55
16369,2015-01-22,2032.12
16370,2015-01-23,2063.15
16371,2015-01-26,2051.82
16372,2015-01-27,2057.09
16373,2015-01-28,2029.55
16374,2015-01-29,2002.16
16375,2015-01-30,2021.25
16376,2015-02-02,1994.99
16377,2015-02-03,2020.85
16378,2015-02-04,2050.03
16379,2015-02-05,2041.51
16380,2015-02-06,2062.52
16381,2015-02-09,2055.47
16382,2015-02-10,2046.74
16383,2015-02-11,2068.59
16384,2015-02-12,2068.53
16385,2015-02-13,2088.48
16386,2015-02-17,2096.99
16387,2015-02-18,2100.34
16388,2015-02-19,2099.68
16389,2015-02-20,2097.45
16390,2015-02-23,2110.3
16391,2015-02-24,2109.66
16392,2015-02-25,2115.48
16393,2015-02-26,2113.86
16394,2015-02-27,2110.74
16395,2015-03-02,2104.5
16396,2015-03-03,2117.39
16397,2015-03-04,2107.78
16398,2015-03-05,2098.53
16399,2015-03-06,2101.04
16400,2015-03-09,2071.26
16401,2015-03-10,2079.43
16402,2015-03-11,2044.16
16403,2015-03-12,2040.24
16404,2015-03-13,2065.95
16405,2015-03-16,2053.4
16406,2015-03-17,2081.19
16407,2015-03-18,2074.28
16408,2015-03-19,2099.5
16409,2015-03-20,2089.27
16410,2015-03-23,2108.1
16411,2015-03-24,2104.42
16412,2015-03-25,2091.5
16413,2015-03-26,2061.05
16414,2015-03-27,2056.15
16415,2015-03-30,2061.02
16416,2015-03-31,2086.24
16417,2015-04-01,2067.89
16418,2015-04-02,2059.69
16419,2015-04-06,2066.96
16420,2015-04-07,2080.62
16421,2015-04-08,2076.33
16422,2015-04-09,2081.9
16423,2015-04-10,2091.18
16424,2015-04-13,2102.06
16425,2015-04-14,2092.43
16426,2015-04-15,2095.84
16427,2015-04-16,2106.63
16428,2015-04-17,2104.99
16429,2015-04-20,2081.18
16430,2015-04-21,2100.4
16431,2015-04-22,2097.29
16432,2015-04-23,2107.96
16433,2015-04-24,2112.93
16434,2015-04-27,2117.69
16435,2015-04-28,2108.92
16436,2015-04-29,2114.76
16437,2015-04-30,2106.85
16438,2015-05-01,2085.51
16439,2015-05-04,2108.29
16440,2015-05-05,2114.49
16441,2015-05-06,2089.46
16442,2015-05-07,2080.15
16443,2015-05-08,2088.0
16444,2015-05-11,2116.1
16445,2015-05-12,2105.33
16446,2015-05-13,2099.12
16447,2015-05-14,2098.48
16448,2015-05-15,2121.1
16449,2015-05-18,2122.73
16450,2015-05-19,2129.2
16451,2015-05-20,2127.83
16452,2015-05-21,2125.85
16453,2015-05-22,2130.82
16454,2015-05-26,2126.06
16455,2015-05-27,2104.2
16456,2015-05-28,2123.48
16457,2015-05-29,2120.79
16458,2015-06-01,2107.39
16459,2015-06-02,2111.73
16460,2015-06-03,2109.6
16461,2015-06-04,2114.07
16462,2015-06-05,2095.84
16463,2015-06-08,2092.83
16464,2015-06-09,2079.28
16465,2015-06-10,2080.15
16466,2015-06-11,2105.2
16467,2015-06-12,2108.86
16468,2015-06-15,2094.11
16469,2015-06-16,2084.43
16470,2015-06-17,2096.29
16471,2015-06-18,2100.44
16472,2015-06-19,2121.24
16473,2015-06-22,2109.99
16474,2015-06-23,2122.85
16475,2015-06-24,2124.2
16476,2015-06-25,2108.58
16477,2015-06-26,2102.31
16478,2015-06-29,2101.49
16479,2015-06-30,2057.64
16480,2015-07-01,2063.11
16481,2015-07-02,2077.42
16482,2015-07-06,2076.78
16483,2015-07-07,2068.76
16484,2015-07-08,2081.34
16485,2015-07-09,2046.68
16486,2015-07-10,2051.31
16487,2015-07-13,2076.62
16488,2015-07-14,2099.6
16489,2015-07-15,2108.95
16490,2015-07-16,2107.4
16491,2015-07-17,2124.29
16492,2015-07-20,2126.64
16493,2015-07-21,2128.28
16494,2015-07-22,2119.21
16495,2015-07-23,2114.15
16496,2015-07-24,2102.15
16497,2015-07-27,2079.65
16498,2015-07-28,2067.64
16499,2015-07-29,2093.25
16500,2015-07-30,2108.57
16501,2015-07-31,2108.63
16502,2015-08-03,2103.84
16503,2015-08-04,2098.04
16504,2015-08-05,2093.32
16505,2015-08-06,2099.84
16506,2015-08-07,2083.56
16507,2015-08-10,2077.57
16508,2015-08-11,2104.18
16509,2015-08-12,2084.07
16510,2015-08-13,2086.05
16511,2015-08-14,2083.39
16512,2015-08-17,2091.54
16513,2015-08-18,2102.44
16514,2015-08-19,2096.92
16515,2015-08-20,2079.61
16516,2015-08-21,2035.73
16517,2015-08-24,1970.89
16518,2015-08-25,1893.21
16519,2015-08-26,1867.61
16520,2015-08-27,1940.51
16521,2015-08-28,1987.66
16522,2015-08-31,1988.87
16523,2015-09-01,1972.18
16524,2015-09-02,1913.85
16525,2015-09-03,1948.86
16526,2015-09-04,1951.13
16527,2015-09-08,1921.22
16528,2015-09-09,1969.41
16529,2015-09-10,1942.04
16530,2015-09-11,1952.29
16531,2015-09-14,1961.05
16532,2015-09-15,1953.03
16533,2015-09-16,1978.09
16534,2015-09-17,1995.31
16535,2015-09-18,1990.2
16536,2015-09-21,1958.03
16537,2015-09-22,1966.97
16538,2015-09-23,1942.74
16539,2015-09-24,1938.76
16540,2015-09-25,1932.24
16541,2015-09-28,1931.34
16542,2015-09-29,1881.77
16543,2015-09-30,1884.09
16544,2015-10-01,1920.03
16545,2015-10-02,1923.82
16546,2015-10-05,1951.36
16547,2015-10-06,1987.05
16548,2015-10-07,1979.92
16549,2015-10-08,1995.83
16550,2015-10-09,2013.43
16551,2015-10-12,2014.89
16552,2015-10-13,2017.46
16553,2015-10-14,2003.69
16554,2015-10-15,1994.24
16555,2015-10-16,2023.86
16556,2015-10-19,2033.11
16557,2015-10-20,2033.66
16558,2015-10-21,2030.77
16559,2015-10-22,2018.94
16560,2015-10-23,2052.51
16561,2015-10-26,2075.15
16562,2015-10-27,2071.18
16563,2015-10-28,2065.89
16564,2015-10-29,2090.35
16565,2015-10-30,2089.41
16566,2015-11-02,2079.36
16567,2015-11-03,2104.05
16568,2015-11-04,2109.79
16569,2015-11-05,2102.31
16570,2015-11-06,2099.93
16571,2015-11-09,2099.2
16572,2015-11-10,2078.58
16573,2015-11-11,2081.72
16574,2015-11-12,2075.0
16575,2015-11-13,2045.97
16576,2015-11-16,2023.04
16577,2015-11-17,2053.19
16578,2015-11-18,2050.44
16579,2015-11-19,2083.58
16580,2015-11-20,2081.24
16581,2015-11-23,2089.17
16582,2015-11-24,2086.59
16583,2015-11-25,2089.14
16584,2015-11-27,2088.87
16585,2015-11-30,2090.11
16586,2015-12-01,2080.41
16587,2015-12-02,2102.63
16588,2015-12-03,2079.51
16589,2015-12-04,2049.62
16590,2015-12-07,2091.69
16591,2015-12-08,2077.07
16592,2015-12-09,2063.59
16593,2015-12-10,2047.62
16594,2015-12-11,2052.23
16595,2015-12-14,2012.37
16596,2015-12-15,2021.94
16597,2015-12-16,2043.41
16598,2015-12-17,2073.07
16599,2015-12-18,2041.89
16600,2015-12-21,2005.55
16601,2015-12-22,2021.15
16602,2015-12-23,2038.97
16603,2015-12-24,2064.29
16604,2015-12-28,2060.99
16605,2015-12-29,2056.5
16606,2015-12-30,2078.36
16607,2015-12-31,2063.36
16608,2016-01-04,2043.94
16609,2016-01-05,2012.66
16610,2016-01-06,2016.71
16611,2016-01-07,1990.26
16612,2016-01-08,1943.09
16613,2016-01-11,1922.03
16614,2016-01-12,1923.67
16615,2016-01-13,1938.68
16616,2016-01-14,1890.28
16617,2016-01-15,1921.84
16618,2016-01-19,1880.33
16619,2016-01-20,1881.33
16620,2016-01-21,1859.33
16621,2016-01-22,1868.99
16622,2016-01-25,1906.9
16623,2016-01-26,1877.08
16624,2016-01-27,1903.63
16625,2016-01-28,1882.95
16626,2016-01-29,1893.36
16627,2016-02-01,1940.24
16628,2016-02-02,1939.38
16629,2016-02-03,1903.03
16630,2016-02-04,1912.53
16631,2016-02-05,1915.45
16632,2016-02-08,1880.05
16633,2016-02-09,1853.44
16634,2016-02-10,1852.21
16635,2016-02-11,1851.86
16636,2016-02-12,1829.08
16637,2016-02-16,1864.78
16638,2016-02-17,1895.58
16639,2016-02-18,1926.82
16640,2016-02-19,1917.83
16641,2016-02-22,1917.78
16642,2016-02-23,1945.5
16643,2016-02-24,1921.27
16644,2016-02-25,1929.8
16645,2016-02-26,1951.7
16646,2016-02-29,1948.05
16647,2016-03-01,1932.23
16648,2016-03-02,1978.35
16649,2016-03-03,1986.45
16650,2016-03-04,1993.4
16651,2016-03-07,1999.99
16652,2016-03-08,2001.76
16653,2016-03-09,1979.26
16654,2016-03-10,1989.26
16655,2016-03-11,1989.57
16656,2016-03-14,2022.19
16657,2016-03-15,2019.64
16658,2016-03-16,2015.93
16659,2016-03-17,2027.22
16660,2016-03-18,2040.59
16661,2016-03-21,2049.58
16662,2016-03-22,2051.6
16663,2016-03-23,2049.8
16664,2016-03-24,2036.71
16665,2016-03-28,2035.94
16666,2016-03-29,2037.05
16667,2016-03-30,2055.01
16668,2016-03-31,2063.95
16669,2016-04-01,2059.74
16670,2016-04-04,2072.78
16671,2016-04-05,2066.13
16672,2016-04-06,2045.17
16673,2016-04-07,2066.66
16674,2016-04-08,2041.91
16675,2016-04-11,2047.6
16676,2016-04-12,2041.99
16677,2016-04-13,2061.72
16678,2016-04-14,2082.42
16679,2016-04-15,2082.78
16680,2016-04-18,2080.73
16681,2016-04-19,2094.34
16682,2016-04-20,2100.8
16683,2016-04-21,2102.4
16684,2016-04-22,2091.48
16685,2016-04-25,2091.58
16686,2016-04-26,2087.79
16687,2016-04-27,2091.7
16688,2016-04-28,2095.15
16689,2016-04-29,2075.81
16690,2016-05-02,2065.3
16691,2016-05-03,2081.43
16692,2016-05-04,2063.37
16693,2016-05-05,2051.12
16694,2016-05-06,2050.63
16695,2016-05-09,2057.14
16696,2016-05-10,2058.69
16697,2016-05-11,2084.39
16698,2016-05-12,2064.46
16699,2016-05-13,2064.11
16700,2016-05-16,2046.61
16701,2016-05-17,2066.66
16702,2016-05-18,2047.21
16703,2016-05-19,2047.63
16704,2016-05-20,2040.04
16705,2016-05-23,2052.32
16706,2016-05-24,2048.04
16707,2016-05-25,2076.06
16708,2016-05-26,2090.54
16709,2016-05-27,2090.1
16710,2016-05-31,2099.06
16711,2016-06-01,2096.96
16712,2016-06-02,2099.33
16713,2016-06-03,2105.26
16714,2016-06-06,2099.13
16715,2016-06-07,2109.41
16716,2016-06-08,2112.13
16717,2016-06-09,2119.12
16718,2016-06-10,2115.48
16719,2016-06-13,2096.07
16720,2016-06-14,2079.06
16721,2016-06-15,2075.32
16722,2016-06-16,2071.5
16723,2016-06-17,2077.99
16724,2016-06-20,2071.22
16725,2016-06-21,2083.25
16726,2016-06-22,2088.9
16727,2016-06-23,2085.45
16728,2016-06-24,2113.32
16729,2016-06-27,2037.41
16730,2016-06-28,2000.54
16731,2016-06-29,2036.09
16732,2016-06-30,2070.77
16733,2016-07-01,2098.86
16734,2016-07-05,2102.95
16735,2016-07-06,2088.55
16736,2016-07-07,2099.73
16737,2016-07-08,2097.9
16738,2016-07-11,2129.9
16739,2016-07-12,2137.16
16740,2016-07-13,2152.14
16741,2016-07-14,2152.43
16742,2016-07-15,2163.75
16743,2016-07-18,2161.74
16744,2016-07-19,2166.89
16745,2016-07-20,2163.78
16746,2016-07-21,2173.02
16747,2016-07-22,2165.17
16748,2016-07-25,2175.03
16749,2016-07-26,2168.48
16750,2016-07-27,2169.18
16751,2016-07-28,2166.58
16752,2016-07-29,2170.06
16753,2016-08-01,2173.6
16754,2016-08-02,2170.84
16755,2016-08-03,2157.03
16756,2016-08-04,2163.79
16757,2016-08-05,2164.25
16758,2016-08-08,2182.87
16759,2016-08-09,2180.89
16760,2016-08-10,2181.74
16761,2016-08-11,2175.49
16762,2016-08-12,2185.79
16763,2016-08-15,2184.05
16764,2016-08-16,2190.15
16765,2016-08-17,2178.15
16766,2016-08-18,2182.22
16767,2016-08-19,2187.02
16768,2016-08-22,2183.87
16769,2016-08-23,2182.64
16770,2016-08-24,2186.9
16771,2016-08-25,2175.44
16772,2016-08-26,2172.47
16773,2016-08-29,2169.04
16774,2016-08-30,2180.38
16775,2016-08-31,2176.12
16776,2016-09-01,2170.95
16777,2016-09-02,2170.86
16778,2016-09-06,2179.98
16779,2016-09-07,2186.48
16780,2016-09-08,2186.16
16781,2016-09-09,2181.3
16782,2016-09-12,2127.81
16783,2016-09-13,2159.04
16784,2016-09-14,2127.02
16785,2016-09-15,2125.77
16786,2016-09-16,2147.26
16787,2016-09-19,2139.16
16788,2016-09-20,2139.12
16789,2016-09-21,2139.76
16790,2016-09-22,2163.12
16791,2016-09-23,2177.18
16792,2016-09-26,2164.69
16793,2016-09-27,2146.1
16794,2016-09-28,2159.93
16795,2016-09-29,2171.37
16796,2016-09-30,2151.13
16797,2016-10-03,2168.27
16798,2016-10-04,2161.2
16799,2016-10-05,2150.49
16800,2016-10-06,2159.73
16801,2016-10-07,2160.77
16802,2016-10-10,2153.74
16803,2016-10-11,2163.66
16804,2016-10-12,2136.73
16805,2016-10-13,2139.18
16806,2016-10-14,2132.55
16807,2016-10-17,2132.98
16808,2016-10-18,2126.5
16809,2016-10-19,2139.6
16810,2016-10-20,2144.29
16811,2016-10-21,2141.34
16812,2016-10-24,2141.16
16813,2016-10-25,2151.33
16814,2016-10-26,2143.16
16815,2016-10-27,2139.43
16816,2016-10-28,2133.04
16817,2016-10-31,2126.41
16818,2016-11-01,2126.15
16819,2016-11-02,2111.72
16820,2016-11-03,2097.94
16821,2016-11-04,2088.66
16822,2016-11-07,2085.18
16823,2016-11-08,2131.52
16824,2016-11-09,2139.56
16825,2016-11-10,2163.26
16826,2016-11-11,2167.48
16827,2016-11-14,2164.45
16828,2016-11-15,2164.2
16829,2016-11-16,2180.39
16830,2016-11-17,2176.94
16831,2016-11-18,2187.12
16832,2016-11-21,2181.9
16833,2016-11-22,2198.18
16834,2016-11-23,2202.94
16835,2016-11-25,2204.72
16836,2016-11-28,2213.35
16837,2016-11-29,2201.72
16838,2016-11-30,2204.66
16839,2016-12-01,2198.81
16840,2016-12-02,2191.08
16841,2016-12-05,2191.95
16842,2016-12-06,2204.71
16843,2016-12-07,2212.23
16844,2016-12-08,2241.35
16845,2016-12-09,2246.19
16846,2016-12-12,2259.53
16847,2016-12-13,2256.96
16848,2016-12-14,2271.72
16849,2016-12-15,2253.28
16850,2016-12-16,2262.03
16851,2016-12-19,2258.07
16852,2016-12-20,2262.53
16853,2016-12-21,2270.76
16854,2016-12-22,2265.18
16855,2016-12-23,2260.96
16856,2016-12-27,2263.79
16857,2016-12-28,2268.88
16858,2016-12-29,2249.92
16859,2016-12-30,2249.26
16860,2017-01-03,2238.83
16861,2017-01-04,2257.83
16862,2017-01-05,2270.75
16863,2017-01-06,2269.0
16864,2017-01-09,2276.98
16865,2017-01-10,2268.9
16866,2017-01-11,2268.9
16867,2017-01-12,2275.32
16868,2017-01-13,2270.44
16869,2017-01-17,2274.64
16870,2017-01-18,2267.89
16871,2017-01-19,2271.89
16872,2017-01-20,2263.69
16873,2017-01-23,2271.31
16874,2017-01-24,2265.2
16875,2017-01-25,2280.07
16876,2017-01-26,2298.37
16877,2017-01-27,2296.68
16878,2017-01-30,2294.69
16879,2017-01-31,2280.9
16880,2017-02-01,2278.87
16881,2017-02-02,2279.55
16882,2017-02-03,2280.85
16883,2017-02-06,2297.42
16884,2017-02-07,2292.56
16885,2017-02-08,2293.08
16886,2017-02-09,2294.67
16887,2017-02-10,2307.87
16888,2017-02-13,2316.1
16889,2017-02-14,2328.25
16890,2017-02-15,2337.58
16891,2017-02-16,2349.25
16892,2017-02-17,2347.22
16893,2017-02-21,2351.16
16894,2017-02-22,2365.38
16895,2017-02-23,2362.82
16896,2017-02-24,2363.81
16897,2017-02-27,2367.34
16898,2017-02-28,2369.75
16899,2017-03-01,2363.64
16900,2017-03-02,2395.96
16901,2017-03-03,2381.92
16902,2017-03-06,2383.12
16903,2017-03-07,2375.31
16904,2017-03-08,2368.39
16905,2017-03-09,2362.98
16906,2017-03-10,2364.87
16907,2017-03-13,2372.6
16908,2017-03-14,2373.47
16909,2017-03-15,2365.45
16910,2017-03-16,2385.26
16911,2017-03-17,2381.38
16912,2017-03-20,2378.25
16913,2017-03-21,2373.47
16914,2017-03-22,2344.02
16915,2017-03-23,2348.45
16916,2017-03-24,2345.96
16917,2017-03-27,2343.98
16918,2017-03-28,2341.59
16919,2017-03-29,2358.57
16920,2017-03-30,2361.13
16921,2017-03-31,2368.06
16922,2017-04-03,2362.72
16923,2017-04-04,2358.84
16924,2017-04-05,2360.16
16925,2017-04-06,2352.95
16926,2017-04-07,2357.49
16927,2017-04-10,2355.54
16928,2017-04-11,2357.16
16929,2017-04-12,2353.78
16930,2017-04-13,2344.93
16931,2017-04-17,2328.95
16932,2017-04-18,2349.01
16933,2017-04-19,2342.19
16934,2017-04-20,2338.17
16935,2017-04-21,2355.84
16936,2017-04-24,2348.69
16937,2017-04-25,2374.15
16938,2017-04-26,2388.61
16939,2017-04-27,2387.45
16940,2017-04-28,2388.77
16941,2017-05-01,2384.2
16942,2017-05-02,2388.33
16943,2017-05-03,2391.17
16944,2017-05-04,2388.13
16945,2017-05-05,2389.52
16946,2017-05-08,2399.29
16947,2017-05-09,2399.38
16948,2017-05-10,2396.92
16949,2017-05-11,2399.63
16950,2017-05-12,2394.44
16951,2017-05-15,2390.9
16952,2017-05-16,2402.32
16953,2017-05-17,2400.67
16954,2017-05-18,2357.03
16955,2017-05-19,2365.72
16956,2017-05-22,2381.73
16957,2017-05-23,2394.02
16958,2017-05-24,2398.42
16959,2017-05-25,2404.39
16960,2017-05-26,2415.07
16961,2017-05-30,2415.82
16962,2017-05-31,2412.91
16963,2017-06-01,2411.8
16964,2017-06-02,2430.06
16965,2017-06-05,2439.07
16966,2017-06-06,2436.1
16967,2017-06-07,2429.33
16968,2017-06-08,2433.14
16969,2017-06-09,2433.79
16970,2017-06-12,2431.77
16971,2017-06-13,2429.39
16972,2017-06-14,2440.35
16973,2017-06-15,2437.92
16974,2017-06-16,2432.46
16975,2017-06-19,2433.15
16976,2017-06-20,2453.46
16977,2017-06-21,2437.03
16978,2017-06-22,2435.61
16979,2017-06-23,2434.5
16980,2017-06-26,2438.3
16981,2017-06-27,2439.07
16982,2017-06-28,2419.38
16983,2017-06-29,2440.69
16984,2017-06-30,2419.7
16985,2017-07-03,2423.41
16986,2017-07-05,2429.01
16987,2017-07-06,2432.54
16988,2017-07-07,2409.75
16989,2017-07-10,2425.18
16990,2017-07-11,2427.43
16991,2017-07-12,2425.53
16992,2017-07-13,2443.25
16993,2017-07-14,2447.83
16994,2017-07-17,2459.27
16995,2017-07-18,2459.14
16996,2017-07-19,2460.61
16997,2017-07-20,2473.83
16998,2017-07-21,2473.45
16999,2017-07-24,2472.54
17000,2017-07-25,2469.91
17001,2017-07-26,2477.13
17002,2017-07-27,2477.83
17003,2017-07-28,2475.42
17004,2017-07-31,2472.1
17005,2017-08-01,2470.3
17006,2017-08-02,2476.35
17007,2017-08-03,2477.57
17008,2017-08-04,2472.16
17009,2017-08-07,2476.83
17010,2017-08-08,2480.91
17011,2017-08-09,2474.92
17012,2017-08-10,2474.02
17013,2017-08-11,2438.21
17014,2017-08-14,2441.32
17015,2017-08-15,2465.84
17016,2017-08-16,2464.61
17017,2017-08-17,2468.11
17018,2017-08-18,2430.01
17019,2017-08-21,2425.55
17020,2017-08-22,2428.37
17021,2017-08-23,2452.51
17022,2017-08-24,2444.04
17023,2017-08-25,2438.97
17024,2017-08-28,2443.05
17025,2017-08-29,2444.24
17026,2017-08-30,2446.3
17027,2017-08-31,2457.59
17028,2017-09-01,2471.65
17029,2017-09-05,2476.55
17030,2017-09-06,2457.85
17031,2017-09-07,2465.54
17032,2017-09-08,2465.1
17033,2017-09-11,2461.43
17034,2017-09-12,2488.11
17035,2017-09-13,2496.48
17036,2017-09-14,2498.37
17037,2017-09-15,2495.62
17038,2017-09-18,2500.23
17039,2017-09-19,2503.87
17040,2017-09-20,2506.65
17041,2017-09-21,2508.24
17042,2017-09-22,2500.6
17043,2017-09-25,2502.22
17044,2017-09-26,2496.66
17045,2017-09-27,2496.84
17046,2017-09-28,2507.04
17047,2017-09-29,2510.06
17048,2017-10-02,2519.36
17049,2017-10-03,2529.12
17050,2017-10-04,2534.58
17051,2017-10-05,2537.74
17052,2017-10-06,2552.07
17053,2017-10-09,2549.33
17054,2017-10-10,2544.73
17055,2017-10-11,2550.64
17056,2017-10-12,2555.24
17057,2017-10-13,2550.93
17058,2017-10-16,2553.17
17059,2017-10-17,2557.64
17060,2017-10-18,2559.36
17061,2017-10-19,2561.26
17062,2017-10-20,2562.1
17063,2017-10-23,2575.21
17064,2017-10-24,2564.98
17065,2017-10-25,2569.13
17066,2017-10-26,2557.15
17067,2017-10-27,2560.4
17068,2017-10-30,2581.07
17069,2017-10-31,2572.83
17070,2017-11-01,2575.26
17071,2017-11-02,2579.36
17072,2017-11-03,2579.85
17073,2017-11-06,2587.84
17074,2017-11-07,2591.13
17075,2017-11-08,2590.64
17076,2017-11-09,2594.38
17077,2017-11-10,2584.62
17078,2017-11-13,2582.3
17079,2017-11-14,2584.84
17080,2017-11-15,2578.87
17081,2017-11-16,2564.62
17082,2017-11-17,2585.64
17083,2017-11-20,2578.85
17084,2017-11-21,2582.14
17085,2017-11-22,2599.03
17086,2017-11-24,2597.08
17087,2017-11-27,2602.42
17088,2017-11-28,2601.42
17089,2017-11-29,2627.04
17090,2017-11-30,2626.07
17091,2017-12-01,2647.58
17092,2017-12-04,2642.22
17093,2017-12-05,2639.44
17094,2017-12-06,2629.57
17095,2017-12-07,2629.27
17096,2017-12-08,2636.98
17097,2017-12-11,2651.5
17098,2017-12-12,2659.99
17099,2017-12-13,2664.11
17100,2017-12-14,2662.85
17101,2017-12-15,2652.01
17102,2017-12-18,2675.81
17103,2017-12-19,2690.16
17104,2017-12-20,2681.47
17105,2017-12-21,2679.25
17106,2017-12-22,2684.57
17107,2017-12-26,2683.34
17108,2017-12-27,2680.5
17109,2017-12-28,2682.62
17110,2017-12-29,2687.54
