,Unnamed: 0,SHSZ300
236,2003-01-02,1074.98
237,2003-01-03,1073.52
238,2003-01-06,1084.88
239,2003-01-07,1081.62
240,2003-01-08,1111.83
241,2003-01-09,1132.17
242,2003-01-10,1121.58
243,2003-01-13,1124.33
244,2003-01-14,1185.87
245,2003-01-15,1177.97
246,2003-01-16,1196.39
247,2003-01-17,1190.89
248,2003-01-20,1194.72
249,2003-01-21,1172.13
250,2003-01-22,1174.57
251,2003-01-23,1167.63
252,2003-01-24,1187.69
253,2003-01-27,1203.32
254,2003-01-28,1206.86
255,2003-01-29,1207.6
256,2003-02-10,1190.46
257,2003-02-11,1201.29
258,2003-02-12,1214.8
259,2003-02-13,1208.84
260,2003-02-14,1213.7
261,2003-02-17,1204.7
262,2003-02-18,1204.94
263,2003-02-19,1216.58
264,2003-02-20,1215.15
265,2003-02-21,1191.63
266,2003-02-24,1192.99
267,2003-02-25,1214.85
268,2003-02-26,1214.4
269,2003-02-27,1215.46
270,2003-02-28,1213.86
271,2003-03-03,1223.41
272,2003-03-04,1222.38
273,2003-03-05,1217.89
274,2003-03-06,1202.44
275,2003-03-07,1198.74
276,2003-03-10,1178.15
277,2003-03-11,1177.8
278,2003-03-12,1182.42
279,2003-03-13,1175.16
280,2003-03-14,1177.61
281,2003-03-17,1179.23
282,2003-03-18,1173.79
283,2003-03-19,1180.23
284,2003-03-20,1175.86
285,2003-03-21,1185.42
286,2003-03-24,1187.64
287,2003-03-25,1176.1
288,2003-03-26,1171.2
289,2003-03-27,1201.37
290,2003-03-28,1199.26
291,2003-03-31,1215.17
292,2003-04-01,1223.56
293,2003-04-02,1222.97
294,2003-04-03,1215.34
295,2003-04-04,1223.56
296,2003-04-07,1217.92
297,2003-04-08,1221.57
298,2003-04-09,1243.06
299,2003-04-10,1255.24
300,2003-04-11,1275.0
301,2003-04-14,1306.51
302,2003-04-15,1317.29
303,2003-04-16,1304.1
304,2003-04-17,1307.71
305,2003-04-18,1300.41
306,2003-04-21,1274.61
307,2003-04-22,1274.68
308,2003-04-23,1254.13
309,2003-04-24,1218.68
310,2003-04-25,1205.38
311,2003-04-28,1250.68
312,2003-04-29,1231.57
313,2003-04-30,1239.95
314,2003-05-12,1251.31
315,2003-05-13,1216.43
316,2003-05-14,1243.1
317,2003-05-15,1273.37
318,2003-05-16,1274.26
319,2003-05-19,1275.86
320,2003-05-20,1261.33
321,2003-05-21,1259.02
322,2003-05-22,1270.43
323,2003-05-23,1283.67
324,2003-05-26,1292.69
325,2003-05-27,1293.68
326,2003-05-28,1277.69
327,2003-05-29,1294.77
328,2003-05-30,1300.87
329,2003-06-02,1300.49
330,2003-06-03,1285.65
331,2003-06-04,1296.44
332,2003-06-05,1279.54
333,2003-06-06,1262.06
334,2003-06-09,1249.16
335,2003-06-10,1255.93
336,2003-06-11,1278.27
337,2003-06-12,1273.51
338,2003-06-13,1277.32
339,2003-06-16,1273.56
340,2003-06-17,1268.92
341,2003-06-18,1266.72
342,2003-06-19,1253.68
343,2003-06-20,1244.66
344,2003-06-23,1231.94
345,2003-06-24,1235.12
346,2003-06-25,1226.64
347,2003-06-26,1238.48
348,2003-06-27,1220.74
349,2003-06-30,1214.55
350,2003-07-01,1215.2
351,2003-07-02,1227.95
352,2003-07-03,1231.17
353,2003-07-04,1229.97
354,2003-07-07,1232.08
355,2003-07-08,1239.85
356,2003-07-09,1231.8
357,2003-07-10,1257.82
358,2003-07-11,1255.93
359,2003-07-14,1251.09
360,2003-07-15,1254.36
361,2003-07-16,1259.9
362,2003-07-17,1269.4
363,2003-07-18,1241.57
364,2003-07-21,1232.14
365,2003-07-22,1235.3
366,2003-07-23,1239.44
367,2003-07-24,1231.02
368,2003-07-25,1218.67
369,2003-07-28,1213.15
370,2003-07-29,1219.76
371,2003-07-30,1221.76
372,2003-07-31,1222.74
373,2003-08-01,1226.24
374,2003-08-04,1240.07
375,2003-08-05,1239.05
376,2003-08-06,1232.94
377,2003-08-07,1232.97
378,2003-08-08,1218.11
379,2003-08-11,1222.2
380,2003-08-12,1225.86
381,2003-08-13,1210.56
382,2003-08-14,1203.24
383,2003-08-15,1201.32
384,2003-08-18,1197.99
385,2003-08-19,1201.66
386,2003-08-20,1195.68
387,2003-08-21,1194.63
388,2003-08-22,1191.43
389,2003-08-25,1177.3
390,2003-08-26,1179.33
391,2003-08-27,1178.4
392,2003-08-28,1169.38
393,2003-08-29,1178.57
394,2003-09-01,1199.81
395,2003-09-02,1197.3
396,2003-09-03,1198.44
397,2003-09-04,1196.5
398,2003-09-05,1183.91
399,2003-09-08,1177.83
400,2003-09-09,1172.05
401,2003-09-10,1176.04
402,2003-09-11,1176.93
403,2003-09-12,1164.18
404,2003-09-15,1152.36
405,2003-09-16,1159.72
406,2003-09-17,1147.3
407,2003-09-18,1148.08
408,2003-09-19,1149.29
409,2003-09-22,1141.14
410,2003-09-23,1147.29
411,2003-09-24,1150.49
412,2003-09-25,1136.69
413,2003-09-26,1131.3
414,2003-09-29,1116.55
415,2003-09-30,1127.14
416,2003-10-08,1131.27
417,2003-10-09,1128.77
418,2003-10-10,1155.42
419,2003-10-13,1151.78
420,2003-10-14,1142.3
421,2003-10-15,1139.02
422,2003-10-16,1124.37
423,2003-10-17,1128.1
424,2003-10-20,1120.36
425,2003-10-21,1124.54
426,2003-10-22,1152.83
427,2003-10-23,1143.71
428,2003-10-24,1140.03
429,2003-10-27,1130.46
430,2003-10-28,1130.7
431,2003-10-29,1123.22
432,2003-10-30,1110.8
433,2003-10-31,1111.62
434,2003-11-03,1123.48
435,2003-11-04,1145.17
436,2003-11-05,1138.91
437,2003-11-06,1118.92
438,2003-11-07,1103.78
439,2003-11-10,1108.03
440,2003-11-11,1108.89
441,2003-11-12,1089.31
442,2003-11-13,1091.71
443,2003-11-14,1100.02
444,2003-11-17,1095.94
445,2003-11-18,1081.0
446,2003-11-19,1098.05
447,2003-11-20,1129.13
448,2003-11-21,1115.47
449,2003-11-24,1147.59
450,2003-11-25,1151.54
451,2003-11-26,1155.27
452,2003-11-27,1136.02
453,2003-11-28,1142.97
454,2003-12-01,1168.51
455,2003-12-02,1168.4
456,2003-12-03,1172.47
457,2003-12-04,1178.65
458,2003-12-05,1176.66
459,2003-12-08,1164.43
460,2003-12-09,1169.28
461,2003-12-10,1184.68
462,2003-12-11,1184.63
463,2003-12-12,1183.11
464,2003-12-15,1184.67
465,2003-12-16,1178.35
466,2003-12-17,1169.41
467,2003-12-18,1173.4
468,2003-12-19,1163.64
469,2003-12-22,1195.44
470,2003-12-23,1201.08
471,2003-12-24,1212.33
472,2003-12-25,1209.06
473,2003-12-26,1208.52
474,2003-12-29,1199.25
475,2003-12-30,1207.1
476,2003-12-31,1194.74
477,2004-01-02,1204.61
478,2004-01-05,1240.47
479,2004-01-06,1251.13
480,2004-01-07,1266.27
481,2004-01-08,1284.34
482,2004-01-09,1266.41
483,2004-01-12,1294.68
484,2004-01-13,1293.18
485,2004-01-14,1277.96
486,2004-01-15,1273.62
487,2004-01-16,1284.3
488,2004-01-29,1311.95
489,2004-01-30,1281.33
490,2004-02-02,1307.27
491,2004-02-03,1321.0
492,2004-02-04,1348.86
493,2004-02-05,1353.85
494,2004-02-06,1347.22
495,2004-02-09,1368.84
496,2004-02-10,1363.06
497,2004-02-11,1354.75
498,2004-02-12,1345.66
499,2004-02-13,1342.34
500,2004-02-16,1373.3
501,2004-02-17,1380.37
502,2004-02-18,1391.36
503,2004-02-19,1385.98
504,2004-02-20,1391.1
505,2004-02-23,1359.24
506,2004-02-24,1356.31
507,2004-02-25,1329.44
508,2004-02-26,1335.86
509,2004-02-27,1351.61
510,2004-03-01,1366.91
511,2004-03-02,1363.19
512,2004-03-03,1341.21
513,2004-03-04,1349.85
514,2004-03-05,1341.76
515,2004-03-08,1317.3
516,2004-03-09,1314.17
517,2004-03-10,1344.99
518,2004-03-11,1357.84
519,2004-03-12,1358.51
520,2004-03-15,1389.68
521,2004-03-16,1395.37
522,2004-03-17,1398.02
523,2004-03-18,1372.16
524,2004-03-19,1393.57
525,2004-03-22,1399.55
526,2004-03-23,1389.52
527,2004-03-24,1385.37
528,2004-03-25,1385.86
529,2004-03-26,1386.48
530,2004-03-29,1371.7
531,2004-03-30,1372.05
532,2004-03-31,1384.95
533,2004-04-01,1396.63
534,2004-04-02,1405.92
535,2004-04-05,1401.97
536,2004-04-06,1410.43
537,2004-04-07,1408.77
538,2004-04-08,1402.77
539,2004-04-09,1370.28
540,2004-04-12,1364.68
541,2004-04-13,1353.83
542,2004-04-14,1332.08
543,2004-04-15,1318.85
544,2004-04-16,1331.08
545,2004-04-19,1312.0
546,2004-04-20,1301.09
547,2004-04-21,1289.65
548,2004-04-22,1296.43
549,2004-04-23,1276.31
550,2004-04-26,1276.95
551,2004-04-27,1264.34
552,2004-04-28,1258.11
553,2004-04-29,1233.6
554,2004-04-30,1239.72
555,2004-05-10,1206.59
556,2004-05-11,1212.58
557,2004-05-12,1240.02
558,2004-05-13,1234.58
559,2004-05-14,1207.26
560,2004-05-17,1195.19
561,2004-05-18,1209.61
562,2004-05-19,1209.58
563,2004-05-20,1201.71
564,2004-05-21,1209.21
565,2004-05-24,1200.79
566,2004-05-25,1177.71
567,2004-05-26,1183.01
568,2004-05-27,1208.68
569,2004-05-28,1201.72
570,2004-05-31,1206.84
571,2004-06-01,1224.11
572,2004-06-02,1211.93
573,2004-06-03,1193.55
574,2004-06-04,1192.78
575,2004-06-07,1176.26
576,2004-06-08,1160.33
577,2004-06-09,1137.55
578,2004-06-10,1139.51
579,2004-06-11,1140.53
580,2004-06-14,1115.41
581,2004-06-15,1134.9
582,2004-06-16,1141.09
583,2004-06-17,1116.5
584,2004-06-18,1103.4
585,2004-06-21,1109.39
586,2004-06-22,1119.88
587,2004-06-23,1110.32
588,2004-06-24,1099.9
589,2004-06-25,1081.96
590,2004-06-28,1069.51
591,2004-06-29,1084.62
592,2004-06-30,1078.48
593,2004-07-01,1112.39
594,2004-07-02,1114.94
595,2004-07-05,1116.42
596,2004-07-06,1121.28
597,2004-07-07,1110.62
598,2004-07-08,1113.03
599,2004-07-09,1106.91
600,2004-07-12,1083.18
601,2004-07-13,1086.82
602,2004-07-14,1088.78
603,2004-07-15,1104.01
604,2004-07-16,1132.8
605,2004-07-19,1134.5
606,2004-07-20,1125.88
607,2004-07-21,1125.66
608,2004-07-22,1097.86
609,2004-07-23,1101.6
610,2004-07-26,1087.27
611,2004-07-27,1083.4
612,2004-07-28,1089.52
613,2004-07-29,1104.17
614,2004-07-30,1088.68
615,2004-08-02,1080.55
616,2004-08-03,1073.58
617,2004-08-04,1103.55
618,2004-08-05,1088.81
619,2004-08-06,1088.24
620,2004-08-09,1093.48
621,2004-08-10,1098.59
622,2004-08-11,1086.08
623,2004-08-12,1074.82
624,2004-08-13,1077.24
625,2004-08-16,1067.6
626,2004-08-17,1072.51
627,2004-08-18,1071.83
628,2004-08-19,1059.2
629,2004-08-20,1060.23
630,2004-08-23,1047.21
631,2004-08-24,1059.42
632,2004-08-25,1055.53
633,2004-08-26,1051.0
634,2004-08-27,1039.24
635,2004-08-30,1038.34
636,2004-08-31,1055.97
637,2004-09-01,1040.06
638,2004-09-02,1045.37
639,2004-09-03,1043.54
640,2004-09-06,1039.67
641,2004-09-07,1041.48
642,2004-09-08,1031.61
643,2004-09-09,1012.56
644,2004-09-10,1015.15
645,2004-09-13,993.26
646,2004-09-14,1023.41
647,2004-09-15,1066.28
648,2004-09-16,1077.91
649,2004-09-17,1112.77
650,2004-09-20,1152.13
651,2004-09-21,1143.46
652,2004-09-22,1120.11
653,2004-09-23,1157.93
654,2004-09-24,1135.97
655,2004-09-27,1128.05
656,2004-09-28,1136.34
657,2004-09-29,1124.01
658,2004-09-30,1109.32
659,2004-10-08,1131.91
660,2004-10-11,1126.33
661,2004-10-12,1103.55
662,2004-10-13,1104.18
663,2004-10-14,1060.13
664,2004-10-15,1061.64
665,2004-10-18,1063.47
666,2004-10-19,1066.64
667,2004-10-20,1062.9
668,2004-10-21,1049.97
669,2004-10-22,1063.14
670,2004-10-25,1049.19
671,2004-10-26,1059.25
672,2004-10-27,1069.68
673,2004-10-28,1068.68
674,2004-10-29,1050.3
675,2004-11-01,1038.43
676,2004-11-02,1035.73
677,2004-11-03,1054.69
678,2004-11-04,1032.72
679,2004-11-05,1033.8
680,2004-11-08,1034.81
681,2004-11-09,1037.21
682,2004-11-10,1076.28
683,2004-11-11,1070.27
684,2004-11-12,1072.62
685,2004-11-15,1084.71
686,2004-11-16,1084.65
687,2004-11-17,1074.39
688,2004-11-18,1085.03
689,2004-11-19,1091.37
690,2004-11-22,1094.35
691,2004-11-23,1084.88
692,2004-11-24,1077.67
693,2004-11-25,1076.34
694,2004-11-26,1074.99
695,2004-11-29,1061.35
696,2004-11-30,1062.81
697,2004-12-01,1058.15
698,2004-12-02,1056.06
699,2004-12-03,1058.33
700,2004-12-06,1060.25
701,2004-12-07,1048.18
702,2004-12-08,1049.18
703,2004-12-09,1059.53
704,2004-12-10,1043.55
705,2004-12-13,1037.45
706,2004-12-14,1034.29
707,2004-12-15,1037.88
708,2004-12-16,1033.27
709,2004-12-17,1023.0
710,2004-12-20,1009.37
711,2004-12-21,1008.12
712,2004-12-22,1034.03
713,2004-12-23,1015.51
714,2004-12-24,1016.4
715,2004-12-27,1012.45
716,2004-12-28,1010.7
717,2004-12-29,1005.53
718,2004-12-30,1003.99
719,2004-12-31,1000.0
720,2005-01-04,982.79
721,2005-01-05,992.56
722,2005-01-06,983.17
723,2005-01-07,983.96
724,2005-01-10,993.88
725,2005-01-11,997.13
726,2005-01-12,996.75
727,2005-01-13,996.88
728,2005-01-14,988.31
729,2005-01-17,967.45
730,2005-01-18,974.69
731,2005-01-19,967.21
732,2005-01-20,956.25
733,2005-01-21,982.6
734,2005-01-24,998.13
735,2005-01-25,997.77
736,2005-01-26,989.93
737,2005-01-27,974.63
738,2005-01-28,969.21
739,2005-01-31,954.88
740,2005-02-01,955.95
741,2005-02-02,1006.91
742,2005-02-03,993.22
743,2005-02-04,1016.86
744,2005-02-16,1023.58
745,2005-02-17,1020.61
746,2005-02-18,1006.05
747,2005-02-21,1025.63
748,2005-02-22,1046.74
749,2005-02-23,1043.94
750,2005-02-24,1045.46
751,2005-02-25,1046.76
752,2005-02-28,1039.99
753,2005-03-01,1035.93
754,2005-03-02,1021.32
755,2005-03-03,1027.71
756,2005-03-04,1023.67
757,2005-03-07,1029.87
758,2005-03-08,1048.99
759,2005-03-09,1046.54
760,2005-03-10,1022.41
761,2005-03-11,1027.43
762,2005-03-14,1031.03
763,2005-03-15,1013.52
764,2005-03-16,1003.07
765,2005-03-17,992.86
766,2005-03-18,978.66
767,2005-03-21,981.89
768,2005-03-22,964.02
769,2005-03-23,959.01
770,2005-03-24,964.8
771,2005-03-25,962.96
772,2005-03-28,960.7
773,2005-03-29,955.19
774,2005-03-30,937.03
775,2005-03-31,942.2
776,2005-04-01,978.14
777,2005-04-04,962.17
778,2005-04-05,955.6
779,2005-04-06,973.67
780,2005-04-07,984.73
781,2005-04-08,1003.45
782,2005-04-11,995.42
783,2005-04-12,978.7
784,2005-04-13,1000.9
785,2005-04-14,986.98
786,2005-04-15,974.08
787,2005-04-18,963.77
788,2005-04-19,965.89
789,2005-04-20,950.87
790,2005-04-21,943.98
791,2005-04-22,939.1
792,2005-04-25,930.07
793,2005-04-26,937.08
794,2005-04-27,926.6
795,2005-04-28,942.07
796,2005-04-29,932.39
797,2005-05-09,909.17
798,2005-05-10,913.08
799,2005-05-11,901.85
800,2005-05-12,885.82
801,2005-05-13,887.54
802,2005-05-16,875.27
803,2005-05-17,881.46
804,2005-05-18,883.2
805,2005-05-19,884.17
806,2005-05-20,882.76
807,2005-05-23,863.34
808,2005-05-24,868.46
809,2005-05-25,868.45
810,2005-05-26,857.33
811,2005-05-27,849.51
812,2005-05-30,855.61
813,2005-05-31,855.95
814,2005-06-01,837.53
815,2005-06-02,818.38
816,2005-06-03,818.03
817,2005-06-06,839.0
818,2005-06-07,837.28
819,2005-06-08,901.98
820,2005-06-09,912.6
821,2005-06-10,894.56
822,2005-06-13,892.96
823,2005-06-14,883.54
824,2005-06-15,866.83
825,2005-06-16,879.24
826,2005-06-17,880.35
827,2005-06-20,906.26
828,2005-06-21,896.17
829,2005-06-22,900.65
830,2005-06-23,893.57
831,2005-06-24,898.3
832,2005-06-27,916.04
833,2005-06-28,903.72
834,2005-06-29,898.9
835,2005-06-30,878.69
836,2005-07-01,859.49
837,2005-07-04,855.93
838,2005-07-05,849.68
839,2005-07-06,842.56
840,2005-07-07,844.73
841,2005-07-08,829.49
842,2005-07-11,824.1
843,2005-07-12,851.82
844,2005-07-13,846.23
845,2005-07-14,849.59
846,2005-07-15,841.0
847,2005-07-18,833.0
848,2005-07-19,835.61
849,2005-07-20,842.64
850,2005-07-21,843.99
851,2005-07-22,859.46
852,2005-07-25,856.86
853,2005-07-26,875.94
854,2005-07-27,894.01
855,2005-07-28,890.88
856,2005-07-29,888.16
857,2005-08-01,891.61
858,2005-08-02,903.6
859,2005-08-03,918.69
860,2005-08-04,904.15
861,2005-08-05,923.8
862,2005-08-08,927.07
863,2005-08-09,933.09
864,2005-08-10,940.18
865,2005-08-11,948.07
866,2005-08-12,937.0
867,2005-08-15,954.5
868,2005-08-16,942.3
869,2005-08-17,953.01
870,2005-08-18,920.67
871,2005-08-19,923.04
872,2005-08-22,931.67
873,2005-08-23,923.41
874,2005-08-24,930.65
875,2005-08-25,930.12
876,2005-08-26,928.26
877,2005-08-29,917.37
878,2005-08-30,914.88
879,2005-08-31,927.92
880,2005-09-01,944.56
881,2005-09-02,947.87
882,2005-09-05,952.72
883,2005-09-06,936.61
884,2005-09-07,952.76
885,2005-09-08,955.28
886,2005-09-09,949.07
887,2005-09-12,949.51
888,2005-09-13,963.77
889,2005-09-14,970.19
890,2005-09-15,969.6
891,2005-09-16,967.5
892,2005-09-19,971.14
893,2005-09-20,961.92
894,2005-09-21,944.41
895,2005-09-22,923.27
896,2005-09-23,916.15
897,2005-09-26,918.49
898,2005-09-27,904.21
899,2005-09-28,903.72
900,2005-09-29,915.98
901,2005-09-30,917.39
902,2005-10-10,907.32
903,2005-10-11,919.72
904,2005-10-12,923.49
905,2005-10-13,916.5
906,2005-10-14,904.83
907,2005-10-17,897.62
908,2005-10-18,902.37
909,2005-10-19,898.74
910,2005-10-20,899.91
911,2005-10-21,904.41
912,2005-10-24,906.65
913,2005-10-25,894.27
914,2005-10-26,875.82
915,2005-10-27,875.85
916,2005-10-28,867.73
917,2005-10-31,876.28
918,2005-11-01,872.87
919,2005-11-02,882.48
920,2005-11-03,874.58
921,2005-11-04,878.36
922,2005-11-07,877.28
923,2005-11-08,881.52
924,2005-11-09,879.25
925,2005-11-10,862.97
926,2005-11-11,864.79
927,2005-11-14,862.15
928,2005-11-15,856.63
929,2005-11-16,863.12
930,2005-11-17,862.66
931,2005-11-18,882.24
932,2005-11-21,883.87
933,2005-11-22,869.62
934,2005-11-23,876.23
935,2005-11-24,881.49
936,2005-11-25,884.11
937,2005-11-28,880.17
938,2005-11-29,871.31
939,2005-11-30,873.83
940,2005-12-01,873.07
941,2005-12-02,869.94
942,2005-12-05,859.61
943,2005-12-06,866.08
944,2005-12-07,873.84
945,2005-12-08,874.06
946,2005-12-09,887.36
947,2005-12-12,888.52
948,2005-12-13,889.1
949,2005-12-14,898.15
950,2005-12-15,896.43
951,2005-12-16,902.56
952,2005-12-19,902.91
953,2005-12-20,907.32
954,2005-12-21,903.14
955,2005-12-22,908.75
956,2005-12-23,915.89
957,2005-12-26,922.38
958,2005-12-27,919.36
959,2005-12-28,920.92
960,2005-12-29,932.03
961,2005-12-30,923.45
962,2006-01-04,941.43
963,2006-01-05,959.13
964,2006-01-06,970.03
965,2006-01-09,975.25
966,2006-01-10,978.15
967,2006-01-11,973.48
968,2006-01-12,983.72
969,2006-01-13,978.81
970,2006-01-16,961.44
971,2006-01-17,964.29
972,2006-01-18,983.62
973,2006-01-19,991.22
974,2006-01-20,993.34
975,2006-01-23,996.16
976,2006-01-24,999.09
977,2006-01-25,1009.6
978,2006-02-06,1033.23
979,2006-02-07,1029.94
980,2006-02-08,1033.07
981,2006-02-09,1019.6
982,2006-02-10,1032.34
983,2006-02-13,1031.61
984,2006-02-14,1038.53
985,2006-02-15,1041.66
986,2006-02-16,1020.12
987,2006-02-17,1020.37
988,2006-02-20,1021.64
989,2006-02-21,1038.82
990,2006-02-22,1037.88
991,2006-02-23,1041.37
992,2006-02-24,1049.44
993,2006-02-27,1047.85
994,2006-02-28,1053.01
995,2006-03-01,1056.62
996,2006-03-02,1038.67
997,2006-03-03,1041.68
998,2006-03-06,1038.87
999,2006-03-07,1014.97
1000,2006-03-08,1009.27
1001,2006-03-09,1004.34
1002,2006-03-10,1008.9
1003,2006-03-13,1019.86
1004,2006-03-14,1018.27
1005,2006-03-15,1028.96
1006,2006-03-16,1027.62
1007,2006-03-17,1024.02
1008,2006-03-20,1037.66
1009,2006-03-21,1040.76
1010,2006-03-22,1047.67
1011,2006-03-23,1048.54
1012,2006-03-24,1042.6
1013,2006-03-27,1050.71
1014,2006-03-28,1055.98
1015,2006-03-29,1065.29
1016,2006-03-30,1055.63
1017,2006-03-31,1061.09
1018,2006-04-03,1079.32
1019,2006-04-04,1089.37
1020,2006-04-05,1099.97
1021,2006-04-06,1103.24
1022,2006-04-07,1103.15
1023,2006-04-10,1117.91
1024,2006-04-11,1123.31
1025,2006-04-12,1117.07
1026,2006-04-13,1093.93
1027,2006-04-14,1118.61
1028,2006-04-17,1124.41
1029,2006-04-18,1131.28
1030,2006-04-19,1138.24
1031,2006-04-20,1134.38
1032,2006-04-21,1149.16
1033,2006-04-24,1142.7
1034,2006-04-25,1141.93
1035,2006-04-26,1155.73
1036,2006-04-27,1155.27
1037,2006-04-28,1172.35
1038,2006-05-08,1218.44
1039,2006-05-09,1251.61
1040,2006-05-10,1265.93
1041,2006-05-11,1255.04
1042,2006-05-12,1296.26
1043,2006-05-15,1352.15
1044,2006-05-16,1331.13
1045,2006-05-17,1335.52
1046,2006-05-18,1331.2
1047,2006-05-19,1366.1
1048,2006-05-22,1373.67
1049,2006-05-23,1317.65
1050,2006-05-24,1308.24
1051,2006-05-25,1307.7
1052,2006-05-26,1331.02
1053,2006-05-29,1366.29
1054,2006-05-30,1378.76
1055,2006-05-31,1365.45
1056,2006-06-01,1402.88
1057,2006-06-02,1390.12
1058,2006-06-05,1403.16
1059,2006-06-06,1399.14
1060,2006-06-07,1320.23
1061,2006-06-08,1325.98
1062,2006-06-09,1294.19
1063,2006-06-12,1297.67
1064,2006-06-13,1298.28
1065,2006-06-14,1283.88
1066,2006-06-15,1285.38
1067,2006-06-16,1318.01
1068,2006-06-19,1334.89
1069,2006-06-20,1338.22
1070,2006-06-21,1333.53
1071,2006-06-22,1331.55
1072,2006-06-23,1339.45
1073,2006-06-26,1363.41
1074,2006-06-27,1363.9
1075,2006-06-28,1362.88
1076,2006-06-29,1395.12
1077,2006-06-30,1393.96
1078,2006-07-03,1420.33
1079,2006-07-04,1411.01
1080,2006-07-05,1393.01
1081,2006-07-06,1418.68
1082,2006-07-07,1410.43
1083,2006-07-10,1412.12
1084,2006-07-11,1418.57
1085,2006-07-12,1419.2
1086,2006-07-13,1346.09
1087,2006-07-14,1357.13
1088,2006-07-17,1372.25
1089,2006-07-18,1373.42
1090,2006-07-19,1336.64
1091,2006-07-20,1345.19
1092,2006-07-21,1356.03
1093,2006-07-24,1358.12
1094,2006-07-25,1374.17
1095,2006-07-26,1371.3
1096,2006-07-27,1355.55
1097,2006-07-28,1341.39
1098,2006-07-31,1294.33
1099,2006-08-01,1282.06
1100,2006-08-02,1275.09
1101,2006-08-03,1271.74
1102,2006-08-04,1241.91
1103,2006-08-07,1224.1
1104,2006-08-08,1252.39
1105,2006-08-09,1251.3
1106,2006-08-10,1271.47
1107,2006-08-11,1275.65
1108,2006-08-14,1245.72
1109,2006-08-15,1265.86
1110,2006-08-16,1283.57
1111,2006-08-17,1271.63
1112,2006-08-18,1267.87
1113,2006-08-21,1270.56
1114,2006-08-22,1285.27
1115,2006-08-23,1285.68
1116,2006-08-24,1292.4
1117,2006-08-25,1295.44
1118,2006-08-28,1325.89
1119,2006-08-29,1330.15
1120,2006-08-30,1334.36
1121,2006-08-31,1338.46
1122,2006-09-01,1318.1
1123,2006-09-04,1337.24
1124,2006-09-05,1340.63
1125,2006-09-06,1346.37
1126,2006-09-07,1328.38
1127,2006-09-08,1331.78
1128,2006-09-11,1338.76
1129,2006-09-12,1347.64
1130,2006-09-13,1338.39
1131,2006-09-14,1338.14
1132,2006-09-15,1362.32
1133,2006-09-18,1375.21
1134,2006-09-19,1378.29
1135,2006-09-20,1378.46
1136,2006-09-21,1387.37
1137,2006-09-22,1374.85
1138,2006-09-25,1372.4
1139,2006-09-26,1357.65
1140,2006-09-27,1371.12
1141,2006-09-28,1386.84
1142,2006-09-29,1403.27
1143,2006-10-09,1436.07
1144,2006-10-10,1437.24
1145,2006-10-11,1435.91
1146,2006-10-12,1426.5
1147,2006-10-13,1430.88
1148,2006-10-16,1418.52
1149,2006-10-17,1414.47
1150,2006-10-18,1437.23
1151,2006-10-19,1439.36
1152,2006-10-20,1440.18
1153,2006-10-23,1408.71
1154,2006-10-24,1440.05
1155,2006-10-25,1446.82
1156,2006-10-26,1456.1
1157,2006-10-27,1439.05
1158,2006-10-30,1445.72
1159,2006-10-31,1464.47
1160,2006-11-01,1479.39
1161,2006-11-02,1479.66
1162,2006-11-03,1488.29
1163,2006-11-06,1507.89
1164,2006-11-07,1516.1
1165,2006-11-08,1498.17
1166,2006-11-09,1524.71
1167,2006-11-10,1504.06
1168,2006-11-13,1475.59
1169,2006-11-14,1493.78
1170,2006-11-15,1534.75
1171,2006-11-16,1533.08
1172,2006-11-17,1562.08
1173,2006-11-20,1593.16
1174,2006-11-21,1612.08
1175,2006-11-22,1624.03
1176,2006-11-23,1634.91
1177,2006-11-24,1636.58
1178,2006-11-27,1651.5
1179,2006-11-28,1644.04
1180,2006-11-29,1667.14
1181,2006-11-30,1714.36
1182,2006-12-01,1729.22
1183,2006-12-04,1780.74
1184,2006-12-05,1794.23
1185,2006-12-06,1779.41
1186,2006-12-07,1775.71
1187,2006-12-08,1711.58
1188,2006-12-11,1789.92
1189,2006-12-12,1802.79
1190,2006-12-13,1803.86
1191,2006-12-14,1836.14
1192,2006-12-15,1867.64
1193,2006-12-18,1916.11
1194,2006-12-19,1921.44
1195,2006-12-20,1936.55
1196,2006-12-21,1908.98
1197,2006-12-22,1895.64
1198,2006-12-25,1939.1
1199,2006-12-26,1938.24
1200,2006-12-27,1982.88
1201,2006-12-28,1979.93
1202,2006-12-29,2041.05
1203,2007-01-04,2067.09
1204,2007-01-05,2072.88
1205,2007-01-08,2131.56
1206,2007-01-09,2200.09
1207,2007-01-10,2255.97
1208,2007-01-11,2231.63
1209,2007-01-12,2173.75
1210,2007-01-15,2287.34
1211,2007-01-16,2353.87
1212,2007-01-17,2308.93
1213,2007-01-18,2317.09
1214,2007-01-19,2396.09
1215,2007-01-22,2491.31
1216,2007-01-23,2508.13
1217,2007-01-24,2536.43
1218,2007-01-25,2452.83
1219,2007-01-26,2512.92
1220,2007-01-29,2576.92
1221,2007-01-30,2551.88
1222,2007-01-31,2385.33
1223,2007-02-01,2395.17
1224,2007-02-02,2298.0
1225,2007-02-05,2271.8
1226,2007-02-06,2316.04
1227,2007-02-07,2369.79
1228,2007-02-08,2410.6
1229,2007-02-09,2397.25
1230,2007-02-12,2485.39
1231,2007-02-13,2522.63
1232,2007-02-14,2588.35
1233,2007-02-15,2668.63
1234,2007-02-16,2676.74
1235,2007-02-26,2707.68
1236,2007-02-27,2457.49
1237,2007-02-28,2544.57
1238,2007-03-01,2473.54
1239,2007-03-02,2508.73
1240,2007-03-05,2475.61
1241,2007-03-06,2520.29
1242,2007-03-07,2589.44
1243,2007-03-08,2627.63
1244,2007-03-09,2611.39
1245,2007-03-12,2616.17
1246,2007-03-13,2640.17
1247,2007-03-14,2597.36
1248,2007-03-15,2645.55
1249,2007-03-16,2604.23
1250,2007-03-19,2659.41
1251,2007-03-20,2672.77
1252,2007-03-21,2702.6
1253,2007-03-22,2711.32
1254,2007-03-23,2716.27
1255,2007-03-26,2764.03
1256,2007-03-27,2784.02
1257,2007-03-28,2797.65
1258,2007-03-29,2783.3
1259,2007-03-30,2781.78
1260,2007-04-02,2850.11
1261,2007-04-03,2888.11
1262,2007-04-04,2911.82
1263,2007-04-05,2945.04
1264,2007-04-06,2972.01
1265,2007-04-09,3038.17
1266,2007-04-10,3081.57
1267,2007-04-11,3121.32
1268,2007-04-12,3176.44
1269,2007-04-13,3169.23
1270,2007-04-16,3256.0
1271,2007-04-17,3283.6
1272,2007-04-18,3304.5
1273,2007-04-19,3150.3
1274,2007-04-20,3289.28
1275,2007-04-23,3431.32
1276,2007-04-24,3445.2
1277,2007-04-25,3448.28
1278,2007-04-26,3493.58
1279,2007-04-27,3470.52
1280,2007-04-30,3558.71
1281,2007-05-08,3686.03
1282,2007-05-09,3701.28
1283,2007-05-10,3724.51
1284,2007-05-11,3702.61
1285,2007-05-14,3734.42
1286,2007-05-15,3604.64
1287,2007-05-16,3700.29
1288,2007-05-17,3778.61
1289,2007-05-18,3776.63
1290,2007-05-21,3831.44
1291,2007-05-22,3870.49
1292,2007-05-23,3938.95
1293,2007-05-24,3919.75
1294,2007-05-25,3985.25
1295,2007-05-28,4072.58
1296,2007-05-29,4168.29
1297,2007-05-30,3886.46
1298,2007-05-31,3927.95
1299,2007-06-01,3803.95
1300,2007-06-04,3511.43
1301,2007-06-05,3634.63
1302,2007-06-06,3677.58
1303,2007-06-07,3802.3
1304,2007-06-08,3837.87
1305,2007-06-11,3931.86
1306,2007-06-12,4036.11
1307,2007-06-13,4118.27
1308,2007-06-14,4075.82
1309,2007-06-15,4099.38
1310,2007-06-18,4227.57
1311,2007-06-19,4253.0
1312,2007-06-20,4157.6
1313,2007-06-21,4197.28
1314,2007-06-22,4051.43
1315,2007-06-25,3877.59
1316,2007-06-26,3928.21
1317,2007-06-27,4040.48
1318,2007-06-28,3858.52
1319,2007-06-29,3764.08
1320,2007-07-02,3757.66
1321,2007-07-03,3832.23
1322,2007-07-04,3743.58
1323,2007-07-05,3537.44
1324,2007-07-06,3710.28
1325,2007-07-09,3821.3
1326,2007-07-10,3775.62
1327,2007-07-11,3789.87
1328,2007-07-12,3816.92
1329,2007-07-13,3820.02
1330,2007-07-16,3697.95
1331,2007-07-17,3789.65
1332,2007-07-18,3807.57
1333,2007-07-19,3807.0
1334,2007-07-20,3971.88
1335,2007-07-23,4156.72
1336,2007-07-24,4161.35
1337,2007-07-25,4255.46
1338,2007-07-26,4303.19
1339,2007-07-27,4307.14
1340,2007-07-30,4410.3
1341,2007-07-31,4460.56
1342,2007-08-01,4290.48
1343,2007-08-02,4436.19
1344,2007-08-03,4598.38
1345,2007-08-06,4703.98
1346,2007-08-07,4724.55
1347,2007-08-08,4668.09
1348,2007-08-09,4777.29
1349,2007-08-10,4726.68
1350,2007-08-13,4721.19
1351,2007-08-14,4795.57
1352,2007-08-15,4798.75
1353,2007-08-16,4721.94
1354,2007-08-17,4626.58
1355,2007-08-20,4885.43
1356,2007-08-21,4972.71
1357,2007-08-22,5051.69
1358,2007-08-23,5135.93
1359,2007-08-24,5217.58
1360,2007-08-27,5243.15
1361,2007-08-28,5251.77
1362,2007-08-29,5171.82
1363,2007-08-30,5241.23
1364,2007-08-31,5296.81
1365,2007-09-03,5419.17
1366,2007-09-04,5360.33
1367,2007-09-05,5363.25
1368,2007-09-06,5412.04
1369,2007-09-07,5294.79
1370,2007-09-10,5377.22
1371,2007-09-11,5124.09
1372,2007-09-12,5202.86
1373,2007-09-13,5349.97
1374,2007-09-14,5397.28
1375,2007-09-17,5498.91
1376,2007-09-18,5476.84
1377,2007-09-19,5419.27
1378,2007-09-20,5494.92
1379,2007-09-21,5468.1
1380,2007-09-24,5513.9
1381,2007-09-25,5454.62
1382,2007-09-26,5361.02
1383,2007-09-27,5427.66
1384,2007-09-28,5580.81
1385,2007-10-08,5653.14
1386,2007-10-09,5675.93
1387,2007-10-10,5685.76
1388,2007-10-11,5760.08
1389,2007-10-12,5737.22
1390,2007-10-15,5821.45
1391,2007-10-16,5877.2
1392,2007-10-17,5824.12
1393,2007-10-18,5615.75
1394,2007-10-19,5614.06
1395,2007-10-22,5472.68
1396,2007-10-23,5540.09
1397,2007-10-24,5588.01
1398,2007-10-25,5333.79
1399,2007-10-26,5394.81
1400,2007-10-29,5508.36
1401,2007-10-30,5596.07
1402,2007-10-31,5688.54
1403,2007-11-01,5605.23
1404,2007-11-02,5472.93
1405,2007-11-05,5360.31
1406,2007-11-06,5317.55
1407,2007-11-07,5350.63
1408,2007-11-08,5093.67
1409,2007-11-09,5040.52
1410,2007-11-12,4978.25
1411,2007-11-13,4939.24
1412,2007-11-14,5145.89
1413,2007-11-15,5081.11
1414,2007-11-16,5007.66
1415,2007-11-19,4994.42
1416,2007-11-20,5069.38
1417,2007-11-21,4997.62
1418,2007-11-22,4772.62
1419,2007-11-23,4856.16
1420,2007-11-26,4800.08
1421,2007-11-27,4711.15
1422,2007-11-28,4648.75
1423,2007-11-29,4842.07
1424,2007-11-30,4737.41
1425,2007-12-03,4772.67
1426,2007-12-04,4829.21
1427,2007-12-05,4965.95
1428,2007-12-06,4971.06
1429,2007-12-07,5041.35
1430,2007-12-10,5133.56
1431,2007-12-11,5140.0
1432,2007-12-12,5077.39
1433,2007-12-13,4884.3
1434,2007-12-14,4977.65
1435,2007-12-17,4857.29
1436,2007-12-18,4829.91
1437,2007-12-19,4946.29
1438,2007-12-20,5037.19
1439,2007-12-21,5101.85
1440,2007-12-24,5207.13
1441,2007-12-25,5216.81
1442,2007-12-26,5265.03
1443,2007-12-27,5367.53
1444,2007-12-28,5338.27
1445,2008-01-02,5385.1
1446,2008-01-03,5422.03
1447,2008-01-04,5483.65
1448,2008-01-07,5556.59
1449,2008-01-08,5528.05
1450,2008-01-09,5613.76
1451,2008-01-10,5672.15
1452,2008-01-11,5699.15
1453,2008-01-14,5731.76
1454,2008-01-15,5696.45
1455,2008-01-16,5505.72
1456,2008-01-17,5365.62
1457,2008-01-18,5414.47
1458,2008-01-21,5145.73
1459,2008-01-22,4753.87
1460,2008-01-23,4975.11
1461,2008-01-24,5027.21
1462,2008-01-25,5077.43
1463,2008-01-28,4731.88
1464,2008-01-29,4762.08
1465,2008-01-30,4710.65
1466,2008-01-31,4620.4
1467,2008-02-01,4571.94
1468,2008-02-04,4950.12
1469,2008-02-05,4921.83
1470,2008-02-13,4816.08
1471,2008-02-14,4880.25
1472,2008-02-15,4813.31
1473,2008-02-18,4910.99
1474,2008-02-19,5020.75
1475,2008-02-20,4908.72
1476,2008-02-21,4876.03
1477,2008-02-22,4702.24
1478,2008-02-25,4519.78
1479,2008-02-26,4515.53
1480,2008-02-27,4639.77
1481,2008-02-28,4622.06
1482,2008-02-29,4674.55
1483,2008-03-03,4790.74
1484,2008-03-04,4671.15
1485,2008-03-05,4628.72
1486,2008-03-06,4685.03
1487,2008-03-07,4621.69
1488,2008-03-10,4431.59
1489,2008-03-11,4441.18
1490,2008-03-12,4309.65
1491,2008-03-13,4198.96
1492,2008-03-14,4157.87
1493,2008-03-17,3965.28
1494,2008-03-18,3763.95
1495,2008-03-19,3888.86
1496,2008-03-20,4001.83
1497,2008-03-21,4037.83
1498,2008-03-24,3857.09
1499,2008-03-25,3905.77
1500,2008-03-26,3914.37
1501,2008-03-27,3748.92
1502,2008-03-28,3918.16
1503,2008-03-31,3790.53
1504,2008-04-01,3582.86
1505,2008-04-02,3547.98
1506,2008-04-03,3650.7
1507,2008-04-07,3845.82
1508,2008-04-08,3891.06
1509,2008-04-09,3688.13
1510,2008-04-10,3754.72
1511,2008-04-11,3783.73
1512,2008-04-14,3536.33
1513,2008-04-15,3583.3
1514,2008-04-16,3494.02
1515,2008-04-17,3386.63
1516,2008-04-18,3272.5
1517,2008-04-21,3267.55
1518,2008-04-22,3296.28
1519,2008-04-23,3453.73
1520,2008-04-24,3774.5
1521,2008-04-25,3803.07
1522,2008-04-28,3729.15
1523,2008-04-29,3776.94
1524,2008-04-30,3959.12
1525,2008-05-05,4055.78
1526,2008-05-06,4010.89
1527,2008-05-07,3821.32
1528,2008-05-08,3925.04
1529,2008-05-09,3878.92
1530,2008-05-12,3904.92
1531,2008-05-13,3851.69
1532,2008-05-14,3975.78
1533,2008-05-15,3948.09
1534,2008-05-16,3936.12
1535,2008-05-19,3914.07
1536,2008-05-20,3710.82
1537,2008-05-21,3783.05
1538,2008-05-22,3711.44
1539,2008-05-23,3675.15
1540,2008-05-26,3559.22
1541,2008-05-27,3576.2
1542,2008-05-28,3676.23
1543,2008-05-29,3580.87
1544,2008-05-30,3611.33
1545,2008-06-02,3625.83
1546,2008-06-03,3614.11
1547,2008-06-04,3546.92
1548,2008-06-05,3512.14
1549,2008-06-06,3489.5
1550,2008-06-10,3206.56
1551,2008-06-11,3140.3
1552,2008-06-12,3084.63
1553,2008-06-13,2979.12
1554,2008-06-16,2952.24
1555,2008-06-17,2842.68
1556,2008-06-18,2991.27
1557,2008-06-19,2773.08
1558,2008-06-20,2849.67
1559,2008-06-23,2789.94
1560,2008-06-24,2851.92
1561,2008-06-25,2969.54
1562,2008-06-26,2980.91
1563,2008-06-27,2816.02
1564,2008-06-30,2791.82
1565,2008-07-01,2698.35
1566,2008-07-02,2699.6
1567,2008-07-03,2760.61
1568,2008-07-04,2741.85
1569,2008-07-07,2882.76
1570,2008-07-08,2901.84
1571,2008-07-09,3015.13
1572,2008-07-10,2973.73
1573,2008-07-11,2953.5
1574,2008-07-14,2975.87
1575,2008-07-15,2852.98
1576,2008-07-16,2745.6
1577,2008-07-17,2718.07
1578,2008-07-18,2815.46
1579,2008-07-21,2911.05
1580,2008-07-22,2904.74
1581,2008-07-23,2883.32
1582,2008-07-24,2977.36
1583,2008-07-25,2939.2
1584,2008-07-28,2960.85
1585,2008-07-29,2905.63
1586,2008-07-30,2884.38
1587,2008-07-31,2805.21
1588,2008-08-01,2840.79
1589,2008-08-04,2773.15
1590,2008-08-05,2703.08
1591,2008-08-06,2721.69
1592,2008-08-07,2720.44
1593,2008-08-08,2591.46
1594,2008-08-11,2456.81
1595,2008-08-12,2444.16
1596,2008-08-13,2444.67
1597,2008-08-14,2443.51
1598,2008-08-15,2447.61
1599,2008-08-18,2313.4
1600,2008-08-19,2348.47
1601,2008-08-20,2532.94
1602,2008-08-21,2443.98
1603,2008-08-22,2404.93
1604,2008-08-25,2400.55
1605,2008-08-26,2331.53
1606,2008-08-27,2325.29
1607,2008-08-28,2335.86
1608,2008-08-29,2391.64
1609,2008-09-01,2309.17
1610,2008-09-02,2285.41
1611,2008-09-03,2245.96
1612,2008-09-04,2251.15
1613,2008-09-05,2183.43
1614,2008-09-08,2126.52
1615,2008-09-09,2139.14
1616,2008-09-10,2143.18
1617,2008-09-11,2072.13
1618,2008-09-12,2077.85
1619,2008-09-16,2000.65
1620,2008-09-17,1929.13
1621,2008-09-18,1895.99
1622,2008-09-19,2073.11
1623,2008-09-22,2207.61
1624,2008-09-23,2123.48
1625,2008-09-24,2138.85
1626,2008-09-25,2223.53
1627,2008-09-26,2243.66
1628,2008-10-06,2128.7
1629,2008-10-07,2102.45
1630,2008-10-08,2022.88
1631,2008-10-09,1995.3
1632,2008-10-10,1906.96
1633,2008-10-13,1985.49
1634,2008-10-14,1934.62
1635,2008-10-15,1914.36
1636,2008-10-16,1820.9
1637,2008-10-17,1833.26
1638,2008-10-20,1896.73
1639,2008-10-21,1881.41
1640,2008-10-22,1833.32
1641,2008-10-23,1834.78
1642,2008-10-24,1781.6
1643,2008-10-27,1654.67
1644,2008-10-28,1705.82
1645,2008-10-29,1658.22
1646,2008-10-30,1697.66
1647,2008-10-31,1663.66
1648,2008-11-03,1653.54
1649,2008-11-04,1627.76
1650,2008-11-05,1691.42
1651,2008-11-06,1649.78
1652,2008-11-07,1677.83
1653,2008-11-10,1801.67
1654,2008-11-11,1781.36
1655,2008-11-12,1801.82
1656,2008-11-13,1874.08
1657,2008-11-14,1943.65
1658,2008-11-17,1987.22
1659,2008-11-18,1839.82
1660,2008-11-19,1953.16
1661,2008-11-20,1932.43
1662,2008-11-21,1920.73
1663,2008-11-24,1837.64
1664,2008-11-25,1834.29
1665,2008-11-26,1843.49
1666,2008-11-27,1870.47
1667,2008-11-28,1829.92
1668,2008-12-01,1864.2
1669,2008-12-02,1868.63
1670,2008-12-03,1952.67
1671,2008-12-04,1982.93
1672,2008-12-05,2013.18
1673,2008-12-08,2095.04
1674,2008-12-09,2040.85
1675,2008-12-10,2096.39
1676,2008-12-11,2046.34
1677,2008-12-12,1960.38
1678,2008-12-15,1975.03
1679,2008-12-16,1994.45
1680,2008-12-17,2001.42
1681,2008-12-18,2045.1
1682,2008-12-19,2052.11
1683,2008-12-22,2017.55
1684,2008-12-23,1918.95
1685,2008-12-24,1887.07
1686,2008-12-25,1870.77
1687,2008-12-26,1862.1
1688,2008-12-29,1854.76
1689,2008-12-30,1833.44
1690,2008-12-31,1817.72
1691,2009-01-05,1882.96
1692,2009-01-06,1942.8
1693,2009-01-07,1931.18
1694,2009-01-08,1887.99
1695,2009-01-09,1918.37
1696,2009-01-12,1920.69
1697,2009-01-13,1876.19
1698,2009-01-14,1955.24
1699,2009-01-15,1954.87
1700,2009-01-16,1990.21
1701,2009-01-19,2012.46
1702,2009-01-20,2025.19
1703,2009-01-21,2021.71
1704,2009-01-22,2044.55
1705,2009-01-23,2032.68
1706,2009-02-02,2057.06
1707,2009-02-03,2108.91
1708,2009-02-04,2166.41
1709,2009-02-05,2150.97
1710,2009-02-06,2237.28
1711,2009-02-09,2296.67
1712,2009-02-10,2326.75
1713,2009-02-11,2331.14
1714,2009-02-12,2318.34
1715,2009-02-13,2399.06
1716,2009-02-16,2462.25
1717,2009-02-17,2385.29
1718,2009-02-18,2275.84
1719,2009-02-19,2298.41
1720,2009-02-20,2344.32
1721,2009-02-23,2410.48
1722,2009-02-24,2301.85
1723,2009-02-25,2304.25
1724,2009-02-26,2190.19
1725,2009-02-27,2140.49
1726,2009-03-02,2164.67
1727,2009-03-03,2142.15
1728,2009-03-04,2285.15
1729,2009-03-05,2304.92
1730,2009-03-06,2286.58
1731,2009-03-09,2202.53
1732,2009-03-10,2240.78
1733,2009-03-11,2220.38
1734,2009-03-12,2215.7
1735,2009-03-13,2205.422
1736,2009-03-16,2241.614
1737,2009-03-17,2322.403
1738,2009-03-18,2332.652
1739,2009-03-19,2382.564
1740,2009-03-20,2379.8379999999997
1741,2009-03-23,2439.395
1742,2009-03-24,2451.783
1743,2009-03-25,2401.327
1744,2009-03-26,2479.7889999999998
1745,2009-03-27,2498.931
1746,2009-03-30,2484.487
1747,2009-03-31,2507.7889999999998
1748,2009-04-01,2548.222
1749,2009-04-02,2576.4
1750,2009-04-03,2570.5029999999997
1751,2009-04-07,2576.95
1752,2009-04-08,2479.348
1753,2009-04-09,2517.669
1754,2009-04-10,2595.53
1755,2009-04-13,2656.518
1756,2009-04-14,2676.8720000000003
1757,2009-04-15,2686.99
1758,2009-04-16,2687.1059999999998
1759,2009-04-17,2650.691
1760,2009-04-20,2707.667
1761,2009-04-21,2675.442
1762,2009-04-22,2576.281
1763,2009-04-23,2593.564
1764,2009-04-24,2572.888
1765,2009-04-27,2513.292
1766,2009-04-28,2518.531
1767,2009-04-29,2605.37
1768,2009-04-30,2622.926
1769,2009-05-04,2714.301
1770,2009-05-05,2727.014
1771,2009-05-06,2764.9790000000003
1772,2009-05-07,2767.0759999999996
1773,2009-05-08,2789.219
1774,2009-05-11,2725.316
1775,2009-05-12,2788.562
1776,2009-05-13,2814.005
1777,2009-05-14,2792.597
1778,2009-05-15,2796.116
1779,2009-05-18,2810.573
1780,2009-05-19,2840.0840000000003
1781,2009-05-20,2812.865
1782,2009-05-21,2750.01
1783,2009-05-22,2740.677
1784,2009-05-25,2752.716
1785,2009-05-26,2719.764
1786,2009-05-27,2759.712
1787,2009-06-01,2858.342
1788,2009-06-02,2865.099
1789,2009-06-03,2939.387
1790,2009-06-04,2953.7509999999997
1791,2009-06-05,2939.3059999999996
1792,2009-06-08,2948.478
1793,2009-06-09,2960.5559999999996
1794,2009-06-10,2989.595
1795,2009-06-11,2961.6290000000004
1796,2009-06-12,2906.2859999999996
1797,2009-06-15,2966.192
1798,2009-06-16,2961.22
1799,2009-06-17,3010.5879999999997
1800,2009-06-18,3057.428
1801,2009-06-19,3080.0009999999997
1802,2009-06-22,3082.563
1803,2009-06-23,3083.895
1804,2009-06-24,3120.73
1805,2009-06-25,3117.921
1806,2009-06-26,3128.421
1807,2009-06-29,3179.972
1808,2009-06-30,3166.474
1809,2009-07-01,3237.903
1810,2009-07-02,3282.3590000000004
1811,2009-07-03,3327.135
1812,2009-07-06,3374.7529999999997
1813,2009-07-07,3340.493
1814,2009-07-08,3352.2690000000002
1815,2009-07-09,3396.304
1816,2009-07-10,3398.31
1817,2009-07-13,3361.011
1818,2009-07-14,3454.7529999999997
1819,2009-07-15,3493.305
1820,2009-07-16,3501.24
1821,2009-07-17,3519.809
1822,2009-07-20,3591.123
1823,2009-07-21,3539.8320000000003
1824,2009-07-22,3606.9240000000004
1825,2009-07-23,3651.969
1826,2009-07-24,3667.5559999999996
1827,2009-07-27,3743.6259999999997
1828,2009-07-28,3755.8179999999998
1829,2009-07-29,3558.508
1830,2009-07-30,3634.8179999999998
1831,2009-07-31,3734.6220000000003
1832,2009-08-03,3787.033
1833,2009-08-04,3786.615
1834,2009-08-05,3740.9359999999997
1835,2009-08-06,3663.12
1836,2009-08-07,3555.095
1837,2009-08-10,3544.539
1838,2009-08-11,3556.375
1839,2009-08-12,3397.4
1840,2009-08-13,3440.82
1841,2009-08-14,3344.462
1842,2009-08-17,3140.2709999999997
1843,2009-08-18,3171.986
1844,2009-08-19,3014.5679999999998
1845,2009-08-20,3144.39
1846,2009-08-21,3203.6240000000003
1847,2009-08-24,3229.6
1848,2009-08-25,3109.83
1849,2009-08-26,3172.386
1850,2009-08-27,3156.301
1851,2009-08-28,3046.781
1852,2009-08-31,2830.2709999999997
1853,2009-09-01,2843.7
1854,2009-09-02,2890.926
1855,2009-09-03,3051.9640000000004
1856,2009-09-04,3077.1420000000003
1857,2009-09-07,3104.208
1858,2009-09-08,3170.967
1859,2009-09-09,3194.909
1860,2009-09-10,3162.914
1861,2009-09-11,3238.133
1862,2009-09-14,3293.3940000000002
1863,2009-09-15,3302.6420000000003
1864,2009-09-16,3258.236
1865,2009-09-17,3320.0959999999995
1866,2009-09-18,3199.6890000000003
1867,2009-09-21,3208.6040000000003
1868,2009-09-22,3131.026
1869,2009-09-23,3060.0690000000004
1870,2009-09-24,3080.926
1871,2009-09-25,3058.528
1872,2009-09-28,2972.643
1873,2009-09-29,2972.2859999999996
1874,2009-09-30,3004.805
1875,2009-10-09,3163.708
1876,2009-10-12,3151.632
1877,2009-10-13,3198.5170000000003
1878,2009-10-14,3227.3990000000003
1879,2009-10-15,3239.643
1880,2009-10-16,3241.7090000000003
1881,2009-10-19,3329.158
1882,2009-10-20,3377.574
1883,2009-10-21,3369.285
1884,2009-10-22,3347.32
1885,2009-10-23,3413.252
1886,2009-10-26,3414.239
1887,2009-10-27,3314.722
1888,2009-10-28,3329.327
1889,2009-10-29,3247.051
1890,2009-10-30,3280.3720000000003
1891,2009-11-02,3392.803
1892,2009-11-03,3435.425
1893,2009-11-04,3453.888
1894,2009-11-05,3464.3179999999998
1895,2009-11-06,3483.0209999999997
1896,2009-11-09,3495.788
1897,2009-11-10,3503.776
1898,2009-11-11,3495.6740000000004
1899,2009-11-12,3499.992
1900,2009-11-13,3518.722
1901,2009-11-16,3625.798
1902,2009-11-17,3628.3540000000003
1903,2009-11-18,3630.2290000000003
1904,2009-11-19,3642.437
1905,2009-11-20,3631.013
1906,2009-11-23,3665.509
1907,2009-11-24,3548.08
1908,2009-11-25,3629.6290000000004
1909,2009-11-26,3485.7729999999997
1910,2009-11-27,3382.51
1911,2009-11-30,3511.6690000000003
1912,2009-12-01,3560.8309999999997
1913,2009-12-02,3597.329
1914,2009-12-03,3590.8759999999997
1915,2009-12-04,3643.491
1916,2009-12-07,3668.8320000000003
1917,2009-12-08,3624.0190000000002
1918,2009-12-09,3554.478
1919,2009-12-10,3577.237
1920,2009-12-11,3575.02
1921,2009-12-14,3612.7529999999997
1922,2009-12-15,3583.341
1923,2009-12-16,3560.723
1924,2009-12-17,3480.153
1925,2009-12-18,3391.735
1926,2009-12-21,3396.6220000000003
1927,2009-12-22,3305.5429999999997
1928,2009-12-23,3336.48
1929,2009-12-24,3438.817
1930,2009-12-25,3424.783
1931,2009-12-28,3478.433
1932,2009-12-29,3500.737
1933,2009-12-30,3558.857
1934,2009-12-31,3575.68
1935,2010-01-04,3535.2290000000003
1936,2010-01-05,3564.038
1937,2010-01-06,3541.7270000000003
1938,2010-01-07,3471.4559999999997
1939,2010-01-08,3480.13
1940,2010-01-11,3482.052
1941,2010-01-12,3534.9159999999997
1942,2010-01-13,3421.1440000000002
1943,2010-01-14,3469.051
1944,2010-01-15,3482.738
1945,2010-01-18,3500.684
1946,2010-01-19,3507.482
1947,2010-01-20,3394.434
1948,2010-01-21,3408.574
1949,2010-01-22,3366.197
1950,2010-01-25,3328.014
1951,2010-01-26,3242.797
1952,2010-01-27,3198.566
1953,2010-01-28,3206.57
1954,2010-01-29,3204.155
1955,2010-02-01,3152.7070000000003
1956,2010-02-02,3146.1890000000003
1957,2010-02-03,3230.715
1958,2010-02-04,3218.802
1959,2010-02-05,3153.087
1960,2010-02-08,3150.988
1961,2010-02-09,3169.19
1962,2010-02-10,3214.13
1963,2010-02-11,3220.3979999999997
1964,2010-02-12,3251.278
1965,2010-02-22,3233.345
1966,2010-02-23,3198.634
1967,2010-02-24,3244.4829999999997
1968,2010-02-25,3292.1279999999997
1969,2010-02-26,3281.6659999999997
1970,2010-03-01,3324.423
1971,2010-03-02,3311.236
1972,2010-03-03,3335.0809999999997
1973,2010-03-04,3250.573
1974,2010-03-05,3259.764
1975,2010-03-08,3286.178
1976,2010-03-09,3305.863
1977,2010-03-10,3279.6940000000004
1978,2010-03-11,3276.705
1979,2010-03-12,3233.1259999999997
1980,2010-03-15,3183.183
1981,2010-03-16,3203.9709999999995
1982,2010-03-17,3273.9159999999997
1983,2010-03-18,3267.555
1984,2010-03-19,3293.8709999999996
1985,2010-03-22,3302.6279999999997
1986,2010-03-23,3275.573
1987,2010-03-24,3276.6690000000003
1988,2010-03-25,3229.1279999999997
1989,2010-03-26,3275.002
1990,2010-03-29,3358.54
1991,2010-03-30,3366.708
1992,2010-03-31,3345.607
1993,2010-04-01,3391.935
1994,2010-04-02,3407.3459999999995
1995,2010-04-06,3405.145
1996,2010-04-07,3386.949
1997,2010-04-08,3346.744
1998,2010-04-09,3379.17
1999,2010-04-12,3351.478
2000,2010-04-13,3391.716
2001,2010-04-14,3403.7070000000003
2002,2010-04-15,3394.574
2003,2010-04-16,3356.3320000000003
2004,2010-04-19,3176.423
2005,2010-04-20,3173.3740000000003
2006,2010-04-21,3236.679
2007,2010-04-22,3201.5409999999997
2008,2010-04-23,3190.0029999999997
2009,2010-04-26,3171.9970000000003
2010,2010-04-27,3108.409
2011,2010-04-28,3097.353
2012,2010-04-29,3060.0640000000003
2013,2010-04-30,3067.365
2014,2010-05-04,3019.449
2015,2010-05-05,3036.3940000000002
2016,2010-05-06,2896.8559999999998
2017,2010-05-07,2836.789
2018,2010-05-10,2858.2329999999997
2019,2010-05-11,2800.817
2020,2010-05-12,2818.16
2021,2010-05-13,2886.9109999999996
2022,2010-05-14,2868.0229999999997
2023,2010-05-17,2714.715
2024,2010-05-18,2771.348
2025,2010-05-19,2762.1740000000004
2026,2010-05-20,2726.022
2027,2010-05-21,2768.7909999999997
2028,2010-05-24,2873.469
2029,2010-05-25,2813.9429999999998
2030,2010-05-26,2813.9440000000004
2031,2010-05-27,2859.9790000000003
2032,2010-05-28,2850.302
2033,2010-05-31,2773.264
2034,2010-06-01,2744.1620000000003
2035,2010-06-02,2757.527
2036,2010-06-03,2736.0759999999996
2037,2010-06-04,2744.3909999999996
2038,2010-06-07,2695.715
2039,2010-06-08,2699.336
2040,2010-06-09,2782.133
2041,2010-06-10,2750.0229999999997
2042,2010-06-11,2758.866
2043,2010-06-17,2742.7329999999997
2044,2010-06-18,2696.1659999999997
2045,2010-06-21,2780.663
2046,2010-06-22,2783.72
2047,2010-06-23,2758.495
2048,2010-06-24,2757.498
2049,2010-06-25,2736.2870000000003
2050,2010-06-28,2716.777
2051,2010-06-29,2592.019
2052,2010-06-30,2563.07
2053,2010-07-01,2526.071
2054,2010-07-02,2534.105
2055,2010-07-05,2512.651
2056,2010-07-06,2562.902
2057,2010-07-07,2580.4770000000003
2058,2010-07-08,2575.9210000000003
2059,2010-07-09,2647.1040000000003
2060,2010-07-12,2676.218
2061,2010-07-13,2634.593
2062,2010-07-14,2653.6090000000004
2063,2010-07-15,2608.519
2064,2010-07-16,2616.1279999999997
2065,2010-07-19,2682.472
2066,2010-07-20,2741.5029999999997
2067,2010-07-21,2747.335
2068,2010-07-22,2781.2859999999996
2069,2010-07-23,2793.0759999999996
2070,2010-07-26,2811.055
2071,2010-07-27,2795.724
2072,2010-07-28,2863.724
2073,2010-07-29,2877.9759999999997
2074,2010-07-30,2868.8459999999995
2075,2010-08-02,2917.275
2076,2010-08-03,2865.9709999999995
2077,2010-08-04,2876.434
2078,2010-08-05,2850.829
2079,2010-08-06,2897.659
2080,2010-08-09,2918.241
2081,2010-08-10,2832.638
2082,2010-08-11,2850.211
2083,2010-08-12,2816.386
2084,2010-08-13,2855.547
2085,2010-08-16,2922.083
2086,2010-08-17,2942.2909999999997
2087,2010-08-18,2937.362
2088,2010-08-19,2955.395
2089,2010-08-20,2898.333
2090,2010-08-23,2896.192
2091,2010-08-24,2911.827
2092,2010-08-25,2843.0229999999997
2093,2010-08-26,2850.093
2094,2010-08-27,2858.566
2095,2010-08-30,2915.01
2096,2010-08-31,2903.188
2097,2010-09-01,2884.042
2098,2010-09-02,2921.393
2099,2010-09-03,2920.205
2100,2010-09-06,2975.09
2101,2010-09-07,2983.1079999999997
2102,2010-09-08,2980.967
2103,2010-09-09,2926.46
2104,2010-09-10,2932.554
2105,2010-09-13,2962.3190000000004
2106,2010-09-14,2965.009
2107,2010-09-15,2913.1940000000004
2108,2010-09-16,2857.789
2109,2010-09-17,2861.369
2110,2010-09-20,2849.828
2111,2010-09-21,2857.4759999999997
2112,2010-09-27,2905.0290000000005
2113,2010-09-28,2880.907
2114,2010-09-29,2874.812
2115,2010-09-30,2935.574
2116,2010-10-08,3044.2329999999997
2117,2010-10-11,3132.895
2118,2010-10-12,3172.7259999999997
2119,2010-10-13,3217.577
2120,2010-10-14,3224.14
2121,2010-10-15,3327.683
2122,2010-10-18,3306.16
2123,2010-10-19,3375.6740000000004
2124,2010-10-20,3396.8790000000004
2125,2010-10-21,3374.685
2126,2010-10-22,3378.655
2127,2010-10-25,3481.0809999999997
2128,2010-10-26,3466.0840000000003
2129,2010-10-27,3403.8720000000003
2130,2010-10-28,3397.692
2131,2010-10-29,3379.9829999999997
2132,2010-11-01,3472.995
2133,2010-11-02,3463.131
2134,2010-11-03,3420.341
2135,2010-11-04,3480.505
2136,2010-11-05,3520.798
2137,2010-11-08,3548.566
2138,2010-11-09,3523.954
2139,2010-11-10,3499.111
2140,2010-11-11,3509.975
2141,2010-11-12,3291.833
2142,2010-11-15,3314.893
2143,2010-11-16,3169.538
2144,2010-11-17,3103.906
2145,2010-11-18,3147.962
2146,2010-11-19,3178.8459999999995
2147,2010-11-22,3171.941
2148,2010-11-23,3107.176
2149,2010-11-24,3177.0429999999997
2150,2010-11-25,3223.4840000000004
2151,2010-11-26,3194.853
2152,2010-11-29,3190.05
2153,2010-11-30,3136.985
2154,2010-12-01,3136.0240000000003
2155,2010-12-02,3155.059
2156,2010-12-03,3158.156
2157,2010-12-06,3165.57
2158,2010-12-07,3200.3390000000004
2159,2010-12-08,3171.882
2160,2010-12-09,3123.366
2161,2010-12-10,3161.9770000000003
2162,2010-12-13,3261.0609999999997
2163,2010-12-14,3269.474
2164,2010-12-15,3247.6440000000002
2165,2010-12-16,3230.665
2166,2010-12-17,3225.6609999999996
2167,2010-12-20,3178.657
2168,2010-12-21,3249.509
2169,2010-12-22,3215.453
2170,2010-12-23,3188.607
2171,2010-12-24,3162.955
2172,2010-12-27,3099.7090000000003
2173,2010-12-28,3044.9309999999996
2174,2010-12-29,3061.83
2175,2010-12-30,3064.098
2176,2010-12-31,3128.261
2177,2011-01-04,3189.6820000000002
2178,2011-01-05,3175.6620000000003
2179,2011-01-06,3159.643
2180,2011-01-07,3166.6240000000003
2181,2011-01-10,3108.187
2182,2011-01-11,3124.922
2183,2011-01-12,3142.337
2184,2011-01-13,3141.284
2185,2011-01-14,3091.862
2186,2011-01-17,2974.35
2187,2011-01-18,2977.6479999999997
2188,2011-01-19,3044.8509999999997
2189,2011-01-20,2944.7129999999997
2190,2011-01-21,2983.4559999999997
2191,2011-01-24,2954.232
2192,2011-01-25,2938.6540000000005
2193,2011-01-26,2978.4309999999996
2194,2011-01-27,3026.466
2195,2011-01-28,3036.735
2196,2011-01-31,3076.508
2197,2011-02-01,3077.283
2198,2011-02-09,3040.949
2199,2011-02-10,3104.163
2200,2011-02-11,3120.9559999999997
2201,2011-02-14,3219.143
2202,2011-02-15,3217.671
2203,2011-02-16,3248.527
2204,2011-02-17,3245.907
2205,2011-02-18,3211.8759999999997
2206,2011-02-21,3257.908
2207,2011-02-22,3163.578
2208,2011-02-23,3174.742
2209,2011-02-24,3190.935
2210,2011-02-25,3197.617
2211,2011-02-28,3239.559
2212,2011-03-01,3254.893
2213,2011-03-02,3243.298
2214,2011-03-03,3221.718
2215,2011-03-04,3270.6659999999997
2216,2011-03-07,3334.51
2217,2011-03-08,3337.4570000000003
2218,2011-03-09,3338.8579999999997
2219,2011-03-10,3280.259
2220,2011-03-11,3247.3759999999997
2221,2011-03-14,3262.92
2222,2011-03-15,3203.961
2223,2011-03-16,3248.195
2224,2011-03-17,3197.1
2225,2011-03-18,3215.685
2226,2011-03-21,3207.11
2227,2011-03-22,3222.961
2228,2011-03-23,3264.926
2229,2011-03-24,3251.361
2230,2011-03-25,3294.4840000000004
2231,2011-03-28,3290.571
2232,2011-03-29,3257.9790000000003
2233,2011-03-30,3256.08
2234,2011-03-31,3223.288
2235,2011-04-01,3272.7290000000003
2236,2011-04-06,3311.067
2237,2011-04-07,3324.4190000000003
2238,2011-04-08,3353.3579999999997
2239,2011-04-11,3333.427
2240,2011-04-12,3326.7709999999997
2241,2011-04-13,3372.031
2242,2011-04-14,3353.56
2243,2011-04-15,3358.9440000000004
2244,2011-04-18,3359.438
2245,2011-04-19,3295.812
2246,2011-04-20,3295.758
2247,2011-04-21,3317.367
2248,2011-04-22,3299.942
2249,2011-04-25,3249.574
2250,2011-04-26,3230.96
2251,2011-04-27,3209.5029999999997
2252,2011-04-28,3161.776
2253,2011-04-29,3192.723
2254,2011-05-03,3211.132
2255,2011-05-04,3129.028
2256,2011-05-05,3126.117
2257,2011-05-06,3121.3959999999997
2258,2011-05-09,3129.759
2259,2011-05-10,3153.2209999999995
2260,2011-05-11,3145.0849
2261,2011-05-12,3101.603
2262,2011-05-13,3128.093
2263,2011-05-16,3100.4629
2264,2011-05-17,3116.0281
2265,2011-05-18,3139.3789
2266,2011-05-19,3120.6389
2267,2011-05-20,3121.5959
2268,2011-05-23,3022.98
2269,2011-05-24,3026.2229
2270,2011-05-25,2990.343
2271,2011-05-26,2978.3811
2272,2011-05-27,2963.31
2273,2011-05-30,2954.51
2274,2011-05-31,3001.56
2275,2011-06-01,3004.17
2276,2011-06-02,2955.71
2277,2011-06-03,2986.35
2278,2011-06-07,3004.26
2279,2011-06-08,3008.65
2280,2011-06-09,2951.89
2281,2011-06-10,2961.93
2282,2011-06-13,2950.35
2283,2011-06-14,2993.56
2284,2011-06-15,2963.12
2285,2011-06-16,2917.58
2286,2011-06-17,2892.16
2287,2011-06-20,2874.9
2288,2011-06-21,2909.07
2289,2011-06-22,2908.58
2290,2011-06-23,2957.63
2291,2011-06-24,3027.47
2292,2011-06-27,3036.49
2293,2011-06-28,3041.73
2294,2011-06-29,3000.17
2295,2011-06-30,3044.09
2296,2011-07-01,3049.75
2297,2011-07-04,3121.98
2298,2011-07-05,3122.5
2299,2011-07-06,3113.71
2300,2011-07-07,3101.68
2301,2011-07-08,3109.18
2302,2011-07-11,3113.21
2303,2011-07-12,3056.91
2304,2011-07-13,3106.25
2305,2011-07-14,3115.75
2306,2011-07-15,3128.89
2307,2011-07-18,3122.6
2308,2011-07-19,3095.13
2309,2011-07-20,3091.57
2310,2011-07-21,3059.14
2311,2011-07-22,3067.99
2312,2011-07-25,2968.29
2313,2011-07-26,2977.77
2314,2011-07-27,3000.05
2315,2011-07-28,2981.0
2316,2011-07-29,2972.08
2317,2011-08-01,2977.72
2318,2011-08-02,2956.38
2319,2011-08-03,2954.87
2320,2011-08-04,2960.31
2321,2011-08-05,2897.42
2322,2011-08-08,2793.9
2323,2011-08-09,2798.19
2324,2011-08-10,2824.12
2325,2011-08-11,2866.92
2326,2011-08-12,2875.36
2327,2011-08-15,2917.88
2328,2011-08-16,2897.58
2329,2011-08-17,2886.01
2330,2011-08-18,2834.25
2331,2011-08-19,2807.66
2332,2011-08-22,2777.79
2333,2011-08-23,2821.0
2334,2011-08-24,2810.02
2335,2011-08-25,2903.84
2336,2011-08-26,2901.22
2337,2011-08-29,2852.81
2338,2011-08-30,2841.74
2339,2011-08-31,2846.78
2340,2011-09-01,2834.53
2341,2011-09-02,2803.85
2342,2011-09-05,2743.82
2343,2011-09-06,2723.3
2344,2011-09-07,2779.09
2345,2011-09-08,2756.11
2346,2011-09-09,2751.09
2347,2011-09-13,2720.28
2348,2011-09-14,2733.11
2349,2011-09-15,2729.05
2350,2011-09-16,2733.99
2351,2011-09-19,2679.27
2352,2011-09-20,2689.84
2353,2011-09-21,2771.01
2354,2011-09-22,2685.69
2355,2011-09-23,2669.48
2356,2011-09-26,2610.92
2357,2011-09-27,2637.88
2358,2011-09-28,2610.59
2359,2011-09-29,2588.19
2360,2011-09-30,2581.35
2361,2011-10-10,2557.08
2362,2011-10-11,2551.99
2363,2011-10-12,2644.76
2364,2011-10-13,2662.6
2365,2011-10-14,2653.78
2366,2011-10-17,2666.95
2367,2011-10-18,2592.21
2368,2011-10-19,2583.08
2369,2011-10-20,2520.53
2370,2011-10-21,2507.88
2371,2011-10-24,2576.67
2372,2011-10-25,2625.43
2373,2011-10-26,2651.65
2374,2011-10-27,2657.48
2375,2011-10-28,2709.02
2376,2011-10-31,2695.31
2377,2011-11-01,2697.53
2378,2011-11-02,2742.39
2379,2011-11-03,2744.3
2380,2011-11-04,2763.75
2381,2011-11-07,2736.25
2382,2011-11-08,2727.71
2383,2011-11-09,2751.65
2384,2011-11-10,2699.59
2385,2011-11-11,2695.0
2386,2011-11-14,2750.2
2387,2011-11-15,2744.68
2388,2011-11-16,2670.12
2389,2011-11-17,2662.02
2390,2011-11-18,2606.5
2391,2011-11-21,2609.69
2392,2011-11-22,2609.48
2393,2011-11-23,2584.01
2394,2011-11-24,2588.92
2395,2011-11-25,2569.97
2396,2011-11-28,2573.32
2397,2011-11-29,2608.57
2398,2011-11-30,2521.52
2399,2011-12-01,2583.61
2400,2011-12-02,2557.31
2401,2011-12-05,2521.39
2402,2011-12-06,2516.34
2403,2011-12-07,2528.23
2404,2011-12-08,2525.0
2405,2011-12-09,2503.46
2406,2011-12-12,2477.69
2407,2011-12-13,2421.93
2408,2011-12-14,2397.48
2409,2011-12-15,2340.79
2410,2011-12-16,2390.13
2411,2011-12-19,2384.41
2412,2011-12-20,2377.07
2413,2011-12-21,2339.11
2414,2011-12-22,2341.33
2415,2011-12-23,2359.16
2416,2011-12-26,2335.7
2417,2011-12-27,2305.03
2418,2011-12-28,2307.93
2419,2011-12-29,2311.36
2420,2011-12-30,2345.74
2421,2012-01-04,2298.75
2422,2012-01-05,2276.39
2423,2012-01-06,2290.6
2424,2012-01-09,2368.57
2425,2012-01-10,2447.35
2426,2012-01-11,2435.61
2427,2012-01-12,2435.22
2428,2012-01-13,2394.33
2429,2012-01-16,2345.65
2430,2012-01-17,2460.6
2431,2012-01-18,2422.19
2432,2012-01-19,2468.35
2433,2012-01-20,2504.09
2434,2012-01-30,2460.72
2435,2012-01-31,2464.26
2436,2012-02-01,2428.99
2437,2012-02-02,2486.24
2438,2012-02-03,2506.09
2439,2012-02-06,2504.32
2440,2012-02-07,2457.95
2441,2012-02-08,2528.24
2442,2012-02-09,2529.23
2443,2012-02-10,2533.62
2444,2012-02-13,2531.98
2445,2012-02-14,2522.11
2446,2012-02-15,2549.61
2447,2012-02-16,2536.07
2448,2012-02-17,2537.09
2449,2012-02-20,2540.71
2450,2012-02-21,2562.45
2451,2012-02-22,2597.48
2452,2012-02-23,2606.26
2453,2012-02-24,2648.02
2454,2012-02-27,2656.57
2455,2012-02-28,2662.46
2456,2012-02-29,2634.14
2457,2012-03-01,2633.34
2458,2012-03-02,2679.93
2459,2012-03-05,2662.7
2460,2012-03-06,2621.05
2461,2012-03-07,2603.0
2462,2012-03-08,2635.79
2463,2012-03-09,2664.3
2464,2012-03-12,2654.4
2465,2012-03-13,2681.07
2466,2012-03-14,2605.11
2467,2012-03-15,2585.55
2468,2012-03-16,2623.52
2469,2012-03-19,2630.01
2470,2012-03-20,2584.45
2471,2012-03-21,2587.79
2472,2012-03-22,2583.75
2473,2012-03-23,2552.94
2474,2012-03-26,2555.44
2475,2012-03-27,2547.14
2476,2012-03-28,2474.9
2477,2012-03-29,2443.12
2478,2012-03-30,2454.9
2479,2012-04-05,2512.83
2480,2012-04-06,2519.83
2481,2012-04-09,2495.15
2482,2012-04-10,2519.79
2483,2012-04-11,2520.04
2484,2012-04-12,2570.44
2485,2012-04-13,2580.45
2486,2012-04-16,2574.04
2487,2012-04-17,2541.88
2488,2012-04-18,2599.91
2489,2012-04-19,2596.06
2490,2012-04-20,2626.84
2491,2012-04-23,2606.04
2492,2012-04-24,2604.87
2493,2012-04-25,2625.99
2494,2012-04-26,2631.49
2495,2012-04-27,2626.16
2496,2012-05-02,2683.49
2497,2012-05-03,2691.52
2498,2012-05-04,2715.88
2499,2012-05-07,2717.78
2500,2012-05-08,2709.12
2501,2012-05-09,2657.51
2502,2012-05-10,2657.21
2503,2012-05-11,2636.92
2504,2012-05-14,2615.53
2505,2012-05-15,2617.37
2506,2012-05-16,2574.65
2507,2012-05-17,2613.94
2508,2012-05-18,2573.98
2509,2012-05-21,2587.23
2510,2012-05-22,2627.52
2511,2012-05-23,2616.87
2512,2012-05-24,2595.26
2513,2012-05-25,2573.1
2514,2012-05-28,2614.69
2515,2012-05-29,2650.85
2516,2012-05-30,2642.26
2517,2012-05-31,2632.04
2518,2012-06-01,2633.0
2519,2012-06-04,2559.03
2520,2012-06-05,2558.84
2521,2012-06-06,2557.4
2522,2012-06-07,2542.18
2523,2012-06-08,2524.33
2524,2012-06-11,2558.26
2525,2012-06-12,2540.18
2526,2012-06-13,2580.64
2527,2012-06-14,2560.42
2528,2012-06-15,2568.05
2529,2012-06-18,2581.21
2530,2012-06-19,2558.62
2531,2012-06-20,2552.61
2532,2012-06-21,2512.19
2533,2012-06-25,2456.52
2534,2012-06-26,2454.92
2535,2012-06-27,2447.2
2536,2012-06-28,2425.73
2537,2012-06-29,2461.61
2538,2012-07-02,2465.24
2539,2012-07-03,2468.72
2540,2012-07-04,2464.92
2541,2012-07-05,2430.37
2542,2012-07-06,2472.61
2543,2012-07-09,2416.04
2544,2012-07-10,2406.71
2545,2012-07-11,2425.57
2546,2012-07-12,2449.18
2547,2012-07-13,2450.63
2548,2012-07-16,2399.73
2549,2012-07-17,2414.2
2550,2012-07-18,2414.33
2551,2012-07-19,2424.32
2552,2012-07-20,2398.46
2553,2012-07-23,2365.43
2554,2012-07-24,2375.99
2555,2012-07-25,2360.08
2556,2012-07-26,2347.49
2557,2012-07-27,2349.11
2558,2012-07-30,2335.79
2559,2012-07-31,2332.92
2560,2012-08-01,2358.65
2561,2012-08-02,2334.88
2562,2012-08-03,2353.74
2563,2012-08-06,2385.61
2564,2012-08-07,2388.87
2565,2012-08-08,2389.8
2566,2012-08-09,2411.7
2567,2012-08-10,2399.75
2568,2012-08-13,2351.93
2569,2012-08-14,2357.02
2570,2012-08-15,2331.61
2571,2012-08-16,2319.67
2572,2012-08-17,2313.48
2573,2012-08-20,2301.79
2574,2012-08-21,2313.7
2575,2012-08-22,2295.59
2576,2012-08-23,2302.2
2577,2012-08-24,2275.68
2578,2012-08-27,2228.2
2579,2012-08-28,2238.41
2580,2012-08-29,2214.81
2581,2012-08-30,2211.37
2582,2012-08-31,2204.87
2583,2012-09-03,2228.37
2584,2012-09-04,2204.41
2585,2012-09-05,2199.88
2586,2012-09-06,2217.82
2587,2012-09-07,2317.18
2588,2012-09-10,2326.67
2589,2012-09-11,2311.89
2590,2012-09-12,2320.07
2591,2012-09-13,2298.46
2592,2012-09-14,2315.54
2593,2012-09-17,2258.7
2594,2012-09-18,2235.24
2595,2012-09-19,2246.24
2596,2012-09-20,2195.95
2597,2012-09-21,2199.06
2598,2012-09-24,2215.52
2599,2012-09-25,2210.15
2600,2012-09-26,2184.89
2601,2012-09-27,2251.72
2602,2012-09-28,2293.11
2603,2012-10-08,2270.05
2604,2012-10-09,2320.16
2605,2012-10-10,2324.12
2606,2012-10-11,2302.53
2607,2012-10-12,2304.53
2608,2012-10-15,2294.86
2609,2012-10-16,2298.16
2610,2012-10-17,2300.8
2611,2012-10-18,2336.08
2612,2012-10-19,2332.47
2613,2012-10-22,2341.59
2614,2012-10-23,2312.08
2615,2012-10-24,2307.78
2616,2012-10-25,2291.24
2617,2012-10-26,2247.91
2618,2012-10-29,2235.85
2619,2012-10-30,2239.88
2620,2012-10-31,2254.82
2621,2012-11-01,2297.88
2622,2012-11-02,2306.77
2623,2012-11-05,2301.88
2624,2012-11-06,2292.21
2625,2012-11-07,2287.51
2626,2012-11-08,2245.41
2627,2012-11-09,2240.92
2628,2012-11-12,2251.85
2629,2012-11-13,2212.44
2630,2012-11-14,2223.11
2631,2012-11-15,2193.62
2632,2012-11-16,2177.24
2633,2012-11-19,2174.99
2634,2012-11-20,2164.88
2635,2012-11-21,2194.9
2636,2012-11-22,2177.55
2637,2012-11-23,2192.68
2638,2012-11-26,2175.6
2639,2012-11-27,2150.64
2640,2012-11-28,2129.16
2641,2012-11-29,2115.68
2642,2012-11-30,2139.66
2643,2012-12-03,2108.85
2644,2012-12-04,2131.47
2645,2012-12-05,2207.88
2646,2012-12-06,2203.6
2647,2012-12-07,2246.76
2648,2012-12-10,2271.05
2649,2012-12-11,2258.5
2650,2012-12-12,2267.77
2651,2012-12-13,2242.64
2652,2012-12-14,2355.86
2653,2012-12-17,2366.7
2654,2012-12-18,2368.12
2655,2012-12-19,2371.11
2656,2012-12-20,2384.82
2657,2012-12-21,2372.0
2658,2012-12-24,2381.22
2659,2012-12-25,2448.39
2660,2012-12-26,2457.62
2661,2012-12-27,2444.59
2662,2012-12-28,2480.05
2663,2012-12-31,2522.95
2664,2013-01-04,2524.41
2665,2013-01-07,2535.99
2666,2013-01-08,2525.33
2667,2013-01-09,2526.13
2668,2013-01-10,2530.57
2669,2013-01-11,2483.23
2670,2013-01-14,2577.72
2671,2013-01-15,2595.86
2672,2013-01-16,2577.09
2673,2013-01-17,2552.76
2674,2013-01-18,2595.44
2675,2013-01-21,2610.9
2676,2013-01-22,2596.9
2677,2013-01-23,2607.46
2678,2013-01-24,2582.76
2679,2013-01-25,2571.67
2680,2013-01-28,2651.86
2681,2013-01-29,2675.87
2682,2013-01-30,2688.71
2683,2013-01-31,2686.88
2684,2013-02-01,2743.32
2685,2013-02-04,2748.03
2686,2013-02-05,2771.68
2687,2013-02-06,2775.84
2688,2013-02-07,2759.87
2689,2013-02-08,2771.72
2690,2013-02-18,2737.47
2691,2013-02-19,2685.61
2692,2013-02-20,2702.64
2693,2013-02-21,2610.55
2694,2013-02-22,2596.6
2695,2013-02-25,2604.96
2696,2013-02-26,2567.59
2697,2013-02-27,2594.68
2698,2013-02-28,2673.33
2699,2013-03-01,2668.84
2700,2013-03-04,2545.72
2701,2013-03-05,2622.81
2702,2013-03-06,2650.2
2703,2013-03-07,2619.48
2704,2013-03-08,2606.93
2705,2013-03-11,2592.37
2706,2013-03-12,2555.61
2707,2013-03-13,2527.49
2708,2013-03-14,2534.27
2709,2013-03-15,2539.87
2710,2013-03-18,2502.49
2711,2013-03-19,2525.1
2712,2013-03-20,2610.17
2713,2013-03-21,2614.99
2714,2013-03-22,2618.31
2715,2013-03-25,2613.1
2716,2013-03-26,2575.05
2717,2013-03-27,2583.53
2718,2013-03-28,2499.3
2719,2013-03-29,2495.08
2720,2013-04-01,2493.19
2721,2013-04-02,2486.39
2722,2013-04-03,2483.55
2723,2013-04-08,2472.3
2724,2013-04-09,2489.43
2725,2013-04-10,2485.31
2726,2013-04-11,2477.88
2727,2013-04-12,2462.11
2728,2013-04-15,2436.82
2729,2013-04-16,2459.59
2730,2013-04-17,2458.47
2731,2013-04-18,2464.85
2732,2013-04-19,2533.83
2733,2013-04-22,2530.67
2734,2013-04-23,2449.47
2735,2013-04-24,2495.58
2736,2013-04-25,2467.88
2737,2013-04-26,2447.31
2738,2013-05-02,2449.64
2739,2013-05-03,2492.91
2740,2013-05-06,2525.98
2741,2013-05-07,2529.94
2742,2013-05-08,2542.8
2743,2013-05-09,2527.79
2744,2013-05-10,2540.84
2745,2013-05-13,2530.77
2746,2013-05-14,2493.34
2747,2013-05-15,2506.93
2748,2013-05-16,2552.71
2749,2013-05-17,2592.05
2750,2013-05-20,2609.61
2751,2013-05-21,2614.85
2752,2013-05-22,2618.03
2753,2013-05-23,2582.85
2754,2013-05-24,2597.23
2755,2013-05-27,2599.59
2756,2013-05-28,2644.36
2757,2013-05-29,2642.56
2758,2013-05-30,2634.32
2759,2013-05-31,2606.43
2760,2013-06-03,2602.62
2761,2013-06-04,2565.67
2762,2013-06-05,2560.54
2763,2013-06-06,2527.84
2764,2013-06-07,2484.16
2765,2013-06-13,2399.94
2766,2013-06-14,2416.77
2767,2013-06-17,2403.84
2768,2013-06-18,2418.74
2769,2013-06-19,2400.76
2770,2013-06-20,2321.47
2771,2013-06-21,2317.39
2772,2013-06-24,2171.21
2773,2013-06-25,2165.42
2774,2013-06-26,2168.3
2775,2013-06-27,2160.74
2776,2013-06-28,2200.64
2777,2013-07-01,2213.32
2778,2013-07-02,2221.98
2779,2013-07-03,2203.83
2780,2013-07-04,2221.98
2781,2013-07-05,2226.85
2782,2013-07-08,2163.62
2783,2013-07-09,2162.67
2784,2013-07-10,2224.07
2785,2013-07-11,2326.69
2786,2013-07-12,2275.37
2787,2013-07-15,2307.3
2788,2013-07-16,2317.85
2789,2013-07-17,2282.84
2790,2013-07-18,2245.33
2791,2013-07-19,2190.48
2792,2013-07-22,2202.19
2793,2013-07-23,2265.84
2794,2013-07-24,2249.15
2795,2013-07-25,2237.68
2796,2013-07-26,2224.01
2797,2013-07-29,2175.97
2798,2013-07-30,2189.39
2799,2013-07-31,2193.02
2800,2013-08-01,2245.36
2801,2013-08-02,2247.26
2802,2013-08-05,2278.33
2803,2013-08-06,2293.64
2804,2013-08-07,2280.62
2805,2013-08-08,2276.78
2806,2013-08-09,2286.01
2807,2013-08-12,2352.79
2808,2013-08-13,2359.07
2809,2013-08-14,2349.08
2810,2013-08-15,2321.58
2811,2013-08-16,2304.14
2812,2013-08-19,2331.43
2813,2013-08-20,2312.47
2814,2013-08-21,2308.59
2815,2013-08-22,2303.93
2816,2013-08-23,2286.93
2817,2013-08-26,2335.62
2818,2013-08-27,2340.88
2819,2013-08-28,2328.06
2820,2013-08-29,2318.31
2821,2013-08-30,2313.91
2822,2013-09-02,2320.34
2823,2013-09-03,2354.5
2824,2013-09-04,2350.7
2825,2013-09-05,2341.74
2826,2013-09-06,2357.78
2827,2013-09-09,2440.61
2828,2013-09-10,2474.89
2829,2013-09-11,2482.89
2830,2013-09-12,2507.45
2831,2013-09-13,2488.9
2832,2013-09-16,2478.39
2833,2013-09-17,2427.32
2834,2013-09-18,2432.51
2835,2013-09-23,2472.29
2836,2013-09-24,2443.89
2837,2013-09-25,2429.03
2838,2013-09-26,2384.44
2839,2013-09-27,2394.97
2840,2013-09-30,2409.04
2841,2013-10-08,2441.81
2842,2013-10-09,2453.58
2843,2013-10-10,2429.32
2844,2013-10-11,2468.51
2845,2013-10-14,2472.54
2846,2013-10-15,2467.52
2847,2013-10-16,2421.37
2848,2013-10-17,2413.33
2849,2013-10-18,2426.05
2850,2013-10-21,2471.32
2851,2013-10-22,2445.89
2852,2013-10-23,2418.49
2853,2013-10-24,2400.51
2854,2013-10-25,2368.56
2855,2013-10-28,2365.95
2856,2013-10-29,2372.05
2857,2013-10-30,2407.47
2858,2013-10-31,2373.72
2859,2013-11-01,2384.96
2860,2013-11-04,2380.45
2861,2013-11-05,2383.77
2862,2013-11-06,2353.57
2863,2013-11-07,2340.55
2864,2013-11-08,2307.95
2865,2013-11-11,2315.89
2866,2013-11-12,2340.0
2867,2013-11-13,2288.12
2868,2013-11-14,2304.5
2869,2013-11-15,2350.73
2870,2013-11-18,2428.9
2871,2013-11-19,2412.16
2872,2013-11-20,2424.85
2873,2013-11-21,2409.99
2874,2013-11-22,2397.96
2875,2013-11-25,2388.63
2876,2013-11-26,2387.42
2877,2013-11-27,2414.48
2878,2013-11-28,2439.53
2879,2013-11-29,2438.94
2880,2013-12-02,2418.79
2881,2013-12-03,2442.78
2882,2013-12-04,2475.14
2883,2013-12-05,2468.2
2884,2013-12-06,2452.29
2885,2013-12-09,2450.87
2886,2013-12-10,2453.32
2887,2013-12-11,2412.76
2888,2013-12-12,2410.01
2889,2013-12-13,2406.64
2890,2013-12-16,2367.92
2891,2013-12-17,2356.38
2892,2013-12-18,2357.23
2893,2013-12-19,2332.41
2894,2013-12-20,2278.14
2895,2013-12-23,2284.6
2896,2013-12-24,2288.25
2897,2013-12-25,2305.11
2898,2013-12-26,2265.33
2899,2013-12-27,2303.48
2900,2013-12-30,2299.46
2901,2013-12-31,2330.03
2902,2014-01-02,2321.98
2903,2014-01-03,2290.78
2904,2014-01-06,2238.64
2905,2014-01-07,2238.0
2906,2014-01-08,2241.91
2907,2014-01-09,2222.22
2908,2014-01-10,2204.85
2909,2014-01-13,2193.68
2910,2014-01-14,2212.85
2911,2014-01-15,2208.94
2912,2014-01-16,2211.84
2913,2014-01-17,2178.49
2914,2014-01-20,2165.99
2915,2014-01-21,2187.41
2916,2014-01-22,2243.8
2917,2014-01-23,2231.89
2918,2014-01-24,2245.68
2919,2014-01-27,2215.92
2920,2014-01-28,2219.86
2921,2014-01-29,2227.78
2922,2014-01-30,2202.45
2923,2014-02-07,2212.48
2924,2014-02-10,2267.53
2925,2014-02-11,2285.56
2926,2014-02-12,2291.25
2927,2014-02-13,2279.55
2928,2014-02-14,2295.57
2929,2014-02-17,2311.65
2930,2014-02-18,2282.44
2931,2014-02-19,2308.66
2932,2014-02-20,2287.44
2933,2014-02-21,2264.29
2934,2014-02-24,2214.51
2935,2014-02-25,2157.91
2936,2014-02-26,2163.41
2937,2014-02-27,2154.11
2938,2014-02-28,2178.97
2939,2014-03-03,2190.37
2940,2014-03-04,2184.27
2941,2014-03-05,2163.98
2942,2014-03-06,2173.63
2943,2014-03-07,2168.36
2944,2014-03-10,2097.79
2945,2014-03-11,2108.66
2946,2014-03-12,2114.13
2947,2014-03-13,2140.33
2948,2014-03-14,2122.84
2949,2014-03-17,2143.04
2950,2014-03-18,2138.13
2951,2014-03-19,2120.87
2952,2014-03-20,2086.97
2953,2014-03-21,2158.8
2954,2014-03-24,2176.55
2955,2014-03-25,2174.44
2956,2014-03-26,2171.05
2957,2014-03-27,2155.71
2958,2014-03-28,2151.97
2959,2014-03-31,2146.3
2960,2014-04-01,2163.11
2961,2014-04-02,2180.73
2962,2014-04-03,2165.01
2963,2014-04-04,2185.47
2964,2014-04-08,2237.32
2965,2014-04-09,2238.62
2966,2014-04-10,2273.76
2967,2014-04-11,2270.67
2968,2014-04-14,2268.61
2969,2014-04-15,2229.46
2970,2014-04-16,2232.53
2971,2014-04-17,2224.8
2972,2014-04-18,2224.48
2973,2014-04-21,2187.25
2974,2014-04-22,2196.8
2975,2014-04-23,2194.67
2976,2014-04-24,2190.47
2977,2014-04-25,2167.83
2978,2014-04-28,2134.97
2979,2014-04-29,2158.47
2980,2014-04-30,2158.66
2981,2014-05-05,2156.47
2982,2014-05-06,2157.33
2983,2014-05-07,2137.32
2984,2014-05-08,2135.5
2985,2014-05-09,2133.91
2986,2014-05-12,2180.05
2987,2014-05-13,2174.85
2988,2014-05-14,2172.37
2989,2014-05-15,2144.08
2990,2014-05-16,2145.95
2991,2014-05-19,2115.14
2992,2014-05-20,2115.77
2993,2014-05-21,2135.91
2994,2014-05-22,2130.87
2995,2014-05-23,2148.41
2996,2014-05-26,2155.98
2997,2014-05-27,2147.28
2998,2014-05-28,2169.35
2999,2014-05-29,2155.16
3000,2014-05-30,2156.46
3001,2014-06-03,2149.92
3002,2014-06-04,2128.27
3003,2014-06-05,2150.6
3004,2014-06-06,2134.72
3005,2014-06-09,2134.28
3006,2014-06-10,2161.27
3007,2014-06-11,2160.77
3008,2014-06-12,2153.41
3009,2014-06-13,2176.24
3010,2014-06-16,2191.86
3011,2014-06-17,2169.67
3012,2014-06-18,2160.24
3013,2014-06-19,2126.91
3014,2014-06-20,2136.73
3015,2014-06-23,2134.11
3016,2014-06-24,2144.82
3017,2014-06-25,2133.37
3018,2014-06-26,2149.08
3019,2014-06-27,2150.26
3020,2014-06-30,2165.12
3021,2014-07-01,2164.56
3022,2014-07-02,2170.87
3023,2014-07-03,2180.19
3024,2014-07-04,2178.7
3025,2014-07-07,2176.29
3026,2014-07-08,2180.47
3027,2014-07-09,2148.71
3028,2014-07-10,2142.85
3029,2014-07-11,2148.01
3030,2014-07-14,2171.76
3031,2014-07-15,2174.98
3032,2014-07-16,2170.87
3033,2014-07-17,2157.07
3034,2014-07-18,2164.14
3035,2014-07-21,2166.3
3036,2014-07-22,2192.7
3037,2014-07-23,2197.83
3038,2014-07-24,2237.01
3039,2014-07-25,2260.45
3040,2014-07-28,2323.9
3041,2014-07-29,2331.37
3042,2014-07-30,2322.01
3043,2014-07-31,2350.25
3044,2014-08-01,2329.4
3045,2014-08-04,2375.62
3046,2014-08-05,2369.35
3047,2014-08-06,2363.22
3048,2014-08-07,2327.46
3049,2014-08-08,2331.13
3050,2014-08-11,2365.35
3051,2014-08-12,2357.05
3052,2014-08-13,2358.9
3053,2014-08-14,2335.95
3054,2014-08-15,2360.64
3055,2014-08-18,2374.56
3056,2014-08-19,2374.77
3057,2014-08-20,2366.14
3058,2014-08-21,2354.24
3059,2014-08-22,2365.36
3060,2014-08-25,2342.86
3061,2014-08-26,2324.09
3062,2014-08-27,2327.59
3063,2014-08-28,2311.28
3064,2014-08-29,2338.29
3065,2014-09-01,2355.32
3066,2014-09-02,2386.46
3067,2014-09-03,2408.84
3068,2014-09-04,2426.22
3069,2014-09-05,2449.26
3070,2014-09-09,2445.22
3071,2014-09-10,2432.43
3072,2014-09-11,2423.45
3073,2014-09-12,2438.36
3074,2014-09-15,2437.19
3075,2014-09-16,2388.76
3076,2014-09-17,2401.33
3077,2014-09-18,2408.66
3078,2014-09-19,2425.21
3079,2014-09-22,2378.92
3080,2014-09-23,2399.46
3081,2014-09-24,2441.86
3082,2014-09-25,2436.97
3083,2014-09-26,2437.2
3084,2014-09-29,2447.8
3085,2014-09-30,2450.99
3086,2014-10-08,2478.38
3087,2014-10-09,2481.95
3088,2014-10-10,2466.79
3089,2014-10-13,2454.95
3090,2014-10-14,2446.56
3091,2014-10-15,2463.87
3092,2014-10-16,2444.39
3093,2014-10-17,2441.73
3094,2014-10-20,2454.71
3095,2014-10-21,2433.39
3096,2014-10-22,2418.64
3097,2014-10-23,2395.94
3098,2014-10-24,2390.71
3099,2014-10-27,2368.83
3100,2014-10-28,2416.65
3101,2014-10-29,2451.38
3102,2014-10-30,2468.93
3103,2014-10-31,2508.32
3104,2014-11-03,2512.55
3105,2014-11-04,2513.17
3106,2014-11-05,2503.45
3107,2014-11-06,2506.07
3108,2014-11-07,2502.15
3109,2014-11-10,2565.73
3110,2014-11-11,2558.61
3111,2014-11-12,2594.32
3112,2014-11-13,2579.75
3113,2014-11-14,2581.09
3114,2014-11-17,2567.1
3115,2014-11-18,2541.42
3116,2014-11-19,2537.22
3117,2014-11-20,2537.1
3118,2014-11-21,2583.45
3119,2014-11-24,2649.26
3120,2014-11-25,2685.56
3121,2014-11-26,2723.02
3122,2014-11-27,2754.49
3123,2014-11-28,2808.82
3124,2014-12-01,2819.81
3125,2014-12-02,2923.94
3126,2014-12-03,2967.55
3127,2014-12-04,3104.35
3128,2014-12-05,3124.89
3129,2014-12-08,3252.88
3130,2014-12-09,3106.91
3131,2014-12-10,3221.55
3132,2014-12-11,3183.01
3133,2014-12-12,3193.23
3134,2014-12-15,3217.23
3135,2014-12-16,3303.4
3136,2014-12-17,3360.6
3137,2014-12-18,3345.93
3138,2014-12-19,3383.17
3139,2014-12-22,3394.48
3140,2014-12-23,3324.92
3141,2014-12-24,3230.39
3142,2014-12-25,3335.42
3143,2014-12-26,3445.84
3144,2014-12-29,3455.45
3145,2014-12-30,3457.55
3146,2014-12-31,3533.7
3147,2015-01-05,3641.54
3148,2015-01-06,3641.06
3149,2015-01-07,3643.79
3150,2015-01-08,3559.26
3151,2015-01-09,3546.72
3152,2015-01-12,3513.58
3153,2015-01-13,3514.04
3154,2015-01-14,3502.42
3155,2015-01-15,3604.12
3156,2015-01-16,3635.15
3157,2015-01-19,3355.16
3158,2015-01-20,3396.22
3159,2015-01-21,3548.89
3160,2015-01-22,3567.61
3161,2015-01-23,3571.73
3162,2015-01-26,3607.99
3163,2015-01-27,3574.93
3164,2015-01-28,3525.32
3165,2015-01-29,3481.8
3166,2015-01-30,3434.39
3167,2015-02-02,3353.96
3168,2015-02-03,3437.45
3169,2015-02-04,3401.77
3170,2015-02-05,3366.95
3171,2015-02-06,3312.42
3172,2015-02-09,3345.92
3173,2015-02-10,3406.94
3174,2015-02-11,3434.12
3175,2015-02-12,3442.87
3176,2015-02-13,3469.83
3177,2015-02-16,3499.48
3178,2015-02-17,3522.32
3179,2015-02-25,3478.73
3180,2015-02-26,3566.3
3181,2015-02-27,3572.84
3182,2015-03-02,3601.26
3183,2015-03-03,3507.9
3184,2015-03-04,3530.82
3185,2015-03-05,3496.34
3186,2015-03-06,3478.52
3187,2015-03-09,3537.75
3188,2015-03-10,3520.61
3189,2015-03-11,3524.65
3190,2015-03-12,3592.84
3191,2015-03-13,3617.66
3192,2015-03-16,3705.67
3193,2015-03-17,3757.12
3194,2015-03-18,3846.05
3195,2015-03-19,3839.74
3196,2015-03-20,3892.57
3197,2015-03-23,3972.06
3198,2015-03-24,3973.05
3199,2015-03-25,3940.41
3200,2015-03-26,3950.0
3201,2015-03-27,3971.7
3202,2015-03-30,4088.18
3203,2015-03-31,4051.2
3204,2015-04-01,4123.9
3205,2015-04-02,4124.78
3206,2015-04-03,4170.54
3207,2015-04-07,4260.04
3208,2015-04-08,4295.8
3209,2015-04-09,4262.14
3210,2015-04-10,4344.42
3211,2015-04-13,4421.07
3212,2015-04-14,4438.18
3213,2015-04-15,4380.51
3214,2015-04-16,4513.55
3215,2015-04-17,4596.14
3216,2015-04-20,4521.92
3217,2015-04-21,4619.16
3218,2015-04-22,4739.81
3219,2015-04-23,4740.89
3220,2015-04-24,4702.64
3221,2015-04-27,4807.59
3222,2015-04-28,4741.86
3223,2015-04-29,4774.33
3224,2015-04-30,4749.89
3225,2015-05-04,4787.74
3226,2015-05-05,4596.84
3227,2015-05-06,4553.33
3228,2015-05-07,4470.09
3229,2015-05-08,4558.4
3230,2015-05-11,4690.53
3231,2015-05-12,4747.42
3232,2015-05-13,4718.44
3233,2015-05-14,4700.78
3234,2015-05-15,4617.47
3235,2015-05-18,4575.14
3236,2015-05-19,4731.22
3237,2015-05-20,4754.92
3238,2015-05-21,4840.98
3239,2015-05-22,4951.34
3240,2015-05-25,5099.49
3241,2015-05-26,5198.92
3242,2015-05-27,5181.43
3243,2015-05-28,4834.01
3244,2015-05-29,4840.83
3245,2015-06-01,5076.18
3246,2015-06-02,5161.87
3247,2015-06-03,5143.59
3248,2015-06-04,5181.42
3249,2015-06-05,5230.55
3250,2015-06-08,5353.75
3251,2015-06-09,5317.46
3252,2015-06-10,5309.11
3253,2015-06-11,5306.59
3254,2015-06-12,5335.12
3255,2015-06-15,5221.17
3256,2015-06-16,5064.82
3257,2015-06-17,5138.83
3258,2015-06-18,4930.55
3259,2015-06-19,4637.05
3260,2015-06-23,4786.09
3261,2015-06-24,4880.13
3262,2015-06-25,4706.52
3263,2015-06-26,4336.19
3264,2015-06-29,4191.55
3265,2015-06-30,4473.0
3266,2015-07-01,4253.02
3267,2015-07-02,4108.0
3268,2015-07-03,3885.92
3269,2015-07-06,3998.54
3270,2015-07-07,3928.0
3271,2015-07-08,3663.04
3272,2015-07-09,3897.63
3273,2015-07-10,4106.56
3274,2015-07-13,4211.81
3275,2015-07-14,4112.15
3276,2015-07-15,3966.76
3277,2015-07-16,3997.36
3278,2015-07-17,4151.5
3279,2015-07-20,4160.61
3280,2015-07-21,4166.01
3281,2015-07-22,4157.16
3282,2015-07-23,4250.81
3283,2015-07-24,4176.28
3284,2015-07-27,3818.73
3285,2015-07-28,3811.09
3286,2015-07-29,3930.38
3287,2015-07-30,3815.41
3288,2015-07-31,3816.7
3289,2015-08-03,3829.24
3290,2015-08-04,3948.16
3291,2015-08-05,3866.9
3292,2015-08-06,3831.85
3293,2015-08-07,3906.94
3294,2015-08-10,4084.36
3295,2015-08-11,4066.67
3296,2015-08-12,4016.13
3297,2015-08-13,4075.46
3298,2015-08-14,4073.54
3299,2015-08-17,4077.87
3300,2015-08-18,3825.41
3301,2015-08-19,3886.14
3302,2015-08-20,3761.45
3303,2015-08-21,3589.54
3304,2015-08-24,3275.53
3305,2015-08-25,3042.93
3306,2015-08-26,3025.69
3307,2015-08-27,3205.64
3308,2015-08-28,3342.29
3309,2015-08-31,3366.54
3310,2015-09-01,3362.08
3311,2015-09-02,3365.83
3312,2015-09-07,3250.49
3313,2015-09-08,3334.02
3314,2015-09-09,3399.31
3315,2015-09-10,3357.56
3316,2015-09-11,3347.19
3317,2015-09-14,3281.13
3318,2015-09-15,3152.23
3319,2015-09-16,3309.25
3320,2015-09-17,3237.0
3321,2015-09-18,3251.27
3322,2015-09-21,3308.25
3323,2015-09-22,3339.03
3324,2015-09-23,3263.03
3325,2015-09-24,3285.0
3326,2015-09-25,3231.95
3327,2015-09-28,3242.75
3328,2015-09-29,3178.85
3329,2015-09-30,3202.95
3330,2015-10-08,3296.48
3331,2015-10-09,3340.12
3332,2015-10-12,3447.69
3333,2015-10-13,3445.04
3334,2015-10-14,3406.11
3335,2015-10-15,3486.82
3336,2015-10-16,3534.07
3337,2015-10-19,3534.18
3338,2015-10-20,3577.7
3339,2015-10-21,3473.25
3340,2015-10-22,3524.53
3341,2015-10-23,3571.24
3342,2015-10-26,3589.26
3343,2015-10-27,3592.88
3344,2015-10-28,3524.92
3345,2015-10-29,3533.31
3346,2015-10-30,3534.08
3347,2015-11-02,3475.96
3348,2015-11-03,3465.49
3349,2015-11-04,3628.54
3350,2015-11-05,3705.97
3351,2015-11-06,3793.37
3352,2015-11-09,3840.35
3353,2015-11-10,3833.24
3354,2015-11-11,3833.65
3355,2015-11-12,3795.32
3356,2015-11-13,3746.24
3357,2015-11-16,3764.13
3358,2015-11-17,3758.39
3359,2015-11-18,3715.58
3360,2015-11-19,3774.97
3361,2015-11-20,3774.38
3362,2015-11-23,3753.34
3363,2015-11-24,3753.89
3364,2015-11-25,3781.61
3365,2015-11-26,3759.43
3366,2015-11-27,3556.99
3367,2015-11-30,3566.41
3368,2015-12-01,3591.7
3369,2015-12-02,3721.95
3370,2015-12-03,3749.3
3371,2015-12-04,3677.59
3372,2015-12-07,3687.61
3373,2015-12-08,3623.02
3374,2015-12-09,3635.94
3375,2015-12-10,3623.08
3376,2015-12-11,3608.06
3377,2015-12-14,3711.32
3378,2015-12-15,3694.39
3379,2015-12-16,3685.44
3380,2015-12-17,3755.89
3381,2015-12-18,3767.91
3382,2015-12-21,3865.96
3383,2015-12-22,3876.73
3384,2015-12-23,3866.38
3385,2015-12-24,3829.4
3386,2015-12-25,3838.2
3387,2015-12-28,3727.63
3388,2015-12-29,3761.87
3389,2015-12-30,3765.18
3390,2015-12-31,3731.0
3391,2016-01-04,3469.07
3392,2016-01-05,3478.78
3393,2016-01-06,3539.81
3394,2016-01-07,3294.38
3395,2016-01-08,3361.56
3396,2016-01-11,3192.45
3397,2016-01-12,3215.71
3398,2016-01-13,3155.88
3399,2016-01-14,3221.57
3400,2016-01-15,3118.73
3401,2016-01-18,3130.73
3402,2016-01-19,3223.13
3403,2016-01-20,3174.38
3404,2016-01-21,3081.35
3405,2016-01-22,3113.46
3406,2016-01-25,3128.89
3407,2016-01-26,2940.51
3408,2016-01-27,2930.35
3409,2016-01-28,2853.76
3410,2016-01-29,2946.09
3411,2016-02-01,2901.05
3412,2016-02-02,2961.33
3413,2016-02-03,2948.64
3414,2016-02-04,2984.76
3415,2016-02-05,2963.79
3416,2016-02-15,2946.71
3417,2016-02-16,3037.04
3418,2016-02-17,3063.32
3419,2016-02-18,3053.7
3420,2016-02-19,3051.59
3421,2016-02-22,3118.87
3422,2016-02-23,3089.36
3423,2016-02-24,3109.55
3424,2016-02-25,2918.75
3425,2016-02-26,2948.03
3426,2016-02-29,2877.47
3427,2016-03-01,2930.69
3428,2016-03-02,3051.33
3429,2016-03-03,3058.42
3430,2016-03-04,3093.89
3431,2016-03-07,3104.84
3432,2016-03-08,3107.67
3433,2016-03-09,3071.91
3434,2016-03-10,3013.15
3435,2016-03-11,3018.28
3436,2016-03-14,3065.69
3437,2016-03-15,3074.78
3438,2016-03-16,3090.03
3439,2016-03-17,3124.2
3440,2016-03-18,3171.96
3441,2016-03-21,3249.44
3442,2016-03-22,3225.79
3443,2016-03-23,3236.09
3444,2016-03-24,3181.85
3445,2016-03-25,3197.82
3446,2016-03-28,3169.73
3447,2016-03-29,3135.41
3448,2016-03-30,3216.28
3449,2016-03-31,3218.09
3450,2016-04-01,3221.89
3451,2016-04-05,3264.49
3452,2016-04-06,3257.53
3453,2016-04-07,3209.29
3454,2016-04-08,3185.73
3455,2016-04-11,3230.1
3456,2016-04-12,3218.45
3457,2016-04-13,3261.38
3458,2016-04-14,3275.83
3459,2016-04-15,3272.21
3460,2016-04-18,3228.45
3461,2016-04-19,3238.3
3462,2016-04-20,3181.03
3463,2016-04-21,3160.6
3464,2016-04-22,3174.9
3465,2016-04-25,3162.03
3466,2016-04-26,3179.16
3467,2016-04-27,3165.92
3468,2016-04-28,3160.58
3469,2016-04-29,3156.75
3470,2016-05-03,3213.54
3471,2016-05-04,3209.46
3472,2016-05-05,3213.92
3473,2016-05-06,3130.35
3474,2016-05-09,3065.62
3475,2016-05-10,3069.11
3476,2016-05-11,3082.81
3477,2016-05-12,3090.14
3478,2016-05-13,3074.94
3479,2016-05-16,3095.31
3480,2016-05-17,3086.02
3481,2016-05-18,3068.04
3482,2016-05-19,3062.5
3483,2016-05-20,3078.22
3484,2016-05-23,3087.22
3485,2016-05-24,3063.56
3486,2016-05-25,3059.23
3487,2016-05-26,3064.21
3488,2016-05-27,3062.5
3489,2016-05-30,3066.71
3490,2016-05-31,3169.56
3491,2016-06-01,3160.55
3492,2016-06-02,3167.1
3493,2016-06-03,3189.33
3494,2016-06-06,3178.79
3495,2016-06-07,3177.05
3496,2016-06-08,3163.99
3497,2016-06-13,3066.34
3498,2016-06-14,3075.98
3499,2016-06-15,3116.37
3500,2016-06-16,3094.67
3501,2016-06-17,3110.36
3502,2016-06-20,3112.67
3503,2016-06-21,3106.32
3504,2016-06-22,3133.96
3505,2016-06-23,3117.32
3506,2016-06-24,3077.16
3507,2016-06-27,3120.54
3508,2016-06-28,3136.4
3509,2016-06-29,3151.39
3510,2016-06-30,3153.92
3511,2016-07-01,3154.2
3512,2016-07-04,3204.7
3513,2016-07-05,3207.38
3514,2016-07-06,3216.8
3515,2016-07-07,3209.95
3516,2016-07-08,3192.28
3517,2016-07-11,3203.33
3518,2016-07-12,3273.18
3519,2016-07-13,3282.87
3520,2016-07-14,3276.76
3521,2016-07-15,3276.28
3522,2016-07-18,3262.02
3523,2016-07-19,3248.23
3524,2016-07-20,3237.61
3525,2016-07-21,3252.52
3526,2016-07-22,3225.16
3527,2016-07-25,3230.89
3528,2016-07-26,3269.59
3529,2016-07-27,3218.24
3530,2016-07-28,3221.14
3531,2016-07-29,3203.93
3532,2016-08-01,3176.81
3533,2016-08-02,3189.05
3534,2016-08-03,3193.51
3535,2016-08-04,3201.29
3536,2016-08-05,3205.11
3537,2016-08-08,3234.18
3538,2016-08-09,3256.98
3539,2016-08-10,3243.34
3540,2016-08-11,3233.36
3541,2016-08-12,3294.23
3542,2016-08-15,3393.42
3543,2016-08-16,3378.25
3544,2016-08-17,3373.05
3545,2016-08-18,3364.49
3546,2016-08-19,3365.02
3547,2016-08-22,3336.79
3548,2016-08-23,3341.83
3549,2016-08-24,3329.86
3550,2016-08-25,3308.97
3551,2016-08-26,3307.09
3552,2016-08-29,3307.78
3553,2016-08-30,3311.99
3554,2016-08-31,3327.79
3555,2016-09-01,3301.58
3556,2016-09-02,3314.11
3557,2016-09-05,3319.68
3558,2016-09-06,3342.63
3559,2016-09-07,3340.82
3560,2016-09-08,3339.56
3561,2016-09-09,3318.04
3562,2016-09-12,3262.6
3563,2016-09-13,3260.33
3564,2016-09-14,3238.73
3565,2016-09-19,3263.12
3566,2016-09-20,3257.4
3567,2016-09-21,3266.64
3568,2016-09-22,3291.12
3569,2016-09-23,3275.67
3570,2016-09-26,3220.28
3571,2016-09-27,3240.75
3572,2016-09-28,3230.89
3573,2016-09-29,3244.39
3574,2016-09-30,3253.28
3575,2016-10-10,3293.87
3576,2016-10-11,3306.56
3577,2016-10-12,3300.01
3578,2016-10-13,3302.65
3579,2016-10-14,3305.85
3580,2016-10-17,3277.88
3581,2016-10-18,3321.33
3582,2016-10-19,3316.24
3583,2016-10-20,3318.6
3584,2016-10-21,3327.74
3585,2016-10-24,3367.58
3586,2016-10-25,3367.45
3587,2016-10-26,3354.8
3588,2016-10-27,3345.7
3589,2016-10-28,3340.13
3590,2016-10-31,3336.28
3591,2016-11-01,3359.05
3592,2016-11-02,3333.35
3593,2016-11-03,3365.09
3594,2016-11-04,3354.17
3595,2016-11-07,3356.59
3596,2016-11-08,3371.12
3597,2016-11-09,3353.05
3598,2016-11-10,3390.61
3599,2016-11-11,3417.22
3600,2016-11-14,3430.25
3601,2016-11-15,3429.87
3602,2016-11-16,3429.59
3603,2016-11-17,3436.53
3604,2016-11-18,3417.46
3605,2016-11-21,3441.11
3606,2016-11-22,3468.36
3607,2016-11-23,3474.73
3608,2016-11-24,3488.74
3609,2016-11-25,3521.3
3610,2016-11-28,3535.08
3611,2016-11-29,3564.04
3612,2016-11-30,3538.0
3613,2016-12-01,3565.04
3614,2016-12-02,3528.95
3615,2016-12-05,3469.41
3616,2016-12-06,3459.15
3617,2016-12-07,3475.75
3618,2016-12-08,3470.14
3619,2016-12-09,3493.7
3620,2016-12-12,3409.18
3621,2016-12-13,3405.04
3622,2016-12-14,3378.95
3623,2016-12-15,3340.43
3624,2016-12-16,3346.03
3625,2016-12-19,3328.98
3626,2016-12-20,3309.06
3627,2016-12-21,3338.54
3628,2016-12-22,3335.67
3629,2016-12-23,3307.6
3630,2016-12-26,3322.4
3631,2016-12-27,3316.39
3632,2016-12-28,3301.89
3633,2016-12-29,3297.76
3634,2016-12-30,3310.08
3635,2017-01-03,3342.23
3636,2017-01-04,3368.31
3637,2017-01-05,3367.79
3638,2017-01-06,3347.67
3639,2017-01-09,3363.9
3640,2017-01-10,3358.27
3641,2017-01-11,3334.5
3642,2017-01-12,3317.62
3643,2017-01-13,3319.91
3644,2017-01-16,3319.45
3645,2017-01-17,3326.36
3646,2017-01-18,3339.37
3647,2017-01-19,3329.29
3648,2017-01-20,3354.89
3649,2017-01-23,3364.08
3650,2017-01-24,3364.45
3651,2017-01-25,3375.9
3652,2017-01-26,3387.96
3653,2017-02-03,3364.49
3654,2017-02-06,3373.21
3655,2017-02-07,3365.68
3656,2017-02-08,3383.29
3657,2017-02-09,3396.29
3658,2017-02-10,3413.49
3659,2017-02-13,3436.28
3660,2017-02-14,3435.8
3661,2017-02-15,3421.71
3662,2017-02-16,3440.93
3663,2017-02-17,3421.44
3664,2017-02-20,3471.39
3665,2017-02-21,3482.82
3666,2017-02-22,3489.76
3667,2017-02-23,3473.32
3668,2017-02-24,3473.85
3669,2017-02-27,3446.22
3670,2017-02-28,3452.81
3671,2017-03-01,3458.44
3672,2017-03-02,3435.1
3673,2017-03-03,3427.86
3674,2017-03-06,3446.48
3675,2017-03-07,3453.96
3676,2017-03-08,3448.73
3677,2017-03-09,3426.94
3678,2017-03-10,3427.89
3679,2017-03-13,3458.1
3680,2017-03-14,3456.69
3681,2017-03-15,3463.64
3682,2017-03-16,3481.51
3683,2017-03-17,3445.81
3684,2017-03-20,3449.61
3685,2017-03-21,3466.35
3686,2017-03-22,3450.05
3687,2017-03-23,3461.98
3688,2017-03-24,3489.6
3689,2017-03-27,3478.04
3690,2017-03-28,3469.81
3691,2017-03-29,3465.19
3692,2017-03-30,3436.76
3693,2017-03-31,3456.05
3694,2017-04-05,3503.89
3695,2017-04-06,3514.05
3696,2017-04-07,3517.46
3697,2017-04-10,3505.14
3698,2017-04-11,3517.33
3699,2017-04-12,3509.44
3700,2017-04-13,3514.57
3701,2017-04-14,3486.5
3702,2017-04-17,3479.94
3703,2017-04-18,3462.74
3704,2017-04-19,3445.88
3705,2017-04-20,3461.55
3706,2017-04-21,3466.79
3707,2017-04-24,3431.26
3708,2017-04-25,3440.97
3709,2017-04-26,3445.18
3710,2017-04-27,3446.72
3711,2017-04-28,3439.75
3712,2017-05-02,3426.58
3713,2017-05-03,3413.13
3714,2017-05-04,3404.39
3715,2017-05-05,3382.55
3716,2017-05-08,3358.81
3717,2017-05-09,3352.53
3718,2017-05-10,3337.7
3719,2017-05-11,3356.65
3720,2017-05-12,3385.38
3721,2017-05-15,3399.19
3722,2017-05-16,3428.65
3723,2017-05-17,3409.97
3724,2017-05-18,3398.11
3725,2017-05-19,3403.85
3726,2017-05-22,3411.24
3727,2017-05-23,3424.19
3728,2017-05-24,3424.17
3729,2017-05-25,3485.66
3730,2017-05-26,3480.43
3731,2017-05-31,3492.88
3732,2017-06-01,3497.74
3733,2017-06-02,3486.51
3734,2017-06-05,3468.75
3735,2017-06-06,3492.88
3736,2017-06-07,3533.87
3737,2017-06-08,3560.98
3738,2017-06-09,3576.17
3739,2017-06-12,3574.39
3740,2017-06-13,3582.27
3741,2017-06-14,3535.3
3742,2017-06-15,3528.79
3743,2017-06-16,3518.76
3744,2017-06-19,3553.67
3745,2017-06-20,3546.49
3746,2017-06-21,3587.95
3747,2017-06-22,3590.34
3748,2017-06-23,3622.88
3749,2017-06-26,3668.09
3750,2017-06-27,3674.72
3751,2017-06-28,3646.17
3752,2017-06-29,3668.83
3753,2017-06-30,3666.8
3754,2017-07-03,3650.85
3755,2017-07-04,3619.98
3756,2017-07-05,3659.68
3757,2017-07-06,3660.1
3758,2017-07-07,3655.93
3759,2017-07-10,3653.69
3760,2017-07-11,3670.81
3761,2017-07-12,3658.82
3762,2017-07-13,3686.92
3763,2017-07-14,3703.09
3764,2017-07-17,3663.56
3765,2017-07-18,3667.18
3766,2017-07-19,3729.75
3767,2017-07-20,3747.88
3768,2017-07-21,3728.6
3769,2017-07-24,3743.47
3770,2017-07-25,3719.56
3771,2017-07-26,3705.39
3772,2017-07-27,3712.2
3773,2017-07-28,3721.89
3774,2017-07-31,3737.87
3775,2017-08-01,3770.38
3776,2017-08-02,3760.85
3777,2017-08-03,3727.83
3778,2017-08-04,3707.58
3779,2017-08-07,3726.8
3780,2017-08-08,3732.21
3781,2017-08-09,3731.04
3782,2017-08-10,3715.92
3783,2017-08-11,3647.35
3784,2017-08-14,3694.68
3785,2017-08-15,3706.06
3786,2017-08-16,3701.42
3787,2017-08-17,3721.28
3788,2017-08-18,3724.68
3789,2017-08-21,3740.99
3790,2017-08-22,3752.3
3791,2017-08-23,3756.09
3792,2017-08-24,3734.65
3793,2017-08-25,3795.75
3794,2017-08-28,3842.71
3795,2017-08-29,3834.54
3796,2017-08-30,3834.3
3797,2017-08-31,3822.09
3798,2017-09-01,3830.54
3799,2017-09-04,3845.62
3800,2017-09-05,3857.05
3801,2017-09-06,3849.45
3802,2017-09-07,3829.87
3803,2017-09-08,3825.99
3804,2017-09-11,3825.64
3805,2017-09-12,3837.93
3806,2017-09-13,3842.61
3807,2017-09-14,3829.96
3808,2017-09-15,3831.3
3809,2017-09-18,3843.14
3810,2017-09-19,3832.12
3811,2017-09-20,3842.43
3812,2017-09-21,3837.82
3813,2017-09-22,3837.73
3814,2017-09-25,3817.79
3815,2017-09-26,3820.78
3816,2017-09-27,3821.2
3817,2017-09-28,3822.54
3818,2017-09-29,3836.5
3819,2017-10-09,3882.21
3820,2017-10-10,3889.86
3821,2017-10-11,3902.69
3822,2017-10-12,3912.95
3823,2017-10-13,3921.0
3824,2017-10-16,3913.45
3825,2017-10-17,3913.07
3826,2017-10-18,3944.16
3827,2017-10-19,3931.25
3828,2017-10-20,3926.85
3829,2017-10-23,3930.8
3830,2017-10-24,3959.39
3831,2017-10-25,3976.95
3832,2017-10-26,3993.58
3833,2017-10-27,4021.97
3834,2017-10-30,4009.72
3835,2017-10-31,4006.72
3836,2017-11-01,3996.62
3837,2017-11-02,3997.13
3838,2017-11-03,3992.7
3839,2017-11-06,4020.89
3840,2017-11-07,4054.25
3841,2017-11-08,4048.01
3842,2017-11-09,4075.9
3843,2017-11-10,4111.91
3844,2017-11-13,4128.07
3845,2017-11-14,4099.35
3846,2017-11-15,4073.67
3847,2017-11-16,4105.01
3848,2017-11-17,4120.85
3849,2017-11-20,4143.83
3850,2017-11-21,4217.7
3851,2017-11-22,4227.57
3852,2017-11-23,4102.4
3853,2017-11-24,4104.2
3854,2017-11-27,4049.95
3855,2017-11-28,4055.82
3856,2017-11-29,4053.75
3857,2017-11-30,4006.1
3858,2017-12-01,3998.14
3859,2017-12-04,4018.86
3860,2017-12-05,4040.17
3861,2017-12-06,4015.82
3862,2017-12-07,3971.06
3863,2017-12-08,4003.38
3864,2017-12-11,4069.5
3865,2017-12-12,4016.02
3866,2017-12-13,4050.09
3867,2017-12-14,4026.15
3868,2017-12-15,3980.86
3869,2017-12-18,3985.29
3870,2017-12-19,4035.33
3871,2017-12-20,4030.49
3872,2017-12-21,4067.85
3873,2017-12-22,4054.6
3874,2017-12-25,4041.54
3875,2017-12-26,4053.62
3876,2017-12-27,3991.21
3877,2017-12-28,4018.9
3878,2017-12-29,4030.86
