,Index,LMAHDS03
0,2003-12-11,559
1,2003-12-12,590
2,2003-12-15,700
3,2003-12-16,427
4,2003-12-17,630
5,2003-12-18,843
6,2003-12-19,507
7,2003-12-22,458
8,2003-12-23,208
9,2003-12-26,516
10,2003-12-29,323
11,2003-12-30,713
12,2003-12-31,1236
13,2004-01-02,991
14,2004-01-05,718
15,2004-01-06,366
16,2004-01-07,870
17,2004-01-08,969
18,2004-01-09,969
19,2004-01-12,919
20,2004-01-13,658
21,2004-01-14,1705
22,2004-01-15,823
23,2004-01-16,596
24,2004-01-20,966
25,2004-01-21,853
26,2004-01-22,1494
27,2004-01-28,939
28,2004-01-29,969
29,2004-01-30,704
30,2004-02-02,969
31,2004-02-03,954
32,2004-02-04,740
33,2004-02-05,840
34,2004-02-06,1243
35,2004-02-09,984
36,2004-02-10,845
37,2004-02-11,1160
38,2004-02-12,1055
39,2004-02-13,1384
40,2004-02-17,1941
41,2004-02-18,1204
42,2004-02-19,1445
43,2004-02-20,1141
44,2004-02-23,1114
45,2004-02-24,819
46,2004-02-25,1109
47,2004-02-26,610
48,2004-02-27,1042
49,2004-03-01,1213
50,2004-03-02,1850
51,2004-03-03,2589
52,2004-03-04,1211
53,2004-03-05,1368
54,2004-03-08,1469
55,2004-03-09,854
56,2004-03-10,1515
57,2004-03-11,1152
58,2004-03-12,636
59,2004-03-15,1029
60,2004-03-16,850
61,2004-03-17,1054
62,2004-03-18,514
63,2004-03-19,655
64,2004-03-22,2853
65,2004-03-23,1169
66,2004-03-24,1087
67,2004-03-25,1135
68,2004-03-26,809
69,2004-03-29,1155
70,2004-03-30,1777
71,2004-03-31,2726
72,2004-04-01,1838
73,2004-04-02,1248
74,2004-04-05,1381
75,2004-04-06,636
76,2004-04-07,937
77,2004-04-12,820
78,2004-04-13,1356
79,2004-04-14,2047
80,2004-04-15,1597
81,2004-04-16,823
82,2004-04-19,1323
83,2004-04-20,4574
84,2004-04-21,2022
85,2004-04-22,964
86,2004-04-23,1189
87,2004-04-26,649
88,2004-04-27,4646
89,2004-04-28,1052
90,2004-04-29,1192
91,2004-05-03,817
92,2004-05-04,2041
93,2004-05-05,867
94,2004-05-06,951
95,2004-05-07,3177
96,2004-05-10,3281
97,2004-05-11,1873
98,2004-05-12,1204
99,2004-05-13,817
100,2004-05-14,769
101,2004-05-17,1427
102,2004-05-18,1403
103,2004-05-19,1159
104,2004-05-20,839
105,2004-05-21,894
106,2004-05-24,1004
107,2004-05-25,1634
108,2004-05-26,1126
109,2004-05-27,1060
110,2004-05-28,1655
111,2004-06-01,2765
112,2004-06-02,1430
113,2004-06-03,1104
114,2004-06-04,657
115,2004-06-07,1236
116,2004-06-08,2737
117,2004-06-09,2429
118,2004-06-10,1033
119,2004-06-11,732
120,2004-06-14,1228
121,2004-06-15,1255
122,2004-06-16,2181
123,2004-06-17,1661
124,2004-06-18,897
125,2004-06-21,1642
126,2004-06-22,1208
127,2004-06-23,1523
128,2004-06-24,1038
129,2004-06-25,1374
130,2004-06-28,1700
131,2004-06-29,2404
132,2004-06-30,1972
133,2004-07-01,594
134,2004-07-02,1665
135,2004-07-06,3324
136,2004-07-07,5235
137,2004-07-08,960
138,2004-07-09,1223
139,2004-07-12,1848
140,2004-07-13,1329
141,2004-07-14,2030
142,2004-07-15,1262
143,2004-07-16,922
144,2004-07-19,1744
145,2004-07-20,2885
146,2004-07-21,1394
147,2004-07-22,5689
148,2004-07-23,1751
149,2004-07-26,1564
150,2004-07-27,1566
151,2004-07-28,1743
152,2004-07-29,1279
153,2004-07-30,981
154,2004-08-02,1399
155,2004-08-03,963
156,2004-08-04,1215
157,2004-08-05,1536
158,2004-08-06,2980
159,2004-08-09,1502
160,2004-08-10,1339
161,2004-08-11,2605
162,2004-08-12,1339
163,2004-08-13,1641
164,2004-08-16,2006
165,2004-08-17,1518
166,2004-08-18,1569
167,2004-08-19,1547
168,2004-08-20,1371
169,2004-08-23,1859
170,2004-08-24,2584
171,2004-08-25,1325
172,2004-08-26,1560
173,2004-08-30,1695
174,2004-08-31,1219
175,2004-09-01,382
176,2004-09-02,1410
177,2004-09-03,1220
178,2004-09-07,1152
179,2004-09-08,1780
180,2004-09-09,1654
181,2004-09-10,1428
182,2004-09-13,1249
183,2004-09-14,2157
184,2004-09-15,1535
185,2004-09-16,1521
186,2004-09-17,3215
187,2004-09-20,10577
188,2004-09-21,3709
189,2004-09-22,3144
190,2004-09-23,2382
191,2004-09-24,1259
192,2004-09-27,793
193,2004-09-28,1878
194,2004-09-29,2508
195,2004-09-30,3496
196,2004-10-01,1857
197,2004-10-04,1026
198,2004-10-05,1500
199,2004-10-06,1287
200,2004-10-07,1655
201,2004-10-08,1868
202,2004-10-11,2671
203,2004-10-12,19684
204,2004-10-13,5476
205,2004-10-14,2375
206,2004-10-15,1146
207,2004-10-18,1626
208,2004-10-19,1867
209,2004-10-20,1850
210,2004-10-21,1470
211,2004-10-22,2218
212,2004-10-25,2198
213,2004-10-26,1247
214,2004-10-27,3207
215,2004-10-28,2378
216,2004-10-29,1951
217,2004-11-01,1178
218,2004-11-02,1163
219,2004-11-03,1922
220,2004-11-04,1060
221,2004-11-05,1023
222,2004-11-08,2236
223,2004-11-09,1263
224,2004-11-10,1091
225,2004-11-11,1653
226,2004-11-12,1307
227,2004-11-15,1959
228,2004-11-16,1678
229,2004-11-17,1118
230,2004-11-18,2869
231,2004-11-19,4273
232,2004-11-22,1634
233,2004-11-23,1904
234,2004-11-24,2404
235,2004-11-26,854
236,2004-11-29,2241
237,2004-11-30,2350
238,2004-12-01,2442
239,2004-12-02,4198
240,2004-12-03,1558
241,2004-12-06,2158
242,2004-12-07,3056
243,2004-12-08,3135
244,2004-12-09,3033
245,2004-12-10,1846
246,2004-12-13,1154
247,2004-12-14,1770
248,2004-12-15,2515
249,2004-12-16,1166
250,2004-12-17,1506
251,2004-12-20,3303
252,2004-12-21,8428
253,2004-12-22,338
254,2004-12-28,2200
255,2004-12-29,2096
256,2004-12-30,935
257,2005-01-03,11635
258,2005-01-04,8384
259,2005-01-05,4312
260,2005-01-06,1896
261,2005-01-07,2280
262,2005-01-10,1435
263,2005-01-11,1506
264,2005-01-12,954
265,2005-01-13,723
266,2005-01-14,1616
267,2005-01-18,2513
268,2005-01-19,654
269,2005-01-20,2059
270,2005-01-21,1643
271,2005-01-24,3850
272,2005-01-25,3728
273,2005-01-26,1026
274,2005-01-27,789
275,2005-01-28,1010
276,2005-01-31,1174
277,2005-02-01,1715
278,2005-02-02,3315
279,2005-02-03,1743
280,2005-02-04,622
281,2005-02-07,2346
282,2005-02-08,897
283,2005-02-09,3476
284,2005-02-10,1468
285,2005-02-11,1413
286,2005-02-14,2658
287,2005-02-15,3184
288,2005-02-16,3658
289,2005-02-17,1405
290,2005-02-18,10079
291,2005-02-22,4141
292,2005-02-23,5487
293,2005-02-24,9646
294,2005-02-25,3954
295,2005-02-28,1585
296,2005-03-01,2210
297,2005-03-02,2062
298,2005-03-03,2350
299,2005-03-04,1914
300,2005-03-07,2872
301,2005-03-08,3780
302,2005-03-09,2041
303,2005-03-10,3170
304,2005-03-11,1287
305,2005-03-14,2427
306,2005-03-15,2608
307,2005-03-16,1597
308,2005-03-17,2419
309,2005-03-18,1567
310,2005-03-21,2223
311,2005-03-22,4579
312,2005-03-23,1610
313,2005-03-28,1721
314,2005-03-29,2029
315,2005-03-30,2409
316,2005-03-31,3827
317,2005-04-01,2292
318,2005-04-04,3498
319,2005-04-05,1606
320,2005-04-06,1356
321,2005-04-07,1124
322,2005-04-08,2016
323,2005-04-11,1706
324,2005-04-12,7714
325,2005-04-13,12686
326,2005-04-14,4067
327,2005-04-15,2773
328,2005-04-18,2269
329,2005-04-19,1926
330,2005-04-20,3650
331,2005-04-21,1622
332,2005-04-22,5897
333,2005-04-25,3072
334,2005-04-26,6220
335,2005-04-27,7190
336,2005-04-28,5591
337,2005-05-02,5391
338,2005-05-03,13379
339,2005-05-04,5203
340,2005-05-05,8039
341,2005-05-06,4029
342,2005-05-09,5242
343,2005-05-10,7757
344,2005-05-11,8132
345,2005-05-12,10179
346,2005-05-13,8850
347,2005-05-16,8170
348,2005-05-17,5392
349,2005-05-18,6605
350,2005-05-19,6689
351,2005-05-20,6171
352,2005-05-23,5074
353,2005-05-24,4233
354,2005-05-25,5278
355,2005-05-26,4129
356,2005-05-27,5274
357,2005-05-31,6226
358,2005-06-01,10647
359,2005-06-02,5675
360,2005-06-03,4150
361,2005-06-06,6722
362,2005-06-07,8531
363,2005-06-08,8468
364,2005-06-09,5734
365,2005-06-10,7971
366,2005-06-13,4798
367,2005-06-14,6140
368,2005-06-15,7873
369,2005-06-16,9406
370,2005-06-17,12218
371,2005-06-20,9834
372,2005-06-21,5623
373,2005-06-22,10574
374,2005-06-23,3891
375,2005-06-24,3006
376,2005-06-27,5773
377,2005-06-28,6518
378,2005-06-29,7402
379,2005-06-30,4582
380,2005-07-01,5862
381,2005-07-05,9041
382,2005-07-06,5947
383,2005-07-07,14868
384,2005-07-08,19194
385,2005-07-11,10750
386,2005-07-12,9270
387,2005-07-13,12472
388,2005-07-14,6611
389,2005-07-15,7825
390,2005-07-18,7580
391,2005-07-19,5830
392,2005-07-20,7094
393,2005-07-21,6136
394,2005-07-22,4071
395,2005-07-25,4287
396,2005-07-26,10374
397,2005-07-27,11869
398,2005-07-28,11037
399,2005-07-29,6395
400,2005-08-01,5790
401,2005-08-02,11461
402,2005-08-03,6362
403,2005-08-04,7126
404,2005-08-05,6110
405,2005-08-08,5600
406,2005-08-09,11767
407,2005-08-10,11427
408,2005-08-11,7807
409,2005-08-12,6167
410,2005-08-15,10161
411,2005-08-16,12593
412,2005-08-17,7255
413,2005-08-18,3829
414,2005-08-19,6860
415,2005-08-22,4688
416,2005-08-23,6850
417,2005-08-24,7792
418,2005-08-25,5507
419,2005-08-29,5945
420,2005-08-30,7500
421,2005-08-31,7482
422,2005-09-01,5155
423,2005-09-02,5052
424,2005-09-06,5825
425,2005-09-07,7498
426,2005-09-08,7013
427,2005-09-09,7071
428,2005-09-12,6132
429,2005-09-13,4375
430,2005-09-14,5462
431,2005-09-15,13797
432,2005-09-16,13507
433,2005-09-19,7051
434,2005-09-20,14092
435,2005-09-21,13266
436,2005-09-22,5519
437,2005-09-23,5788
438,2005-09-26,6323
439,2005-09-27,5275
440,2005-09-28,3974
441,2005-09-29,7327
442,2005-09-30,4939
443,2005-10-03,3737
444,2005-10-04,6022
445,2005-10-05,10573
446,2005-10-06,10077
447,2005-10-07,8173
448,2005-10-10,7413
449,2005-10-11,10811
450,2005-10-12,7262
451,2005-10-13,8054
452,2005-10-14,14342
453,2005-10-17,9102
454,2005-10-18,4838
455,2005-10-19,6803
456,2005-10-20,15980
457,2005-10-21,7435
458,2005-10-24,6017
459,2005-10-25,6070
460,2005-10-26,8878
461,2005-10-27,7610
462,2005-10-28,6032
463,2005-10-31,6587
464,2005-11-01,6664
465,2005-11-02,9915
466,2005-11-03,8101
467,2005-11-04,6300
468,2005-11-07,5216
469,2005-11-08,4544
470,2005-11-09,6455
471,2005-11-10,9175
472,2005-11-11,8536
473,2005-11-14,8870
474,2005-11-15,18083
475,2005-11-16,6546
476,2005-11-17,10246
477,2005-11-18,6114
478,2005-11-21,6405
479,2005-11-22,5577
480,2005-11-23,5257
481,2005-11-25,5707
482,2005-11-28,8082
483,2005-11-29,8040
484,2005-11-30,11802
485,2005-12-01,9142
486,2005-12-02,5247
487,2005-12-05,7124
488,2005-12-06,9986
489,2005-12-07,4381
490,2005-12-08,6816
491,2005-12-09,10028
492,2005-12-12,8931
493,2005-12-13,6559
494,2005-12-14,9261
495,2005-12-15,9572
496,2005-12-16,5826
497,2005-12-19,4336
498,2005-12-20,4333
499,2005-12-21,4002
500,2005-12-22,6111
501,2005-12-27,3636
502,2005-12-28,5154
503,2005-12-29,9391
504,2005-12-30,8911
505,2006-01-03,8829
506,2006-01-04,5870
507,2006-01-05,6742
508,2006-01-06,4216
509,2006-01-09,7317
510,2006-01-10,7169
511,2006-01-11,5765
512,2006-01-12,4571
513,2006-01-13,5601
514,2006-01-17,10739
515,2006-01-18,6850
516,2006-01-19,7947
517,2006-01-20,7609
518,2006-01-23,9280
519,2006-01-24,13390
520,2006-01-25,5780
521,2006-01-26,13308
522,2006-01-27,9655
523,2006-01-30,6485
524,2006-01-31,12039
525,2006-02-01,11197
526,2006-02-02,7341
527,2006-02-03,7227
528,2006-02-06,12745
529,2006-02-07,14791
530,2006-02-08,6169
531,2006-02-09,6337
532,2006-02-10,20761
533,2006-02-13,8549
534,2006-02-14,15280
535,2006-02-15,21520
536,2006-02-16,5537
537,2006-02-17,10150
538,2006-02-21,6506
539,2006-02-22,9132
540,2006-02-23,9289
541,2006-02-24,7692
542,2006-02-27,8688
543,2006-02-28,7099
544,2006-03-01,6878
545,2006-03-02,10206
546,2006-03-03,5475
547,2006-03-06,11207
548,2006-03-07,12817
549,2006-03-08,8688
550,2006-03-09,5891
551,2006-03-10,5002
552,2006-03-13,13507
553,2006-03-14,6717
554,2006-03-15,7264
555,2006-03-16,9940
556,2006-03-17,5016
557,2006-03-20,6766
558,2006-03-21,6930
559,2006-03-22,7686
560,2006-03-23,8168
561,2006-03-24,5305
562,2006-03-27,6286
563,2006-03-28,8746
564,2006-03-29,7314
565,2006-03-30,11410
566,2006-03-31,10453
567,2006-04-03,7020
568,2006-04-04,7813
569,2006-04-05,11462
570,2006-04-06,10511
571,2006-04-07,8084
572,2006-04-10,7933
573,2006-04-11,8473
574,2006-04-12,7867
575,2006-04-17,11367
576,2006-04-20,11278
577,2006-05-18,2924
578,2006-05-25,4107
579,2006-06-01,6119
580,2006-06-08,3532
581,2006-06-09,7933
582,2006-06-12,6411
583,2006-06-13,7915
584,2006-06-14,7521
585,2006-06-15,6230
586,2006-06-16,7746
587,2006-06-19,5428
588,2006-06-20,5527
589,2006-06-21,4078
590,2006-06-22,5341
591,2006-06-23,4988
592,2006-06-26,5716
593,2006-06-27,5166
594,2006-06-28,4872
595,2006-06-29,4825
596,2006-07-06,2481
597,2006-07-13,2050
598,2006-07-17,11579
599,2006-07-20,1786
600,2006-07-27,2216
601,2006-08-03,2440
602,2006-08-10,1706
603,2006-08-14,2230
604,2006-08-17,3502
605,2006-08-23,3420
606,2006-08-24,5859
607,2006-08-30,3512
608,2006-09-19,42530
609,2006-09-25,1860
610,2006-09-26,3647
611,2006-10-02,20
612,2006-10-05,2708
613,2006-10-12,2313
614,2006-10-16,43765
615,2006-10-19,2056
616,2006-10-23,215
617,2006-10-26,2456
618,2006-11-02,2987
619,2006-11-09,3225
620,2006-11-16,1849
621,2006-11-20,14008
622,2006-11-23,1427
623,2006-11-27,15
624,2006-11-28,2304
625,2006-11-29,2540
626,2006-11-30,3873
627,2006-12-01,3907
628,2006-12-04,2245
629,2006-12-05,4369
630,2006-12-06,2890
631,2006-12-07,3570
632,2006-12-08,3123
633,2006-12-11,1317
634,2006-12-12,2291
635,2006-12-13,1470
636,2006-12-14,3619
637,2006-12-15,3307
638,2006-12-18,2408
639,2006-12-19,3576
640,2006-12-20,2063
641,2006-12-21,57588
642,2006-12-22,1701
643,2006-12-27,1886
644,2006-12-28,1572
645,2006-12-29,2606
646,2007-01-02,2177
647,2007-01-03,5114
648,2007-01-04,3147
649,2007-01-05,5164
650,2007-01-08,4770
651,2007-01-09,5706
652,2007-01-10,6028
653,2007-01-11,3846
654,2007-01-12,2348
655,2007-01-15,1544
656,2007-01-16,3710
657,2007-01-17,2487
658,2007-01-18,18811
659,2007-01-19,1305
660,2007-01-22,1988
661,2007-01-23,4487
662,2007-01-24,3675
663,2007-01-25,3192
664,2007-01-26,5150
665,2007-01-29,4023
666,2007-01-30,6213
667,2007-01-31,7339
668,2007-02-01,3915
669,2007-02-02,3883
670,2007-02-05,2486
671,2007-02-06,1854
672,2007-02-07,4052
673,2007-02-08,7715
674,2007-02-09,2480
675,2007-02-12,3730
676,2007-02-13,5443
677,2007-02-14,6357
678,2007-02-15,3240
679,2007-02-16,36136
680,2007-02-19,3363
681,2007-02-20,2900
682,2007-02-21,4654
683,2007-02-22,1972
684,2007-02-23,4326
685,2007-02-26,3157
686,2007-02-27,4010
687,2007-02-28,5268
688,2007-03-01,2426
689,2007-03-02,3358
690,2007-03-05,6280
691,2007-03-06,4184
692,2007-03-07,4042
693,2007-03-08,3039
694,2007-03-09,3197
695,2007-03-12,2398
696,2007-03-13,1982
697,2007-03-14,1950
698,2007-03-15,3904
699,2007-03-16,4033
700,2007-03-19,2276
701,2007-03-20,27678
702,2007-03-21,2079
703,2007-03-22,1782
704,2007-03-23,3401
705,2007-03-26,3098
706,2007-03-27,3547
707,2007-03-28,2987
708,2007-03-29,2581
709,2007-03-30,5235
710,2007-04-02,2424
711,2007-04-03,4692
712,2007-04-04,5869
713,2007-04-10,4139
714,2007-04-11,2928
715,2007-04-12,1605
716,2007-04-13,2586
717,2007-04-16,2813
718,2007-04-17,3728
719,2007-04-18,43959
720,2007-04-19,1891
721,2007-04-20,2425
722,2007-04-23,2424
723,2007-04-24,3107
724,2007-04-25,2182
725,2007-04-26,2830
726,2007-04-27,2933
727,2007-04-30,2649
728,2007-05-01,4345
729,2007-05-02,2106
730,2007-05-03,2853
731,2007-05-04,4290
732,2007-05-08,2728
733,2007-05-09,2772
734,2007-05-10,2120
735,2007-05-11,3584
736,2007-05-14,2520
737,2007-05-15,19041
738,2007-05-16,2690
739,2007-05-17,3476
740,2007-05-18,4778
741,2007-05-21,2008
742,2007-05-22,2042
743,2007-05-23,2466
744,2007-05-24,4259
745,2007-05-25,7077
746,2007-05-29,3384
747,2007-05-30,2357
748,2007-05-31,2835
749,2007-06-01,5211
750,2007-06-04,4183
751,2007-06-05,2775
752,2007-06-06,3368
753,2007-06-07,5033
754,2007-06-08,9584
755,2007-06-11,3272
756,2007-06-12,2827
757,2007-06-13,4905
758,2007-06-14,2975
759,2007-06-15,7164
760,2007-06-18,4165
761,2007-06-19,41126
762,2007-06-20,2490
763,2007-06-21,2008
764,2007-06-22,2529
765,2007-06-25,2309
766,2007-06-26,2361
767,2007-06-27,2249
768,2007-06-28,2257
769,2007-06-29,4567
770,2007-07-02,2965
771,2007-07-03,2837
772,2007-07-04,2631
773,2007-07-05,2885
774,2007-07-06,6103
775,2007-07-09,1964
776,2007-07-10,2617
777,2007-07-11,3358
778,2007-07-12,4894
779,2007-07-13,5694
780,2007-07-16,2870
781,2007-07-17,21501
782,2007-07-18,2046
783,2007-07-19,6031
784,2007-07-20,7732
785,2007-07-23,3445
786,2007-07-24,2667
787,2007-07-25,3974
788,2007-07-26,4926
789,2007-07-27,6654
790,2007-07-30,1708
791,2007-07-31,2034
792,2007-08-01,3170
793,2007-08-02,2274
794,2007-08-03,10727
795,2007-08-06,9240
796,2007-08-07,3490
797,2007-08-08,1875
798,2007-08-09,6185
799,2007-08-10,7211
800,2007-08-13,4088
801,2007-08-14,3876
802,2007-08-15,5359
803,2007-08-16,5326
804,2007-08-17,10181
805,2007-08-20,2898
806,2007-08-21,40605
807,2007-08-22,3142
808,2007-08-23,4400
809,2007-08-24,6137
810,2007-08-28,2057
811,2007-08-29,1854
812,2007-08-30,3329
813,2007-08-31,3697
814,2007-09-03,3391
815,2007-09-04,5931
816,2007-09-05,4473
817,2007-09-06,2735
818,2007-09-07,3082
819,2007-09-10,4519
820,2007-09-11,2549
821,2007-09-12,2378
822,2007-09-13,2265
823,2007-09-14,2061
824,2007-09-17,4248
825,2007-09-18,3366
826,2007-09-19,38784
827,2007-09-20,4533
828,2007-09-21,4107
829,2007-09-24,4696
830,2007-09-25,6771
831,2007-09-26,8784
832,2007-09-27,8947
833,2007-09-28,3689
834,2007-10-01,3055
835,2007-10-02,3915
836,2007-10-03,2593
837,2007-10-04,4378
838,2007-10-05,4709
839,2007-10-08,3318
840,2007-10-09,3392
841,2007-10-10,2418
842,2007-10-12,4459
843,2007-10-15,2903
844,2007-10-16,34311
845,2007-10-17,3014
846,2007-10-18,4995
847,2007-10-19,8634
848,2007-10-22,3352
849,2007-10-23,3912
850,2007-10-24,4687
851,2007-10-25,3208
852,2007-10-29,1945
853,2007-10-30,2536
854,2007-10-31,3192
855,2007-11-01,6045
856,2007-11-02,7591
857,2007-11-05,2671
858,2007-11-06,3495
859,2007-11-07,2834
860,2007-11-08,6793
861,2007-11-09,8518
862,2007-11-12,3593
863,2007-11-13,4731
864,2007-11-14,3626
865,2007-11-15,4272
866,2007-11-16,7550
867,2007-11-19,4476
868,2007-11-20,26399
869,2007-11-21,4997
870,2007-11-22,2657
871,2007-11-23,5781
872,2007-11-26,2552
873,2007-11-27,3134
874,2007-11-28,3196
875,2007-11-29,2977
876,2007-11-30,4860
877,2007-12-03,5938
878,2007-12-04,4866
879,2007-12-05,3078
880,2007-12-06,2254
881,2007-12-07,2475
882,2007-12-10,2394
883,2007-12-11,3134
884,2007-12-12,3069
885,2007-12-13,2749
886,2007-12-14,2950
887,2007-12-17,2702
888,2007-12-18,2136
889,2007-12-19,43145
890,2007-12-20,3156
891,2007-12-27,4099
892,2007-12-28,2163
893,2007-12-31,3141
894,2008-01-02,2787
895,2008-01-03,6335
896,2008-01-04,5247
897,2008-01-07,2341
898,2008-01-08,3788
899,2008-01-09,2325
900,2008-01-10,6991
901,2008-01-11,4260
902,2008-01-14,7130
903,2008-01-15,6070
904,2008-01-16,19359
905,2008-01-17,3552
906,2008-01-18,2766
907,2008-01-21,5279
908,2008-01-22,5458
909,2008-01-23,3306
910,2008-01-24,5329
911,2008-01-25,8568
912,2008-01-28,5436
913,2008-01-29,10075
914,2008-01-30,7444
915,2008-01-31,9116
916,2008-02-01,5046
917,2008-02-04,4184
918,2008-02-05,8662
919,2008-02-06,11636
920,2008-02-07,4484
921,2008-02-08,5047
922,2008-02-11,5213
923,2008-02-12,7584
924,2008-02-13,5820
925,2008-02-14,6216
926,2008-02-15,5516
927,2008-02-18,4029
928,2008-02-19,6961
929,2008-02-20,4513
930,2008-02-21,41770
931,2008-02-22,3567
932,2008-02-25,3890
933,2008-02-26,5623
934,2008-02-27,7031
935,2008-02-28,4139
936,2008-02-29,4986
937,2008-03-03,3402
938,2008-03-04,4401
939,2008-03-05,5233
940,2008-03-06,3846
941,2008-03-07,6158
942,2008-03-10,4021
943,2008-03-11,7437
944,2008-03-12,3166
945,2008-03-13,3073
946,2008-03-14,5175
947,2008-03-17,5123
948,2008-03-18,37334
949,2008-03-19,6455
950,2008-03-25,3074
951,2008-03-26,2809
952,2008-03-27,3464
953,2008-03-28,4455
954,2008-03-31,2626
955,2008-04-01,3051
956,2008-04-02,3680
957,2008-04-03,3071
958,2008-04-04,3686
959,2008-04-07,5563
960,2008-04-08,2091
961,2008-04-09,3972
962,2008-04-10,2506
963,2008-04-11,2886
964,2008-04-14,2117
965,2008-04-15,1984
966,2008-04-16,35915
967,2008-04-17,2473
968,2008-04-18,2831
969,2008-04-21,1670
970,2008-04-22,2420
971,2008-04-23,5369
972,2008-04-24,7301
973,2008-04-25,3272
974,2008-04-28,1844
975,2008-04-29,4383
976,2008-04-30,4136
977,2008-05-01,5648
978,2008-05-02,8323
979,2008-05-06,3753
980,2008-05-07,2541
981,2008-05-08,5318
982,2008-05-09,5610
983,2008-05-12,2624
984,2008-05-13,4292
985,2008-05-14,4339
986,2008-05-15,7140
987,2008-05-16,9410
988,2008-05-19,2917
989,2008-05-20,22529
990,2008-05-21,4148
991,2008-05-22,3230
992,2008-05-23,4146
993,2008-05-27,2027
994,2008-05-28,3513
995,2008-05-29,5611
996,2008-05-30,7023
997,2008-06-02,3367
998,2008-06-03,2931
999,2008-06-04,5423
1000,2008-06-05,3571
1001,2008-06-06,4824
1002,2008-06-09,3151
1003,2008-06-10,3487
1004,2008-06-11,2127
1005,2008-06-12,2794
1006,2008-06-13,4335
1007,2008-06-16,5168
1008,2008-06-17,42381
1009,2008-06-18,5186
1010,2008-06-19,5006
1011,2008-06-20,7995
1012,2008-06-23,2250
1013,2008-06-24,2726
1014,2008-06-25,2724
1015,2008-06-26,2565
1016,2008-06-27,4317
1017,2008-06-30,3867
1018,2008-07-01,6433
1019,2008-07-02,3711
1020,2008-07-03,3593
1021,2008-07-04,4294
1022,2008-07-07,8019
1023,2008-07-08,6747
1024,2008-07-09,3404
1025,2008-07-10,9451
1026,2008-07-11,12395
1027,2008-07-14,4044
1028,2008-07-15,25378
1029,2008-07-16,4665
1030,2008-07-17,3727
1031,2008-07-18,7890
1032,2008-07-21,2536
1033,2008-07-22,4807
1034,2008-07-23,3464
1035,2008-07-24,4875
1036,2008-07-25,6463
1037,2008-07-28,2847
1038,2008-07-29,4550
1039,2008-07-30,3321
1040,2008-07-31,2886
1041,2008-08-01,8593
1042,2008-08-04,4643
1043,2008-08-05,4079
1044,2008-08-06,2740
1045,2008-08-07,2482
1046,2008-08-08,5472
1047,2008-08-11,3959
1048,2008-08-12,12227
1049,2008-08-13,2982
1050,2008-08-14,2952
1051,2008-08-15,6934
1052,2008-08-18,3924
1053,2008-08-19,43635
1054,2008-08-20,2624
1055,2008-08-21,4046
1056,2008-08-22,5617
1057,2008-08-26,2166
1058,2008-08-27,1762
1059,2008-08-28,4192
1060,2008-08-29,6339
1061,2008-09-01,5547
1062,2008-09-02,3713
1063,2008-09-03,2779
1064,2008-09-04,4006
1065,2008-09-05,3840
1066,2008-09-08,2666
1067,2008-09-09,4284
1068,2008-09-10,4609
1069,2008-09-11,4423
1070,2008-09-12,4142
1071,2008-09-15,7604
1072,2008-09-16,9076
1073,2008-09-17,52168
1074,2008-09-18,4646
1075,2008-09-19,3735
1076,2008-09-22,6146
1077,2008-09-23,4220
1078,2008-09-24,3524
1079,2008-09-25,7407
1080,2008-09-26,5077
1081,2008-09-29,6289
1082,2008-09-30,4306
1083,2008-10-01,3895
1084,2008-10-02,8542
1085,2008-10-03,8602
1086,2008-10-06,3686
1087,2008-10-07,3432
1088,2008-10-08,4823
1089,2008-10-09,3910
1090,2008-10-10,7907
1091,2008-10-13,2953
1092,2008-10-14,6001
1093,2008-10-15,4330
1094,2008-10-16,3883
1095,2008-10-17,5493
1096,2008-10-20,4599
1097,2008-10-21,49967
1098,2008-10-22,3666
1099,2008-10-23,2907
1100,2008-10-24,4572
1101,2008-10-27,4084
1102,2008-10-28,6185
1103,2008-10-29,4939
1104,2008-10-30,3791
1105,2008-10-31,3347
1106,2008-11-03,2127
1107,2008-11-04,4833
1108,2008-11-05,3014
1109,2008-11-06,4060
1110,2008-11-07,5723
1111,2008-11-10,2737
1112,2008-11-11,3547
1113,2008-11-12,2797
1114,2008-11-13,6442
1115,2008-11-14,5618
1116,2008-11-17,3622
1117,2008-11-18,20751
1118,2008-11-19,2924
1119,2008-11-20,5685
1120,2008-11-21,7288
1121,2008-11-24,7719
1122,2008-11-25,4882
1123,2008-11-26,3234
1124,2008-11-27,1838
1125,2008-11-28,3980
1126,2008-12-01,3520
1127,2008-12-02,7626
1128,2008-12-03,4117
1129,2008-12-04,4313
1130,2008-12-05,3350
1131,2008-12-08,2918
1132,2008-12-09,4578
1133,2008-12-10,2939
1134,2008-12-11,4704
1135,2008-12-12,5177
1136,2008-12-15,3048
1137,2008-12-16,5738
1138,2008-12-17,5321
1139,2008-12-18,45607
1140,2008-12-19,5439
1141,2008-12-22,3757
1142,2008-12-23,5112
1143,2008-12-24,1594
1144,2008-12-29,3742
1145,2008-12-30,5580
1146,2008-12-31,2716
1147,2009-01-02,4234
1148,2009-01-05,3490
1149,2009-01-06,5432
1150,2009-01-07,4140
1151,2009-01-08,3333
1152,2009-01-09,2447
1153,2009-01-12,3195
1154,2009-01-13,5806
1155,2009-01-14,7014
1156,2009-01-15,25699
1157,2009-01-16,2181
1158,2009-01-19,4605
1159,2009-01-20,7592
1160,2009-01-21,4834
1161,2009-01-22,3199
1162,2009-01-23,4760
1163,2009-01-26,4164
1164,2009-01-27,6885
1165,2009-01-28,3519
1166,2009-01-29,4202
1167,2009-01-30,6272
1168,2009-02-02,4239
1169,2009-02-03,3980
1170,2009-02-04,9981
1171,2009-02-05,11821
1172,2009-02-06,3775
1173,2009-02-09,3151
1174,2009-02-10,4336
1175,2009-02-11,5566
1176,2009-02-13,3451
1177,2009-02-16,3707
1178,2009-02-17,3335
1179,2009-02-18,4445
1180,2009-02-19,3739
1181,2009-02-20,37551
1182,2009-02-23,3145
1183,2009-02-24,4500
1184,2009-02-25,6199
1185,2009-02-26,7084
1186,2009-02-27,5087
1187,2009-03-02,2413
1188,2009-03-03,2475
1189,2009-03-04,6208
1190,2009-03-05,4252
1191,2009-03-06,5114
1192,2009-03-09,2728
1193,2009-03-10,3248
1194,2009-03-11,3961
1195,2009-03-12,7263
1196,2009-03-13,9673
1197,2009-03-16,3410
1198,2009-03-17,34727
1199,2009-03-18,3191
1200,2009-03-19,4729
1201,2009-03-20,7115
1202,2009-03-23,4380
1203,2009-03-24,3061
1204,2009-03-25,4519
1205,2009-03-26,4053
1206,2009-03-27,5642
1207,2009-03-30,3282
1208,2009-03-31,5624
1209,2009-04-01,4360
1210,2009-04-02,3197
1211,2009-04-03,4871
1212,2009-04-06,3639
1213,2009-04-07,3636
1214,2009-04-08,4752
1215,2009-04-09,7229
1216,2009-04-14,4600
1217,2009-04-15,51216
1218,2009-04-16,4125
1219,2009-04-17,2837
1220,2009-04-20,4336
1221,2009-04-21,4431
1222,2009-04-22,3803
1223,2009-04-23,2828
1224,2009-04-24,3593
1225,2009-04-27,2937
1226,2009-04-28,4744
1227,2009-04-29,4315
1228,2009-04-30,5285
1229,2009-05-01,6380
1230,2009-05-05,5506
1231,2009-05-06,4135
1232,2009-05-07,5478
1233,2009-05-08,8360
1234,2009-05-11,7787
1235,2009-05-12,3559
1236,2009-05-13,3868
1237,2009-05-14,2932
1238,2009-05-15,3964
1239,2009-05-18,5234
1240,2009-05-19,28805
1241,2009-05-20,6083
1242,2009-05-21,5825
1243,2009-05-22,8728
1244,2009-05-26,4413
1245,2009-05-27,9383
1246,2009-05-28,5199
1247,2009-05-29,10752
1248,2009-06-01,5490
1249,2009-06-02,5324
1250,2009-06-03,6116
1251,2009-06-04,10028
1252,2009-06-05,15000
1253,2009-06-08,5594
1254,2009-06-09,4442
1255,2009-06-10,10509
1256,2009-06-11,4691
1257,2009-06-12,5952
1258,2009-06-15,5218
1259,2009-06-16,65234
1260,2009-06-17,4541
1261,2009-06-18,2764
1262,2009-06-19,5837
1263,2009-06-22,3545
1264,2009-06-23,3087
1265,2009-06-24,4171
1266,2009-06-25,4129
1267,2009-06-26,3082
1268,2009-06-29,2558
1269,2009-06-30,4851
1270,2009-07-01,3556
1271,2009-07-02,4286
1272,2009-07-03,5200
1273,2009-07-06,3587
1274,2009-07-07,2495
1275,2009-07-08,5480
1276,2009-07-09,3136
1277,2009-07-10,3681
1278,2009-07-13,2874
1279,2009-07-14,3161
1280,2009-07-15,4236
1281,2009-07-16,5963
1282,2009-07-17,9550
1283,2009-07-20,4580
1284,2009-07-21,20799
1285,2009-07-22,2808
1286,2009-07-23,4979
1287,2009-07-24,8219
1288,2009-07-27,3319
1289,2009-07-28,3697
1290,2009-07-29,3406
1291,2009-07-30,5106
1292,2009-07-31,8458
1293,2009-08-03,4499
1294,2009-08-04,4794
1295,2009-08-05,10078
1296,2009-08-06,5342
1297,2009-08-07,6837
1298,2009-08-10,2668
1299,2009-08-11,5203
1300,2009-08-12,6457
1301,2009-08-13,6908
1302,2009-08-14,7505
1303,2009-08-17,4723
1304,2009-08-18,50354
1305,2009-08-19,4623
1306,2009-08-20,3134
1307,2009-08-21,5623
1308,2009-08-24,3856
1309,2009-08-25,3079
1310,2009-08-26,3265
1311,2009-08-27,4109
1312,2009-08-28,4371
1313,2009-09-01,5434
1314,2009-09-02,3897
1315,2009-09-03,3682
1316,2009-09-04,2917
1317,2009-09-07,1936
1318,2009-09-08,3950
1319,2009-09-09,2632
1320,2009-09-10,3061
1321,2009-09-11,2348
1322,2009-09-14,3556
1323,2009-09-15,2977
1324,2009-09-16,83618
1325,2009-09-17,4971
1326,2009-09-18,2826
1327,2009-09-21,3492
1328,2009-09-22,2810
1329,2009-09-23,2870
1330,2009-09-24,3319
1331,2009-09-25,7134
1332,2009-09-28,2611
1333,2009-09-29,5827
1334,2009-09-30,2639
1335,2009-10-01,3095
1336,2009-10-02,4587
1337,2009-10-05,3763
1338,2009-10-06,3247
1339,2009-10-07,2602
1340,2009-10-08,3741
1341,2009-10-09,4282
1342,2009-10-12,3386
1343,2009-10-13,4967
1344,2009-10-14,1890
1345,2009-10-15,2633
1346,2009-10-16,4203
1347,2009-10-19,3681
1348,2009-10-20,53036
1349,2009-10-21,4639
1350,2009-10-22,5538
1351,2009-10-23,6067
1352,2009-10-26,3114
1353,2009-10-27,4879
1354,2009-10-28,6129
1355,2009-10-29,3896
1356,2009-10-30,4993
1357,2009-11-02,2687
1358,2009-11-03,3401
1359,2009-11-04,2988
1360,2009-11-05,2218
1361,2009-11-06,2501
1362,2009-11-09,3663
1363,2009-11-10,2713
1364,2009-11-11,1506
1365,2009-11-12,2601
1366,2009-11-13,3417
1367,2009-11-16,4040
1368,2009-11-17,22823
1369,2009-11-18,5584
1370,2009-11-19,3234
1371,2009-11-20,5258
1372,2009-11-23,4575
1373,2009-11-24,2614
1374,2009-11-25,2889
1375,2009-11-26,4573
1376,2009-11-27,6933
1377,2009-11-30,9021
1378,2009-12-01,5785
1379,2009-12-02,5912
1380,2009-12-03,5327
1381,2009-12-04,2835
1382,2009-12-07,1874
1383,2009-12-08,9265
1384,2009-12-09,3036
1385,2009-12-10,3589
1386,2009-12-11,5895
1387,2009-12-14,4054
1388,2009-12-15,7068
1389,2009-12-16,4507
1390,2009-12-17,81740
1391,2009-12-18,2674
1392,2009-12-21,1778
1393,2009-12-22,3327
1394,2009-12-23,1995
1395,2009-12-24,1616
1396,2009-12-29,3658
1397,2009-12-30,2688
1398,2009-12-31,2226
1399,2010-01-04,3915
1400,2010-01-05,7761
1401,2010-01-06,14109
1402,2010-01-07,3688
1403,2010-01-08,3532
1404,2010-01-11,3546
1405,2010-01-12,5267
1406,2010-01-13,4364
1407,2010-01-14,4125
1408,2010-01-15,3160
1409,2010-01-18,2138
1410,2010-01-19,5643
1411,2010-01-20,4051
1412,2010-01-21,36983
1413,2010-01-22,5158
1414,2010-01-25,3421
1415,2010-01-26,3897
1416,2010-01-27,6639
1417,2010-01-28,5001
1418,2010-01-29,6691
1419,2010-02-01,5343
1420,2010-02-02,5445
1421,2010-02-03,7979
1422,2010-02-04,8581
1423,2010-02-05,7143
1424,2010-02-08,3448
1425,2010-02-09,3587
1426,2010-02-10,4319
1427,2010-02-11,5684
1428,2010-02-12,2475
1429,2010-02-15,1803
1430,2010-02-16,4523
1431,2010-02-17,5258
1432,2010-02-18,3225
1433,2010-02-19,59126
1434,2010-02-22,5245
1435,2010-02-23,3544
1436,2010-02-24,7756
1437,2010-02-25,3257
1438,2010-02-26,3088
1439,2010-03-01,3268
1440,2010-03-02,4273
1441,2010-03-03,3913
1442,2010-03-04,4737
1443,2010-03-05,6063
1444,2010-03-08,2896
1445,2010-03-09,2552
1446,2010-03-10,3342
1447,2010-03-11,2231
1448,2010-03-12,4899
1449,2010-03-15,3331
1450,2010-03-16,64625
1451,2010-03-17,4470
1452,2010-03-18,2960
1453,2010-03-19,4291
1454,2010-03-22,2903
1455,2010-03-23,3365
1456,2010-03-24,3712
1457,2010-03-25,3704
1458,2010-03-26,4202
1459,2010-03-29,3567
1460,2010-03-30,4024
1461,2010-03-31,8397
1462,2010-04-01,3460
1463,2010-04-06,3276
1464,2010-04-07,1897
1465,2010-04-08,3004
1466,2010-04-09,5313
1467,2010-04-12,3242
1468,2010-04-13,4029
1469,2010-04-14,4501
1470,2010-04-15,2768
1471,2010-04-16,3282
1472,2010-04-19,6429
1473,2010-04-20,6320
1474,2010-04-21,51138
1475,2010-04-22,3427
1476,2010-04-23,4139
1477,2010-04-26,3784
1478,2010-04-27,10768
1479,2010-04-28,8561
1480,2010-04-29,3859
1481,2010-04-30,4749
1482,2010-05-04,4096
1483,2010-05-05,8100
1484,2010-05-06,4765
1485,2010-05-07,7188
1486,2010-05-10,3540
1487,2010-05-11,3710
1488,2010-05-12,5634
1489,2010-05-13,4152
1490,2010-05-14,5354
1491,2010-05-17,5760
1492,2010-05-18,20171
1493,2010-05-19,3349
1494,2010-05-20,4130
1495,2010-05-21,6591
1496,2010-05-24,2499
1497,2010-05-25,3653
1498,2010-05-26,3566
1499,2010-05-27,4107
1500,2010-05-28,5471
1501,2010-06-01,3872
1502,2010-06-02,2971
1503,2010-06-03,2493
1504,2010-06-04,6662
1505,2010-06-07,6124
1506,2010-06-08,2814
1507,2010-06-09,2357
1508,2010-06-10,2678
1509,2010-06-11,3431
1510,2010-06-14,3401
1511,2010-06-15,80970
1512,2010-06-16,3370
1513,2010-06-17,3612
1514,2010-06-18,4518
1515,2010-06-21,3206
1516,2010-06-22,3174
1517,2010-06-23,2394
1518,2010-06-24,3375
1519,2010-06-25,4661
1520,2010-06-28,2358
1521,2010-06-29,3003
1522,2010-06-30,3401
1523,2010-07-01,3859
1524,2010-07-02,3751
1525,2010-07-05,1299
1526,2010-07-06,3358
1527,2010-07-07,2739
1528,2010-07-08,4782
1529,2010-07-09,5429
1530,2010-07-12,2416
1531,2010-07-13,1964
1532,2010-07-14,2880
1533,2010-07-15,2479
1534,2010-07-16,4305
1535,2010-07-19,2022
1536,2010-07-20,46246
1537,2010-07-21,2060
1538,2010-07-22,6193
1539,2010-07-23,6447
1540,2010-07-26,2699
1541,2010-07-27,2468
1542,2010-07-28,1969
1543,2010-07-29,2503
1544,2010-07-30,7403
1545,2010-08-02,4677
1546,2010-08-03,4118
1547,2010-08-04,3375
1548,2010-08-05,5134
1549,2010-08-06,6229
1550,2010-08-09,2729
1551,2010-08-10,3494
1552,2010-08-11,2446
1553,2010-08-12,5449
1554,2010-08-13,7188
1555,2010-08-16,2584
1556,2010-08-17,47562
1557,2010-08-18,2993
1558,2010-08-19,4632
1559,2010-08-20,6779
1560,2010-08-23,2430
1561,2010-08-24,3314
1562,2010-08-25,5010
1563,2010-08-26,5309
1564,2010-08-27,6413
1565,2010-08-31,3766
1566,2010-09-01,3286
1567,2010-09-02,3634
1568,2010-09-03,4495
1569,2010-09-06,2564
1570,2010-09-07,3862
1571,2010-09-08,2469
1572,2010-09-09,2628
1573,2010-09-10,2273
1574,2010-09-13,2925
1575,2010-09-14,2311
1576,2010-09-15,89578
1577,2010-09-16,2643
1578,2010-09-17,3921
1579,2010-09-20,3585
1580,2010-09-21,3124
1581,2010-09-22,3290
1582,2010-09-23,4839
1583,2010-09-24,5271
1584,2010-09-27,3133
1585,2010-09-28,5279
1586,2010-09-29,6871
1587,2010-09-30,4042
1588,2010-10-01,4349
1589,2010-10-04,2632
1590,2010-10-05,2569
1591,2010-10-06,2693
1592,2010-10-07,2770
1593,2010-10-08,6038
1594,2010-10-11,3093
1595,2010-10-12,3846
1596,2010-10-13,3149
1597,2010-10-14,7349
1598,2010-10-15,8560
1599,2010-10-18,2849
1600,2010-10-19,85668
1601,2010-10-20,4054
1602,2010-10-21,3131
1603,2010-10-22,3687
1604,2010-10-25,3044
1605,2010-10-26,3127
1606,2010-10-27,4126
1607,2010-10-28,3049
1608,2010-10-29,4888
1609,2010-11-01,3378
1610,2010-11-02,5370
1611,2010-11-03,4568
1612,2010-11-04,6458
1613,2010-11-05,6786
1614,2010-11-08,3651
1615,2010-11-09,4013
1616,2010-11-10,3240
1617,2010-11-11,2887
1618,2010-11-12,5146
1619,2010-11-15,3483
1620,2010-11-16,37651
1621,2010-11-17,8819
1622,2010-11-18,3972
1623,2010-11-19,5212
1624,2010-11-22,3025
1625,2010-11-23,2437
1626,2010-11-24,2112
1627,2010-11-25,2348
1628,2010-11-26,3310
1629,2010-11-29,2142
1630,2010-11-30,3253
1631,2010-12-01,3320
1632,2010-12-02,3420
1633,2010-12-03,3480
1634,2010-12-06,2454
1635,2010-12-07,3561
1636,2010-12-08,4371
1637,2010-12-09,2954
1638,2010-12-10,1960
1639,2010-12-13,3951
1640,2010-12-14,5864
1641,2010-12-15,2656
1642,2010-12-16,71031
1643,2010-12-17,2028
1644,2010-12-20,2472
1645,2010-12-21,6063
1646,2010-12-22,5008
1647,2010-12-23,3832
1648,2010-12-24,1620
1649,2010-12-29,1767
1650,2010-12-30,2979
1651,2010-12-31,2761
1652,2011-01-04,4520
1653,2011-01-05,3260
1654,2011-01-06,6850
1655,2011-01-07,5739
1656,2011-01-10,3437
1657,2011-01-11,4712
1658,2011-01-12,3887
1659,2011-01-13,2367
1660,2011-01-14,3186
1661,2011-01-17,3020
1662,2011-01-18,6381
1663,2011-01-19,3799
1664,2011-01-20,43327
1665,2011-01-21,8573
1666,2011-01-24,4285
1667,2011-01-25,10141
1668,2011-01-26,13860
1669,2011-01-27,7397
1670,2011-01-28,5230
1671,2011-01-31,9972
1672,2011-02-01,9411
1673,2011-02-02,11049
1674,2011-02-03,11477
1675,2011-02-04,2884
1676,2011-02-07,3426
1677,2011-02-08,3374
1678,2011-02-09,3875
1679,2011-02-10,2938
1680,2011-02-11,5062
1681,2011-02-14,3224
1682,2011-02-15,2627
1683,2011-02-16,4945
1684,2011-02-17,3094
1685,2011-02-18,76295
1686,2011-02-21,2710
1687,2011-02-22,5895
1688,2011-02-23,6413
1689,2011-02-24,3038
1690,2011-02-25,2287
1691,2011-02-28,4606
1692,2011-03-01,4052
1693,2011-03-02,3482
1694,2011-03-03,3431
1695,2011-03-04,5266
1696,2011-03-07,2477
1697,2011-03-08,3653
1698,2011-03-09,3382
1699,2011-03-10,3371
1700,2011-03-11,8735
1701,2011-03-14,6512
1702,2011-03-15,79370
1703,2011-03-16,5810
1704,2011-03-17,5255
1705,2011-03-18,5496
1706,2011-03-21,3706
1707,2011-03-22,2827
1708,2011-03-23,3354
1709,2011-03-24,4574
1710,2011-03-25,5338
1711,2011-03-28,2252
1712,2011-03-29,3829
1713,2011-03-30,1724
1714,2011-03-31,3617
1715,2011-04-01,2611
1716,2011-04-04,2528
1717,2011-04-05,3639
1718,2011-04-06,4760
1719,2011-04-07,3277
1720,2011-04-08,3747
1721,2011-04-11,2750
1722,2011-04-12,4168
1723,2011-04-13,3285
1724,2011-04-14,3381
1725,2011-04-15,5241
1726,2011-04-18,4405
1727,2011-04-19,4248
1728,2011-04-20,90226
1729,2011-04-21,2915
1730,2011-04-26,2932
1731,2011-04-27,3308
1732,2011-04-28,3212
1733,2011-05-03,3483
1734,2011-05-04,2879
1735,2011-05-05,11490
1736,2011-05-06,13662
1737,2011-05-09,4366
1738,2011-05-10,5225
1739,2011-05-11,3429
1740,2011-05-12,3484
1741,2011-05-13,7123
1742,2011-05-16,4111
1743,2011-05-17,36170
1744,2011-05-18,5615
1745,2011-05-19,7670
1746,2011-05-20,9066
1747,2011-05-23,5386
1748,2011-05-24,3802
1749,2011-05-25,4258
1750,2011-05-26,2781
1751,2011-05-27,4799
1752,2011-05-31,5019
1753,2011-06-01,3880
1754,2011-06-02,2674
1755,2011-06-03,4180
1756,2011-06-06,1817
1757,2011-06-07,4040
1758,2011-06-08,3678
1759,2011-06-09,2240
1760,2011-06-10,3535
1761,2011-06-13,3510
1762,2011-06-14,5021
1763,2011-06-15,3118
1764,2011-06-16,4350
1765,2011-06-17,6588
1766,2011-06-20,1940
1767,2011-06-21,68143
1768,2011-06-22,1982
1769,2011-06-23,4273
1770,2011-06-24,5644
1771,2011-06-27,2413
1772,2011-06-28,3544
1773,2011-06-29,2949
1774,2011-06-30,4945
1775,2011-07-01,5312
1776,2011-07-04,2001
1777,2011-07-05,4343
1778,2011-07-06,3357
1779,2011-07-07,4281
1780,2011-07-08,5417
1781,2011-07-11,6687
1782,2011-07-12,3723
1783,2011-07-13,3426
1784,2011-07-14,3320
1785,2011-07-15,5492
1786,2011-07-18,2706
1787,2011-07-19,39055
1788,2011-07-20,2910
1789,2011-07-21,3040
1790,2011-07-22,5190
1791,2011-07-25,4850
1792,2011-07-26,4570
1793,2011-07-27,4650
1794,2011-07-28,3992
1795,2011-07-29,7796
1796,2011-08-01,4133
1797,2011-08-02,3091
1798,2011-08-03,3215
1799,2011-08-04,6113
1800,2011-08-05,12551
1801,2011-08-08,7199
1802,2011-08-09,6877
1803,2011-08-10,5234
1804,2011-08-11,3572
1805,2011-08-12,5422
1806,2011-08-15,6646
1807,2011-08-16,47406
1808,2011-08-17,3345
1809,2011-08-18,6257
1810,2011-08-19,6731
1811,2011-08-22,2403
1812,2011-08-23,3286
1813,2011-08-24,3086
1814,2011-08-25,4420
1815,2011-08-26,4573
1816,2011-08-30,3854
1817,2011-08-31,4904
1818,2011-09-01,3215
1819,2011-09-02,2676
1820,2011-09-05,2594
1821,2011-09-06,4458
1822,2011-09-07,3918
1823,2011-09-08,3056
1824,2011-09-09,2733
1825,2011-09-12,3968
1826,2011-09-13,3214
1827,2011-09-14,2302
1828,2011-09-15,2417
1829,2011-09-16,2477
1830,2011-09-19,4187
1831,2011-09-20,4482
1832,2011-09-21,87484
1833,2011-09-22,7350
1834,2011-09-23,7009
1835,2011-09-26,4269
1836,2011-09-27,7679
1837,2011-09-28,9900
1838,2011-09-29,3440
1839,2011-09-30,5673
1840,2011-10-03,4723
1841,2011-10-04,3173
1842,2011-10-05,3058
1843,2011-10-06,4364
1844,2011-10-07,5074
1845,2011-10-10,2297
1846,2011-10-11,3912
1847,2011-10-12,2634
1848,2011-10-13,3982
1849,2011-10-14,25490
1850,2011-10-17,6213
1851,2011-10-18,75886
1852,2011-10-19,3809
1853,2011-10-20,12363
1854,2011-10-21,11781
1855,2011-10-24,4057
1856,2011-10-25,5728
1857,2011-10-26,2846
1858,2011-10-27,6402
1859,2011-10-28,6930
1860,2011-10-31,2429
1861,2011-11-01,5147
1862,2011-11-02,5066
1863,2011-11-03,3861
1864,2011-11-04,5218
1865,2011-11-07,2860
1866,2011-11-08,3199
1867,2011-11-09,4230
1868,2011-11-10,5185
1869,2011-11-11,5447
1870,2011-11-14,2715
1871,2011-11-15,98462
1872,2011-11-16,4748
1873,2011-11-17,4877
1874,2011-11-18,5414
1875,2011-11-21,5455
1876,2011-11-22,7717
1877,2011-11-23,7563
1878,2011-11-24,3832
1879,2011-11-25,5251
1880,2011-11-28,2994
1881,2011-11-29,5854
1882,2011-11-30,6898
1883,2011-12-01,7442
1884,2011-12-02,4985
1885,2011-12-05,3802
1886,2011-12-06,12257
1887,2011-12-07,5414
1888,2011-12-08,3643
1889,2011-12-09,6251
1890,2011-12-12,4440
1891,2011-12-13,3025
1892,2011-12-14,4438
1893,2011-12-15,2363
1894,2011-12-16,3259
1895,2011-12-19,4124
1896,2011-12-20,2801
1897,2011-12-21,94508
1898,2011-12-22,2331
1899,2011-12-23,1729
1900,2011-12-28,3446
1901,2011-12-29,2451
1902,2011-12-30,2910
1903,2012-01-03,3464
1904,2012-01-04,4696
1905,2012-01-05,2694
1906,2012-01-06,4410
1907,2012-01-09,4819
1908,2012-01-10,9774
1909,2012-01-11,4790
1910,2012-01-12,4959
1911,2012-01-13,5227
1912,2012-01-16,2521
1913,2012-01-17,5473
1914,2012-01-18,93160
1915,2012-01-19,2514
1916,2012-01-20,2199
1917,2012-01-23,2144
1918,2012-01-24,2953
1919,2012-01-25,3096
1920,2012-01-26,4611
1921,2012-01-27,5015
1922,2012-01-30,3097
1923,2012-01-31,6426
1924,2012-02-01,5465
1925,2012-02-02,5624
1926,2012-02-03,3294
1927,2012-02-06,1585
1928,2012-02-07,3353
1929,2012-02-08,3989
1930,2012-02-09,4116
1931,2012-02-10,2623
1932,2012-02-13,3108
1933,2012-02-14,3404
1934,2012-02-15,3221
1935,2012-02-16,66771
1936,2012-02-17,2756
1937,2012-02-20,1739
1938,2012-02-21,4692
1939,2012-02-22,4089
1940,2012-02-23,2991
1941,2012-02-24,6289
1942,2012-02-27,5136
1943,2012-02-28,6022
1944,2012-02-29,6734
1945,2012-03-01,3004
1946,2012-03-02,4687
1947,2012-03-05,3208
1948,2012-03-06,4934
1949,2012-03-07,4230
1950,2012-03-08,2806
1951,2012-03-09,4017
1952,2012-03-12,1594
1953,2012-03-13,2524
1954,2012-03-14,3001
1955,2012-03-15,2751
1956,2012-03-16,5265
1957,2012-03-19,3844
1958,2012-03-20,54891
1959,2012-03-21,3730
1960,2012-03-22,6724
1961,2012-03-23,8411
1962,2012-03-26,2324
1963,2012-03-27,2403
1964,2012-03-28,2576
1965,2012-03-29,4771
1966,2012-03-30,6304
1967,2012-04-02,3806
1968,2012-04-03,6227
1969,2012-04-04,4613
1970,2012-04-05,7207
1971,2012-04-10,3941
1972,2012-04-11,5187
1973,2012-04-12,4699
1974,2012-04-13,3632
1975,2012-04-16,2835
1976,2012-04-17,2659
1977,2012-04-18,61049
1978,2012-04-19,3334
1979,2012-04-20,3034
1980,2012-04-23,3621
1981,2012-04-24,2536
1982,2012-04-25,3221
1983,2012-04-26,2068
1984,2012-04-27,3563
1985,2012-04-30,4448
1986,2012-05-01,4106
1987,2012-05-02,4254
1988,2012-05-03,2139
1989,2012-05-04,3563
1990,2012-05-08,4293
1991,2012-05-09,3919
1992,2012-05-10,3697
1993,2012-05-11,5086
1994,2012-05-14,3156
1995,2012-05-15,56717
1996,2012-05-16,3787
1997,2012-05-17,2454
1998,2012-05-18,4600
1999,2012-05-21,3622
2000,2012-05-22,2229
2001,2012-05-23,3522
2002,2012-05-24,2166
2003,2012-05-25,4213
2004,2012-05-28,1107
2005,2012-05-29,2541
2006,2012-05-30,3638
2007,2012-05-31,4620
2008,2012-06-01,6825
2009,2012-06-06,3812
2010,2012-06-07,2241
2011,2012-06-08,5326
2012,2012-06-11,3293
2013,2012-06-12,2024
2014,2012-06-13,1709
2015,2012-06-14,3049
2016,2012-06-15,5457
2017,2012-06-18,3333
2018,2012-06-19,83867
2019,2012-06-20,4264
2020,2012-06-21,3805
2021,2012-06-22,5707
2022,2012-06-25,3382
2023,2012-06-26,5338
2024,2012-06-27,3182
2025,2012-06-28,5045
2026,2012-06-29,7689
2027,2012-07-02,3597
2028,2012-07-03,8251
2029,2012-07-04,3745
2030,2012-07-05,4611
2031,2012-07-06,5448
2032,2012-07-09,4258
2033,2012-07-10,2990
2034,2012-07-11,3259
2035,2012-07-12,4359
2036,2012-07-13,5407
2037,2012-07-16,2581
2038,2012-07-17,46811
2039,2012-07-18,1972
2040,2012-07-19,2918
2041,2012-07-20,4818
2042,2012-07-23,4662
2043,2012-07-24,2964
2044,2012-07-25,3291
2045,2012-07-26,3042
2046,2012-07-27,3374
2047,2012-07-30,2592
2048,2012-07-31,2605
2049,2012-08-01,4881
2050,2012-08-02,5004
2051,2012-08-03,7257
2052,2012-08-06,1520
2053,2012-08-07,4363
2054,2012-08-08,2989
2055,2012-08-09,3888
2056,2012-08-10,6420
2057,2012-08-13,3429
2058,2012-08-14,3737
2059,2012-08-15,3874
2060,2012-08-16,3653
2061,2012-08-17,3688
2062,2012-08-20,3604
2063,2012-08-21,59272
2064,2012-08-22,3188
2065,2012-08-23,6497
2066,2012-08-24,7290
2067,2012-08-28,3599
2068,2012-08-29,2586
2069,2012-08-30,3669
2070,2012-08-31,4874
2071,2012-09-03,2411
2072,2012-09-04,6737
2073,2012-09-05,5042
2074,2012-09-06,5336
2075,2012-09-07,4853
2076,2012-09-10,6218
2077,2012-09-11,5008
2078,2012-09-12,4216
2079,2012-09-13,5122
2080,2012-09-14,9417
2081,2012-09-17,4298
2082,2012-09-18,3586
2083,2012-09-19,71594
2084,2012-09-20,4428
2085,2012-09-21,3775
2086,2012-09-24,2298
2087,2012-09-25,2742
2088,2012-09-26,3141
2089,2012-09-27,4772
2090,2012-09-28,3573
2091,2012-10-01,3742
2092,2012-10-02,4055
2093,2012-10-03,3262
2094,2012-10-04,2527
2095,2012-10-05,2788
2096,2012-10-08,2688
2097,2012-10-09,3505
2098,2012-10-10,4803
2099,2012-10-11,4500
2100,2012-10-12,5002
2101,2012-10-15,3789
2102,2012-10-16,68118
2103,2012-10-17,4054
2104,2012-10-18,4354
2105,2012-10-19,5320
2106,2012-10-22,2537
2107,2012-10-23,2819
2108,2012-10-24,3646
2109,2012-10-25,3054
2110,2012-10-26,4600
2111,2012-10-29,4392
2112,2012-10-30,1846
2113,2012-10-31,4210
2114,2012-11-01,4538
2115,2012-11-02,5817
2116,2012-11-05,3719
2117,2012-11-06,3198
2118,2012-11-07,4193
2119,2012-11-08,2853
2120,2012-11-09,4499
2121,2012-11-12,4662
2122,2012-11-13,3378
2123,2012-11-14,3398
2124,2012-11-15,2607
2125,2012-11-16,4188
2126,2012-11-19,3083
2127,2012-11-20,43539
2128,2012-11-21,3682
2129,2012-11-22,2413
2130,2012-11-23,4699
2131,2012-11-26,3978
2132,2012-11-27,3703
2133,2012-11-28,2834
2134,2012-11-29,7774
2135,2012-11-30,12450
2136,2012-12-03,4677
2137,2012-12-04,6382
2138,2012-12-05,4750
2139,2012-12-06,4841
2140,2012-12-07,5191
2141,2012-12-10,5205
2142,2012-12-11,7676
2143,2012-12-12,3727
2144,2012-12-13,3940
2145,2012-12-14,2346
2146,2012-12-17,3105
2147,2012-12-18,3640
2148,2012-12-19,3360
2149,2012-12-20,70933
2150,2012-12-21,3589
2151,2012-12-24,2253
2152,2012-12-27,2289
2153,2012-12-28,4006
2154,2012-12-31,5526
2155,2013-01-02,5904
2156,2013-01-03,5181
2157,2013-01-04,5812
2158,2013-01-07,3190
2159,2013-01-08,5705
2160,2013-01-09,4375
2161,2013-01-10,4415
2162,2013-01-11,2704
2163,2013-01-14,5302
2164,2013-01-15,6011
2165,2013-01-16,2493
2166,2013-01-17,34234
2167,2013-01-18,3245
2168,2013-01-21,2264
2169,2013-01-22,4931
2170,2013-01-23,4199
2171,2013-01-24,3090
2172,2013-01-25,4265
2173,2013-01-28,2621
2174,2013-01-29,5249
2175,2013-01-30,3757
2176,2013-01-31,5282
2177,2013-02-01,4933
2178,2013-02-04,5924
2179,2013-02-05,4431
2180,2013-02-06,5046
2181,2013-02-07,5494
2182,2013-02-08,2482
2183,2013-02-11,2743
2184,2013-02-12,3294
2185,2013-02-13,6642
2186,2013-02-14,4652
2187,2013-02-15,66801
2188,2013-02-18,3929
2189,2013-02-19,3523
2190,2013-02-20,4475
2191,2013-02-21,5157
2192,2013-02-22,5963
2193,2013-02-25,6828
2194,2013-02-26,4945
2195,2013-02-27,6444
2196,2013-02-28,10913
2197,2013-03-01,6428
2198,2013-03-04,3393
2199,2013-03-05,4246
2200,2013-03-06,3510
2201,2013-03-07,4484
2202,2013-03-08,5080
2203,2013-03-11,4425
2204,2013-03-12,4202
2205,2013-03-13,4105
2206,2013-03-14,2286
2207,2013-03-15,3974
2208,2013-03-18,6133
2209,2013-03-19,41623
2210,2013-03-20,2570
2211,2013-03-21,5473
2212,2013-03-22,6730
2213,2013-03-25,2394
2214,2013-03-26,6064
2215,2013-03-27,3367
2216,2013-03-28,3027
2217,2013-04-02,4727
2218,2013-04-03,3954
2219,2013-04-04,3733
2220,2013-04-05,6701
2221,2013-04-08,3148
2222,2013-04-09,3276
2223,2013-04-10,2236
2224,2013-04-11,3487
2225,2013-04-12,4677
2226,2013-04-15,6570
2227,2013-04-16,4888
2228,2013-04-17,82137
2229,2013-04-18,4028
2230,2013-04-19,4777
2231,2013-04-22,2483
2232,2013-04-23,2937
2233,2013-04-24,2463
2234,2013-04-25,4857
2235,2013-04-26,5718
2236,2013-04-29,4085
2237,2013-04-30,4771
2238,2013-05-01,6766
2239,2013-05-02,7061
2240,2013-05-03,8384
2241,2013-05-07,2953
2242,2013-05-08,4323
2243,2013-05-09,4305
2244,2013-05-10,6428
2245,2013-05-13,3739
2246,2013-05-14,4548
2247,2013-05-15,2968
2248,2013-05-16,3114
2249,2013-05-17,4386
2250,2013-05-20,2174
2251,2013-05-21,33180
2252,2013-05-22,3938
2253,2013-05-23,4100
2254,2013-05-24,6880
2255,2013-05-28,3632
2256,2013-05-29,3245
2257,2013-05-30,7511
2258,2013-05-31,10297
2259,2013-06-03,4226
2260,2013-06-04,4246
2261,2013-06-05,7490
2262,2013-06-06,4277
2263,2013-06-07,8556
2264,2013-06-10,3667
2265,2013-06-11,4198
2266,2013-06-12,6724
2267,2013-06-13,4067
2268,2013-06-14,7361
2269,2013-06-17,7559
2270,2013-06-18,78494
2271,2013-06-19,5195
2272,2013-06-20,9443
2273,2013-06-21,13249
2274,2013-06-24,4364
2275,2013-06-25,4752
2276,2013-06-26,3657
2277,2013-06-27,4627
2278,2013-06-28,5316
2279,2013-07-01,5227
2280,2013-07-02,4069
2281,2013-07-03,2895
2282,2013-07-04,3411
2283,2013-07-05,5615
2284,2013-07-08,4523
2285,2013-07-09,3041
2286,2013-07-10,2336
2287,2013-07-11,5012
2288,2013-07-12,6683
2289,2013-07-15,5160
2290,2013-07-16,29841
2291,2013-07-17,2882
2292,2013-07-18,3074
2293,2013-07-19,4845
2294,2013-07-22,4101
2295,2013-07-23,3319
2296,2013-07-24,3264
2297,2013-07-25,4323
2298,2013-07-26,7508
2299,2013-07-29,3805
2300,2013-07-30,4317
2301,2013-07-31,4541
2302,2013-08-01,4338
2303,2013-08-02,5179
2304,2013-08-05,3204
2305,2013-08-06,3828
2306,2013-08-07,3439
2307,2013-08-08,6737
2308,2013-08-09,10293
2309,2013-08-12,5972
2310,2013-08-13,5211
2311,2013-08-14,4695
2312,2013-08-15,4106
2313,2013-08-16,8931
2314,2013-08-19,4617
2315,2013-08-20,60770
2316,2013-08-21,2250
2317,2013-08-22,3874
2318,2013-08-23,4681
2319,2013-08-27,2192
2320,2013-08-28,3698
2321,2013-08-29,5152
2322,2013-08-30,8564
2323,2013-09-02,4807
2324,2013-09-03,3104
2325,2013-09-04,4878
2326,2013-09-05,3260
2327,2013-09-06,2733
2328,2013-09-09,4097
2329,2013-09-10,2844
2330,2013-09-11,3798
2331,2013-09-12,2937
2332,2013-09-13,2632
2333,2013-09-16,3747
2334,2013-09-17,4462
2335,2013-09-18,88215
2336,2013-09-19,4320
2337,2013-09-20,2700
2338,2013-09-23,2267
2339,2013-09-24,4773
2340,2013-09-25,4234
2341,2013-09-26,2716
2342,2013-09-27,5943
2343,2013-09-30,3676
2344,2013-10-01,5194
2345,2013-10-02,5610
2346,2013-10-03,3534
2347,2013-10-04,4189
2348,2013-10-07,2665
2349,2013-10-08,4101
2350,2013-10-09,5840
2351,2013-10-10,4055
2352,2013-10-11,6140
2353,2013-10-14,4553
2354,2013-10-15,77346
2355,2013-10-16,4095
2356,2013-10-17,2875
2357,2013-10-18,3405
2358,2013-10-21,2908
2359,2013-10-22,4856
2360,2013-10-23,4142
2361,2013-10-24,2856
2362,2013-10-25,4216
2363,2013-10-28,3842
2364,2013-10-29,3940
2365,2013-10-30,2546
2366,2013-10-31,3841
2367,2013-11-01,6758
2368,2013-11-04,6260
2369,2013-11-05,5551
2370,2013-11-06,3438
2371,2013-11-07,4015
2372,2013-11-08,6689
2373,2013-11-11,3952
2374,2013-11-12,3559
2375,2013-11-13,3564
2376,2013-11-14,4376
2377,2013-11-15,6216
2378,2013-11-18,2792
2379,2013-11-19,28961
2380,2013-11-20,3789
2381,2013-11-21,5251
2382,2013-11-22,6228
2383,2013-11-25,4366
2384,2013-11-26,3494
2385,2013-11-27,5107
2386,2013-11-28,4159
2387,2013-11-29,6040
2388,2013-12-02,4115
2389,2013-12-03,4795
2390,2013-12-04,6784
2391,2013-12-05,5957
2392,2013-12-06,4619
2393,2013-12-09,3596
2394,2013-12-10,6026
2395,2013-12-11,5229
2396,2013-12-12,3460
2397,2013-12-13,4210
2398,2013-12-16,3919
2399,2013-12-17,4497
2400,2013-12-18,2946
2401,2013-12-19,73531
2402,2013-12-20,3815
2403,2013-12-23,3836
2404,2013-12-24,4677
2405,2013-12-27,3736
2406,2013-12-30,3808
2407,2013-12-31,4497
2408,2014-01-02,4522
2409,2014-01-03,2774
2410,2014-01-06,3920
2411,2014-01-07,5240
2412,2014-01-08,3471
2413,2014-01-09,3644
2414,2014-01-10,4431
2415,2014-01-13,3889
2416,2014-01-14,6160
2417,2014-01-15,3722
2418,2014-01-16,45688
2419,2014-01-17,4711
2420,2014-01-20,3126
2421,2014-01-21,5304
2422,2014-01-22,5192
2423,2014-01-23,3348
2424,2014-01-24,2733
2425,2014-01-27,3896
2426,2014-01-28,6561
2427,2014-01-29,4408
2428,2014-01-30,4714
2429,2014-01-31,9608
2430,2014-02-03,7219
2431,2014-02-04,4589
2432,2014-02-05,5945
2433,2014-02-06,7195
2434,2014-02-07,4720
2435,2014-02-10,5873
2436,2014-02-11,4723
2437,2014-02-12,7282
2438,2014-02-13,3969
2439,2014-02-14,3357
2440,2014-02-17,2910
2441,2014-02-18,4029
2442,2014-02-19,9724
2443,2014-02-20,4787
2444,2014-02-21,67223
2445,2014-02-24,3624
2446,2014-02-25,3916
2447,2014-02-26,6381
2448,2014-02-27,8193
2449,2014-02-28,3952
2450,2014-03-03,8280
2451,2014-03-04,6630
2452,2014-03-05,5906
2453,2014-03-06,4819
2454,2014-03-07,8220
2455,2014-03-10,6154
2456,2014-03-11,4216
2457,2014-03-12,4168
2458,2014-03-13,5035
2459,2014-03-14,6303
2460,2014-03-17,5803
2461,2014-03-18,58030
2462,2014-03-19,6202
2463,2014-03-20,6925
2464,2014-03-21,11038
2465,2014-03-24,3077
2466,2014-03-25,4917
2467,2014-03-26,3083
2468,2014-03-27,5403
2469,2014-03-28,7421
2470,2014-03-31,6619
2471,2014-04-01,6984
2472,2014-04-02,8853
2473,2014-04-03,7553
2474,2014-04-04,7346
2475,2014-04-07,8997
2476,2014-04-08,4539
2477,2014-04-09,7896
2478,2014-04-10,8680
2479,2014-04-11,5479
2480,2014-04-14,4056
2481,2014-04-15,6310
2482,2014-04-16,74606
2483,2014-04-17,3699
2484,2014-04-22,3937
2485,2014-04-23,3688
2486,2014-04-24,2902
2487,2014-04-25,3295
2488,2014-04-28,4217
2489,2014-04-29,4602
2490,2014-04-30,6726
2491,2014-05-01,4397
2492,2014-05-02,4947
2493,2014-05-06,4756
2494,2014-05-07,6119
2495,2014-05-08,5393
2496,2014-05-09,7500
2497,2014-05-12,4246
2498,2014-05-13,4057
2499,2014-05-14,5723
2500,2014-05-15,4918
2501,2014-05-19,6278
2502,2014-05-20,47021
2503,2014-05-21,4518
2504,2014-05-22,6516
2505,2014-05-23,8013
2506,2014-05-27,4618
2507,2014-05-28,5799
2508,2014-05-29,5391
2509,2014-05-30,7139
2510,2014-06-02,4964
2511,2014-06-03,7058
2512,2014-06-04,5683
2513,2014-06-05,6102
2514,2014-06-06,9302
2515,2014-06-09,8754
2516,2014-06-10,6780
2517,2014-06-11,7365
2518,2014-06-12,5150
2519,2014-06-13,6961
2520,2014-06-16,2479
2521,2014-06-17,81727
2522,2014-06-18,3051
2523,2014-06-19,3023
2524,2014-06-20,3916
2525,2014-06-23,2315
2526,2014-06-24,4419
2527,2014-06-25,3927
2528,2014-06-26,3850
2529,2014-06-27,4569
2530,2014-06-30,4873
2531,2014-07-01,5599
2532,2014-07-02,6987
2533,2014-07-03,4451
2534,2014-07-04,4961
2535,2014-07-07,3149
2536,2014-07-08,6215
2537,2014-07-09,5589
2538,2014-07-10,4220
2539,2014-07-11,6345
2540,2014-07-14,3615
2541,2014-07-15,43728
2542,2014-07-16,6110
2543,2014-07-17,3568
2544,2014-07-18,6986
2545,2014-07-21,4665
2546,2014-07-22,5296
2547,2014-07-23,3981
2548,2014-07-24,3944
2549,2014-07-25,7627
2550,2014-07-28,3175
2551,2014-07-29,4971
2552,2014-07-30,4512
2553,2014-07-31,5724
2554,2014-08-01,7694
2555,2014-08-04,6705
2556,2014-08-05,5418
2557,2014-08-06,5309
2558,2014-08-07,4401
2559,2014-08-08,6169
2560,2014-08-11,2820
2561,2014-08-12,4629
2562,2014-08-13,4624
2563,2014-08-14,5337
2564,2014-08-15,6506
2565,2014-08-18,4637
2566,2014-08-19,72657
2567,2014-08-20,5931
2568,2014-08-21,4054
2569,2014-08-22,5371
2570,2014-08-26,3843
2571,2014-08-27,3510
2572,2014-08-28,4853
2573,2014-08-29,6909
2574,2014-09-01,3882
2575,2014-09-02,5464
2576,2014-09-03,6007
2577,2014-09-04,4361
2578,2014-09-05,3660
2579,2014-09-08,3225
2580,2014-09-09,4775
2581,2014-09-10,4897
2582,2014-09-11,6920
2583,2014-09-12,3899
2584,2014-09-15,6940
2585,2014-09-16,8933
2586,2014-09-17,81141
2587,2014-09-18,3772
2588,2014-09-19,4449
2589,2014-09-22,4122
2590,2014-09-23,3447
2591,2014-09-24,3424
2592,2014-09-25,4228
2593,2014-09-26,3050
2594,2014-09-29,3863
2595,2014-09-30,4460
2596,2014-10-01,6414
2597,2014-10-02,9678
2598,2014-10-03,9269
2599,2014-10-06,2742
2600,2014-10-07,5237
2601,2014-10-08,3549
2602,2014-10-09,3844
2603,2014-10-10,4538
2604,2014-10-13,2299
2605,2014-10-14,5798
2606,2014-10-15,3237
2607,2014-10-16,4830
2608,2014-10-17,7687
2609,2014-10-20,4279
2610,2014-10-21,84057
2611,2014-10-22,4928
2612,2014-10-23,3829
2613,2014-10-24,6524
2614,2014-10-27,2244
2615,2014-10-28,5430
2616,2014-10-29,3536
2617,2014-10-30,3566
2618,2014-10-31,5493
2619,2014-11-03,8797
2620,2014-11-04,7629
2621,2014-11-05,6835
2622,2014-11-06,5518
2623,2014-11-07,7528
2624,2014-11-10,4501
2625,2014-11-11,5431
2626,2014-11-12,4305
2627,2014-11-13,4537
2628,2014-11-14,6006
2629,2014-11-17,2492
2630,2014-11-18,46679
2631,2014-11-19,3280
2632,2014-11-20,2984
2633,2014-11-21,5289
2634,2014-11-24,3115
2635,2014-11-25,3421
2636,2014-11-26,2620
2637,2014-11-27,3280
2638,2014-11-28,8459
2639,2014-12-01,4577
2640,2014-12-02,8938
2641,2014-12-03,4735
2642,2014-12-04,4998
2643,2014-12-05,3162
2644,2014-12-08,2793
2645,2014-12-09,4822
2646,2014-12-10,3402
2647,2014-12-11,5422
2648,2014-12-12,4480
2649,2014-12-15,4867
2650,2014-12-16,6828
2651,2014-12-17,4573
2652,2014-12-18,86107
2653,2014-12-19,5546
2654,2014-12-22,4195
2655,2014-12-23,6709
2656,2014-12-24,2932
2657,2014-12-29,2859
2658,2014-12-30,4178
2659,2014-12-31,4540
2660,2015-01-02,3371
2661,2015-01-05,4073
2662,2015-01-06,7419
2663,2015-01-07,8090
2664,2015-01-08,7014
2665,2015-01-09,6058
2666,2015-01-12,3477
2667,2015-01-13,6811
2668,2015-01-14,6585
2669,2015-01-15,42779
2670,2015-01-16,5473
2671,2015-01-19,3674
2672,2015-01-20,5613
2673,2015-01-21,4896
2674,2015-01-22,7512
2675,2015-01-23,4230
2676,2015-01-26,4532
2677,2015-01-27,8183
2678,2015-01-28,3167
2679,2015-01-29,3777
2680,2015-01-30,4198
2681,2015-02-02,3883
2682,2015-02-03,3731
2683,2015-02-04,6085
2684,2015-02-05,8549
2685,2015-02-06,4028
2686,2015-02-09,3342
2687,2015-02-10,4015
2688,2015-02-11,7780
2689,2015-02-12,5229
2690,2015-02-13,3821
2691,2015-02-16,2555
2692,2015-02-17,2998
2693,2015-02-18,4473
2694,2015-02-19,3157
2695,2015-02-20,63750
2696,2015-02-23,3563
2697,2015-02-24,2997
2698,2015-02-25,4675
2699,2015-02-26,6661
2700,2015-02-27,4553
2701,2015-03-02,4669
2702,2015-03-03,4683
2703,2015-03-04,3963
2704,2015-03-05,3053
2705,2015-03-06,5877
2706,2015-03-09,3755
2707,2015-03-10,3337
2708,2015-03-11,5568
2709,2015-03-12,4481
2710,2015-03-13,5602
2711,2015-03-16,3366
2712,2015-03-17,75365
2713,2015-03-18,6447
2714,2015-03-19,3550
2715,2015-03-20,5765
2716,2015-03-23,3764
2717,2015-03-24,4095
2718,2015-03-25,3774
2719,2015-03-26,4168
2720,2015-03-27,4679
2721,2015-03-30,4659
2722,2015-03-31,5319
2723,2015-04-01,5419
2724,2015-04-02,4097
2725,2015-04-07,3664
2726,2015-04-08,7097
2727,2015-04-09,5146
2728,2015-04-10,3023
2729,2015-04-13,4623
2730,2015-04-14,4961
2731,2015-04-15,62923
2732,2015-04-16,6184
2733,2015-04-17,2987
2734,2015-04-20,3054
2735,2015-04-21,3130
2736,2015-04-22,6224
2737,2015-04-23,6955
2738,2015-04-24,5097
2739,2015-04-27,4256
2740,2015-04-28,4662
2741,2015-04-29,6981
2742,2015-04-30,6933
2743,2015-05-01,4205
2744,2015-05-05,8201
2745,2015-05-06,5921
2746,2015-05-07,4502
2747,2015-05-08,7580
2748,2015-05-11,4962
2749,2015-05-12,4221
2750,2015-05-13,4451
2751,2015-05-14,3394
2752,2015-05-15,5180
2753,2015-05-18,5433
2754,2015-05-19,48538
2755,2015-05-20,4315
2756,2015-05-21,4162
2757,2015-05-22,6089
2758,2015-05-26,5225
2759,2015-05-27,8327
2760,2015-05-28,6157
2761,2015-05-29,10895
2762,2015-06-01,6395
2763,2015-06-02,7431
2764,2015-06-03,5084
2765,2015-06-04,5283
2766,2015-06-05,6847
2767,2015-06-08,3467
2768,2015-06-09,4620
2769,2015-06-10,3741
2770,2015-06-11,4313
2771,2015-06-12,5412
2772,2015-06-15,4953
2773,2015-06-16,82957
2774,2015-06-17,2766
2775,2015-06-18,3852
2776,2015-06-19,5313
2777,2015-06-22,5449
2778,2015-06-23,3352
2779,2015-06-24,2782
2780,2015-06-25,3153
2781,2015-06-26,4832
2782,2015-06-29,3408
2783,2015-06-30,3624
2784,2015-07-01,5083
2785,2015-07-02,4316
2786,2015-07-03,6037
2787,2015-07-06,4095
2788,2015-07-07,8575
2789,2015-07-08,3740
2790,2015-07-09,3480
2791,2015-07-10,5559
2792,2015-07-13,3580
2793,2015-07-14,11658
2794,2015-07-15,3942
2795,2015-07-16,2689
2796,2015-07-17,3469
2797,2015-07-20,2890
2798,2015-07-21,69695
2799,2015-07-22,5374
2800,2015-07-23,6948
2801,2015-07-24,7490
2802,2015-07-27,2790
2803,2015-07-28,4511
2804,2015-07-29,2334
2805,2015-07-30,3525
2806,2015-07-31,6556
2807,2015-08-03,3870
2808,2015-08-04,3706
2809,2015-08-05,4813
2810,2015-08-06,4555
2811,2015-08-07,5355
2812,2015-08-10,3259
2813,2015-08-11,5924
2814,2015-08-12,7626
2815,2015-08-13,4520
2816,2015-08-14,4723
2817,2015-08-17,3702
2818,2015-08-18,80128
2819,2015-08-19,2634
2820,2015-08-20,2766
2821,2015-08-21,4749
2822,2015-08-24,6663
2823,2015-08-25,4926
2824,2015-08-26,4453
2825,2015-08-27,6670
2826,2015-08-28,8715
2827,2015-09-01,5968
2828,2015-09-02,4911
2829,2015-09-03,4558
2830,2015-09-04,2176
2831,2015-09-07,2803
2832,2015-09-08,3488
2833,2015-09-09,5820
2834,2015-09-10,2176
2835,2015-09-11,3893
2836,2015-09-14,4964
2837,2015-09-15,3516
2838,2015-09-16,79252
2839,2015-09-17,3059
2840,2015-09-18,3353
2841,2015-09-21,3234
2842,2015-09-22,6759
2843,2015-09-23,4061
2844,2015-09-24,2608
2845,2015-09-25,4197
2846,2015-09-28,5266
2847,2015-09-29,5455
2848,2015-09-30,4716
2849,2015-10-01,2830
2850,2015-10-02,5872
2851,2015-10-05,3629
2852,2015-10-06,3653
2853,2015-10-07,4515
2854,2015-10-08,3123
2855,2015-10-09,7176
2856,2015-10-12,4495
2857,2015-10-13,8199
2858,2015-10-14,2817
2859,2015-10-15,3780
2860,2015-10-16,6663
2861,2015-10-19,5362
2862,2015-10-20,115937
2863,2015-10-21,6144
2864,2015-10-22,5669
2865,2015-10-23,7353
2866,2015-10-26,4154
2867,2015-10-27,5503
2868,2015-10-28,5275
2869,2015-10-29,3774
2870,2015-10-30,4911
2871,2015-11-02,4276
2872,2015-11-03,10257
2873,2015-11-04,4834
2874,2015-11-05,5763
2875,2015-11-06,11125
2876,2015-11-09,4156
2877,2015-11-10,7590
2878,2015-11-11,5518
2879,2015-11-12,5580
2880,2015-11-13,9310
2881,2015-11-16,4972
2882,2015-11-17,58362
2883,2015-11-18,3417
2884,2015-11-19,4904
2885,2015-11-20,6105
2886,2015-11-23,3406
2887,2015-11-24,3300
2888,2015-11-25,4399
2889,2015-11-26,8897
2890,2015-11-27,11127
2891,2015-11-30,4312
2892,2015-12-01,5300
2893,2015-12-02,8437
2894,2015-12-03,5241
2895,2015-12-04,9606
2896,2015-12-07,4961
2897,2015-12-08,4424
2898,2015-12-09,4101
2899,2015-12-10,4979
2900,2015-12-11,3093
2901,2015-12-14,3455
2902,2015-12-15,4348
2903,2015-12-16,87774
2904,2015-12-17,3727
2905,2015-12-18,3114
2906,2015-12-21,2656
2907,2015-12-22,3426
2908,2015-12-23,7514
2909,2015-12-24,5908
2910,2015-12-29,4095
2911,2015-12-30,3015
2912,2015-12-31,9928
2913,2016-01-04,7065
2914,2016-01-05,4415
2915,2016-01-06,5217
2916,2016-01-07,4422
2917,2016-01-08,4849
2918,2016-01-11,4998
2919,2016-01-12,5347
2920,2016-01-13,4583
2921,2016-01-14,3546
2922,2016-01-15,5339
2923,2016-01-18,4481
2924,2016-01-19,4148
2925,2016-01-20,57303
2926,2016-01-21,3179
2927,2016-01-22,4355
2928,2016-01-25,2620
2929,2016-01-26,3457
2930,2016-01-27,8246
2931,2016-01-28,3063
2932,2016-01-29,4951
2933,2016-02-01,3899
2934,2016-02-03,6577
2935,2016-02-04,4922
2936,2016-02-05,4263
2937,2016-02-08,3524
2938,2016-02-09,5463
2939,2016-02-10,4188
2940,2016-02-11,3447
2941,2016-02-12,3593
2942,2016-02-15,4576
2943,2016-02-16,5801
2944,2016-02-17,2582
2945,2016-02-18,64283
2946,2016-02-19,5431
2947,2016-02-22,7456
2948,2016-02-23,9113
2949,2016-02-24,6876
2950,2016-02-25,3462
2951,2016-02-26,4471
2952,2016-02-29,4896
2953,2016-03-01,5824
2954,2016-03-02,4478
2955,2016-03-03,3448
2956,2016-03-04,5731
2957,2016-03-07,4114
2958,2016-03-08,4271
2959,2016-03-09,3816
2960,2016-03-10,5193
2961,2016-03-11,7035
2962,2016-03-14,5396
2963,2016-03-15,69634
2964,2016-03-16,6052
2965,2016-03-17,5965
2966,2016-03-18,8458
2967,2016-03-21,3140
2968,2016-03-22,5957
2969,2016-03-23,5858
2970,2016-03-24,6863
2971,2016-03-29,5712
2972,2016-03-30,5253
2973,2016-03-31,8280
2974,2016-04-01,3460
2975,2016-04-04,2960
2976,2016-04-05,4893
2977,2016-04-06,6777
2978,2016-04-07,3838
2979,2016-04-08,3483
2980,2016-04-11,4720
2981,2016-04-12,4908
2982,2016-04-13,8204
2983,2016-04-14,5446
2984,2016-04-15,5261
2985,2016-04-18,5271
2986,2016-04-19,6711
2987,2016-04-20,65856
2988,2016-04-21,5534
2989,2016-04-22,4588
2990,2016-04-25,3568
2991,2016-04-26,4465
2992,2016-04-27,4856
2993,2016-04-28,4828
2994,2016-04-29,5771
2995,2016-05-03,4791
2996,2016-05-04,5185
2997,2016-05-05,5610
2998,2016-05-06,6845
2999,2016-05-09,5147
3000,2016-05-10,3930
3001,2016-05-11,4267
3002,2016-05-12,4267
3003,2016-05-13,6781
3004,2016-05-16,3546
3005,2016-05-17,42756
3006,2016-05-18,3628
3007,2016-05-19,3142
3008,2016-05-20,5277
3009,2016-05-23,3494
3010,2016-05-24,3389
3011,2016-05-25,4135
3012,2016-05-26,3400
3013,2016-05-27,4442
3014,2016-05-31,4781
3015,2016-06-01,5306
3016,2016-06-02,6529
3017,2016-06-03,7207
3018,2016-06-06,2500
3019,2016-06-07,5076
3020,2016-06-08,4906
3021,2016-06-09,4755
3022,2016-06-10,5845
3023,2016-06-13,4274
3024,2016-06-14,5898
3025,2016-06-15,3532
3026,2016-06-16,3686
3027,2016-06-17,6504
3028,2016-06-20,4097
3029,2016-06-21,88231
3030,2016-06-22,2759
3031,2016-06-23,3602
3032,2016-06-24,7631
3033,2016-06-27,3680
3034,2016-06-28,3492
3035,2016-06-29,3281
3036,2016-06-30,4165
3037,2016-07-01,7908
3038,2016-07-04,3069
3039,2016-07-05,6638
3040,2016-07-06,4512
3041,2016-07-07,2474
3042,2016-07-08,5151
3043,2016-07-11,3325
3044,2016-07-12,5135
3045,2016-07-13,3210
3046,2016-07-14,2560
3047,2016-07-15,5358
3048,2016-07-18,3083
3049,2016-07-19,40795
3050,2016-07-20,6281
3051,2016-07-21,4468
3052,2016-07-22,6239
3053,2016-07-25,2401
3054,2016-07-26,4073
3055,2016-07-27,3416
3056,2016-07-28,3843
3057,2016-07-29,7295
3058,2016-08-01,4029
3059,2016-08-02,5248
3060,2016-08-03,3577
3061,2016-08-04,2509
3062,2016-08-05,4067
3063,2016-08-08,2157
3064,2016-08-09,2406
3065,2016-08-10,2775
3066,2016-08-11,3196
3067,2016-08-12,2504
3068,2016-08-15,4990
3069,2016-08-16,72280
3070,2016-08-17,4425
3071,2016-08-18,3449
3072,2016-08-19,4044
3073,2016-08-22,2284
3074,2016-08-23,5986
3075,2016-08-24,3515
3076,2016-08-25,6313
3077,2016-08-26,6795
3078,2016-08-30,10557
3079,2016-08-31,12256
3080,2016-09-01,5585
3081,2016-09-02,6539
3082,2016-09-05,4846
3083,2016-09-06,3962
3084,2016-09-07,3939
3085,2016-09-08,4576
3086,2016-09-09,3520
3087,2016-09-12,5096
3088,2016-09-13,3901
3089,2016-09-14,4992
3090,2016-09-15,3219
3091,2016-09-16,3649
3092,2016-09-19,2780
3093,2016-09-20,2840
3094,2016-09-21,88182
3095,2016-09-22,7026
3096,2016-09-23,5676
3097,2016-09-26,5436
3098,2016-09-27,8190
3099,2016-09-28,10855
3100,2016-09-29,4565
3101,2016-09-30,4808
3102,2016-10-03,4106
3103,2016-10-04,5094
3104,2016-10-05,5005
3105,2016-10-06,5421
3106,2016-10-07,6653
3107,2016-10-10,6396
3108,2016-10-11,4815
3109,2016-10-12,4595
3110,2016-10-13,6516
3111,2016-10-14,7906
3112,2016-10-17,3915
3113,2016-10-18,105469
3114,2016-10-19,4961
3115,2016-10-20,6149
3116,2016-10-21,7378
3117,2016-10-24,3197
3118,2016-10-25,7877
3119,2016-10-26,5056
3120,2016-10-27,5636
3121,2016-10-28,8163
3122,2016-10-31,6158
3123,2016-11-01,5692
3124,2016-11-02,6073
3125,2016-11-03,4435
3126,2016-11-04,5505
3127,2016-11-07,3812
3128,2016-11-08,4413
3129,2016-11-09,11997
3130,2016-11-10,6474
3131,2016-11-11,10241
3132,2016-11-14,5466
3133,2016-11-15,48350
3134,2016-11-16,5129
3135,2016-11-17,4334
3136,2016-11-18,6016
3137,2016-11-21,4318
3138,2016-11-22,5608
3139,2016-11-23,7465
3140,2016-11-24,5385
3141,2016-11-25,7236
3142,2016-11-28,4422
3143,2016-11-29,6761
3144,2016-11-30,7540
3145,2016-12-01,8067
3146,2016-12-02,3498
3147,2016-12-05,4672
3148,2016-12-06,6444
3149,2016-12-07,4751
3150,2016-12-08,2990
3151,2016-12-09,3874
3152,2016-12-12,5199
3153,2016-12-13,5431
3154,2016-12-14,5020
3155,2016-12-15,130816
3156,2016-12-16,4560
3157,2016-12-19,3628
3158,2016-12-20,3886
3159,2016-12-21,2199
3160,2016-12-22,2763
3161,2016-12-23,2659
3162,2016-12-28,3330
3163,2016-12-29,5126
3164,2016-12-30,3803
3165,2017-01-03,3430
3166,2017-01-04,5449
3167,2017-01-05,4208
3168,2017-01-06,3573
3169,2017-01-09,3870
3170,2017-01-10,6248
3171,2017-01-11,5823
3172,2017-01-12,9676
3173,2017-01-13,10569
3174,2017-01-16,3875
3175,2017-01-17,6543
3176,2017-01-18,8818
3177,2017-01-19,60846
3178,2017-01-20,4560
3179,2017-01-23,5032
3180,2017-01-24,7729
3181,2017-01-25,4147
3182,2017-01-26,4410
3183,2017-01-27,3748
3184,2017-01-30,2820
3185,2017-01-31,4833
3186,2017-02-01,5667
3187,2017-02-02,6056
3188,2017-02-03,6683
3189,2017-02-06,3703
3190,2017-02-07,3233
3191,2017-02-08,5575
3192,2017-02-09,3479
3193,2017-02-10,3763
3194,2017-02-13,3500
3195,2017-02-14,5002
3196,2017-02-15,6585
3197,2017-02-16,4483
3198,2017-02-17,78934
3199,2017-02-20,3135
3200,2017-02-21,2987
3201,2017-02-22,3688
3202,2017-02-23,5651
3203,2017-02-24,4249
3204,2017-02-27,4169
3205,2017-02-28,5607
3206,2017-03-01,6014
3207,2017-03-02,5607
3208,2017-03-03,6856
3209,2017-03-06,4170
3210,2017-03-07,2528
3211,2017-03-08,4068
3212,2017-03-09,3607
3213,2017-03-10,6298
3214,2017-03-13,2649
3215,2017-03-14,5252
3216,2017-03-15,3389
3217,2017-03-16,3199
3218,2017-03-17,5915
3219,2017-03-20,4633
3220,2017-03-21,123178
3221,2017-03-22,3317
3222,2017-03-23,3262
3223,2017-03-24,4073
3224,2017-03-27,2509
3225,2017-03-28,6393
3226,2017-03-29,4421
3227,2017-03-30,2603
3228,2017-03-31,4173
3229,2017-04-03,5871
3230,2017-04-04,5263
3231,2017-04-05,5819
3232,2017-04-06,3851
3233,2017-04-07,4035
3234,2017-04-10,3870
3235,2017-04-11,2586
3236,2017-04-12,3220
3237,2017-04-13,4080
3238,2017-04-18,4271
3239,2017-04-19,67478
3240,2017-04-20,4772
3241,2017-04-21,4177
3242,2017-04-24,2415
3243,2017-04-25,3186
3244,2017-04-26,5766
3245,2017-04-27,4162
3246,2017-04-28,4236
3247,2017-05-02,7616
3248,2017-05-03,4033
3249,2017-05-04,3233
3250,2017-05-05,5170
3251,2017-05-08,3349
3252,2017-05-09,3842
3253,2017-05-10,4239
3254,2017-05-11,3349
3255,2017-05-12,5740
3256,2017-05-15,2994
3257,2017-05-16,41078
3258,2017-05-17,4194
3259,2017-05-18,4816
3260,2017-05-19,6341
3261,2017-05-22,4616
3262,2017-05-24,2953
3263,2017-05-25,3549
3264,2017-05-26,6912
3265,2017-05-30,6107
3266,2017-05-31,3521
3267,2017-06-01,4905
3268,2017-06-02,6713
3269,2017-06-05,3958
3270,2017-06-06,4141
3271,2017-06-07,3860
3272,2017-06-08,4018
3273,2017-06-09,4910
3274,2017-06-12,3676
3275,2017-06-13,4223
3276,2017-06-14,2975
3277,2017-06-15,4702
3278,2017-06-16,6238
3279,2017-06-19,4162
3280,2017-06-20,119024
3281,2017-06-21,6041
3282,2017-06-22,3765
3283,2017-06-23,4413
3284,2017-06-26,3378
3285,2017-06-27,6640
3286,2017-06-28,3951
3287,2017-06-29,4749
3288,2017-06-30,8208
3289,2017-07-03,3748
3290,2017-07-04,2487
3291,2017-07-05,3312
3292,2017-07-06,4332
3293,2017-07-07,6074
3294,2017-07-10,5836
3295,2017-07-11,4132
3296,2017-07-12,3032
3297,2017-07-13,5572
3298,2017-07-14,6813
3299,2017-07-17,4219
3300,2017-07-18,42838
3301,2017-07-19,2541
3302,2017-07-20,3154
3303,2017-07-21,3206
3304,2017-07-24,2175
3305,2017-07-25,5961
3306,2017-07-26,4506
3307,2017-07-27,3561
3308,2017-07-28,6060
3309,2017-07-31,4115
3310,2017-08-01,3071
3311,2017-08-02,6618
3312,2017-08-03,4106
3313,2017-08-04,5026
3314,2017-08-07,7825
3315,2017-08-08,9466
3316,2017-08-09,4685
3317,2017-08-10,5711
3318,2017-08-11,6033
3319,2017-08-14,3585
3320,2017-08-15,67653
3321,2017-08-16,5381
3322,2017-08-17,3187
3323,2017-08-18,5683
3324,2017-08-21,2962
3325,2017-08-22,3550
3326,2017-08-23,4276
3327,2017-08-24,4952
3328,2017-08-25,4730
3329,2017-08-29,5379
3330,2017-08-30,3307
3331,2017-08-31,7340
3332,2017-09-01,4521
3333,2017-09-04,2538
3334,2017-09-05,3743
3335,2017-09-06,4582
3336,2017-09-07,4066
3337,2017-09-08,4990
3338,2017-09-11,5110
3339,2017-09-12,4558
3340,2017-09-13,3459
3341,2017-09-14,3993
3342,2017-09-15,3174
3343,2017-09-18,3111
3344,2017-09-19,4107
3345,2017-09-20,114667
3346,2017-09-21,5447
3347,2017-09-22,5394
3348,2017-09-25,5995
3349,2017-09-26,7813
3350,2017-09-27,8556
3351,2017-09-28,3520
3352,2017-09-29,3680
3353,2017-10-02,4587
3354,2017-10-03,4327
3355,2017-10-04,5536
3356,2017-10-05,3295
3357,2017-10-06,3778
3358,2017-10-09,3844
3359,2017-10-10,3020
3360,2017-10-11,3060
3361,2017-10-12,2452
3362,2017-10-13,5317
3363,2017-10-16,5292
3364,2017-10-17,77131
3365,2017-10-18,3565
3366,2017-10-19,3055
3367,2017-10-20,5025
3368,2017-10-23,2045
3369,2017-10-24,2456
3370,2017-10-25,3368
3371,2017-10-26,4271
3372,2017-10-27,6955
3373,2017-10-30,2620
3374,2017-10-31,3323
3375,2017-11-01,5678
3376,2017-11-02,3857
3377,2017-11-03,4838
3378,2017-11-06,2533
3379,2017-11-07,3517
3380,2017-11-08,4522
3381,2017-11-09,4704
3382,2017-11-10,5416
3383,2017-11-13,3942
3384,2017-11-14,4150
3385,2017-11-15,3862
3386,2017-11-16,4421
3387,2017-11-17,3701
3388,2017-11-20,3406
3389,2017-11-21,51465
3390,2017-11-22,2657
3391,2017-11-23,2219
3392,2017-11-24,4836
3393,2017-11-27,3049
3394,2017-11-28,5080
3395,2017-11-29,15600
3396,2017-11-30,12593
3397,2017-12-01,6387
3398,2017-12-04,2861
3399,2017-12-05,3861
3400,2017-12-06,7111
3401,2017-12-07,5717
3402,2017-12-08,2981
3403,2017-12-11,2568
3404,2017-12-12,5115
3405,2017-12-13,3266
3406,2017-12-14,4928
3407,2017-12-15,3734
3408,2017-12-18,4522
3409,2017-12-19,9284
3410,2017-12-20,4115
3411,2017-12-21,113508
3412,2017-12-22,6750
3413,2017-12-27,6238
3414,2017-12-28,9737
3415,2017-12-29,4314
