,Index,LMPBDS03
0,2003-12-11,70
1,2003-12-12,70
2,2003-12-15,53
3,2003-12-16,179
4,2003-12-17,90
5,2003-12-18,147
6,2003-12-19,80
7,2003-12-22,35
8,2003-12-23,61
9,2003-12-26,58
10,2003-12-29,61
11,2003-12-30,61
12,2003-12-31,413
13,2004-01-02,308
14,2004-01-05,140
15,2004-01-06,232
16,2004-01-07,123
17,2004-01-08,72
18,2004-01-09,72
19,2004-01-12,151
20,2004-01-13,130
21,2004-01-14,213
22,2004-01-15,111
23,2004-01-16,58
24,2004-01-20,147
25,2004-01-21,227
26,2004-01-22,132
27,2004-01-28,266
28,2004-01-29,95
29,2004-01-30,391
30,2004-02-02,165
31,2004-02-03,335
32,2004-02-04,221
33,2004-02-05,130
34,2004-02-06,118
35,2004-02-09,191
36,2004-02-10,173
37,2004-02-11,175
38,2004-02-12,219
39,2004-02-13,247
40,2004-02-17,446
41,2004-02-18,468
42,2004-02-19,241
43,2004-02-20,867
44,2004-02-23,467
45,2004-02-24,527
46,2004-02-25,250
47,2004-02-26,43
48,2004-02-27,108
49,2004-03-01,219
50,2004-03-02,250
51,2004-03-03,496
52,2004-03-04,236
53,2004-03-05,95
54,2004-03-08,326
55,2004-03-09,66
56,2004-03-10,134
57,2004-03-11,106
58,2004-03-12,106
59,2004-03-15,240
60,2004-03-16,148
61,2004-03-17,168
62,2004-03-18,112
63,2004-03-19,201
64,2004-03-22,828
65,2004-03-23,125
66,2004-03-24,185
67,2004-03-25,412
68,2004-03-26,81
69,2004-03-29,93
70,2004-03-30,158
71,2004-03-31,358
72,2004-04-01,140
73,2004-04-02,242
74,2004-04-05,212
75,2004-04-06,249
76,2004-04-07,149
77,2004-04-12,802
78,2004-04-13,226
79,2004-04-14,162
80,2004-04-15,75
81,2004-04-16,96
82,2004-04-19,236
83,2004-04-20,356
84,2004-04-21,234
85,2004-04-22,220
86,2004-04-23,28
87,2004-04-26,84
88,2004-04-27,246
89,2004-04-28,48
90,2004-04-29,85
91,2004-05-03,68
92,2004-05-04,100
93,2004-05-05,415
94,2004-05-06,124
95,2004-05-07,143
96,2004-05-10,58
97,2004-05-11,61
98,2004-05-12,58
99,2004-05-13,53
100,2004-05-14,86
101,2004-05-17,117
102,2004-05-18,326
103,2004-05-19,363
104,2004-05-20,503
105,2004-05-21,492
106,2004-05-24,152
107,2004-05-25,528
108,2004-05-26,196
109,2004-05-27,232
110,2004-05-28,392
111,2004-06-01,136
112,2004-06-02,234
113,2004-06-03,51
114,2004-06-04,83
115,2004-06-07,525
116,2004-06-08,314
117,2004-06-09,1071
118,2004-06-10,243
119,2004-06-11,132
120,2004-06-14,245
121,2004-06-15,153
122,2004-06-16,230
123,2004-06-17,278
124,2004-06-18,154
125,2004-06-21,348
126,2004-06-22,159
127,2004-06-23,378
128,2004-06-24,181
129,2004-06-25,90
130,2004-06-28,406
131,2004-06-29,408
132,2004-06-30,253
133,2004-07-01,414
134,2004-07-02,295
135,2004-07-06,305
136,2004-07-07,292
137,2004-07-08,204
138,2004-07-09,98
139,2004-07-12,259
140,2004-07-13,94
141,2004-07-14,80
142,2004-07-15,141
143,2004-07-16,68
144,2004-07-19,154
145,2004-07-20,294
146,2004-07-21,102
147,2004-07-22,735
148,2004-07-23,203
149,2004-07-26,449
150,2004-07-27,858
151,2004-07-28,539
152,2004-07-29,184
153,2004-07-30,306
154,2004-08-02,158
155,2004-08-03,282
156,2004-08-04,199
157,2004-08-05,417
158,2004-08-06,399
159,2004-08-09,249
160,2004-08-10,106
161,2004-08-11,295
162,2004-08-12,197
163,2004-08-13,232
164,2004-08-16,135
165,2004-08-17,923
166,2004-08-18,178
167,2004-08-19,35
168,2004-08-20,205
169,2004-08-23,60
170,2004-08-24,108
171,2004-08-25,17
172,2004-08-26,76
173,2004-08-30,94
174,2004-08-31,146
175,2004-09-01,177
176,2004-09-02,80
177,2004-09-03,368
178,2004-09-07,264
179,2004-09-08,184
180,2004-09-09,167
181,2004-09-10,1033
182,2004-09-13,277
183,2004-09-14,334
184,2004-09-15,93
185,2004-09-16,249
186,2004-09-17,386
187,2004-09-20,235
188,2004-09-21,693
189,2004-09-22,118
190,2004-09-23,217
191,2004-09-24,201
192,2004-09-27,88
193,2004-09-28,213
194,2004-09-29,205
195,2004-09-30,245
196,2004-10-01,160
197,2004-10-04,151
198,2004-10-05,79
199,2004-10-06,410
200,2004-10-07,170
201,2004-10-08,119
202,2004-10-11,273
203,2004-10-12,550
204,2004-10-13,3347
205,2004-10-14,627
206,2004-10-15,156
207,2004-10-18,205
208,2004-10-19,179
209,2004-10-20,186
210,2004-10-21,66
211,2004-10-22,167
212,2004-10-25,157
213,2004-10-26,193
214,2004-10-27,258
215,2004-10-28,80
216,2004-10-29,155
217,2004-11-01,105
218,2004-11-02,97
219,2004-11-03,271
220,2004-11-04,254
221,2004-11-05,770
222,2004-11-08,374
223,2004-11-09,262
224,2004-11-10,193
225,2004-11-11,196
226,2004-11-12,118
227,2004-11-15,354
228,2004-11-16,152
229,2004-11-17,980
230,2004-11-18,387
231,2004-11-19,358
232,2004-11-22,130
233,2004-11-23,109
234,2004-11-24,270
235,2004-11-26,116
236,2004-11-29,307
237,2004-11-30,306
238,2004-12-01,235
239,2004-12-02,348
240,2004-12-03,145
241,2004-12-06,201
242,2004-12-07,914
243,2004-12-08,771
244,2004-12-09,1211
245,2004-12-10,388
246,2004-12-13,205
247,2004-12-14,125
248,2004-12-15,284
249,2004-12-16,88
250,2004-12-17,85
251,2004-12-20,87
252,2004-12-21,303
253,2004-12-22,41
254,2004-12-28,78
255,2004-12-29,606
256,2004-12-30,687
257,2005-01-03,1786
258,2005-01-04,1513
259,2005-01-05,1140
260,2005-01-06,587
261,2005-01-07,230
262,2005-01-10,146
263,2005-01-11,90
264,2005-01-12,78
265,2005-01-13,231
266,2005-01-14,208
267,2005-01-18,393
268,2005-01-19,121
269,2005-01-20,370
270,2005-01-21,157
271,2005-01-24,181
272,2005-01-25,146
273,2005-01-26,186
274,2005-01-27,139
275,2005-01-28,179
276,2005-01-31,293
277,2005-02-01,165
278,2005-02-02,248
279,2005-02-03,230
280,2005-02-04,74
281,2005-02-07,324
282,2005-02-08,235
283,2005-02-09,446
284,2005-02-10,282
285,2005-02-11,195
286,2005-02-14,151
287,2005-02-15,379
288,2005-02-16,703
289,2005-02-17,1107
290,2005-02-18,401
291,2005-02-22,653
292,2005-02-23,430
293,2005-02-24,335
294,2005-02-25,205
295,2005-02-28,466
296,2005-03-01,557
297,2005-03-02,57
298,2005-03-03,223
299,2005-03-04,327
300,2005-03-07,230
301,2005-03-08,320
302,2005-03-09,168
303,2005-03-10,318
304,2005-03-11,111
305,2005-03-14,130
306,2005-03-15,271
307,2005-03-16,158
308,2005-03-17,211
309,2005-03-18,92
310,2005-03-21,185
311,2005-03-22,437
312,2005-03-23,210
313,2005-03-28,207
314,2005-03-29,240
315,2005-03-30,438
316,2005-03-31,1005
317,2005-04-01,681
318,2005-04-04,296
319,2005-04-05,394
320,2005-04-06,362
321,2005-04-07,280
322,2005-04-08,100
323,2005-04-11,227
324,2005-04-12,648
325,2005-04-13,3684
326,2005-04-14,653
327,2005-04-15,449
328,2005-04-18,274
329,2005-04-19,204
330,2005-04-20,309
331,2005-04-21,48
332,2005-04-22,78
333,2005-04-25,85
334,2005-04-26,441
335,2005-04-27,1054
336,2005-04-28,1460
337,2005-05-02,1447
338,2005-05-03,1461
339,2005-05-04,523
340,2005-05-05,821
341,2005-05-06,364
342,2005-05-09,478
343,2005-05-10,1089
344,2005-05-11,1104
345,2005-05-12,1035
346,2005-05-13,864
347,2005-05-16,872
348,2005-05-17,289
349,2005-05-18,1284
350,2005-05-19,2078
351,2005-05-20,3506
352,2005-05-23,1187
353,2005-05-24,330
354,2005-05-25,481
355,2005-05-26,435
356,2005-05-27,939
357,2005-05-31,1128
358,2005-06-01,1384
359,2005-06-02,1094
360,2005-06-03,711
361,2005-06-06,289
362,2005-06-07,872
363,2005-06-08,959
364,2005-06-09,693
365,2005-06-10,224
366,2005-06-13,910
367,2005-06-14,427
368,2005-06-15,684
369,2005-06-16,947
370,2005-06-17,656
371,2005-06-20,1664
372,2005-06-21,2387
373,2005-06-22,2052
374,2005-06-23,667
375,2005-06-24,402
376,2005-06-27,845
377,2005-06-28,2048
378,2005-06-29,4184
379,2005-06-30,1250
380,2005-07-01,2302
381,2005-07-05,1592
382,2005-07-06,1253
383,2005-07-07,757
384,2005-07-08,1072
385,2005-07-11,1515
386,2005-07-12,2171
387,2005-07-13,2103
388,2005-07-14,1070
389,2005-07-15,584
390,2005-07-18,1419
391,2005-07-19,1130
392,2005-07-20,1457
393,2005-07-21,1074
394,2005-07-22,818
395,2005-07-25,584
396,2005-07-26,1613
397,2005-07-27,1673
398,2005-07-28,1384
399,2005-07-29,1492
400,2005-08-01,1409
401,2005-08-02,626
402,2005-08-03,467
403,2005-08-04,842
404,2005-08-05,1196
405,2005-08-08,1248
406,2005-08-09,725
407,2005-08-10,1171
408,2005-08-11,2199
409,2005-08-12,1014
410,2005-08-15,1448
411,2005-08-16,1881
412,2005-08-17,1657
413,2005-08-18,947
414,2005-08-19,459
415,2005-08-22,371
416,2005-08-23,358
417,2005-08-24,488
418,2005-08-25,381
419,2005-08-29,270
420,2005-08-30,867
421,2005-08-31,1525
422,2005-09-01,491
423,2005-09-02,1035
424,2005-09-06,784
425,2005-09-07,1635
426,2005-09-08,1886
427,2005-09-09,224
428,2005-09-12,734
429,2005-09-13,369
430,2005-09-14,2290
431,2005-09-15,1525
432,2005-09-16,2363
433,2005-09-19,1732
434,2005-09-20,1726
435,2005-09-21,1445
436,2005-09-22,2859
437,2005-09-23,2463
438,2005-09-26,3577
439,2005-09-27,1426
440,2005-09-28,1209
441,2005-09-29,785
442,2005-09-30,520
443,2005-10-03,247
444,2005-10-04,1456
445,2005-10-05,849
446,2005-10-06,804
447,2005-10-07,1117
448,2005-10-10,733
449,2005-10-11,1391
450,2005-10-12,872
451,2005-10-13,1081
452,2005-10-14,2695
453,2005-10-17,1831
454,2005-10-18,1636
455,2005-10-19,768
456,2005-10-20,3138
457,2005-10-21,514
458,2005-10-24,1035
459,2005-10-25,793
460,2005-10-26,496
461,2005-10-27,1391
462,2005-10-28,889
463,2005-10-31,2726
464,2005-11-01,505
465,2005-11-02,1097
466,2005-11-03,1676
467,2005-11-04,772
468,2005-11-07,729
469,2005-11-08,948
470,2005-11-09,990
471,2005-11-10,461
472,2005-11-11,2248
473,2005-11-14,569
474,2005-11-15,1136
475,2005-11-16,1881
476,2005-11-17,306
477,2005-11-18,507
478,2005-11-21,512
479,2005-11-22,721
480,2005-11-23,763
481,2005-11-25,1408
482,2005-11-28,839
483,2005-11-29,1902
484,2005-11-30,2365
485,2005-12-01,1490
486,2005-12-02,1045
487,2005-12-05,967
488,2005-12-06,2076
489,2005-12-07,980
490,2005-12-08,1441
491,2005-12-09,1340
492,2005-12-12,1279
493,2005-12-13,1868
494,2005-12-14,975
495,2005-12-15,887
496,2005-12-16,742
497,2005-12-19,769
498,2005-12-20,698
499,2005-12-21,1045
500,2005-12-22,835
501,2005-12-27,1461
502,2005-12-28,2883
503,2005-12-29,1072
504,2005-12-30,1068
505,2006-01-03,2472
506,2006-01-04,747
507,2006-01-05,728
508,2006-01-06,1668
509,2006-01-09,1233
510,2006-01-10,2086
511,2006-01-11,1142
512,2006-01-12,772
513,2006-01-13,1709
514,2006-01-17,1340
515,2006-01-18,1427
516,2006-01-19,1302
517,2006-01-20,1011
518,2006-01-23,1460
519,2006-01-24,1742
520,2006-01-25,1878
521,2006-01-26,4096
522,2006-01-27,1060
523,2006-01-30,1414
524,2006-01-31,1126
525,2006-02-01,1143
526,2006-02-02,976
527,2006-02-03,1134
528,2006-02-06,1835
529,2006-02-07,2270
530,2006-02-08,932
531,2006-02-09,1501
532,2006-02-10,1831
533,2006-02-13,903
534,2006-02-14,1455
535,2006-02-15,1946
536,2006-02-16,799
537,2006-02-17,1122
538,2006-02-21,497
539,2006-02-22,966
540,2006-02-23,626
541,2006-02-24,575
542,2006-02-27,1146
543,2006-02-28,1168
544,2006-03-01,1355
545,2006-03-02,572
546,2006-03-03,578
547,2006-03-06,1259
548,2006-03-07,1332
549,2006-03-08,1147
550,2006-03-09,470
551,2006-03-10,464
552,2006-03-13,264
553,2006-03-14,686
554,2006-03-15,2482
555,2006-03-16,1033
556,2006-03-17,460
557,2006-03-20,395
558,2006-03-21,656
559,2006-03-22,2154
560,2006-03-23,1534
561,2006-03-24,644
562,2006-03-27,859
563,2006-03-28,911
564,2006-03-29,1957
565,2006-03-30,787
566,2006-03-31,521
567,2006-04-03,1321
568,2006-04-04,1140
569,2006-04-05,890
570,2006-04-06,1917
571,2006-04-07,882
572,2006-04-10,841
573,2006-04-11,870
574,2006-04-12,464
575,2006-04-17,1071
576,2006-04-20,2043
577,2006-05-18,540
578,2006-05-25,294
579,2006-06-01,809
580,2006-06-08,648
581,2006-06-09,447
582,2006-06-12,1215
583,2006-06-13,910
584,2006-06-14,2261
585,2006-06-15,879
586,2006-06-16,1473
587,2006-06-19,670
588,2006-06-20,341
589,2006-06-21,832
590,2006-06-22,507
591,2006-06-23,319
592,2006-06-26,480
593,2006-06-27,636
594,2006-06-28,357
595,2006-06-29,451
596,2006-07-06,279
597,2006-07-13,472
598,2006-07-17,4939
599,2006-07-20,323
600,2006-07-24,12
601,2006-07-27,293
602,2006-07-31,160
603,2006-08-03,386
604,2006-08-10,623
605,2006-08-14,334
606,2006-08-17,154
607,2006-08-23,188
608,2006-08-24,362
609,2006-08-30,587
610,2006-09-19,6762
611,2006-09-25,340
612,2006-09-26,577
613,2006-10-05,567
614,2006-10-12,384
615,2006-10-16,4748
616,2006-10-19,274
617,2006-10-26,326
618,2006-11-02,426
619,2006-11-09,345
620,2006-11-16,387
621,2006-11-20,3497
622,2006-11-23,169
623,2006-11-28,255
624,2006-11-29,589
625,2006-11-30,788
626,2006-12-01,602
627,2006-12-04,288
628,2006-12-05,682
629,2006-12-06,388
630,2006-12-07,445
631,2006-12-08,399
632,2006-12-11,359
633,2006-12-12,582
634,2006-12-13,757
635,2006-12-14,610
636,2006-12-15,327
637,2006-12-18,372
638,2006-12-19,552
639,2006-12-20,437
640,2006-12-21,6102
641,2006-12-22,377
642,2006-12-27,151
643,2006-12-28,173
644,2006-12-29,326
645,2007-01-02,284
646,2007-01-03,771
647,2007-01-04,605
648,2007-01-05,687
649,2007-01-08,827
650,2007-01-09,1153
651,2007-01-10,1444
652,2007-01-11,448
653,2007-01-12,249
654,2007-01-15,258
655,2007-01-16,516
656,2007-01-17,712
657,2007-01-18,4621
658,2007-01-19,670
659,2007-01-22,529
660,2007-01-23,965
661,2007-01-24,581
662,2007-01-25,511
663,2007-01-26,480
664,2007-01-29,227
665,2007-01-30,442
666,2007-01-31,1051
667,2007-02-01,449
668,2007-02-02,529
669,2007-02-05,350
670,2007-02-06,780
671,2007-02-07,1231
672,2007-02-08,1428
673,2007-02-09,584
674,2007-02-12,571
675,2007-02-13,397
676,2007-02-14,627
677,2007-02-15,1016
678,2007-02-16,3157
679,2007-02-19,379
680,2007-02-20,820
681,2007-02-21,1243
682,2007-02-22,450
683,2007-02-23,838
684,2007-02-26,387
685,2007-02-27,330
686,2007-02-28,657
687,2007-03-01,551
688,2007-03-02,928
689,2007-03-05,481
690,2007-03-06,720
691,2007-03-07,505
692,2007-03-08,374
693,2007-03-09,506
694,2007-03-12,756
695,2007-03-13,679
696,2007-03-14,388
697,2007-03-15,365
698,2007-03-16,570
699,2007-03-19,662
700,2007-03-20,5685
701,2007-03-21,285
702,2007-03-22,407
703,2007-03-23,652
704,2007-03-26,406
705,2007-03-27,613
706,2007-03-28,493
707,2007-03-29,340
708,2007-03-30,552
709,2007-04-02,342
710,2007-04-03,1157
711,2007-04-04,780
712,2007-04-10,437
713,2007-04-11,758
714,2007-04-12,370
715,2007-04-13,211
716,2007-04-16,318
717,2007-04-17,556
718,2007-04-18,5618
719,2007-04-19,784
720,2007-04-20,383
721,2007-04-23,373
722,2007-04-24,351
723,2007-04-25,311
724,2007-04-26,346
725,2007-04-27,527
726,2007-04-30,322
727,2007-05-01,293
728,2007-05-02,596
729,2007-05-03,870
730,2007-05-04,986
731,2007-05-08,508
732,2007-05-09,492
733,2007-05-10,488
734,2007-05-11,663
735,2007-05-14,419
736,2007-05-15,4946
737,2007-05-16,505
738,2007-05-17,1117
739,2007-05-18,1166
740,2007-05-21,638
741,2007-05-22,752
742,2007-05-23,422
743,2007-05-24,559
744,2007-05-25,796
745,2007-05-29,237
746,2007-05-30,459
747,2007-05-31,662
748,2007-06-01,973
749,2007-06-04,305
750,2007-06-05,430
751,2007-06-06,456
752,2007-06-07,387
753,2007-06-08,987
754,2007-06-11,418
755,2007-06-12,394
756,2007-06-13,850
757,2007-06-14,663
758,2007-06-15,836
759,2007-06-18,467
760,2007-06-19,6304
761,2007-06-20,714
762,2007-06-21,829
763,2007-06-22,934
764,2007-06-25,534
765,2007-06-26,840
766,2007-06-27,1140
767,2007-06-28,497
768,2007-06-29,775
769,2007-07-02,945
770,2007-07-03,471
771,2007-07-04,521
772,2007-07-05,514
773,2007-07-06,671
774,2007-07-09,602
775,2007-07-10,563
776,2007-07-11,436
777,2007-07-12,439
778,2007-07-13,611
779,2007-07-16,402
780,2007-07-17,4161
781,2007-07-18,492
782,2007-07-19,670
783,2007-07-20,1265
784,2007-07-23,666
785,2007-07-24,662
786,2007-07-25,685
787,2007-07-26,779
788,2007-07-27,1345
789,2007-07-30,1075
790,2007-07-31,827
791,2007-08-01,630
792,2007-08-02,1020
793,2007-08-03,1080
794,2007-08-06,1066
795,2007-08-07,618
796,2007-08-08,560
797,2007-08-09,1329
798,2007-08-10,1978
799,2007-08-13,952
800,2007-08-14,844
801,2007-08-15,593
802,2007-08-16,856
803,2007-08-17,1275
804,2007-08-20,514
805,2007-08-21,3307
806,2007-08-22,433
807,2007-08-23,874
808,2007-08-24,1174
809,2007-08-28,512
810,2007-08-29,498
811,2007-08-30,571
812,2007-08-31,723
813,2007-09-03,508
814,2007-09-04,1062
815,2007-09-05,685
816,2007-09-06,637
817,2007-09-07,620
818,2007-09-10,362
819,2007-09-11,495
820,2007-09-12,318
821,2007-09-13,429
822,2007-09-14,694
823,2007-09-17,680
824,2007-09-18,299
825,2007-09-19,5349
826,2007-09-20,603
827,2007-09-21,762
828,2007-09-24,414
829,2007-09-25,854
830,2007-09-26,1165
831,2007-09-27,1953
832,2007-09-28,580
833,2007-10-01,380
834,2007-10-02,863
835,2007-10-03,752
836,2007-10-04,439
837,2007-10-05,1068
838,2007-10-08,613
839,2007-10-09,1135
840,2007-10-10,833
841,2007-10-12,1103
842,2007-10-15,497
843,2007-10-16,4909
844,2007-10-17,914
845,2007-10-18,857
846,2007-10-19,1164
847,2007-10-22,640
848,2007-10-23,527
849,2007-10-24,836
850,2007-10-25,583
851,2007-10-29,556
852,2007-10-30,881
853,2007-10-31,830
854,2007-11-01,613
855,2007-11-02,1680
856,2007-11-05,840
857,2007-11-06,562
858,2007-11-07,1113
859,2007-11-08,1075
860,2007-11-09,1257
861,2007-11-12,703
862,2007-11-13,783
863,2007-11-14,503
864,2007-11-15,384
865,2007-11-16,1473
866,2007-11-19,1292
867,2007-11-20,2875
868,2007-11-21,944
869,2007-11-22,570
870,2007-11-23,681
871,2007-11-26,755
872,2007-11-27,491
873,2007-11-28,529
874,2007-11-29,629
875,2007-11-30,1102
876,2007-12-03,619
877,2007-12-04,994
878,2007-12-05,1156
879,2007-12-06,1394
880,2007-12-07,567
881,2007-12-10,552
882,2007-12-11,796
883,2007-12-12,745
884,2007-12-13,847
885,2007-12-14,486
886,2007-12-17,664
887,2007-12-18,643
888,2007-12-19,4595
889,2007-12-20,649
890,2007-12-27,247
891,2007-12-28,541
892,2007-12-31,129
893,2008-01-02,561
894,2008-01-03,508
895,2008-01-04,581
896,2008-01-07,641
897,2008-01-08,847
898,2008-01-09,634
899,2008-01-10,741
900,2008-01-11,541
901,2008-01-14,672
902,2008-01-15,509
903,2008-01-16,3810
904,2008-01-17,866
905,2008-01-18,456
906,2008-01-21,490
907,2008-01-22,887
908,2008-01-23,407
909,2008-01-24,623
910,2008-01-25,865
911,2008-01-28,574
912,2008-01-29,650
913,2008-01-30,739
914,2008-01-31,1449
915,2008-02-01,751
916,2008-02-04,514
917,2008-02-05,1088
918,2008-02-06,1177
919,2008-02-07,408
920,2008-02-08,1051
921,2008-02-11,1033
922,2008-02-12,1489
923,2008-02-13,865
924,2008-02-14,441
925,2008-02-15,548
926,2008-02-18,362
927,2008-02-19,928
928,2008-02-20,1211
929,2008-02-21,4400
930,2008-02-22,509
931,2008-02-25,502
932,2008-02-26,863
933,2008-02-27,1209
934,2008-02-28,1225
935,2008-02-29,507
936,2008-03-03,612
937,2008-03-04,738
938,2008-03-05,1582
939,2008-03-06,698
940,2008-03-07,1205
941,2008-03-10,977
942,2008-03-11,863
943,2008-03-12,970
944,2008-03-13,474
945,2008-03-14,812
946,2008-03-17,1175
947,2008-03-18,4310
948,2008-03-19,1234
949,2008-03-25,795
950,2008-03-26,615
951,2008-03-27,686
952,2008-03-28,933
953,2008-03-31,703
954,2008-04-01,1202
955,2008-04-02,563
956,2008-04-03,638
957,2008-04-04,588
958,2008-04-07,679
959,2008-04-08,540
960,2008-04-09,435
961,2008-04-10,314
962,2008-04-11,964
963,2008-04-14,588
964,2008-04-15,702
965,2008-04-16,2213
966,2008-04-17,863
967,2008-04-18,906
968,2008-04-21,666
969,2008-04-22,596
970,2008-04-23,535
971,2008-04-24,744
972,2008-04-25,757
973,2008-04-28,403
974,2008-04-29,475
975,2008-04-30,697
976,2008-05-01,1069
977,2008-05-02,1625
978,2008-05-06,921
979,2008-05-07,1216
980,2008-05-08,1137
981,2008-05-09,1691
982,2008-05-12,880
983,2008-05-13,712
984,2008-05-14,1004
985,2008-05-15,779
986,2008-05-16,1377
987,2008-05-19,558
988,2008-05-20,3426
989,2008-05-21,1027
990,2008-05-22,1098
991,2008-05-23,1699
992,2008-05-27,867
993,2008-05-28,903
994,2008-05-29,1109
995,2008-05-30,1544
996,2008-06-02,1018
997,2008-06-03,1525
998,2008-06-04,1074
999,2008-06-05,747
1000,2008-06-06,967
1001,2008-06-09,419
1002,2008-06-10,589
1003,2008-06-11,985
1004,2008-06-12,924
1005,2008-06-13,1524
1006,2008-06-16,539
1007,2008-06-17,5308
1008,2008-06-18,1135
1009,2008-06-19,894
1010,2008-06-20,1193
1011,2008-06-23,364
1012,2008-06-24,422
1013,2008-06-25,965
1014,2008-06-26,608
1015,2008-06-27,850
1016,2008-06-30,905
1017,2008-07-01,1036
1018,2008-07-02,1286
1019,2008-07-03,1037
1020,2008-07-04,1596
1021,2008-07-07,683
1022,2008-07-08,1106
1023,2008-07-09,1647
1024,2008-07-10,2348
1025,2008-07-11,3846
1026,2008-07-14,961
1027,2008-07-15,6096
1028,2008-07-16,1773
1029,2008-07-17,976
1030,2008-07-18,1111
1031,2008-07-21,735
1032,2008-07-22,1193
1033,2008-07-23,1315
1034,2008-07-24,1981
1035,2008-07-25,2480
1036,2008-07-28,1080
1037,2008-07-29,1438
1038,2008-07-30,1674
1039,2008-07-31,1437
1040,2008-08-01,2372
1041,2008-08-04,1900
1042,2008-08-05,922
1043,2008-08-06,686
1044,2008-08-07,694
1045,2008-08-08,1893
1046,2008-08-11,924
1047,2008-08-12,2208
1048,2008-08-13,3179
1049,2008-08-14,1463
1050,2008-08-15,2319
1051,2008-08-18,1038
1052,2008-08-19,3208
1053,2008-08-20,1002
1054,2008-08-21,1160
1055,2008-08-22,1400
1056,2008-08-26,864
1057,2008-08-27,1479
1058,2008-08-28,2446
1059,2008-08-29,2306
1060,2008-09-01,344
1061,2008-09-02,677
1062,2008-09-03,530
1063,2008-09-04,640
1064,2008-09-05,755
1065,2008-09-08,897
1066,2008-09-09,916
1067,2008-09-10,950
1068,2008-09-11,392
1069,2008-09-12,704
1070,2008-09-15,1004
1071,2008-09-16,1459
1072,2008-09-17,7736
1073,2008-09-18,897
1074,2008-09-19,781
1075,2008-09-22,988
1076,2008-09-23,1523
1077,2008-09-24,1129
1078,2008-09-25,1697
1079,2008-09-26,805
1080,2008-09-29,1611
1081,2008-09-30,954
1082,2008-10-01,968
1083,2008-10-02,1816
1084,2008-10-03,2085
1085,2008-10-06,828
1086,2008-10-07,1240
1087,2008-10-08,709
1088,2008-10-09,894
1089,2008-10-10,2001
1090,2008-10-13,792
1091,2008-10-14,808
1092,2008-10-15,716
1093,2008-10-16,992
1094,2008-10-17,1217
1095,2008-10-20,424
1096,2008-10-21,3775
1097,2008-10-22,836
1098,2008-10-23,1187
1099,2008-10-24,1209
1100,2008-10-27,712
1101,2008-10-28,1563
1102,2008-10-29,1527
1103,2008-10-30,962
1104,2008-10-31,1385
1105,2008-11-03,553
1106,2008-11-04,620
1107,2008-11-05,728
1108,2008-11-06,1121
1109,2008-11-07,1421
1110,2008-11-10,374
1111,2008-11-11,488
1112,2008-11-12,526
1113,2008-11-13,482
1114,2008-11-14,955
1115,2008-11-17,571
1116,2008-11-18,3055
1117,2008-11-19,612
1118,2008-11-20,386
1119,2008-11-21,863
1120,2008-11-24,482
1121,2008-11-25,355
1122,2008-11-26,488
1123,2008-11-27,691
1124,2008-11-28,1008
1125,2008-12-01,686
1126,2008-12-02,959
1127,2008-12-03,1503
1128,2008-12-04,440
1129,2008-12-05,863
1130,2008-12-08,663
1131,2008-12-09,1068
1132,2008-12-10,372
1133,2008-12-11,814
1134,2008-12-12,785
1135,2008-12-15,391
1136,2008-12-16,994
1137,2008-12-17,422
1138,2008-12-18,4330
1139,2008-12-19,1089
1140,2008-12-22,505
1141,2008-12-23,927
1142,2008-12-24,272
1143,2008-12-29,504
1144,2008-12-30,849
1145,2008-12-31,701
1146,2009-01-02,527
1147,2009-01-05,803
1148,2009-01-06,1119
1149,2009-01-07,537
1150,2009-01-08,960
1151,2009-01-09,470
1152,2009-01-12,705
1153,2009-01-13,1320
1154,2009-01-14,1485
1155,2009-01-15,2515
1156,2009-01-16,404
1157,2009-01-19,290
1158,2009-01-20,574
1159,2009-01-21,1056
1160,2009-01-22,621
1161,2009-01-23,711
1162,2009-01-26,543
1163,2009-01-27,747
1164,2009-01-28,691
1165,2009-01-29,708
1166,2009-01-30,828
1167,2009-02-02,308
1168,2009-02-03,849
1169,2009-02-04,1299
1170,2009-02-05,1453
1171,2009-02-06,391
1172,2009-02-09,369
1173,2009-02-10,519
1174,2009-02-11,845
1175,2009-02-13,192
1176,2009-02-16,503
1177,2009-02-17,1004
1178,2009-02-18,1561
1179,2009-02-19,344
1180,2009-02-20,3002
1181,2009-02-23,1047
1182,2009-02-24,781
1183,2009-02-25,1261
1184,2009-02-26,1589
1185,2009-02-27,851
1186,2009-03-02,380
1187,2009-03-03,837
1188,2009-03-04,1021
1189,2009-03-05,1285
1190,2009-03-06,1633
1191,2009-03-09,1131
1192,2009-03-10,856
1193,2009-03-11,886
1194,2009-03-12,829
1195,2009-03-13,1048
1196,2009-03-16,648
1197,2009-03-17,6918
1198,2009-03-18,810
1199,2009-03-19,892
1200,2009-03-20,1392
1201,2009-03-23,444
1202,2009-03-24,822
1203,2009-03-25,608
1204,2009-03-26,461
1205,2009-03-27,547
1206,2009-03-30,321
1207,2009-03-31,721
1208,2009-04-01,732
1209,2009-04-02,926
1210,2009-04-03,835
1211,2009-04-06,1273
1212,2009-04-07,519
1213,2009-04-08,459
1214,2009-04-09,954
1215,2009-04-14,1077
1216,2009-04-15,3651
1217,2009-04-16,1121
1218,2009-04-17,682
1219,2009-04-20,483
1220,2009-04-21,590
1221,2009-04-22,586
1222,2009-04-23,333
1223,2009-04-24,837
1224,2009-04-27,822
1225,2009-04-28,1127
1226,2009-04-29,1132
1227,2009-04-30,914
1228,2009-05-01,922
1229,2009-05-05,708
1230,2009-05-06,673
1231,2009-05-07,573
1232,2009-05-08,967
1233,2009-05-11,678
1234,2009-05-12,1315
1235,2009-05-13,991
1236,2009-05-14,541
1237,2009-05-15,964
1238,2009-05-18,313
1239,2009-05-19,4662
1240,2009-05-20,589
1241,2009-05-21,857
1242,2009-05-22,795
1243,2009-05-26,1020
1244,2009-05-27,417
1245,2009-05-28,809
1246,2009-05-29,1786
1247,2009-06-01,1311
1248,2009-06-02,871
1249,2009-06-03,1120
1250,2009-06-04,853
1251,2009-06-05,1418
1252,2009-06-08,937
1253,2009-06-09,1070
1254,2009-06-10,1077
1255,2009-06-11,850
1256,2009-06-12,1225
1257,2009-06-15,1992
1258,2009-06-16,5632
1259,2009-06-17,583
1260,2009-06-18,213
1261,2009-06-19,513
1262,2009-06-22,662
1263,2009-06-23,774
1264,2009-06-24,829
1265,2009-06-25,437
1266,2009-06-26,620
1267,2009-06-29,404
1268,2009-06-30,684
1269,2009-07-01,974
1270,2009-07-02,492
1271,2009-07-03,641
1272,2009-07-06,505
1273,2009-07-07,680
1274,2009-07-08,1321
1275,2009-07-09,944
1276,2009-07-10,878
1277,2009-07-13,843
1278,2009-07-14,1278
1279,2009-07-15,1195
1280,2009-07-16,981
1281,2009-07-17,1116
1282,2009-07-20,638
1283,2009-07-21,3386
1284,2009-07-22,695
1285,2009-07-23,773
1286,2009-07-24,1596
1287,2009-07-27,422
1288,2009-07-28,1116
1289,2009-07-29,818
1290,2009-07-30,1619
1291,2009-07-31,1752
1292,2009-08-03,746
1293,2009-08-04,1043
1294,2009-08-05,547
1295,2009-08-06,637
1296,2009-08-07,867
1297,2009-08-10,275
1298,2009-08-11,570
1299,2009-08-12,920
1300,2009-08-13,837
1301,2009-08-14,1045
1302,2009-08-17,567
1303,2009-08-18,4227
1304,2009-08-19,583
1305,2009-08-20,415
1306,2009-08-21,565
1307,2009-08-24,1472
1308,2009-08-25,1561
1309,2009-08-26,1431
1310,2009-08-27,1772
1311,2009-08-28,2063
1312,2009-09-01,777
1313,2009-09-02,586
1314,2009-09-03,1589
1315,2009-09-04,1139
1316,2009-09-07,681
1317,2009-09-08,1310
1318,2009-09-09,691
1319,2009-09-10,2546
1320,2009-09-11,1028
1321,2009-09-14,631
1322,2009-09-15,476
1323,2009-09-16,8813
1324,2009-09-17,675
1325,2009-09-18,873
1326,2009-09-21,464
1327,2009-09-22,609
1328,2009-09-23,481
1329,2009-09-24,539
1330,2009-09-25,859
1331,2009-09-28,492
1332,2009-09-29,872
1333,2009-09-30,864
1334,2009-10-01,439
1335,2009-10-02,1037
1336,2009-10-05,784
1337,2009-10-06,825
1338,2009-10-07,520
1339,2009-10-08,867
1340,2009-10-09,986
1341,2009-10-12,569
1342,2009-10-13,722
1343,2009-10-14,472
1344,2009-10-15,510
1345,2009-10-16,650
1346,2009-10-19,645
1347,2009-10-20,4210
1348,2009-10-21,1482
1349,2009-10-22,654
1350,2009-10-23,871
1351,2009-10-26,662
1352,2009-10-27,562
1353,2009-10-28,876
1354,2009-10-29,992
1355,2009-10-30,1075
1356,2009-11-02,480
1357,2009-11-03,651
1358,2009-11-04,708
1359,2009-11-05,381
1360,2009-11-06,793
1361,2009-11-09,289
1362,2009-11-10,518
1363,2009-11-11,492
1364,2009-11-12,497
1365,2009-11-13,647
1366,2009-11-16,1078
1367,2009-11-17,4232
1368,2009-11-18,843
1369,2009-11-19,651
1370,2009-11-20,973
1371,2009-11-23,581
1372,2009-11-24,516
1373,2009-11-25,451
1374,2009-11-26,488
1375,2009-11-27,738
1376,2009-11-30,1074
1377,2009-12-01,1237
1378,2009-12-02,870
1379,2009-12-03,957
1380,2009-12-04,718
1381,2009-12-07,1046
1382,2009-12-08,1626
1383,2009-12-09,801
1384,2009-12-10,392
1385,2009-12-11,675
1386,2009-12-14,603
1387,2009-12-15,1348
1388,2009-12-16,849
1389,2009-12-17,5496
1390,2009-12-18,490
1391,2009-12-21,481
1392,2009-12-22,581
1393,2009-12-23,461
1394,2009-12-24,421
1395,2009-12-29,925
1396,2009-12-30,739
1397,2009-12-31,454
1398,2010-01-04,1293
1399,2010-01-05,2672
1400,2010-01-06,2919
1401,2010-01-07,1304
1402,2010-01-08,941
1403,2010-01-11,648
1404,2010-01-12,1724
1405,2010-01-13,1417
1406,2010-01-14,1036
1407,2010-01-15,804
1408,2010-01-18,758
1409,2010-01-19,897
1410,2010-01-20,1350
1411,2010-01-21,4798
1412,2010-01-22,835
1413,2010-01-25,622
1414,2010-01-26,1140
1415,2010-01-27,1342
1416,2010-01-28,1288
1417,2010-01-29,1217
1418,2010-02-01,1147
1419,2010-02-02,1199
1420,2010-02-03,1921
1421,2010-02-04,2304
1422,2010-02-05,789
1423,2010-02-08,770
1424,2010-02-09,954
1425,2010-02-10,1651
1426,2010-02-11,755
1427,2010-02-12,966
1428,2010-02-15,616
1429,2010-02-16,1041
1430,2010-02-17,1363
1431,2010-02-18,541
1432,2010-02-19,4243
1433,2010-02-22,429
1434,2010-02-23,1077
1435,2010-02-24,1471
1436,2010-02-25,947
1437,2010-02-26,665
1438,2010-03-01,813
1439,2010-03-02,947
1440,2010-03-03,651
1441,2010-03-04,507
1442,2010-03-05,1414
1443,2010-03-08,1143
1444,2010-03-09,626
1445,2010-03-10,1310
1446,2010-03-11,796
1447,2010-03-12,1155
1448,2010-03-15,984
1449,2010-03-16,6437
1450,2010-03-17,504
1451,2010-03-18,722
1452,2010-03-19,1234
1453,2010-03-22,962
1454,2010-03-23,1454
1455,2010-03-24,1192
1456,2010-03-25,933
1457,2010-03-26,1306
1458,2010-03-29,908
1459,2010-03-30,783
1460,2010-03-31,1432
1461,2010-04-01,822
1462,2010-04-06,1290
1463,2010-04-07,1013
1464,2010-04-08,651
1465,2010-04-09,962
1466,2010-04-12,999
1467,2010-04-13,1119
1468,2010-04-14,939
1469,2010-04-15,828
1470,2010-04-16,1098
1471,2010-04-19,722
1472,2010-04-20,1102
1473,2010-04-21,5088
1474,2010-04-22,1282
1475,2010-04-23,871
1476,2010-04-26,879
1477,2010-04-27,1419
1478,2010-04-28,723
1479,2010-04-29,735
1480,2010-04-30,875
1481,2010-05-04,1421
1482,2010-05-05,2039
1483,2010-05-06,1299
1484,2010-05-07,1916
1485,2010-05-10,1524
1486,2010-05-11,888
1487,2010-05-12,828
1488,2010-05-13,755
1489,2010-05-14,1576
1490,2010-05-17,2025
1491,2010-05-18,4118
1492,2010-05-19,1267
1493,2010-05-20,834
1494,2010-05-21,1597
1495,2010-05-24,635
1496,2010-05-25,885
1497,2010-05-26,644
1498,2010-05-27,958
1499,2010-05-28,1250
1500,2010-06-01,964
1501,2010-06-02,1355
1502,2010-06-03,1159
1503,2010-06-04,2069
1504,2010-06-07,891
1505,2010-06-08,601
1506,2010-06-09,644
1507,2010-06-10,1011
1508,2010-06-11,1194
1509,2010-06-14,639
1510,2010-06-15,6358
1511,2010-06-16,607
1512,2010-06-17,911
1513,2010-06-18,1359
1514,2010-06-21,855
1515,2010-06-22,807
1516,2010-06-23,570
1517,2010-06-24,750
1518,2010-06-25,1148
1519,2010-06-28,1010
1520,2010-06-29,1561
1521,2010-06-30,1419
1522,2010-07-01,925
1523,2010-07-02,1110
1524,2010-07-05,335
1525,2010-07-06,812
1526,2010-07-07,612
1527,2010-07-08,876
1528,2010-07-09,683
1529,2010-07-12,693
1530,2010-07-13,832
1531,2010-07-14,725
1532,2010-07-15,512
1533,2010-07-16,1290
1534,2010-07-19,1242
1535,2010-07-20,6084
1536,2010-07-21,1264
1537,2010-07-22,1301
1538,2010-07-23,2581
1539,2010-07-26,1102
1540,2010-07-27,975
1541,2010-07-28,865
1542,2010-07-29,795
1543,2010-07-30,1407
1544,2010-08-02,1905
1545,2010-08-03,1379
1546,2010-08-04,879
1547,2010-08-05,1310
1548,2010-08-06,1561
1549,2010-08-09,716
1550,2010-08-10,937
1551,2010-08-11,792
1552,2010-08-12,1150
1553,2010-08-13,1451
1554,2010-08-16,793
1555,2010-08-17,4769
1556,2010-08-18,759
1557,2010-08-19,455
1558,2010-08-20,711
1559,2010-08-23,556
1560,2010-08-24,1125
1561,2010-08-25,1130
1562,2010-08-26,1310
1563,2010-08-27,1430
1564,2010-08-31,847
1565,2010-09-01,832
1566,2010-09-02,984
1567,2010-09-03,845
1568,2010-09-06,349
1569,2010-09-07,818
1570,2010-09-08,1198
1571,2010-09-09,775
1572,2010-09-10,527
1573,2010-09-13,1063
1574,2010-09-14,694
1575,2010-09-15,11732
1576,2010-09-16,915
1577,2010-09-17,848
1578,2010-09-20,796
1579,2010-09-21,1221
1580,2010-09-22,946
1581,2010-09-23,1013
1582,2010-09-24,808
1583,2010-09-27,913
1584,2010-09-28,1029
1585,2010-09-29,1231
1586,2010-09-30,1148
1587,2010-10-01,558
1588,2010-10-04,839
1589,2010-10-05,814
1590,2010-10-06,990
1591,2010-10-07,1810
1592,2010-10-08,2020
1593,2010-10-11,1240
1594,2010-10-12,1840
1595,2010-10-13,1267
1596,2010-10-14,1498
1597,2010-10-15,1546
1598,2010-10-18,742
1599,2010-10-19,7559
1600,2010-10-20,769
1601,2010-10-21,965
1602,2010-10-22,1226
1603,2010-10-25,782
1604,2010-10-26,1026
1605,2010-10-27,1028
1606,2010-10-28,964
1607,2010-10-29,1607
1608,2010-11-01,776
1609,2010-11-02,485
1610,2010-11-03,832
1611,2010-11-04,879
1612,2010-11-05,1333
1613,2010-11-08,1207
1614,2010-11-09,1362
1615,2010-11-10,990
1616,2010-11-11,1015
1617,2010-11-12,1561
1618,2010-11-15,539
1619,2010-11-16,4941
1620,2010-11-17,1435
1621,2010-11-18,875
1622,2010-11-19,1624
1623,2010-11-22,1189
1624,2010-11-23,1136
1625,2010-11-24,1012
1626,2010-11-25,1158
1627,2010-11-26,1362
1628,2010-11-29,1293
1629,2010-11-30,1574
1630,2010-12-01,1185
1631,2010-12-02,1125
1632,2010-12-03,746
1633,2010-12-06,518
1634,2010-12-07,1726
1635,2010-12-08,862
1636,2010-12-09,613
1637,2010-12-10,1051
1638,2010-12-13,801
1639,2010-12-14,1266
1640,2010-12-15,548
1641,2010-12-16,13704
1642,2010-12-17,738
1643,2010-12-20,492
1644,2010-12-21,1240
1645,2010-12-22,619
1646,2010-12-23,317
1647,2010-12-24,272
1648,2010-12-29,1052
1649,2010-12-30,894
1650,2010-12-31,1138
1651,2011-01-04,1731
1652,2011-01-05,1940
1653,2011-01-06,1472
1654,2011-01-07,1171
1655,2011-01-10,845
1656,2011-01-11,1501
1657,2011-01-12,1018
1658,2011-01-13,806
1659,2011-01-14,922
1660,2011-01-17,942
1661,2011-01-18,1561
1662,2011-01-19,1384
1663,2011-01-20,7031
1664,2011-01-21,1299
1665,2011-01-24,1267
1666,2011-01-25,2928
1667,2011-01-26,2929
1668,2011-01-27,1123
1669,2011-01-28,1032
1670,2011-01-31,1866
1671,2011-02-01,1167
1672,2011-02-02,1736
1673,2011-02-03,2218
1674,2011-02-04,761
1675,2011-02-07,577
1676,2011-02-08,884
1677,2011-02-09,1607
1678,2011-02-10,691
1679,2011-02-11,916
1680,2011-02-14,1107
1681,2011-02-15,1177
1682,2011-02-16,1941
1683,2011-02-17,1148
1684,2011-02-18,7137
1685,2011-02-21,601
1686,2011-02-22,2548
1687,2011-02-23,2896
1688,2011-02-24,2108
1689,2011-02-25,1183
1690,2011-02-28,890
1691,2011-03-01,1308
1692,2011-03-02,1072
1693,2011-03-03,1079
1694,2011-03-04,1808
1695,2011-03-07,820
1696,2011-03-08,633
1697,2011-03-09,1839
1698,2011-03-10,1731
1699,2011-03-11,2286
1700,2011-03-14,1309
1701,2011-03-15,10205
1702,2011-03-16,1655
1703,2011-03-17,1950
1704,2011-03-18,2664
1705,2011-03-21,1228
1706,2011-03-22,937
1707,2011-03-23,1473
1708,2011-03-24,999
1709,2011-03-25,936
1710,2011-03-28,844
1711,2011-03-29,1362
1712,2011-03-30,998
1713,2011-03-31,841
1714,2011-04-01,1125
1715,2011-04-04,662
1716,2011-04-05,1365
1717,2011-04-06,1623
1718,2011-04-07,943
1719,2011-04-08,910
1720,2011-04-11,1055
1721,2011-04-12,819
1722,2011-04-13,2198
1723,2011-04-14,1832
1724,2011-04-15,972
1725,2011-04-18,1989
1726,2011-04-19,1110
1727,2011-04-20,6328
1728,2011-04-21,748
1729,2011-04-26,1024
1730,2011-04-27,1007
1731,2011-04-28,1244
1732,2011-05-03,1091
1733,2011-05-04,829
1734,2011-05-05,2685
1735,2011-05-06,4007
1736,2011-05-09,1556
1737,2011-05-10,1102
1738,2011-05-11,1346
1739,2011-05-12,1105
1740,2011-05-13,1979
1741,2011-05-16,992
1742,2011-05-17,5836
1743,2011-05-18,1434
1744,2011-05-19,1478
1745,2011-05-20,1582
1746,2011-05-23,1218
1747,2011-05-24,771
1748,2011-05-25,829
1749,2011-05-26,841
1750,2011-05-27,1149
1751,2011-05-31,1219
1752,2011-06-01,862
1753,2011-06-02,1218
1754,2011-06-03,2169
1755,2011-06-06,765
1756,2011-06-07,1147
1757,2011-06-08,1118
1758,2011-06-09,981
1759,2011-06-10,1339
1760,2011-06-13,843
1761,2011-06-14,871
1762,2011-06-15,637
1763,2011-06-16,1198
1764,2011-06-17,1999
1765,2011-06-20,1254
1766,2011-06-21,7491
1767,2011-06-22,1212
1768,2011-06-23,1685
1769,2011-06-24,2195
1770,2011-06-27,996
1771,2011-06-28,795
1772,2011-06-29,1635
1773,2011-06-30,1796
1774,2011-07-01,2138
1775,2011-07-04,731
1776,2011-07-05,1026
1777,2011-07-06,851
1778,2011-07-07,717
1779,2011-07-08,1782
1780,2011-07-11,919
1781,2011-07-12,2432
1782,2011-07-13,1425
1783,2011-07-14,943
1784,2011-07-15,1292
1785,2011-07-18,681
1786,2011-07-19,6172
1787,2011-07-20,1421
1788,2011-07-21,1324
1789,2011-07-22,1850
1790,2011-07-25,464
1791,2011-07-26,801
1792,2011-07-27,666
1793,2011-07-28,1259
1794,2011-07-29,2384
1795,2011-08-01,1208
1796,2011-08-02,1898
1797,2011-08-03,1229
1798,2011-08-04,1765
1799,2011-08-05,3425
1800,2011-08-08,2501
1801,2011-08-09,2388
1802,2011-08-10,2389
1803,2011-08-11,887
1804,2011-08-12,1352
1805,2011-08-15,768
1806,2011-08-16,5484
1807,2011-08-17,1321
1808,2011-08-18,1218
1809,2011-08-19,1812
1810,2011-08-22,1047
1811,2011-08-23,963
1812,2011-08-24,1059
1813,2011-08-25,1837
1814,2011-08-26,2989
1815,2011-08-30,1903
1816,2011-08-31,2664
1817,2011-09-01,1607
1818,2011-09-02,1303
1819,2011-09-05,822
1820,2011-09-06,1531
1821,2011-09-07,1212
1822,2011-09-08,1032
1823,2011-09-09,1295
1824,2011-09-12,637
1825,2011-09-13,568
1826,2011-09-14,1515
1827,2011-09-15,844
1828,2011-09-16,654
1829,2011-09-19,1075
1830,2011-09-20,1245
1831,2011-09-21,15932
1832,2011-09-22,2232
1833,2011-09-23,2451
1834,2011-09-26,1911
1835,2011-09-27,2816
1836,2011-09-28,3133
1837,2011-09-29,796
1838,2011-09-30,1138
1839,2011-10-03,1181
1840,2011-10-04,1327
1841,2011-10-05,1113
1842,2011-10-06,751
1843,2011-10-07,1041
1844,2011-10-10,955
1845,2011-10-11,992
1846,2011-10-12,1029
1847,2011-10-13,1113
1848,2011-10-14,1661
1849,2011-10-17,1044
1850,2011-10-18,4979
1851,2011-10-19,1577
1852,2011-10-20,1369
1853,2011-10-21,1974
1854,2011-10-24,1929
1855,2011-10-25,1427
1856,2011-10-26,847
1857,2011-10-27,1293
1858,2011-10-28,1888
1859,2011-10-31,1003
1860,2011-11-01,1653
1861,2011-11-02,919
1862,2011-11-03,728
1863,2011-11-04,1069
1864,2011-11-07,1204
1865,2011-11-08,706
1866,2011-11-09,1076
1867,2011-11-10,1061
1868,2011-11-11,1371
1869,2011-11-14,760
1870,2011-11-15,3469
1871,2011-11-16,835
1872,2011-11-17,905
1873,2011-11-18,1610
1874,2011-11-21,1180
1875,2011-11-22,1580
1876,2011-11-23,1271
1877,2011-11-24,462
1878,2011-11-25,1168
1879,2011-11-28,774
1880,2011-11-29,1062
1881,2011-11-30,2186
1882,2011-12-01,1060
1883,2011-12-02,858
1884,2011-12-05,824
1885,2011-12-06,1057
1886,2011-12-07,1025
1887,2011-12-08,1508
1888,2011-12-09,999
1889,2011-12-12,911
1890,2011-12-13,1183
1891,2011-12-14,1282
1892,2011-12-15,1330
1893,2011-12-16,1086
1894,2011-12-19,1939
1895,2011-12-20,914
1896,2011-12-21,6105
1897,2011-12-22,790
1898,2011-12-23,588
1899,2011-12-28,947
1900,2011-12-29,605
1901,2011-12-30,1534
1902,2012-01-03,2085
1903,2012-01-04,1418
1904,2012-01-05,1629
1905,2012-01-06,2991
1906,2012-01-09,1454
1907,2012-01-10,2329
1908,2012-01-11,1281
1909,2012-01-12,1509
1910,2012-01-13,855
1911,2012-01-16,660
1912,2012-01-17,1812
1913,2012-01-18,3652
1914,2012-01-19,1652
1915,2012-01-20,1309
1916,2012-01-23,1363
1917,2012-01-24,1154
1918,2012-01-25,1534
1919,2012-01-26,1452
1920,2012-01-27,1218
1921,2012-01-30,1496
1922,2012-01-31,2845
1923,2012-02-01,2532
1924,2012-02-02,2522
1925,2012-02-03,2275
1926,2012-02-06,1334
1927,2012-02-07,2319
1928,2012-02-08,2786
1929,2012-02-09,1133
1930,2012-02-10,1750
1931,2012-02-13,1703
1932,2012-02-14,4004
1933,2012-02-15,1400
1934,2012-02-16,5152
1935,2012-02-17,1930
1936,2012-02-20,778
1937,2012-02-21,1379
1938,2012-02-22,1630
1939,2012-02-23,1782
1940,2012-02-24,2108
1941,2012-02-27,1842
1942,2012-02-28,2696
1943,2012-02-29,2477
1944,2012-03-01,2565
1945,2012-03-02,2469
1946,2012-03-05,1337
1947,2012-03-06,3329
1948,2012-03-07,1219
1949,2012-03-08,1547
1950,2012-03-09,1979
1951,2012-03-12,925
1952,2012-03-13,723
1953,2012-03-14,2421
1954,2012-03-15,1099
1955,2012-03-16,1638
1956,2012-03-19,1353
1957,2012-03-20,8777
1958,2012-03-21,2844
1959,2012-03-22,2083
1960,2012-03-23,2935
1961,2012-03-26,1379
1962,2012-03-27,1541
1963,2012-03-28,1032
1964,2012-03-29,1844
1965,2012-03-30,3031
1966,2012-04-02,1595
1967,2012-04-03,1195
1968,2012-04-04,1496
1969,2012-04-05,2419
1970,2012-04-10,1820
1971,2012-04-11,1600
1972,2012-04-12,1565
1973,2012-04-13,1674
1974,2012-04-16,1642
1975,2012-04-17,1193
1976,2012-04-18,6207
1977,2012-04-19,1604
1978,2012-04-20,2351
1979,2012-04-23,1826
1980,2012-04-24,1816
1981,2012-04-25,1719
1982,2012-04-26,1290
1983,2012-04-27,1250
1984,2012-04-30,1295
1985,2012-05-01,1850
1986,2012-05-02,1338
1987,2012-05-03,1400
1988,2012-05-04,2002
1989,2012-05-08,1774
1990,2012-05-09,1310
1991,2012-05-10,975
1992,2012-05-11,1466
1993,2012-05-14,1240
1994,2012-05-15,5175
1995,2012-05-16,2126
1996,2012-05-17,3569
1997,2012-05-18,4478
1998,2012-05-21,1624
1999,2012-05-22,1096
2000,2012-05-23,1934
2001,2012-05-24,1192
2002,2012-05-25,1758
2003,2012-05-28,952
2004,2012-05-29,1245
2005,2012-05-30,1409
2006,2012-05-31,2123
2007,2012-06-01,3028
2008,2012-06-06,1411
2009,2012-06-07,1404
2010,2012-06-08,1558
2011,2012-06-11,779
2012,2012-06-12,860
2013,2012-06-13,796
2014,2012-06-14,974
2015,2012-06-15,1410
2016,2012-06-18,1051
2017,2012-06-19,10216
2018,2012-06-20,1733
2019,2012-06-21,1553
2020,2012-06-22,2217
2021,2012-06-25,2498
2022,2012-06-26,1661
2023,2012-06-27,1694
2024,2012-06-28,1226
2025,2012-06-29,2998
2026,2012-07-02,1986
2027,2012-07-03,1965
2028,2012-07-04,1101
2029,2012-07-05,1373
2030,2012-07-06,1849
2031,2012-07-09,1248
2032,2012-07-10,1273
2033,2012-07-11,881
2034,2012-07-12,933
2035,2012-07-13,1483
2036,2012-07-16,1318
2037,2012-07-17,8910
2038,2012-07-18,804
2039,2012-07-19,1199
2040,2012-07-20,2043
2041,2012-07-23,1205
2042,2012-07-24,1407
2043,2012-07-25,1285
2044,2012-07-26,1264
2045,2012-07-27,4161
2046,2012-07-30,1326
2047,2012-07-31,1950
2048,2012-08-01,1597
2049,2012-08-02,2275
2050,2012-08-03,2456
2051,2012-08-06,754
2052,2012-08-07,1059
2053,2012-08-08,1177
2054,2012-08-09,905
2055,2012-08-10,1120
2056,2012-08-13,1586
2057,2012-08-14,1280
2058,2012-08-15,1836
2059,2012-08-16,1027
2060,2012-08-17,2350
2061,2012-08-20,1296
2062,2012-08-21,5851
2063,2012-08-22,547
2064,2012-08-23,1191
2065,2012-08-24,2266
2066,2012-08-28,1597
2067,2012-08-29,1532
2068,2012-08-30,839
2069,2012-08-31,2083
2070,2012-09-03,1497
2071,2012-09-04,1475
2072,2012-09-05,2230
2073,2012-09-06,2708
2074,2012-09-07,3023
2075,2012-09-10,2475
2076,2012-09-11,1376
2077,2012-09-12,1355
2078,2012-09-13,1599
2079,2012-09-14,1981
2080,2012-09-17,1559
2081,2012-09-18,1248
2082,2012-09-19,19872
2083,2012-09-20,1324
2084,2012-09-21,1557
2085,2012-09-24,1070
2086,2012-09-25,1660
2087,2012-09-26,2120
2088,2012-09-27,3054
2089,2012-09-28,1474
2090,2012-10-01,1787
2091,2012-10-02,2674
2092,2012-10-03,1427
2093,2012-10-04,1378
2094,2012-10-05,2137
2095,2012-10-08,1115
2096,2012-10-09,1063
2097,2012-10-10,2262
2098,2012-10-11,2104
2099,2012-10-12,3763
2100,2012-10-15,2253
2101,2012-10-16,5542
2102,2012-10-17,1553
2103,2012-10-18,1782
2104,2012-10-19,2587
2105,2012-10-22,1942
2106,2012-10-23,3090
2107,2012-10-24,2197
2108,2012-10-25,1330
2109,2012-10-26,2195
2110,2012-10-29,1339
2111,2012-10-30,948
2112,2012-10-31,1791
2113,2012-11-01,2867
2114,2012-11-02,3333
2115,2012-11-05,2293
2116,2012-11-06,2111
2117,2012-11-07,2379
2118,2012-11-08,1691
2119,2012-11-09,3479
2120,2012-11-12,1783
2121,2012-11-13,1209
2122,2012-11-14,1209
2123,2012-11-15,2313
2124,2012-11-16,3069
2125,2012-11-19,1858
2126,2012-11-20,6511
2127,2012-11-21,1867
2128,2012-11-22,1018
2129,2012-11-23,2168
2130,2012-11-26,1377
2131,2012-11-27,1687
2132,2012-11-28,1166
2133,2012-11-29,2722
2134,2012-11-30,3291
2135,2012-12-03,1338
2136,2012-12-04,1573
2137,2012-12-05,1322
2138,2012-12-06,1245
2139,2012-12-07,1138
2140,2012-12-10,2674
2141,2012-12-11,3229
2142,2012-12-12,1896
2143,2012-12-13,1298
2144,2012-12-14,1541
2145,2012-12-17,1335
2146,2012-12-18,2204
2147,2012-12-19,1694
2148,2012-12-20,18450
2149,2012-12-21,1391
2150,2012-12-24,862
2151,2012-12-27,1265
2152,2012-12-28,1590
2153,2012-12-31,2477
2154,2013-01-02,2096
2155,2013-01-03,1876
2156,2013-01-04,1675
2157,2013-01-07,1321
2158,2013-01-08,1458
2159,2013-01-09,1107
2160,2013-01-10,1008
2161,2013-01-11,1345
2162,2013-01-14,1384
2163,2013-01-15,2114
2164,2013-01-16,1234
2165,2013-01-17,5691
2166,2013-01-18,1280
2167,2013-01-21,868
2168,2013-01-22,1376
2169,2013-01-23,1281
2170,2013-01-24,2071
2171,2013-01-25,1882
2172,2013-01-28,1868
2173,2013-01-29,2713
2174,2013-01-30,1640
2175,2013-01-31,2285
2176,2013-02-01,1537
2177,2013-02-04,714
2178,2013-02-05,1266
2179,2013-02-06,1721
2180,2013-02-07,1732
2181,2013-02-08,1051
2182,2013-02-11,870
2183,2013-02-12,1346
2184,2013-02-13,1249
2185,2013-02-14,1286
2186,2013-02-15,6438
2187,2013-02-18,1336
2188,2013-02-19,1092
2189,2013-02-20,1937
2190,2013-02-21,2121
2191,2013-02-22,1502
2192,2013-02-25,1412
2193,2013-02-26,1351
2194,2013-02-27,2077
2195,2013-02-28,2487
2196,2013-03-01,2449
2197,2013-03-04,1938
2198,2013-03-05,1481
2199,2013-03-06,1901
2200,2013-03-07,1799
2201,2013-03-08,1947
2202,2013-03-11,1173
2203,2013-03-12,1053
2204,2013-03-13,1735
2205,2013-03-14,1792
2206,2013-03-15,2197
2207,2013-03-18,2229
2208,2013-03-19,11059
2209,2013-03-20,1399
2210,2013-03-21,1062
2211,2013-03-22,1449
2212,2013-03-25,809
2213,2013-03-26,2275
2214,2013-03-27,1607
2215,2013-03-28,1249
2216,2013-04-02,1537
2217,2013-04-03,1416
2218,2013-04-04,1149
2219,2013-04-05,1838
2220,2013-04-08,770
2221,2013-04-09,968
2222,2013-04-10,1332
2223,2013-04-11,1405
2224,2013-04-12,1033
2225,2013-04-15,1868
2226,2013-04-16,940
2227,2013-04-17,7562
2228,2013-04-18,1020
2229,2013-04-19,1039
2230,2013-04-22,1121
2231,2013-04-23,1522
2232,2013-04-24,1090
2233,2013-04-25,1084
2234,2013-04-26,1330
2235,2013-04-29,832
2236,2013-04-30,1138
2237,2013-05-01,1393
2238,2013-05-02,1223
2239,2013-05-03,1587
2240,2013-05-07,1134
2241,2013-05-08,1163
2242,2013-05-09,1445
2243,2013-05-10,1521
2244,2013-05-13,792
2245,2013-05-14,973
2246,2013-05-15,1226
2247,2013-05-16,1092
2248,2013-05-17,1445
2249,2013-05-20,1228
2250,2013-05-21,8046
2251,2013-05-22,1448
2252,2013-05-23,1385
2253,2013-05-24,2630
2254,2013-05-28,2477
2255,2013-05-29,1503
2256,2013-05-30,2330
2257,2013-05-31,3965
2258,2013-06-03,2183
2259,2013-06-04,2132
2260,2013-06-05,1928
2261,2013-06-06,2436
2262,2013-06-07,3250
2263,2013-06-10,1288
2264,2013-06-11,1752
2265,2013-06-12,1472
2266,2013-06-13,1237
2267,2013-06-14,1510
2268,2013-06-17,1287
2269,2013-06-18,13063
2270,2013-06-19,1741
2271,2013-06-20,2622
2272,2013-06-21,3334
2273,2013-06-24,1007
2274,2013-06-25,1469
2275,2013-06-26,888
2276,2013-06-27,849
2277,2013-06-28,1030
2278,2013-07-01,1590
2279,2013-07-02,1419
2280,2013-07-03,1965
2281,2013-07-04,569
2282,2013-07-05,1420
2283,2013-07-08,1044
2284,2013-07-09,1312
2285,2013-07-10,1027
2286,2013-07-11,1676
2287,2013-07-12,1744
2288,2013-07-15,671
2289,2013-07-16,4022
2290,2013-07-17,1842
2291,2013-07-18,993
2292,2013-07-19,1856
2293,2013-07-22,592
2294,2013-07-23,698
2295,2013-07-24,868
2296,2013-07-25,565
2297,2013-07-26,1042
2298,2013-07-29,929
2299,2013-07-30,1752
2300,2013-07-31,1164
2301,2013-08-01,3035
2302,2013-08-02,3941
2303,2013-08-05,1609
2304,2013-08-06,799
2305,2013-08-07,955
2306,2013-08-08,1468
2307,2013-08-09,2184
2308,2013-08-12,1241
2309,2013-08-13,1250
2310,2013-08-14,946
2311,2013-08-15,1517
2312,2013-08-16,1915
2313,2013-08-19,1971
2314,2013-08-20,6613
2315,2013-08-21,1500
2316,2013-08-22,1964
2317,2013-08-23,1953
2318,2013-08-27,1288
2319,2013-08-28,1166
2320,2013-08-29,2149
2321,2013-08-30,2759
2322,2013-09-02,1359
2323,2013-09-03,1157
2324,2013-09-04,2117
2325,2013-09-05,1019
2326,2013-09-06,1172
2327,2013-09-09,1067
2328,2013-09-10,926
2329,2013-09-11,1079
2330,2013-09-12,1883
2331,2013-09-13,2042
2332,2013-09-16,1794
2333,2013-09-17,2005
2334,2013-09-18,11802
2335,2013-09-19,1658
2336,2013-09-20,1508
2337,2013-09-23,1844
2338,2013-09-24,1070
2339,2013-09-25,1621
2340,2013-09-26,1443
2341,2013-09-27,1696
2342,2013-09-30,1293
2343,2013-10-01,3231
2344,2013-10-02,3382
2345,2013-10-03,915
2346,2013-10-04,2047
2347,2013-10-07,656
2348,2013-10-08,1333
2349,2013-10-09,982
2350,2013-10-10,943
2351,2013-10-11,1165
2352,2013-10-14,1979
2353,2013-10-15,6399
2354,2013-10-16,1549
2355,2013-10-17,1897
2356,2013-10-18,1957
2357,2013-10-21,1449
2358,2013-10-22,1251
2359,2013-10-23,1394
2360,2013-10-24,880
2361,2013-10-25,2731
2362,2013-10-28,1439
2363,2013-10-29,1041
2364,2013-10-30,1064
2365,2013-10-31,1925
2366,2013-11-01,3030
2367,2013-11-04,1563
2368,2013-11-05,868
2369,2013-11-06,838
2370,2013-11-07,1160
2371,2013-11-08,1555
2372,2013-11-11,917
2373,2013-11-12,1274
2374,2013-11-13,1444
2375,2013-11-14,1237
2376,2013-11-15,2067
2377,2013-11-18,1355
2378,2013-11-19,6537
2379,2013-11-20,1151
2380,2013-11-21,1589
2381,2013-11-22,1687
2382,2013-11-25,1309
2383,2013-11-26,1041
2384,2013-11-27,1449
2385,2013-11-28,963
2386,2013-11-29,1337
2387,2013-12-02,1250
2388,2013-12-03,1608
2389,2013-12-04,960
2390,2013-12-05,866
2391,2013-12-06,1030
2392,2013-12-09,1077
2393,2013-12-10,1531
2394,2013-12-11,1127
2395,2013-12-12,1721
2396,2013-12-13,1305
2397,2013-12-16,1152
2398,2013-12-17,2660
2399,2013-12-18,1419
2400,2013-12-19,15749
2401,2013-12-20,1315
2402,2013-12-23,2148
2403,2013-12-24,2149
2404,2013-12-27,1392
2405,2013-12-30,1361
2406,2013-12-31,1935
2407,2014-01-02,1260
2408,2014-01-03,1221
2409,2014-01-06,698
2410,2014-01-07,2170
2411,2014-01-08,1294
2412,2014-01-09,1676
2413,2014-01-10,1440
2414,2014-01-13,2330
2415,2014-01-14,3034
2416,2014-01-15,1288
2417,2014-01-16,8042
2418,2014-01-17,839
2419,2014-01-20,644
2420,2014-01-21,1075
2421,2014-01-22,1905
2422,2014-01-23,1382
2423,2014-01-24,1259
2424,2014-01-27,1033
2425,2014-01-28,1625
2426,2014-01-29,1254
2427,2014-01-30,1490
2428,2014-01-31,2299
2429,2014-02-03,1462
2430,2014-02-04,1425
2431,2014-02-05,1808
2432,2014-02-06,2027
2433,2014-02-07,1086
2434,2014-02-10,1139
2435,2014-02-11,1617
2436,2014-02-12,2159
2437,2014-02-13,1330
2438,2014-02-14,1337
2439,2014-02-17,820
2440,2014-02-18,1054
2441,2014-02-19,1601
2442,2014-02-20,992
2443,2014-02-21,11266
2444,2014-02-24,1150
2445,2014-02-25,1310
2446,2014-02-26,1701
2447,2014-02-27,2321
2448,2014-02-28,1309
2449,2014-03-03,1875
2450,2014-03-04,1915
2451,2014-03-05,1797
2452,2014-03-06,1485
2453,2014-03-07,2558
2454,2014-03-10,2019
2455,2014-03-11,2511
2456,2014-03-12,1881
2457,2014-03-13,1506
2458,2014-03-14,2281
2459,2014-03-17,1841
2460,2014-03-18,15741
2461,2014-03-19,1669
2462,2014-03-20,1066
2463,2014-03-21,1321
2464,2014-03-24,428
2465,2014-03-25,1647
2466,2014-03-26,1315
2467,2014-03-27,920
2468,2014-03-28,1377
2469,2014-03-31,971
2470,2014-04-01,1870
2471,2014-04-02,1669
2472,2014-04-03,1626
2473,2014-04-04,1677
2474,2014-04-07,2681
2475,2014-04-08,868
2476,2014-04-09,1590
2477,2014-04-10,3071
2478,2014-04-11,2070
2479,2014-04-14,1651
2480,2014-04-15,1239
2481,2014-04-16,10660
2482,2014-04-17,1393
2483,2014-04-22,1542
2484,2014-04-23,1438
2485,2014-04-24,1407
2486,2014-04-25,1270
2487,2014-04-28,2120
2488,2014-04-29,1704
2489,2014-04-30,1141
2490,2014-05-01,1377
2491,2014-05-02,1595
2492,2014-05-06,910
2493,2014-05-07,1312
2494,2014-05-08,1445
2495,2014-05-09,1699
2496,2014-05-12,1430
2497,2014-05-13,1146
2498,2014-05-14,1455
2499,2014-05-15,1599
2500,2014-05-19,1734
2501,2014-05-20,8056
2502,2014-05-21,1349
2503,2014-05-22,978
2504,2014-05-23,1634
2505,2014-05-27,957
2506,2014-05-28,1132
2507,2014-05-29,1865
2508,2014-05-30,2397
2509,2014-06-02,1256
2510,2014-06-03,1341
2511,2014-06-04,2325
2512,2014-06-05,1660
2513,2014-06-06,2643
2514,2014-06-09,2000
2515,2014-06-10,1386
2516,2014-06-11,1664
2517,2014-06-12,2749
2518,2014-06-13,3339
2519,2014-06-16,1102
2520,2014-06-17,12931
2521,2014-06-18,830
2522,2014-06-19,1023
2523,2014-06-20,1703
2524,2014-06-23,3083
2525,2014-06-24,1913
2526,2014-06-25,1614
2527,2014-06-26,1078
2528,2014-06-27,1565
2529,2014-06-30,1780
2530,2014-07-01,1440
2531,2014-07-02,2178
2532,2014-07-03,1842
2533,2014-07-04,2352
2534,2014-07-07,1145
2535,2014-07-08,1641
2536,2014-07-09,1156
2537,2014-07-10,1337
2538,2014-07-11,2213
2539,2014-07-14,1334
2540,2014-07-15,6729
2541,2014-07-16,1344
2542,2014-07-17,1383
2543,2014-07-18,1915
2544,2014-07-21,1307
2545,2014-07-22,1567
2546,2014-07-23,1484
2547,2014-07-24,2037
2548,2014-07-25,3701
2549,2014-07-28,1720
2550,2014-07-29,1932
2551,2014-07-30,1539
2552,2014-07-31,1727
2553,2014-08-01,1907
2554,2014-08-04,2076
2555,2014-08-05,1461
2556,2014-08-06,891
2557,2014-08-07,2239
2558,2014-08-08,2593
2559,2014-08-11,1284
2560,2014-08-12,1491
2561,2014-08-13,1832
2562,2014-08-14,1324
2563,2014-08-15,1840
2564,2014-08-18,834
2565,2014-08-19,9410
2566,2014-08-20,1333
2567,2014-08-21,1326
2568,2014-08-22,1911
2569,2014-08-26,1201
2570,2014-08-27,930
2571,2014-08-28,1532
2572,2014-08-29,1826
2573,2014-09-01,865
2574,2014-09-02,1108
2575,2014-09-03,1537
2576,2014-09-04,1170
2577,2014-09-05,1303
2578,2014-09-08,1355
2579,2014-09-09,2460
2580,2014-09-10,1814
2581,2014-09-11,1258
2582,2014-09-12,1272
2583,2014-09-15,1774
2584,2014-09-16,1563
2585,2014-09-17,14231
2586,2014-09-18,1565
2587,2014-09-19,962
2588,2014-09-22,1701
2589,2014-09-23,1103
2590,2014-09-24,833
2591,2014-09-25,1228
2592,2014-09-26,932
2593,2014-09-29,1171
2594,2014-09-30,1577
2595,2014-10-01,1090
2596,2014-10-02,1632
2597,2014-10-03,1656
2598,2014-10-06,886
2599,2014-10-07,1646
2600,2014-10-08,1145
2601,2014-10-09,1187
2602,2014-10-10,1620
2603,2014-10-13,1243
2604,2014-10-14,1685
2605,2014-10-15,2370
2606,2014-10-16,1767
2607,2014-10-17,1927
2608,2014-10-20,568
2609,2014-10-21,7274
2610,2014-10-22,1303
2611,2014-10-23,803
2612,2014-10-24,1569
2613,2014-10-27,1078
2614,2014-10-28,1036
2615,2014-10-29,838
2616,2014-10-30,981
2617,2014-10-31,1874
2618,2014-11-03,1039
2619,2014-11-04,1240
2620,2014-11-05,1559
2621,2014-11-06,1172
2622,2014-11-07,2083
2623,2014-11-10,1569
2624,2014-11-11,683
2625,2014-11-12,829
2626,2014-11-13,1309
2627,2014-11-14,1822
2628,2014-11-17,1086
2629,2014-11-18,7063
2630,2014-11-19,725
2631,2014-11-20,512
2632,2014-11-21,1236
2633,2014-11-24,929
2634,2014-11-25,1166
2635,2014-11-26,1080
2636,2014-11-27,750
2637,2014-11-28,1994
2638,2014-12-01,945
2639,2014-12-02,2089
2640,2014-12-03,1272
2641,2014-12-04,1737
2642,2014-12-05,999
2643,2014-12-08,1362
2644,2014-12-09,1533
2645,2014-12-10,1097
2646,2014-12-11,2173
2647,2014-12-12,999
2648,2014-12-15,1520
2649,2014-12-16,2634
2650,2014-12-17,2749
2651,2014-12-18,12215
2652,2014-12-19,1428
2653,2014-12-22,1868
2654,2014-12-23,2147
2655,2014-12-24,1177
2656,2014-12-29,1352
2657,2014-12-30,2340
2658,2014-12-31,1365
2659,2015-01-02,1082
2660,2015-01-05,1172
2661,2015-01-06,1817
2662,2015-01-07,2635
2663,2015-01-08,1399
2664,2015-01-09,1929
2665,2015-01-12,2617
2666,2015-01-13,3086
2667,2015-01-14,2737
2668,2015-01-15,6197
2669,2015-01-16,1587
2670,2015-01-19,1304
2671,2015-01-20,1672
2672,2015-01-21,1691
2673,2015-01-22,1207
2674,2015-01-23,1386
2675,2015-01-26,1359
2676,2015-01-27,1806
2677,2015-01-28,1079
2678,2015-01-29,1780
2679,2015-01-30,1401
2680,2015-02-02,847
2681,2015-02-03,1218
2682,2015-02-04,2410
2683,2015-02-05,2363
2684,2015-02-06,801
2685,2015-02-09,1154
2686,2015-02-10,1002
2687,2015-02-11,2189
2688,2015-02-12,1360
2689,2015-02-13,838
2690,2015-02-16,801
2691,2015-02-17,2849
2692,2015-02-18,2644
2693,2015-02-19,736
2694,2015-02-20,9198
2695,2015-02-23,1006
2696,2015-02-24,1199
2697,2015-02-25,2232
2698,2015-02-26,2975
2699,2015-02-27,1960
2700,2015-03-02,1461
2701,2015-03-03,1366
2702,2015-03-04,1212
2703,2015-03-05,2414
2704,2015-03-06,3997
2705,2015-03-09,1819
2706,2015-03-10,1126
2707,2015-03-11,1440
2708,2015-03-12,926
2709,2015-03-13,2540
2710,2015-03-16,1909
2711,2015-03-17,11355
2712,2015-03-18,2942
2713,2015-03-19,2207
2714,2015-03-20,3416
2715,2015-03-23,2374
2716,2015-03-24,2570
2717,2015-03-25,2008
2718,2015-03-26,1409
2719,2015-03-27,1635
2720,2015-03-30,731
2721,2015-03-31,1503
2722,2015-04-01,1973
2723,2015-04-02,2508
2724,2015-04-07,2114
2725,2015-04-08,1897
2726,2015-04-09,2077
2727,2015-04-10,2530
2728,2015-04-13,2276
2729,2015-04-14,2342
2730,2015-04-15,10890
2731,2015-04-16,2289
2732,2015-04-17,1586
2733,2015-04-20,1506
2734,2015-04-21,1337
2735,2015-04-22,1648
2736,2015-04-23,1423
2737,2015-04-24,1641
2738,2015-04-27,1453
2739,2015-04-28,1195
2740,2015-04-29,1054
2741,2015-04-30,1901
2742,2015-05-01,1383
2743,2015-05-05,1046
2744,2015-05-06,1597
2745,2015-05-07,1742
2746,2015-05-08,3321
2747,2015-05-11,1273
2748,2015-05-12,1429
2749,2015-05-13,1407
2750,2015-05-14,2189
2751,2015-05-15,2242
2752,2015-05-18,989
2753,2015-05-19,7712
2754,2015-05-20,1558
2755,2015-05-21,1612
2756,2015-05-22,2052
2757,2015-05-26,1088
2758,2015-05-27,503
2759,2015-05-28,1473
2760,2015-05-29,2281
2761,2015-06-01,1715
2762,2015-06-02,1244
2763,2015-06-03,1039
2764,2015-06-04,691
2765,2015-06-05,1915
2766,2015-06-08,1382
2767,2015-06-09,1316
2768,2015-06-10,1808
2769,2015-06-11,2092
2770,2015-06-12,3297
2771,2015-06-15,2515
2772,2015-06-16,11649
2773,2015-06-17,1045
2774,2015-06-18,1376
2775,2015-06-19,2290
2776,2015-06-22,813
2777,2015-06-23,971
2778,2015-06-24,1000
2779,2015-06-25,983
2780,2015-06-26,1574
2781,2015-06-29,1214
2782,2015-06-30,1300
2783,2015-07-01,1358
2784,2015-07-02,1349
2785,2015-07-03,1598
2786,2015-07-06,1215
2787,2015-07-07,1212
2788,2015-07-08,1551
2789,2015-07-09,1335
2790,2015-07-10,2047
2791,2015-07-13,1693
2792,2015-07-14,1819
2793,2015-07-15,1741
2794,2015-07-16,1907
2795,2015-07-17,2007
2796,2015-07-20,920
2797,2015-07-21,8731
2798,2015-07-22,961
2799,2015-07-23,1242
2800,2015-07-24,2274
2801,2015-07-27,1861
2802,2015-07-28,1028
2803,2015-07-29,1050
2804,2015-07-30,1247
2805,2015-07-31,1479
2806,2015-08-03,1391
2807,2015-08-04,1346
2808,2015-08-05,1234
2809,2015-08-06,1335
2810,2015-08-07,2045
2811,2015-08-10,964
2812,2015-08-11,1283
2813,2015-08-12,2737
2814,2015-08-13,776
2815,2015-08-14,1348
2816,2015-08-17,820
2817,2015-08-18,9303
2818,2015-08-19,1250
2819,2015-08-20,909
2820,2015-08-21,1565
2821,2015-08-24,2053
2822,2015-08-25,1803
2823,2015-08-26,1514
2824,2015-08-27,2132
2825,2015-08-28,2573
2826,2015-09-01,1389
2827,2015-09-02,1447
2828,2015-09-03,916
2829,2015-09-04,1458
2830,2015-09-07,741
2831,2015-09-08,1362
2832,2015-09-09,1190
2833,2015-09-10,1535
2834,2015-09-11,1606
2835,2015-09-14,1357
2836,2015-09-15,879
2837,2015-09-16,13958
2838,2015-09-17,819
2839,2015-09-18,1047
2840,2015-09-21,1048
2841,2015-09-22,1509
2842,2015-09-23,1112
2843,2015-09-24,1852
2844,2015-09-25,2120
2845,2015-09-28,1577
2846,2015-09-29,2042
2847,2015-09-30,1591
2848,2015-10-01,1814
2849,2015-10-02,2838
2850,2015-10-05,1164
2851,2015-10-06,1306
2852,2015-10-07,1654
2853,2015-10-08,976
2854,2015-10-09,3460
2855,2015-10-12,1490
2856,2015-10-13,1419
2857,2015-10-14,1769
2858,2015-10-15,1918
2859,2015-10-16,2929
2860,2015-10-19,1168
2861,2015-10-20,9599
2862,2015-10-21,1284
2863,2015-10-22,1419
2864,2015-10-23,1933
2865,2015-10-26,822
2866,2015-10-27,839
2867,2015-10-28,1274
2868,2015-10-29,1222
2869,2015-10-30,2598
2870,2015-11-02,1444
2871,2015-11-03,1238
2872,2015-11-04,1386
2873,2015-11-05,2058
2874,2015-11-06,2466
2875,2015-11-09,959
2876,2015-11-10,1967
2877,2015-11-11,1415
2878,2015-11-12,1034
2879,2015-11-13,1720
2880,2015-11-16,876
2881,2015-11-17,7907
2882,2015-11-18,1801
2883,2015-11-19,1304
2884,2015-11-20,1836
2885,2015-11-23,1357
2886,2015-11-24,1780
2887,2015-11-25,1034
2888,2015-11-26,1059
2889,2015-11-27,1350
2890,2015-11-30,1315
2891,2015-12-01,1556
2892,2015-12-02,1887
2893,2015-12-03,1421
2894,2015-12-04,2419
2895,2015-12-07,1731
2896,2015-12-08,1763
2897,2015-12-09,1676
2898,2015-12-10,1642
2899,2015-12-11,1594
2900,2015-12-14,1284
2901,2015-12-15,2502
2902,2015-12-16,14007
2903,2015-12-17,1603
2904,2015-12-18,1823
2905,2015-12-21,1300
2906,2015-12-22,1121
2907,2015-12-23,1367
2908,2015-12-24,847
2909,2015-12-29,1167
2910,2015-12-30,1208
2911,2015-12-31,1321
2912,2016-01-04,1114
2913,2016-01-05,851
2914,2016-01-06,1339
2915,2016-01-07,2484
2916,2016-01-08,1477
2917,2016-01-11,1682
2918,2016-01-12,1058
2919,2016-01-13,1150
2920,2016-01-14,1219
2921,2016-01-15,1122
2922,2016-01-18,907
2923,2016-01-19,1087
2924,2016-01-20,7839
2925,2016-01-21,1049
2926,2016-01-22,994
2927,2016-01-25,858
2928,2016-01-26,1161
2929,2016-01-27,945
2930,2016-01-28,1602
2931,2016-01-29,2035
2932,2016-02-01,1295
2933,2016-02-03,3799
2934,2016-02-04,2565
2935,2016-02-05,2498
2936,2016-02-08,1457
2937,2016-02-09,2989
2938,2016-02-10,1376
2939,2016-02-11,1586
2940,2016-02-12,1577
2941,2016-02-15,2098
2942,2016-02-16,2876
2943,2016-02-17,1693
2944,2016-02-18,13129
2945,2016-02-19,1685
2946,2016-02-22,1308
2947,2016-02-23,1995
2948,2016-02-24,1643
2949,2016-02-25,983
2950,2016-02-26,2137
2951,2016-02-29,1440
2952,2016-03-01,982
2953,2016-03-02,1344
2954,2016-03-03,1204
2955,2016-03-04,2356
2956,2016-03-07,1803
2957,2016-03-08,1808
2958,2016-03-09,1185
2959,2016-03-10,1113
2960,2016-03-11,1889
2961,2016-03-14,1080
2962,2016-03-15,14944
2963,2016-03-16,866
2964,2016-03-17,1104
2965,2016-03-18,1318
2966,2016-03-21,651
2967,2016-03-22,560
2968,2016-03-23,953
2969,2016-03-24,1062
2970,2016-03-29,1332
2971,2016-03-30,969
2972,2016-03-31,2587
2973,2016-04-01,1274
2974,2016-04-04,1416
2975,2016-04-05,1694
2976,2016-04-06,1122
2977,2016-04-07,1444
2978,2016-04-08,680
2979,2016-04-11,1135
2980,2016-04-12,1608
2981,2016-04-13,1865
2982,2016-04-14,1244
2983,2016-04-15,1392
2984,2016-04-18,1049
2985,2016-04-19,1015
2986,2016-04-20,9113
2987,2016-04-21,1524
2988,2016-04-22,1224
2989,2016-04-25,955
2990,2016-04-26,738
2991,2016-04-27,653
2992,2016-04-28,880
2993,2016-04-29,2195
2994,2016-05-03,1546
2995,2016-05-04,598
2996,2016-05-05,1079
2997,2016-05-06,1423
2998,2016-05-09,1010
2999,2016-05-10,1159
3000,2016-05-11,968
3001,2016-05-12,1572
3002,2016-05-13,2271
3003,2016-05-16,950
3004,2016-05-17,8066
3005,2016-05-18,1535
3006,2016-05-19,1715
3007,2016-05-20,2526
3008,2016-05-23,1418
3009,2016-05-24,1294
3010,2016-05-25,1260
3011,2016-05-26,1248
3012,2016-05-27,1691
3013,2016-05-31,723
3014,2016-06-01,1655
3015,2016-06-02,1239
3016,2016-06-03,1633
3017,2016-06-06,821
3018,2016-06-07,1069
3019,2016-06-08,1644
3020,2016-06-09,1021
3021,2016-06-10,1710
3022,2016-06-13,1455
3023,2016-06-14,1159
3024,2016-06-15,1119
3025,2016-06-16,950
3026,2016-06-17,1154
3027,2016-06-20,1079
3028,2016-06-21,9732
3029,2016-06-22,992
3030,2016-06-23,752
3031,2016-06-24,1243
3032,2016-06-27,559
3033,2016-06-28,1265
3034,2016-06-29,1761
3035,2016-06-30,2086
3036,2016-07-01,3948
3037,2016-07-04,1177
3038,2016-07-05,1452
3039,2016-07-06,1256
3040,2016-07-07,760
3041,2016-07-08,1352
3042,2016-07-11,955
3043,2016-07-12,1762
3044,2016-07-13,1544
3045,2016-07-14,1378
3046,2016-07-15,1828
3047,2016-07-18,785
3048,2016-07-19,8415
3049,2016-07-20,1135
3050,2016-07-21,1194
3051,2016-07-22,1861
3052,2016-07-25,964
3053,2016-07-26,862
3054,2016-07-27,1054
3055,2016-07-28,774
3056,2016-07-29,1664
3057,2016-08-01,994
3058,2016-08-02,851
3059,2016-08-03,1516
3060,2016-08-04,1406
3061,2016-08-05,2071
3062,2016-08-08,1166
3063,2016-08-09,1034
3064,2016-08-10,1911
3065,2016-08-11,1004
3066,2016-08-12,1748
3067,2016-08-15,1340
3068,2016-08-16,9182
3069,2016-08-17,1571
3070,2016-08-18,1006
3071,2016-08-19,1462
3072,2016-08-22,1264
3073,2016-08-23,998
3074,2016-08-24,846
3075,2016-08-25,1077
3076,2016-08-26,1190
3077,2016-08-30,787
3078,2016-08-31,1734
3079,2016-09-01,1234
3080,2016-09-02,1231
3081,2016-09-05,1076
3082,2016-09-06,1436
3083,2016-09-07,1070
3084,2016-09-08,1120
3085,2016-09-09,986
3086,2016-09-12,951
3087,2016-09-13,1238
3088,2016-09-14,1610
3089,2016-09-15,988
3090,2016-09-16,1293
3091,2016-09-19,1308
3092,2016-09-20,1341
3093,2016-09-21,17880
3094,2016-09-22,1161
3095,2016-09-23,1085
3096,2016-09-26,842
3097,2016-09-27,1571
3098,2016-09-28,3201
3099,2016-09-29,2664
3100,2016-09-30,3078
3101,2016-10-03,1920
3102,2016-10-04,1564
3103,2016-10-05,1508
3104,2016-10-06,1047
3105,2016-10-07,2847
3106,2016-10-10,1223
3107,2016-10-11,2274
3108,2016-10-12,2251
3109,2016-10-13,1800
3110,2016-10-14,2139
3111,2016-10-17,1037
3112,2016-10-18,9910
3113,2016-10-19,1400
3114,2016-10-20,1416
3115,2016-10-21,1637
3116,2016-10-24,1127
3117,2016-10-25,1253
3118,2016-10-26,1177
3119,2016-10-27,1107
3120,2016-10-28,1617
3121,2016-10-31,1101
3122,2016-11-01,1039
3123,2016-11-02,823
3124,2016-11-03,781
3125,2016-11-04,1075
3126,2016-11-07,966
3127,2016-11-08,1202
3128,2016-11-09,1955
3129,2016-11-10,1106
3130,2016-11-11,1610
3131,2016-11-14,1373
3132,2016-11-15,6100
3133,2016-11-16,1041
3134,2016-11-17,839
3135,2016-11-18,1350
3136,2016-11-21,657
3137,2016-11-22,1095
3138,2016-11-23,988
3139,2016-11-24,1411
3140,2016-11-25,3134
3141,2016-11-28,2188
3142,2016-11-29,3153
3143,2016-11-30,3421
3144,2016-12-01,759
3145,2016-12-02,1069
3146,2016-12-05,874
3147,2016-12-06,1167
3148,2016-12-07,1087
3149,2016-12-08,813
3150,2016-12-09,333
3151,2016-12-12,753
3152,2016-12-13,1350
3153,2016-12-14,1115
3154,2016-12-15,13419
3155,2016-12-16,1056
3156,2016-12-19,1598
3157,2016-12-20,1781
3158,2016-12-21,728
3159,2016-12-22,1637
3160,2016-12-23,1067
3161,2016-12-28,1370
3162,2016-12-29,1469
3163,2016-12-30,983
3164,2017-01-03,1127
3165,2017-01-04,1063
3166,2017-01-05,696
3167,2017-01-06,663
3168,2017-01-09,707
3169,2017-01-10,1289
3170,2017-01-11,1176
3171,2017-01-12,964
3172,2017-01-13,1268
3173,2017-01-16,1409
3174,2017-01-17,1968
3175,2017-01-18,2223
3176,2017-01-19,8395
3177,2017-01-20,1135
3178,2017-01-23,1263
3179,2017-01-24,2222
3180,2017-01-25,1113
3181,2017-01-26,1111
3182,2017-01-27,829
3183,2017-01-30,1353
3184,2017-01-31,1979
3185,2017-02-01,1946
3186,2017-02-02,2672
3187,2017-02-03,964
3188,2017-02-06,802
3189,2017-02-07,741
3190,2017-02-08,1400
3191,2017-02-09,757
3192,2017-02-10,1378
3193,2017-02-13,1518
3194,2017-02-14,941
3195,2017-02-15,1583
3196,2017-02-16,2089
3197,2017-02-17,9538
3198,2017-02-20,803
3199,2017-02-21,1135
3200,2017-02-22,1464
3201,2017-02-23,761
3202,2017-02-24,906
3203,2017-02-27,777
3204,2017-02-28,1223
3205,2017-03-01,1418
3206,2017-03-02,761
3207,2017-03-03,999
3208,2017-03-06,917
3209,2017-03-07,1076
3210,2017-03-08,683
3211,2017-03-09,1166
3212,2017-03-10,1785
3213,2017-03-13,1037
3214,2017-03-14,1540
3215,2017-03-15,1529
3216,2017-03-16,943
3217,2017-03-17,1681
3218,2017-03-20,1029
3219,2017-03-21,11459
3220,2017-03-22,2300
3221,2017-03-23,1429
3222,2017-03-24,2354
3223,2017-03-27,1314
3224,2017-03-28,899
3225,2017-03-29,923
3226,2017-03-30,1313
3227,2017-03-31,1369
3228,2017-04-03,918
3229,2017-04-04,993
3230,2017-04-05,878
3231,2017-04-06,741
3232,2017-04-07,914
3233,2017-04-10,1013
3234,2017-04-11,1788
3235,2017-04-12,865
3236,2017-04-13,1389
3237,2017-04-18,2757
3238,2017-04-19,9857
3239,2017-04-20,1221
3240,2017-04-21,1055
3241,2017-04-24,762
3242,2017-04-25,836
3243,2017-04-26,1004
3244,2017-04-27,936
3245,2017-04-28,1158
3246,2017-05-02,935
3247,2017-05-03,709
3248,2017-05-04,960
3249,2017-05-05,1009
3250,2017-05-08,1349
3251,2017-05-09,876
3252,2017-05-10,1184
3253,2017-05-11,1349
3254,2017-05-12,1771
3255,2017-05-15,840
3256,2017-05-16,7239
3257,2017-05-17,1004
3258,2017-05-18,1205
3259,2017-05-19,1644
3260,2017-05-22,1065
3261,2017-05-24,933
3262,2017-05-25,819
3263,2017-05-26,1232
3264,2017-05-30,1070
3265,2017-05-31,1530
3266,2017-06-01,1052
3267,2017-06-02,1233
3268,2017-06-05,996
3269,2017-06-06,754
3270,2017-06-07,953
3271,2017-06-08,1049
3272,2017-06-09,1760
3273,2017-06-12,1218
3274,2017-06-13,1062
3275,2017-06-14,775
3276,2017-06-15,750
3277,2017-06-16,1083
3278,2017-06-19,942
3279,2017-06-20,12008
3280,2017-06-21,1309
3281,2017-06-22,1820
3282,2017-06-23,2981
3283,2017-06-26,1472
3284,2017-06-27,1534
3285,2017-06-28,1411
3286,2017-06-29,1067
3287,2017-06-30,1482
3288,2017-07-03,1127
3289,2017-07-04,676
3290,2017-07-05,1019
3291,2017-07-06,789
3292,2017-07-07,1148
3293,2017-07-10,1409
3294,2017-07-11,1801
3295,2017-07-12,1284
3296,2017-07-13,815
3297,2017-07-14,1481
3298,2017-07-17,1165
3299,2017-07-18,6138
3300,2017-07-19,1763
3301,2017-07-20,954
3302,2017-07-21,1567
3303,2017-07-24,947
3304,2017-07-25,1173
3305,2017-07-26,884
3306,2017-07-27,1003
3307,2017-07-28,1189
3308,2017-07-31,1148
3309,2017-08-01,941
3310,2017-08-02,1322
3311,2017-08-03,893
3312,2017-08-04,1307
3313,2017-08-07,1542
3314,2017-08-08,1438
3315,2017-08-09,2121
3316,2017-08-10,1302
3317,2017-08-11,1489
3318,2017-08-14,639
3319,2017-08-15,9458
3320,2017-08-16,2233
3321,2017-08-17,2068
3322,2017-08-18,3480
3323,2017-08-21,1513
3324,2017-08-22,1688
3325,2017-08-23,865
3326,2017-08-24,1890
3327,2017-08-25,1781
3328,2017-08-29,1240
3329,2017-08-30,923
3330,2017-08-31,1212
3331,2017-09-01,805
3332,2017-09-04,739
3333,2017-09-05,1126
3334,2017-09-06,1346
3335,2017-09-07,1276
3336,2017-09-08,2094
3337,2017-09-11,1572
3338,2017-09-12,1002
3339,2017-09-13,1563
3340,2017-09-14,1345
3341,2017-09-15,1514
3342,2017-09-18,1156
3343,2017-09-19,1512
3344,2017-09-20,17272
3345,2017-09-21,2325
3346,2017-09-22,2664
3347,2017-09-25,1118
3348,2017-09-26,1492
3349,2017-09-27,1530
3350,2017-09-28,966
3351,2017-09-29,1053
3352,2017-10-02,1303
3353,2017-10-03,1520
3354,2017-10-04,1146
3355,2017-10-05,682
3356,2017-10-06,1142
3357,2017-10-09,1105
3358,2017-10-10,920
3359,2017-10-11,1777
3360,2017-10-12,779
3361,2017-10-13,1305
3362,2017-10-16,1102
3363,2017-10-17,10984
3364,2017-10-18,1849
3365,2017-10-19,1037
3366,2017-10-20,1388
3367,2017-10-23,597
3368,2017-10-24,1163
3369,2017-10-25,1049
3370,2017-10-26,626
3371,2017-10-27,1608
3372,2017-10-30,962
3373,2017-10-31,1073
3374,2017-11-01,1368
3375,2017-11-02,1031
3376,2017-11-03,1310
3377,2017-11-06,1060
3378,2017-11-07,1384
3379,2017-11-08,1152
3380,2017-11-09,1130
3381,2017-11-10,1770
3382,2017-11-13,1168
3383,2017-11-14,1096
3384,2017-11-15,1719
3385,2017-11-16,1400
3386,2017-11-17,1858
3387,2017-11-20,1083
3388,2017-11-21,10881
3389,2017-11-22,979
3390,2017-11-23,838
3391,2017-11-24,1659
3392,2017-11-27,884
3393,2017-11-28,960
3394,2017-11-29,1440
3395,2017-11-30,2043
3396,2017-12-01,1887
3397,2017-12-04,1323
3398,2017-12-05,2403
3399,2017-12-06,1088
3400,2017-12-07,2864
3401,2017-12-08,1824
3402,2017-12-11,1254
3403,2017-12-12,2461
3404,2017-12-13,815
3405,2017-12-14,1334
3406,2017-12-15,1250
3407,2017-12-18,1739
3408,2017-12-19,2246
3409,2017-12-20,1470
3410,2017-12-21,21843
3411,2017-12-22,1174
3412,2017-12-27,1160
3413,2017-12-28,738
3414,2017-12-29,1223
